muestra,tiempo,ppg,ppg filtrado,spi,spi_promedio,estado,tipo evento,evento
1,0.04,-1217414,2206.5890454527525,nan,-,-,-,-,-
2,0.08,-1221263,2872.5668939217994,nan,-,-,-,-,-
3,0.12,-1223481,2919.570030296355,nan,-,-,-,-,-
4,0.16,-1224972,1891.3184404879016,nan,-,-,-,-,-
5,0.2,-1227242,90.19610682499206,nan,-,-,-,-,-
6,0.24,-1227420,-1564.438325452899,nan,-,-,-,-,-
7,0.28,-1227150,-2153.847408242432,nan,-,-,-,-,-
8,0.32,-1227681,-1715.4191087203376,nan,-,-,-,-,-
9,0.36,-1226974,-1107.7035576564072,nan,-,-,-,-,-
10,0.4,-1217126,-1208.7435878286542,nan,-,-,-,-,-
11,0.44,-1205206,-1731.1941309827762,nan,-,-,-,-,-
12,0.48,-1203019,-1827.9116611908448,nan,-,-,-,-,-
13,0.52,-1206111,-1345.549286028092,nan,-,-,-,-,-
14,0.56,-1210577,-503.31043439892755,nan,-,-,-,-,-
15,0.6,-1214602,369.7627596483944,nan,-,-,-,-,-
16,0.64,-1214367,973.3499150631842,nan,-,-,-,-,-
17,0.68,-1214191,1454.647096078881,nan,-,-,-,-,-
18,0.72,-1217684,2048.8897411416638,nan,-,-,-,-,-
19,0.76,-1221972,2693.67354630092,nan,-,-,-,-,-
20,0.8,-1223232,2966.2909455290137,nan,-,-,-,-,-
21,0.84,-1226271,2492.236990429332,nan,-,-,-,-,-
22,0.88,-1226671,973.8984114929531,nan,-,-,-,-,-
23,0.92,-1227690,-841.2800535304161,nan,-,-,-,-,-
24,0.96,-1227786,-2031.7606004111612,nan,-,-,-,-,-
25,1.0,-1226876,-2202.885542374204,nan,-,-,-,-,-
26,1.04,-1221397,-1906.1581510459037,nan,-,-,-,-,-
27,1.08,-1207430,-1938.6815012341194,nan,-,-,-,-,-
28,1.12,-1202823,-1951.9330792777837,nan,-,-,-,-,-
29,1.16,-1205360,-1732.498222352735,nan,-,-,-,-,-
30,1.2,-1209765,-1132.7123616031383,nan,-,-,-,-,-
31,1.24,-1214800,-220.4849603207931,nan,-,-,-,-,-
32,1.28,-1215640,583.732856863181,nan,-,-,-,-,-
33,1.32,-1215136,1206.0768126636694,nan,-,-,-,-,-
34,1.36,-1216258,1802.126188658618,nan,-,-,-,-,-
35,1.4,-1218850,2453.6728138498684,nan,-,-,-,-,-
36,1.44,-1221134,2910.2081677246724,nan,-,-,-,-,-
37,1.48,-1224458,2718.7467452334113,nan,-,-,-,-,-
38,1.52,-1225630,1470.3026230932055,nan,-,-,-,-,-
39,1.56,-1226987,-327.69230320657493,nan,-,-,-,-,-
40,1.6,-1226832,-1757.2121274255537,nan,-,-,-,-,-
41,1.64,-1227715,-2099.7751161530123,nan,-,-,-,-,-
42,1.68,-1227433,-1652.4025749720058,nan,-,-,-,-,-
43,1.72,-1224115,-1189.1172664667774,nan,-,-,-,-,-
44,1.76,-1210308,-1413.605266186185,nan,-,-,-,-,-
45,1.8,-1203388,-1673.866276514771,nan,-,-,-,-,-
46,1.84,-1203508,-1589.5349561358762,nan,-,-,-,-,-
47,1.88,-1210967,-928.7713484639482,nan,-,-,-,-,-
48,1.92,-1215181,-115.98180439905627,nan,-,-,-,-,-
49,1.96,-1214868,567.8364049333304,nan,-,-,-,-,-
50,2.0,-1214259,1101.014790414467,nan,-,-,-,-,-
51,2.04,-1218880,1708.6433332780507,nan,-,-,-,-,-
52,2.08,-1221439,2293.159030479066,nan,-,-,-,-,-
53,2.12,-1223064,2794.973872843454,nan,-,-,-,-,-
54,2.16,-1226496,2816.5804633704956,nan,-,-,-,-,-
55,2.2,-1226011,1708.6036879838039,nan,-,-,-,-,-
56,2.24,-1227633,-89.41659657326068,nan,-,-,-,-,-
57,2.28,-1228008,-1695.3812306526324,nan,-,-,-,-,-
58,2.32,-1226250,-2308.033392969402,nan,-,-,-,-,-
59,2.36,-1222598,-2042.3225368834383,nan,-,-,-,-,-
60,2.4,-1208054,-1953.813061928413,nan,-,-,-,-,-
61,2.44,-1202064,-1890.0535709852938,nan,-,-,-,-,-
62,2.48,-1204024,-1682.7007525016643,nan,-,-,-,-,-
63,2.52,-1208645,-1136.3785998142675,nan,-,-,-,-,-
64,2.56,-1213265,-297.3463497269204,nan,-,-,-,-,-
65,2.6,-1214962,505.72296237056526,nan,-,-,-,-,-
66,2.64,-1215009,1140.543152694443,nan,-,-,-,-,-
67,2.68,-1215886,1727.7588362854976,nan,-,-,-,-,-
68,2.72,-1218132,2377.401426491837,nan,-,-,-,-,-
69,2.76,-1221061,2901.13684990647,nan,-,-,-,-,-
70,2.8,-1224227,2795.70394605765,nan,-,-,-,-,-
71,2.84,-1225441,1630.6302879133063,nan,-,-,-,-,-
72,2.88,-1226472,-189.62283192907444,nan,-,-,-,-,-
73,2.92,-1227667,-1697.698991641911,nan,-,-,-,-,-
74,2.96,-1227531,-2221.2358194764556,nan,-,-,-,-,-
75,3.0,-1227085,-1857.3272377782873,58,58.0,-,-,-,-
76,3.04,-1218002,-1554.5192305501223,58,-,-,-,-,-
77,3.08,-1203216,-1718.641144587551,58,-,-,-,-,-
78,3.12,-1203688,-1646.1948061066905,58,-,-,-,-,-
79,3.16,-1207334,-1390.0726272492388,58,-,-,-,-,-
80,3.2,-1211775,-800.4064302623833,58,-,-,-,-,-
81,3.24,-1215128,-7.6206082520157,58,-,-,-,-,-
82,3.28,-1214342,663.2393695770279,58,-,-,-,-,-
83,3.32,-1215900,1307.5874413321471,58,-,-,-,-,-
84,3.36,-1218013,1954.904239205961,58,-,-,-,-,-
85,3.4,-1221710,2677.3957502536705,58,-,-,-,-,-
86,3.44,-1223643,3036.3683476848164,58,-,-,-,-,-
87,3.48,-1224754,2487.5652200287705,58,-,-,-,-,-
88,3.52,-1226864,955.5514340618711,58,-,-,-,-,-
89,3.56,-1228459,-866.8980733448159,58,-,-,-,-,-
90,3.6,-1227633,-2006.1130762811554,58,-,-,-,-,-
91,3.64,-1225850,-2085.098559934515,58,-,-,-,-,-
92,3.68,-1217516,-1826.6136497351417,58,-,-,-,-,-
93,3.72,-1205133,-1819.5618027334003,58,-,-,-,-,-
94,3.76,-1202810,-1757.7858337342223,58,-,-,-,-,-
95,3.8,-1205358,-1510.4537351732406,58,-,-,-,-,-
96,3.84,-1209702,-925.7026535686828,58,-,-,-,-,-
97,3.88,-1215374,-80.08162930670096,58,-,-,-,-,-
98,3.92,-1214800,580.5722358775529,58,-,-,-,-,-
99,3.96,-1214901,1214.14111763852,58,-,-,-,-,-
100,4.0,-1216218,1913.2649604681528,58,-,basal,-,-,-
101,4.04,-1220669,2693.8644058212167,58,-,basal,-,-,-
102,4.08,-1223183,3040.9881746930378,58,-,basal,-,-,-
103,4.12,-1223903,2481.0928556978997,58,-,basal,-,-,-
104,4.16,-1225970,1028.289060240901,58,-,basal,-,-,-
105,4.2,-1227028,-771.2452346723217,58,-,basal,-,-,-
106,4.24,-1227500,-1976.5872032629297,58,-,basal,-,-,-
107,4.28,-1227814,-2136.6512074320135,58,-,basal,-,-,-
108,4.32,-1228018,-1614.084563786958,58,-,basal,-,-,-
109,4.36,-1221534,-1318.8121751226872,58,-,basal,-,-,-
110,4.4,-1207030,-1640.0625849853986,58,-,basal,-,-,-
111,4.44,-1202080,-1795.7272590257217,58,-,basal,-,-,-
112,4.48,-1204987,-1448.9979967522768,58,-,basal,-,-,-
113,4.52,-1209476,-706.2010116753304,58,-,basal,-,-,-
114,4.56,-1214074,156.5608130763112,58,-,basal,-,-,-
115,4.6,-1215116,789.9772212525731,58,-,basal,-,-,-
116,4.64,-1213755,1219.081533981559,58,-,basal,-,-,-
117,4.68,-1216129,1790.6879686266502,58,-,basal,-,-,-
118,4.72,-1220338,2520.3125161467306,58,-,basal,-,-,-
119,4.76,-1223517,3063.607420690455,58,-,basal,-,-,-
120,4.8,-1224923,2827.5515993689323,58,-,basal,-,-,-
121,4.84,-1227462,1559.1385137192592,58,-,basal,-,-,-
122,4.88,-1228041,-372.5268481615119,58,-,basal,-,-,-
123,4.92,-1227091,-1904.319282658249,58,-,basal,-,-,-
124,4.96,-1227166,-2291.4601026567066,58,-,basal,-,-,-
125,5.0,-1216891,-2169.728483910243,58,-,basal,-,-,-
126,5.04,-1205633,-1987.1379214463814,58,-,basal,-,-,-
127,5.08,-1203149,-1850.539758708279,58,-,basal,-,-,-
128,5.12,-1205124,-1711.8143099581466,58,-,basal,-,-,-
129,5.16,-1211478,-1177.344375312512,58,-,basal,-,-,-
130,5.2,-1215322,-362.82059036443843,58,-,basal,-,-,-
131,5.24,-1214554,443.7302626864548,58,-,basal,-,-,-
132,5.28,-1213907,1187.5458338001367,58,-,basal,-,-,-
133,5.32,-1216593,1963.1703428908386,58,-,basal,-,-,-
134,5.36,-1219964,2685.679849269506,58,-,basal,-,-,-
135,5.4,-1222028,3019.7198714421156,58,-,basal,-,-,-
136,5.44,-1224639,2552.5763386217022,58,-,basal,-,-,-
137,5.48,-1225744,1088.7905342723584,58,-,basal,-,-,-
138,5.52,-1226336,-720.0103950457176,58,-,basal,-,-,-
139,5.56,-1228244,-1849.5888175025877,58,-,basal,-,-,-
140,5.6,-1227098,-1999.0785023058538,58,-,basal,-,-,-
141,5.64,-1226977,-1458.3566429451066,58,-,basal,-,-,-
142,5.68,-1221627,-1174.5841571324736,58,-,basal,-,-,-
143,5.72,-1207086,-1589.3912921071988,58,-,basal,-,-,-
144,5.76,-1203847,-1761.0447008620395,58,-,basal,-,-,-
145,5.8,-1205529,-1487.5503037546623,58,-,basal,-,-,-
146,5.84,-1209175,-787.2334124589761,58,-,basal,-,-,-
147,5.88,-1214689,108.77498138639021,58,-,basal,-,-,-
148,5.92,-1214667,733.2468312053561,58,-,basal,-,-,-
149,5.96,-1214479,1226.2851601262,58,-,basal,-,-,-
150,6.0,-1217343,1813.1216116617588,57,57.5,basal,-,-,-
151,6.04,-1223852,2568.9432825912318,57,-,basal,-,-,-
152,6.08,-1227547,3044.3930735723116,57,-,basal,-,-,-
153,6.12,-1228837,2747.225471939557,57,-,basal,-,-,-
154,6.16,-1227434,1386.6657291406443,57,-,basal,-,-,-
155,6.2,-1226299,-497.00568020333935,57,-,basal,-,-,-
156,6.24,-1212965,-2345.649672670377,57,-,basal,-,-,-
157,6.28,-1203840,-3012.8836526326104,57,-,basal,-,-,-
158,6.32,-1203315,-2581.884387291924,57,-,basal,-,-,-
159,6.36,-1206700,-1887.4751137694811,57,-,basal,-,-,-
160,6.4,-1211347,-1408.9595166661247,57,-,basal,-,-,-
161,6.44,-1214417,-1042.3549316262515,57,-,basal,-,-,-
162,6.48,-1214521,-424.7477829081363,57,-,basal,-,-,-
163,6.52,-1213681,607.6270876027143,57,-,basal,-,-,-
164,6.56,-1217322,1933.7620759501733,57,-,basal,-,-,-
165,6.6,-1220460,2946.9326930701736,57,-,basal,-,-,-
166,6.64,-1223590,3216.37622650289,57,-,basal,-,-,-
167,6.68,-1224395,2369.553323324089,57,-,basal,-,-,-
168,6.72,-1225343,690.4173407360754,57,-,basal,-,-,-
169,6.76,-1226455,-1003.5248663924605,57,-,basal,-,-,-
170,6.8,-1228134,-1852.6576908740296,57,-,basal,-,-,-
171,6.84,-1228341,-1765.9322864222524,57,-,basal,-,-,-
172,6.88,-1227658,-1275.452064765354,57,-,basal,-,-,-
173,6.92,-1223559,-1088.3335958258167,57,-,basal,-,-,-
174,6.96,-1209301,-1561.812405431121,57,-,basal,-,-,-
175,7.0,-1203328,-1770.5497144022247,57,-,basal,-,-,-
176,7.04,-1204489,-1409.7081521268283,57,-,basal,-,-,-
177,7.08,-1208012,-647.9790466862382,57,-,basal,-,-,-
178,7.12,-1213352,213.8851088876454,57,-,basal,-,-,-
179,7.16,-1215534,804.9987666867346,57,-,basal,-,-,-
180,7.2,-1215314,1194.7802437321798,57,-,basal,-,-,-
181,7.24,-1216543,1696.6535007866369,57,-,basal,-,-,-
182,7.28,-1220663,2429.2577996119617,57,-,basal,-,-,-
183,7.32,-1222632,2975.0654324950547,57,-,basal,-,-,-
184,7.36,-1224751,2873.349825545629,57,-,basal,-,-,-
185,7.4,-1226107,1732.515341365715,57,-,basal,-,-,-
186,7.44,-1227742,-79.36774955167039,57,-,basal,-,-,-
187,7.48,-1228302,-1676.8793720818903,57,-,basal,-,-,-
188,7.52,-1227604,-2337.958723075153,57,-,basal,-,-,-
189,7.56,-1221456,-2262.5517429181755,57,-,basal,-,-,-
190,7.6,-1207451,-2142.892843455913,57,-,basal,-,-,-
191,7.64,-1202954,-1906.3112016660161,57,-,basal,-,-,-
192,7.68,-1205390,-1623.6029262060383,57,-,basal,-,-,-
193,7.72,-1209766,-1163.1264099989519,57,-,basal,-,-,-
194,7.76,-1213920,-455.6635638630878,57,-,basal,-,-,-
195,7.8,-1214987,274.73459174118307,57,-,basal,-,-,-
196,7.84,-1213881,906.8491321216288,57,-,basal,-,-,-
197,7.88,-1216727,1661.023744772262,57,-,basal,-,-,-
198,7.92,-1219327,2443.8836765106653,57,-,basal,-,-,-
199,7.96,-1221098,2985.6746533698433,57,-,basal,-,-,-
200,8.0,-1224021,2815.6698359091943,57,-,basal,-,-,-
201,8.04,-1224986,1545.1640403285696,57,-,basal,-,-,-
202,8.08,-1226441,-263.5988506913818,57,-,basal,-,-,-
203,8.12,-1227269,-1652.059362429354,57,-,basal,-,-,-
204,8.16,-1227851,-2005.1338086036287,57,-,basal,-,-,-
205,8.2,-1228666,-1576.818781241872,57,-,basal,-,-,-
206,8.24,-1224239,-1243.7795192284611,57,-,basal,-,-,-
207,8.28,-1212826,-1454.1653327222302,57,-,basal,-,-,-
208,8.32,-1204544,-1730.0920892348222,57,-,basal,-,-,-
209,8.36,-1203885,-1583.0540123563187,57,-,basal,-,-,-
210,8.4,-1207088,-1007.2230551382545,57,-,basal,-,-,-
211,8.44,-1210708,-250.698002945795,57,-,basal,-,-,-
212,8.48,-1215456,515.087295306781,57,-,basal,-,-,-
213,8.52,-1213849,977.7237438653474,57,-,basal,-,-,-
214,8.56,-1215417,1526.0671130034943,57,-,basal,-,-,-
215,8.6,-1218664,2215.8508975744926,57,-,basal,-,-,-
216,8.64,-1221306,2843.420735648868,57,-,basal,-,-,-
217,8.68,-1223475,2951.4690547118207,57,-,basal,-,-,-
218,8.72,-1225743,2119.7849307605984,57,-,basal,-,-,-
219,8.76,-1226030,431.8526163193187,57,-,basal,-,-,-
220,8.8,-1227443,-1211.3941305787648,57,-,basal,-,-,-
221,8.84,-1228747,-2058.539955076089,57,-,basal,-,-,-
222,8.88,-1226577,-2091.061853895998,57,-,basal,-,-,-
223,8.92,-1216910,-1930.3981554266047,57,-,basal,-,-,-
224,8.96,-1205922,-1912.369344356468,57,-,basal,-,-,-
225,9.0,-1203418,-1831.111645384879,55,56.666666666666664,basal,-,-,-
226,9.04,-1210942,-1379.3727739200624,55,-,basal,-,-,-
227,9.08,-1214938,-777.4026478185574,55,-,basal,-,-,-
228,9.12,-1215927,-80.97172422596304,55,-,basal,-,-,-
229,9.16,-1214288,514.8445594523891,55,-,basal,-,-,-
230,9.2,-1216891,1162.507280891452,55,-,basal,-,-,-
231,9.24,-1218960,1822.859671375154,55,-,basal,-,-,-
232,9.28,-1221823,2546.4513344077504,55,-,basal,-,-,-
233,9.32,-1224192,2904.1336884032444,55,-,basal,-,-,-
234,9.36,-1224835,2289.532863283673,55,-,basal,-,-,-
235,9.4,-1226542,748.8783445646077,55,-,basal,-,-,-
236,9.44,-1227504,-959.8777259055342,55,-,basal,-,-,-
237,9.48,-1228812,-1800.729062680331,55,-,basal,-,-,-
238,9.52,-1227246,-1683.986086662333,55,-,basal,-,-,-
239,9.56,-1223523,-1268.2328626788421,55,-,basal,-,-,-
240,9.6,-1209995,-1461.0136379089363,55,-,basal,-,-,-
241,9.64,-1204861,-1671.4215198930979,55,-,basal,-,-,-
242,9.68,-1203948,-1618.2921272170906,55,-,basal,-,-,-
243,9.72,-1208047,-1049.5226283332981,55,-,basal,-,-,-
244,9.76,-1212470,-254.73652276872053,55,-,basal,-,-,-
245,9.8,-1215732,471.32747347791883,55,-,basal,-,-,-
246,9.84,-1215052,965.9468340628164,55,-,basal,-,-,-
247,9.88,-1214636,1482.812220631019,55,-,basal,-,-,-
248,9.92,-1219754,2270.4103125879838,55,-,basal,-,-,-
249,9.96,-1221752,2836.585397778068,55,-,basal,-,-,-
250,10.0,-1223617,2783.5548794205224,55,-,basal,-,-,-
251,10.04,-1225415,1768.1459624479903,55,-,basal,-,-,-
252,10.08,-1227039,77.35139086278059,55,-,basal,-,-,-
253,10.12,-1227698,-1468.1854342724375,55,-,basal,-,-,-
254,10.16,-1228442,-2126.335824862932,55,-,basal,-,-,-
255,10.2,-1226871,-1969.2593554242462,55,-,basal,-,-,-
256,10.24,-1216505,-1767.9992240742922,55,-,basal,-,-,-
257,10.28,-1204097,-1828.3881124057825,55,-,basal,-,-,-
258,10.32,-1203217,-1753.8173670983651,55,-,basal,-,-,-
259,10.36,-1206708,-1449.42013645025,55,-,basal,-,-,-
260,10.4,-1212547,-761.7489065879245,55,-,basal,-,-,-
261,10.44,-1215081,10.758344712701728,55,-,basal,-,-,-
262,10.48,-1214865,661.2530929818795,55,-,basal,-,-,-
263,10.52,-1214753,1241.1775926913674,55,-,basal,-,-,-
264,10.56,-1218360,1986.1795871566874,55,-,basal,-,-,-
265,10.6,-1220441,2710.213754693992,55,-,basal,-,-,-
266,10.64,-1223428,3091.546439859004,55,-,basal,-,-,-
267,10.68,-1224861,2487.8938957319206,55,-,basal,-,-,-
268,10.72,-1226941,904.7310758605258,55,-,basal,-,-,-
269,10.76,-1227613,-947.8259531949141,55,-,basal,-,-,-
270,10.8,-1228374,-2006.4460783993536,55,-,basal,-,-,-
271,10.84,-1228527,-1982.1885290775274,55,-,basal,-,-,-
272,10.88,-1226840,-1474.8157672103566,55,-,basal,-,-,-
273,10.92,-1218689,-1346.6080391134274,55,-,basal,-,-,-
274,10.96,-1205193,-1740.031620132464,55,-,basal,-,-,-
275,11.0,-1203589,-1774.4887866166137,55,-,basal,-,-,-
276,11.04,-1206085,-1376.1989532110065,55,-,basal,-,-,-
277,11.08,-1210712,-610.8953791956619,55,-,basal,-,-,-
278,11.12,-1214817,220.18961916802982,55,-,basal,-,-,-
279,11.16,-1215329,850.310941852209,55,-,basal,-,-,-
280,11.2,-1213975,1339.0498615970982,55,-,basal,-,-,-
281,11.24,-1216494,1978.59792911588,55,-,basal,-,-,-
282,11.28,-1219976,2670.3956195144265,55,-,basal,-,-,-
283,11.32,-1222350,3020.0248616799636,55,-,basal,-,-,-
284,11.36,-1225363,2565.190477357989,55,-,basal,-,-,-
285,11.4,-1227011,1099.6337106050664,55,-,basal,-,-,-
286,11.44,-1227489,-740.0313395569353,55,-,basal,-,-,-
287,11.48,-1228719,-1925.0251761522086,55,-,basal,-,-,-
288,11.52,-1228490,-2095.096704927025,55,-,basal,-,-,-
289,11.56,-1223286,-1764.2293724372048,55,-,basal,-,-,-
290,11.6,-1206705,-1830.769978179791,55,-,basal,-,-,-
291,11.64,-1202465,-1840.3986992420178,55,-,basal,-,-,-
292,11.68,-1204374,-1762.6339053286902,55,-,basal,-,-,-
293,11.72,-1209533,-1318.262285778117,55,-,basal,-,-,-
294,11.76,-1215059,-507.5907866948446,55,-,basal,-,-,-
295,11.8,-1215015,271.7865295852862,55,-,basal,-,-,-
296,11.84,-1214330,970.7268429957599,55,-,basal,-,-,-
297,11.88,-1216505,1705.2025364040546,55,-,basal,-,-,-
298,11.92,-1219612,2500.286619659725,55,-,basal,-,-,-
299,11.96,-1221917,3111.12920542347,55,-,basal,-,-,-
300,12.0,-1224077,2990.59434073382,53,55.75,basal,-,-,-
301,12.04,-1228417,1809.571864294303,53,-,basal,-,-,-
302,12.08,-1227713,-217.19150198759303,53,-,basal,-,-,-
303,12.12,-1228046,-1790.7745810024887,53,-,basal,-,-,-
304,12.16,-1221153,-2433.499927715744,53,-,basal,-,-,-
305,12.2,-1207567,-2368.1308859113815,53,-,basal,-,-,-
306,12.24,-1202996,-1870.6914086791749,53,-,basal,-,-,-
307,12.28,-1206176,-1460.9532689162452,53,-,basal,-,-,-
308,12.32,-1210005,-1240.1265476180574,53,-,basal,-,-,-
309,12.36,-1215824,-812.9391257036923,53,-,basal,-,-,-
310,12.4,-1215177,-309.6975876895949,53,-,basal,-,-,-
311,12.44,-1214769,415.339017335044,53,-,basal,-,-,-
312,12.48,-1216752,1353.46738654185,53,-,basal,-,-,-
313,12.52,-1219372,2338.3649490802554,53,-,basal,-,-,-
314,12.56,-1222656,3028.6904092906652,53,-,basal,-,-,-
315,12.6,-1225040,2846.580370854984,53,-,basal,-,-,-
316,12.64,-1225949,1545.3614662137552,53,-,basal,-,-,-
317,12.68,-1226074,-315.4788047912847,53,-,basal,-,-,-
318,12.72,-1228599,-1620.2070330777174,53,-,basal,-,-,-
319,12.76,-1227316,-1969.9379296964646,53,-,basal,-,-,-
320,12.8,-1227469,-1491.6522653343,53,-,basal,-,-,-
321,12.84,-1213463,-1424.575930681871,53,-,basal,-,-,-
322,12.88,-1204472,-1564.2409348799465,53,-,basal,-,-,-
323,12.92,-1204244,-1606.6243498297063,53,-,basal,-,-,-
324,12.96,-1209643,-1247.5264074146603,53,-,basal,-,-,-
325,13.0,-1214928,-526.8871683466932,53,-,basal,-,-,-
326,13.04,-1214626,177.13328550048664,53,-,basal,-,-,-
327,13.08,-1214438,788.3374255960998,53,-,basal,-,-,-
328,13.12,-1218664,1419.061811711972,53,-,basal,-,-,-
329,13.16,-1221606,2053.600155355357,53,-,basal,-,-,-
330,13.2,-1224031,2706.918074258845,53,-,basal,-,-,-
331,13.24,-1226068,2928.8793495141035,53,-,basal,-,-,-
332,13.28,-1227316,2139.3143728219225,53,-,basal,-,-,-
333,13.32,-1228491,430.0437806136929,53,-,basal,-,-,-
334,13.36,-1228641,-1315.3383561121243,53,-,basal,-,-,-
335,13.4,-1225813,-2217.7090295531616,53,-,basal,-,-,-
336,13.44,-1212209,-2461.7700883546877,53,-,basal,-,-,-
337,13.48,-1204351,-2192.701727622747,53,-,basal,-,-,-
338,13.52,-1203304,-1898.2695658939556,53,-,basal,-,-,-
339,13.56,-1207317,-1544.3983722589992,53,-,basal,-,-,-
340,13.6,-1211878,-959.2195592831022,53,-,basal,-,-,-
341,13.64,-1215560,-147.82357261850575,53,-,basal,-,-,-
342,13.68,-1214986,586.1403468970711,53,-,basal,-,-,-
343,13.72,-1215470,1311.6272431159332,53,-,basal,-,-,-
344,13.76,-1218326,2123.563094341919,53,-,basal,-,-,-
345,13.8,-1220703,2839.955549449748,53,-,basal,-,-,-
346,13.84,-1223136,3031.92098509836,53,-,basal,-,-,-
347,13.88,-1225800,2228.7860534055717,53,-,basal,-,-,-
348,13.92,-1226069,483.6918626195343,53,-,basal,-,-,-
349,13.96,-1227548,-1222.3163701136677,53,-,basal,-,-,-
350,14.0,-1227802,-2095.9658494311916,53,-,basal,-,-,-
351,14.04,-1227534,-1980.058861240967,53,-,basal,-,-,-
352,14.08,-1224958,-1495.4731681161384,53,-,basal,-,-,-
353,14.12,-1209745,-1582.0985143042526,53,-,basal,-,-,-
354,14.16,-1204461,-1650.6904728895643,53,-,basal,-,-,-
355,14.2,-1204209,-1573.6221390495593,53,-,basal,-,-,-
356,14.24,-1210645,-1014.8796754222694,53,-,basal,-,-,-
357,14.28,-1215469,-240.5265822587071,53,-,basal,-,-,-
358,14.32,-1215834,452.66563164065883,53,-,basal,-,-,-
359,14.36,-1214426,991.0577126895637,53,-,basal,-,-,-
360,14.4,-1218186,1627.9692531167711,53,-,basal,-,-,-
361,14.44,-1220878,2273.4047464694568,53,-,basal,-,-,-
362,14.48,-1223897,2853.626460998251,53,-,basal,-,-,-
363,14.52,-1226851,2868.1022516349485,53,-,basal,-,-,-
364,14.56,-1226864,1778.3475099206753,53,-,basal,-,-,-
365,14.6,-1227937,-23.01366341394305,53,-,basal,-,-,-
366,14.64,-1228589,-1608.0297524174432,53,-,basal,-,-,-
367,14.68,-1227230,-2217.049351673509,53,-,basal,-,-,-
368,14.72,-1217891,-2143.6599092703837,53,-,basal,-,-,-
369,14.76,-1205753,-1963.503754784162,53,-,basal,-,-,-
370,14.8,-1203135,-1786.4587890846306,53,-,basal,-,-,-
371,14.84,-1207962,-1537.057569200127,53,-,basal,-,-,-
372,14.88,-1213817,-1024.2702405676528,53,-,basal,-,-,-
373,14.92,-1216211,-282.3478730731331,53,-,basal,-,-,-
374,14.96,-1215088,464.6723476796942,53,-,basal,-,-,-
375,15.0,-1217697,1239.1510337782456,57,55.5,basal,-,-,-
376,15.04,-1220894,1955.8441969535352,57,-,basal,-,-,-
377,15.08,-1223142,2611.187575239287,57,-,basal,-,-,-
378,15.12,-1224844,2933.8454538103633,57,-,basal,-,-,-
379,15.16,-1225985,2385.8591433597994,57,-,basal,-,-,-
380,15.2,-1227162,850.1215337276637,57,-,basal,-,-,-
381,15.24,-1228416,-963.131530316205,57,-,basal,-,-,-
382,15.28,-1229876,-2022.5647910257355,57,-,basal,-,-,-
383,15.32,-1228195,-2080.0211148294457,57,-,basal,-,-,-
384,15.36,-1226207,-1594.4588839230046,57,-,basal,-,-,-
385,15.4,-1203305,-1916.4589171864172,57,-,basal,-,-,-
386,15.44,-1211304,-1506.0859906639726,57,-,basal,-,-,-
387,15.48,-1214391,-1196.556496558374,57,-,basal,-,-,-
388,15.52,-1218735,-593.5688324700809,57,-,basal,-,-,-
389,15.56,-1222380,106.23818216263317,57,-,basal,-,-,-
390,15.6,-1223984,640.568336000807,57,-,basal,-,-,-
391,15.64,-1226147,1074.6927915635306,57,-,basal,-,-,-
392,15.68,-1226500,1509.6295046615278,57,-,basal,-,-,-
393,15.72,-1227659,2106.028598654941,57,-,basal,-,-,-
394,15.76,-1228391,2487.2866668602182,57,-,basal,-,-,-
395,15.8,-1227174,1976.8080763031878,57,-,basal,-,-,-
396,15.84,-1224299,394.6936696975158,57,-,basal,-,-,-
397,15.88,-1210081,-1798.65711594992,57,-,basal,-,-,-
398,15.92,-1203222,-2894.014373778682,57,-,basal,-,-,-
399,15.96,-1205718,-2498.0051134656014,57,-,basal,-,-,-
400,16.0,-1208424,-1477.9605214386497,57,-,basal,-,-,-
401,16.04,-1213988,-416.82573295236125,57,-,basal,-,-,-
402,16.08,-1215656,242.40168345108032,57,-,basal,-,-,-
403,16.12,-1214421,652.9197768561489,57,-,basal,-,-,-
404,16.16,-1215042,1169.2418704620495,57,-,basal,-,-,-
405,16.2,-1220588,1969.2127051337047,57,-,basal,-,-,-
406,16.24,-1223381,2592.6819219610015,57,-,basal,-,-,-
407,16.28,-1224252,2556.581631702843,57,-,basal,-,-,-
408,16.32,-1226410,1570.8424979920642,57,-,basal,-,-,-
409,16.36,-1227262,-155.87763746883275,57,-,basal,-,-,-
410,16.4,-1228131,-1654.8860489827682,57,-,basal,-,-,-
411,16.44,-1227821,-2217.2846275458865,57,-,basal,-,-,-
412,16.48,-1227434,-1895.283691037434,57,-,basal,-,-,-
413,16.52,-1222018,-1527.7955423918029,57,-,basal,-,-,-
414,16.56,-1207807,-1747.672029553436,57,-,basal,-,-,-
415,16.6,-1203317,-1872.008593440285,57,-,basal,-,-,-
416,16.64,-1211818,-1381.2821585560841,57,-,basal,-,-,-
417,16.68,-1214789,-690.7098150739525,57,-,basal,-,-,-
418,16.72,-1213710,32.86618793083653,57,-,basal,-,-,-
419,16.76,-1217216,786.5563334132066,57,-,basal,-,-,-
420,16.8,-1219181,1328.5665711573183,57,-,basal,-,-,-
421,16.84,-1222733,1904.8829066202652,57,-,basal,-,-,-
422,16.88,-1224132,2464.0290193590517,57,-,basal,-,-,-
423,16.92,-1226080,2830.840724916491,57,-,basal,-,-,-
424,16.96,-1226833,2422.0954077063175,57,-,basal,-,-,-
425,17.0,-1227737,1055.6185744878358,57,-,basal,-,-,-
426,17.04,-1229314,-656.2888311045322,57,-,basal,-,-,-
427,17.08,-1226078,-1890.606336142001,57,-,basal,-,-,-
428,17.12,-1213878,-2400.7879832905837,57,-,basal,-,-,-
429,17.16,-1204768,-2282.462636214377,57,-,basal,-,-,-
430,17.2,-1203126,-1940.4739904924754,57,-,basal,-,-,-
431,17.24,-1206660,-1485.2519195147875,57,-,basal,-,-,-
432,17.28,-1212325,-817.9586538853569,57,-,basal,-,-,-
433,17.32,-1215323,-85.84763091137665,57,-,basal,-,-,-
434,17.36,-1215077,542.6064872903271,57,-,basal,-,-,-
435,17.4,-1215758,1158.6513514371773,57,-,basal,-,-,-
436,17.44,-1218992,1915.38721285473,57,-,basal,-,-,-
437,17.48,-1222284,2680.1312869369503,57,-,basal,-,-,-
438,17.52,-1225729,3007.216460244367,57,-,basal,-,-,-
439,17.56,-1225673,2237.4337147627307,57,-,basal,-,-,-
440,17.6,-1227282,581.9027498591965,57,-,basal,-,-,-
441,17.64,-1227294,-1232.1287543160643,57,-,basal,-,-,-
442,17.68,-1228233,-2187.170781417106,57,-,basal,-,-,-
443,17.72,-1228706,-2106.328799478916,57,-,basal,-,-,-
444,17.76,-1224988,-1660.1057425226336,57,-,basal,-,-,-
445,17.8,-1212398,-1653.5633422592837,57,-,basal,-,-,-
446,17.84,-1204899,-1786.1453845383348,57,-,basal,-,-,-
447,17.88,-1204239,-1671.8997768693953,57,-,basal,-,-,-
448,17.92,-1209870,-1018.7272895344128,57,-,basal,-,-,-
449,17.96,-1214818,-109.5435765503471,57,-,basal,-,-,-
450,18.0,-1215089,624.3608830796584,56,55.25,basal,-,-,-
451,18.04,-1218309,1241.639390455759,56,-,basal,-,-,-
452,18.08,-1224191,1829.365548273292,56,-,basal,-,-,-
453,18.12,-1225998,2359.2253563691947,56,-,basal,-,-,-
454,18.16,-1227215,2857.6826385162076,56,-,basal,-,-,-
455,18.2,-1228222,2845.0064104322614,56,-,basal,-,-,-
456,18.24,-1227974,1809.9058932545236,56,-,basal,-,-,-
457,18.28,-1223089,-161.00235637035848,56,-,basal,-,-,-
458,18.32,-1209530,-2282.8482189328406,56,-,basal,-,-,-
459,18.36,-1204452,-3174.9831241402026,56,-,basal,-,-,-
460,18.4,-1203629,-2940.858137549647,56,-,basal,-,-,-
461,18.44,-1208010,-2114.065516093271,56,-,basal,-,-,-
462,18.48,-1213130,-1252.8819974954613,56,-,basal,-,-,-
463,18.52,-1216042,-455.09817310766994,56,-,basal,-,-,-
464,18.56,-1213897,285.1235821823061,56,-,basal,-,-,-
465,18.6,-1215682,1224.4530946146783,56,-,basal,-,-,-
466,18.64,-1220818,2234.6698416007084,56,-,basal,-,-,-
467,18.68,-1222906,2888.1303242226277,56,-,basal,-,-,-
468,18.72,-1224790,2857.324006366438,56,-,basal,-,-,-
469,18.76,-1225408,1795.825347912416,56,-,basal,-,-,-
470,18.8,-1228000,112.87564098069583,56,-,basal,-,-,-
471,18.84,-1227838,-1462.5405547549735,56,-,basal,-,-,-
472,18.88,-1229189,-2061.4387108291253,56,-,basal,-,-,-
473,18.92,-1226804,-1879.321628303088,56,-,basal,-,-,-
474,18.96,-1221451,-1518.8133964906629,56,-,basal,-,-,-
475,19.0,-1206705,-1715.5160900446917,56,-,basal,-,-,-
476,19.04,-1204345,-1731.818874357983,56,-,basal,-,-,-
477,19.08,-1208234,-1378.4532755157343,56,-,basal,-,-,-
478,19.12,-1213436,-639.6904014654538,56,-,basal,-,-,-
479,19.16,-1215645,143.05420846001925,56,-,basal,-,-,-
480,19.2,-1213894,688.4524149511235,56,-,basal,-,-,-
481,19.24,-1216323,1251.596336477428,56,-,basal,-,-,-
482,19.28,-1218787,1856.7940864916918,56,-,basal,-,-,-
483,19.32,-1221734,2545.0418747739104,56,-,basal,-,-,-
484,19.36,-1224102,2960.471082522232,56,-,basal,-,-,-
485,19.4,-1226072,2570.401657358215,56,-,basal,-,-,-
486,19.44,-1227139,1168.6137384600397,56,-,basal,-,-,-
487,19.48,-1229107,-579.1967251187182,56,-,basal,-,-,-
488,19.52,-1227017,-1831.658672648841,56,-,basal,-,-,-
489,19.56,-1214516,-2357.543568743893,56,-,basal,-,-,-
490,19.6,-1203734,-2225.6435562374318,56,-,basal,-,-,-
491,19.64,-1204271,-1804.012878851785,56,-,basal,-,-,-
492,19.68,-1208502,-1503.0452841094366,56,-,basal,-,-,-
493,19.72,-1213343,-1134.9689957457235,56,-,basal,-,-,-
494,19.76,-1216159,-569.8305248387878,56,-,basal,-,-,-
495,19.8,-1213727,20.420116837946352,56,-,basal,-,-,-
496,19.84,-1214326,778.964474562666,56,-,basal,-,-,-
497,19.88,-1220989,1801.730334942039,56,-,basal,-,-,-
498,19.92,-1223160,2660.813002276751,56,-,basal,-,-,-
499,19.96,-1224623,3021.9008623258305,56,-,basal,-,-,-
500,20.0,-1226215,2342.614627889204,56,-,basal,-,-,-
501,20.04,-1227772,668.841504629323,56,-,basal,-,-,-
502,20.08,-1228323,-1111.4619542749267,56,-,basal,-,-,-
503,20.12,-1228178,-1990.1773469880457,56,-,basal,-,-,-
504,20.16,-1227927,-1817.1557217561685,56,-,basal,-,-,-
505,20.2,-1221442,-1490.3162923951477,56,-,basal,-,-,-
506,20.24,-1205910,-1754.2389915043732,56,-,basal,-,-,-
507,20.28,-1203876,-1852.574064349781,56,-,basal,-,-,-
508,20.32,-1209087,-1516.160134454513,56,-,basal,-,-,-
509,20.36,-1213780,-769.6874829035355,56,-,basal,-,-,-
510,20.4,-1215755,77.68647791654894,56,-,basal,-,-,-
511,20.44,-1214716,701.4430470074849,56,-,basal,-,-,-
512,20.48,-1216149,1240.4116745150086,56,-,basal,-,-,-
513,20.52,-1218633,1821.0562359434216,56,-,basal,-,-,-
514,20.56,-1222333,2517.177110720192,56,-,basal,-,-,-
515,20.6,-1224121,2928.2467439888514,56,-,basal,-,-,-
516,20.64,-1225651,2536.174244325559,56,-,basal,-,-,-
517,20.68,-1227034,1114.208448021776,56,-,basal,-,-,-
518,20.72,-1227963,-707.1687638083871,56,-,basal,-,-,-
519,20.76,-1228723,-1850.748106176602,56,-,basal,-,-,-
520,20.8,-1226625,-1976.8496994468637,56,-,basal,-,-,-
521,20.84,-1216897,-1778.62685838765,56,-,basal,-,-,-
522,20.88,-1204803,-1811.1785065357144,56,-,basal,-,-,-
523,20.92,-1203978,-1775.5173389126503,56,-,basal,-,-,-
524,20.96,-1210659,-1437.5814061682383,56,-,basal,-,-,-
525,21.0,-1214523,-859.7753819973937,27,48.25,basal,-,-,-
526,21.04,-1214916,-163.1182142274929,27,-,basal,-,-,-
527,21.08,-1218064,602.4182876661698,27,-,basal,-,-,-
528,21.12,-1220636,1255.9169859720896,27,-,basal,-,-,-
529,21.16,-1223817,1950.4225135505912,27,-,basal,-,-,-
530,21.2,-1226142,2627.1785723944467,27,-,basal,-,-,-
531,21.24,-1225640,2821.052242511479,27,-,basal,-,-,-
532,21.28,-1227167,2143.0543386261097,27,-,basal,-,-,-
533,21.32,-1228547,521.3077409153697,27,-,basal,-,-,-
534,21.36,-1228583,-1256.6398966562447,27,-,basal,-,-,-
535,21.4,-1227722,-2217.4173479668416,27,-,basal,-,-,-
536,21.44,-1217402,-2464.2509959935633,27,-,basal,-,-,-
537,21.48,-1205691,-2310.8495949393837,27,-,basal,-,-,-
538,21.52,-1203473,-1904.5007813396696,27,-,basal,-,-,-
539,21.56,-1205941,-1392.588309896064,27,-,basal,-,-,-
540,21.6,-1210993,-660.9136757644301,27,-,basal,-,-,-
541,21.64,-1215678,160.6689733276362,27,-,basal,-,-,-
542,21.68,-1215881,758.884020989206,27,-,basal,-,-,-
543,21.72,-1214699,1205.8529202807003,27,-,basal,-,-,-
544,21.76,-1217026,1822.960467550066,27,-,basal,-,-,-
545,21.8,-1220195,2555.4071068852145,27,-,basal,-,-,-
546,21.84,-1222162,2953.9949745525464,27,-,basal,-,-,-
547,21.88,-1224672,2492.9152456091597,27,-,basal,-,-,-
548,21.92,-1226260,997.5231511206116,27,-,basal,-,-,-
549,21.96,-1226211,-873.0095888267385,27,-,basal,-,-,-
550,22.0,-1227445,-2034.5134810423497,27,-,basal,-,-,-
551,22.04,-1228300,-2117.1003095501364,27,-,basal,-,-,-
552,22.08,-1226776,-1598.0412168879539,27,-,basal,-,-,-
553,22.12,-1222044,-1226.4134546639934,27,-,basal,-,-,-
554,22.16,-1206167,-1598.4982300384054,27,-,basal,-,-,-
555,22.2,-1203828,-1701.2457149746533,27,-,basal,-,-,-
556,22.24,-1208576,-1352.4208286077856,27,-,basal,-,-,-
557,22.28,-1214248,-631.4653942344689,27,-,basal,-,-,-
558,22.32,-1215663,105.17849391690015,27,-,basal,-,-,-
559,22.36,-1214901,686.3633678565297,27,-,basal,-,-,-
560,22.4,-1218098,1251.124862411104,27,-,basal,-,-,-
561,22.44,-1221006,1799.389332267181,27,-,basal,-,-,-
562,22.48,-1224058,2437.601308735393,27,-,basal,-,-,-
563,22.52,-1225902,2855.4051936085953,27,-,basal,-,-,-
564,22.56,-1227203,2496.712941455281,27,-,basal,-,-,-
565,22.6,-1227721,1087.4896682365502,27,-,basal,-,-,-
566,22.64,-1228471,-738.1111300409552,27,-,basal,-,-,-
567,22.68,-1228966,-1933.8335844218414,27,-,basal,-,-,-
568,22.72,-1228400,-2070.4239852248434,27,-,basal,-,-,-
569,22.76,-1221291,-1828.563968114374,27,-,basal,-,-,-
570,22.8,-1207008,-1920.0712599639774,27,-,basal,-,-,-
571,22.84,-1204328,-1857.1043156124979,27,-,basal,-,-,-
572,22.88,-1205380,-1560.3569193702033,27,-,basal,-,-,-
573,22.92,-1210330,-823.4925164867595,27,-,basal,-,-,-
574,22.96,-1215859,97.35854654163995,27,-,basal,-,-,-
575,23.0,-1215212,731.1509208367406,27,-,basal,-,-,-
576,23.04,-1214465,1207.0137217929614,27,-,basal,-,-,-
577,23.08,-1217667,1800.691597000009,27,-,basal,-,-,-
578,23.12,-1220185,2459.7340194930166,27,-,basal,-,-,-
579,23.16,-1222312,2930.0622855018655,27,-,basal,-,-,-
580,23.2,-1225711,2697.56423869792,27,-,basal,-,-,-
581,23.24,-1225764,1329.3881403363189,27,-,basal,-,-,-
582,23.28,-1227727,-489.55141438789406,27,-,basal,-,-,-
583,23.32,-1228998,-1839.0881396833438,27,-,basal,-,-,-
584,23.36,-1228994,-2155.8788820501377,27,-,basal,-,-,-
585,23.4,-1229031,-1695.8857228845472,27,-,basal,-,-,-
586,23.44,-1221813,-1424.2247812908436,27,-,basal,-,-,-
587,23.48,-1206347,-1768.7243358494616,27,-,basal,-,-,-
588,23.52,-1204153,-1843.1520405136016,27,-,basal,-,-,-
589,23.56,-1208091,-1493.9910307959517,27,-,basal,-,-,-
590,23.6,-1214865,-720.1949503105216,27,-,basal,-,-,-
591,23.64,-1215711,2.312883322992093,27,-,basal,-,-,-
592,23.68,-1215353,605.5198482024357,27,-,basal,-,-,-
593,23.72,-1217725,1190.7948449585892,27,-,basal,-,-,-
594,23.76,-1221477,1860.2645115267987,27,-,basal,-,-,-
595,23.8,-1224291,2592.865623590167,27,-,basal,-,-,-
596,23.84,-1225742,3048.696236180612,27,-,basal,-,-,-
597,23.88,-1226193,2631.7866083737154,27,-,basal,-,-,-
598,23.92,-1227339,1154.2071715844838,27,-,basal,-,-,-
599,23.96,-1229393,-714.820104528153,27,-,basal,-,-,-
600,24.0,-1227896,-2010.6410694140047,58,49.5,basal,-,-,-
601,24.04,-1206350,-2793.21373454435,58,-,basal,-,-,-
602,24.08,-1203654,-2326.791283011582,58,-,basal,-,-,-
603,24.12,-1207014,-1737.3638278769022,58,-,basal,-,-,-
604,24.16,-1211019,-1337.5631951113724,58,-,basal,-,-,-
605,24.2,-1216097,-809.7319493140267,58,-,basal,-,-,-
606,24.24,-1215380,-229.28196397830106,58,-,basal,-,-,-
607,24.28,-1214806,431.5805067006286,58,-,basal,-,-,-
608,24.32,-1217862,1173.6142166454456,58,-,basal,-,-,-
609,24.36,-1221161,1990.0076016460553,58,-,basal,-,-,-
610,24.4,-1224118,2780.9619163035377,58,-,basal,-,-,-
611,24.44,-1225622,2909.0006386089653,58,-,basal,-,-,-
612,24.48,-1226575,1815.578369295899,58,-,basal,-,-,-
613,24.52,-1228257,-90.66377777495927,58,-,basal,-,-,-
614,24.56,-1227822,-1685.0979048420268,58,-,basal,-,-,-
615,24.6,-1228557,-2045.0909580608693,58,-,basal,-,-,-
616,24.64,-1229015,-1543.1817454833172,58,-,basal,-,-,-
617,24.68,-1224191,-1204.5822480603338,58,-,basal,-,-,-
618,24.72,-1209345,-1595.3589571273878,58,-,basal,-,-,-
619,24.76,-1203722,-1826.17180406441,58,-,basal,-,-,-
620,24.8,-1205010,-1538.5777751818978,58,-,basal,-,-,-
621,24.84,-1208938,-788.1205443914707,58,-,basal,-,-,-
622,24.88,-1213570,109.0962108595968,58,-,basal,-,-,-
623,24.92,-1215676,794.6721658077549,58,-,basal,-,-,-
624,24.96,-1215528,1241.1068704191575,58,-,basal,-,-,-
625,25.0,-1217445,1735.8480989997488,58,-,basal,-,-,-
626,25.04,-1221619,2410.8976417336817,58,-,basal,-,-,-
627,25.08,-1223366,2939.0809039210108,58,-,basal,-,-,-
628,25.12,-1226561,2901.792055852171,58,-,basal,-,-,-
629,25.16,-1226713,1727.973953870464,58,-,basal,-,-,-
630,25.2,-1228955,-91.47598348861175,58,-,basal,-,-,-
631,25.24,-1228764,-1722.9919632573333,58,-,basal,-,-,-
632,25.28,-1229763,-2311.1461021443665,58,-,basal,-,-,-
633,25.32,-1225846,-2163.9412448785506,58,-,basal,-,-,-
634,25.36,-1210014,-2148.4916178904386,58,-,basal,-,-,-
635,25.4,-1203581,-2030.0653105408946,58,-,basal,-,-,-
636,25.44,-1204504,-1810.5449132040358,58,-,basal,-,-,-
637,25.48,-1208933,-1311.1844122262398,58,-,basal,-,-,-
638,25.52,-1213118,-539.1532348045275,58,-,basal,-,-,-
639,25.56,-1216356,312.930489852758,58,-,basal,-,-,-
640,25.6,-1215819,963.6085040729995,58,-,basal,-,-,-
641,25.64,-1216007,1576.8962294641942,58,-,basal,-,-,-
642,25.68,-1219800,2368.2853160169925,58,-,basal,-,-,-
643,25.72,-1221420,3019.1295969807115,58,-,basal,-,-,-
644,25.76,-1223962,3088.9919843590933,58,-,basal,-,-,-
645,25.8,-1226053,2052.844066813431,58,-,basal,-,-,-
646,25.84,-1227213,173.98957800433845,58,-,basal,-,-,-
647,25.88,-1227385,-1539.1369968034276,58,-,basal,-,-,-
648,25.92,-1229172,-2171.6874389577656,58,-,basal,-,-,-
649,25.96,-1227749,-1928.3409069674312,58,-,basal,-,-,-
650,26.0,-1227013,-1360.4934126257763,58,-,basal,-,-,-
651,26.04,-1217030,-1349.2639753618623,58,-,basal,-,-,-
652,26.08,-1206714,-1640.136117527536,58,-,basal,-,-,-
653,26.12,-1204501,-1635.4506628504987,58,-,basal,-,-,-
654,26.16,-1206933,-1195.0909276655211,58,-,basal,-,-,-
655,26.2,-1211652,-431.135855419167,58,-,basal,-,-,-
656,26.24,-1216021,373.53138940517965,58,-,basal,-,-,-
657,26.28,-1215973,942.763099363292,58,-,basal,-,-,-
658,26.32,-1215529,1417.911950181675,58,-,basal,-,-,-
659,26.36,-1218212,2016.755020567758,58,-,basal,-,-,-
660,26.4,-1222007,2649.875616006936,58,-,basal,-,-,-
661,26.44,-1224003,2888.3403798018317,58,-,basal,-,-,-
662,26.48,-1226022,2322.8931476464277,58,-,basal,-,-,-
663,26.52,-1228256,888.3188845576237,58,-,basal,-,-,-
664,26.56,-1228763,-852.2225120622718,58,-,basal,-,-,-
665,26.6,-1229506,-1956.0534368351632,58,-,basal,-,-,-
666,26.64,-1227089,-2165.543408510699,58,-,basal,-,-,-
667,26.68,-1218179,-1968.0544260385304,58,-,basal,-,-,-
668,26.72,-1206668,-1872.6629117740304,58,-,basal,-,-,-
669,26.76,-1216260,-1393.6050624336976,58,-,induccion,-,-,-
670,26.8,-1226763,-975.4425723110544,58,-,induccion,-,-,-
671,26.84,-1227981,-649.8818185021591,58,-,induccion,-,-,-
672,26.88,-1228037,-132.09153443103332,58,-,induccion,-,-,-
673,26.92,-1228319,441.56646542393514,58,-,induccion,-,-,-
674,26.96,-1227750,945.3795467113375,58,-,induccion,-,-,-
675,27.0,-1224453,1369.3745535451062,69,52.5,induccion,-,-,-
676,27.04,-1203397,1159.9749571463726,69,-,induccion,-,-,-
677,27.08,-1205323,1221.535356536937,69,-,induccion,-,-,-
678,27.12,-1209327,491.53700455833496,69,-,induccion,-,-,-
679,27.16,-1214272,-750.1180796574836,69,-,induccion,-,-,-
680,27.2,-1216103,-1578.5263837181674,69,-,induccion,-,-,-
681,27.24,-1215262,-1235.513880389175,69,-,induccion,-,-,-
682,27.28,-1216903,69.10638811256649,69,-,induccion,-,-,-
683,27.32,-1219622,1388.680291505052,69,-,induccion,-,-,-
684,27.36,-1222337,2251.625427597599,69,-,induccion,-,-,-
685,27.4,-1224018,2585.0319310525665,69,-,induccion,-,-,-
686,27.44,-1225485,2174.410970355458,69,-,induccion,-,-,-
687,27.48,-1227721,843.3603506466493,69,-,induccion,-,-,-
688,27.52,-1229224,-902.9225995153215,69,-,induccion,-,-,-
689,27.56,-1229945,-2000.983330983616,69,-,induccion,-,-,-
690,27.6,-1226966,-2099.6189373189227,69,-,induccion,-,-,-
691,27.64,-1214926,-1921.176287881377,69,-,induccion,-,-,-
692,27.68,-1204002,-1860.6567599675946,69,-,induccion,-,-,-
693,27.72,-1204652,-1706.1189940159584,69,-,induccion,-,-,-
694,27.76,-1210176,-1341.5542084376577,69,-,induccion,-,-,-
695,27.8,-1215325,-718.2373465703895,69,-,induccion,-,-,-
696,27.84,-1215283,-98.31399989969941,69,-,induccion,-,-,-
697,27.88,-1214875,497.0117564265979,69,-,induccion,-,-,-
698,27.92,-1217025,1179.621625139198,69,-,induccion,-,-,-
699,27.96,-1221097,2049.322098956588,69,-,induccion,-,-,-
700,28.0,-1223165,2856.4857292906872,69,-,induccion,-,-,-
701,28.04,-1225179,3129.4491459967503,69,-,induccion,-,-,-
702,28.08,-1226225,2287.4592797012015,69,-,induccion,-,-,-
703,28.12,-1226817,489.95041142011405,69,-,induccion,-,-,-
704,28.16,-1228459,-1238.239950581908,69,-,induccion,-,-,-
705,28.2,-1229366,-1994.9696458139222,69,-,induccion,-,-,-
706,28.24,-1228415,-1783.6412987563558,69,-,induccion,-,-,-
707,28.28,-1223934,-1408.2846704562362,69,-,induccion,-,-,-
708,28.32,-1209521,-1664.1971245245059,69,-,induccion,-,-,-
709,28.36,-1203696,-1853.9015476523946,69,-,induccion,-,-,-
710,28.4,-1204914,-1604.2335173063884,69,-,induccion,-,-,-
711,28.44,-1208937,-901.8384215453943,69,-,induccion,-,-,-
712,28.48,-1214734,-0.5019951871418016,69,-,induccion,-,-,-
713,28.52,-1216724,659.3577159010629,69,-,induccion,-,-,-
714,28.56,-1214459,1037.6273952396723,69,-,induccion,-,-,-
715,28.6,-1216666,1593.684934733541,69,-,induccion,-,-,-
716,28.64,-1219864,2325.5740409966975,69,-,induccion,-,-,-
717,28.68,-1222689,2944.6190586541043,69,-,induccion,-,-,-
718,28.72,-1225260,2885.399525076764,69,-,induccion,-,-,-
719,28.76,-1226345,1721.9394926187856,69,-,induccion,-,-,-
720,28.8,-1227170,-142.44054910417685,69,-,induccion,-,-,-
721,28.84,-1228643,-1696.715589049319,69,-,induccion,-,-,-
722,28.88,-1229646,-2225.0810935698637,69,-,induccion,-,-,-
723,28.92,-1228130,-1900.9366455177492,69,-,induccion,-,-,-
724,28.96,-1221965,-1505.008219830931,69,-,induccion,-,-,-
725,29.0,-1206418,-1739.0747731225874,69,-,induccion,-,-,-
726,29.04,-1203858,-1822.1758843573116,69,-,induccion,-,-,-
727,29.08,-1209361,-1495.291879981236,69,-,induccion,-,-,-
728,29.12,-1213458,-841.4342324252602,69,-,induccion,-,-,-
729,29.16,-1216278,-21.34197609220064,69,-,induccion,-,-,-
730,29.2,-1213980,562.1380744826738,69,-,induccion,-,-,-
731,29.24,-1216510,1159.4364987003864,69,-,induccion,-,-,-
732,29.28,-1219021,1778.4410369733869,69,-,induccion,-,-,-
733,29.32,-1222560,2536.786377998802,69,-,induccion,-,-,-
734,29.36,-1224414,3020.850342127952,69,-,induccion,-,-,-
735,29.4,-1226047,2659.042474806023,69,-,induccion,-,-,-
736,29.44,-1227011,1204.5662190600287,69,-,induccion,-,-,-
737,29.48,-1227814,-654.0595407988346,69,-,induccion,-,-,-
738,29.52,-1229361,-1799.356492159937,69,-,induccion,-,-,-
739,29.56,-1228787,-1899.470329736369,69,-,induccion,-,-,-
740,29.6,-1226426,-1498.1020198210426,69,-,induccion,-,-,-
741,29.64,-1212952,-1628.3321250242552,69,-,induccion,-,-,-
742,29.68,-1204542,-1895.0281006514451,69,-,induccion,-,-,-
743,29.72,-1204593,-1805.3552668923767,69,-,induccion,-,-,-
744,29.76,-1208400,-1231.0713736412158,69,-,induccion,-,-,-
745,29.8,-1212803,-381.8277771476537,69,-,induccion,-,-,-
746,29.84,-1215555,390.580352801775,69,-,induccion,-,-,-
747,29.88,-1214769,896.9260824521125,69,-,induccion,-,-,-
748,29.92,-1215677,1416.6386946133698,69,-,induccion,-,-,-
749,29.96,-1218416,2110.507442449315,69,-,induccion,-,-,-
750,30.0,-1221055,2797.1713624296754,65,54.75,induccion,-,-,-
751,30.04,-1224718,3010.0712137992114,65,-,induccion,-,-,-
752,30.08,-1227382,2184.9832087994037,65,-,induccion,-,-,-
753,30.12,-1227908,440.3926949069705,65,-,induccion,-,-,-
754,30.16,-1228278,-1273.666220319134,65,-,induccion,-,-,-
755,30.2,-1227964,-2115.1278426453373,65,-,induccion,-,-,-
756,30.24,-1228100,-1965.691420907685,65,-,induccion,-,-,-
757,30.28,-1213319,-1912.5911598624207,65,-,induccion,-,-,-
758,30.32,-1204672,-1852.918412610241,65,-,induccion,-,-,-
759,30.36,-1205564,-1752.3482146162387,65,-,induccion,-,-,-
760,30.4,-1211407,-1450.3269849074725,65,-,induccion,-,-,-
761,30.44,-1215793,-881.7335436502367,65,-,induccion,-,-,-
762,30.48,-1215188,-179.5682397130122,65,-,induccion,-,-,-
763,30.52,-1216528,659.9124707254427,65,-,induccion,-,-,-
764,30.56,-1219620,1467.8216624973147,65,-,induccion,-,-,-
765,30.6,-1221627,2165.1230967608826,65,-,induccion,-,-,-
766,30.64,-1224792,2800.788701197037,65,-,induccion,-,-,-
767,30.68,-1226634,2933.1569935543357,65,-,induccion,-,-,-
768,30.72,-1227900,2089.6677642231825,65,-,induccion,-,-,-
769,30.76,-1227487,330.8796216643342,65,-,induccion,-,-,-
770,30.8,-1228819,-1313.1405462674643,65,-,induccion,-,-,-
771,30.84,-1229039,-2028.5002734785664,65,-,induccion,-,-,-
772,30.88,-1225839,-1895.035946794712,65,-,induccion,-,-,-
773,30.92,-1212994,-1812.85473757814,65,-,induccion,-,-,-
774,30.96,-1204841,-1810.1559244187501,65,-,induccion,-,-,-
775,31.0,-1205866,-1632.5766847970626,65,-,induccion,-,-,-
776,31.04,-1208730,-1195.6580560920468,65,-,induccion,-,-,-
777,31.08,-1214409,-390.233074916212,65,-,induccion,-,-,-
778,31.12,-1216115,375.4636796993682,65,-,induccion,-,-,-
779,31.16,-1216295,980.102064666954,65,-,induccion,-,-,-
780,31.2,-1216609,1480.374605615888,65,-,induccion,-,-,-
781,31.24,-1220126,2117.5801882721817,65,-,induccion,-,-,-
782,31.28,-1221278,2663.1715448256273,65,-,induccion,-,-,-
783,31.32,-1224081,2795.791039410834,65,-,induccion,-,-,-
784,31.36,-1225183,1919.71841110561,65,-,induccion,-,-,-
785,31.4,-1227234,270.6837358262246,65,-,induccion,-,-,-
786,31.44,-1228728,-1327.2099754051897,65,-,induccion,-,-,-
787,31.48,-1229149,-2065.6124333966623,65,-,induccion,-,-,-
788,31.52,-1228842,-1880.045774262504,65,-,induccion,-,-,-
789,31.56,-1226883,-1397.7993595021148,65,-,induccion,-,-,-
790,31.6,-1215047,-1439.9111981272345,65,-,induccion,-,-,-
791,31.64,-1205264,-1680.2883178189768,65,-,induccion,-,-,-
792,31.68,-1205425,-1571.549449921,65,-,induccion,-,-,-
793,31.72,-1209565,-1087.6821509982265,65,-,induccion,-,-,-
794,31.76,-1214574,-374.29808874925584,65,-,induccion,-,-,-
795,31.8,-1215382,243.61812303044462,65,-,induccion,-,-,-
796,31.84,-1214966,782.3082452754034,65,-,induccion,-,-,-
797,31.88,-1219144,1474.9672292651703,65,-,induccion,-,-,-
798,31.92,-1222046,2191.6270551597872,65,-,induccion,-,-,-
799,31.96,-1223993,2813.5391479940845,65,-,induccion,-,-,-
800,32.0,-1226197,2954.1640400920096,65,-,induccion,-,-,-
801,32.04,-1227089,2110.7889931526965,65,-,induccion,-,-,-
802,32.08,-1228053,436.9582811839414,65,-,induccion,-,-,-
803,32.12,-1228276,-1258.5616799625006,65,-,induccion,-,-,-
804,32.16,-1228483,-2093.540909864847,65,-,induccion,-,-,-
805,32.2,-1228678,-1987.1592246668474,65,-,induccion,-,-,-
806,32.24,-1218108,-1888.132090543122,65,-,induccion,-,-,-
807,32.28,-1205704,-2004.1544608101758,65,-,induccion,-,-,-
808,32.32,-1203562,-1890.4775022540216,65,-,induccion,-,-,-
809,32.36,-1206789,-1408.09582769004,65,-,induccion,-,-,-
810,32.4,-1212162,-590.4244866290887,65,-,induccion,-,-,-
811,32.44,-1215551,236.16203271278937,65,-,induccion,-,-,-
812,32.48,-1215807,843.2294616691042,65,-,induccion,-,-,-
813,32.52,-1215517,1312.8516561091965,65,-,induccion,-,-,-
814,32.56,-1218283,1908.3535326994524,65,-,induccion,-,-,-
815,32.6,-1221317,2583.3532513820555,65,-,induccion,-,-,-
816,32.64,-1224089,2987.8174820864024,65,-,induccion,-,-,-
817,32.68,-1225814,2512.760307413677,65,-,induccion,-,-,-
818,32.72,-1227083,998.8863379971531,65,-,induccion,-,-,-
819,32.76,-1227670,-880.0058604538327,65,-,induccion,-,-,-
820,32.8,-1228900,-2046.5450041445417,65,-,induccion,-,-,-
821,32.84,-1229046,-2135.9662642000094,65,-,induccion,-,-,-
822,32.88,-1227519,-1637.9918752121548,65,-,induccion,-,-,-
823,32.92,-1213510,-1623.484054981287,65,-,induccion,-,-,-
824,32.96,-1204650,-1787.961153558541,65,-,induccion,-,-,-
825,33.0,-1204315,-1747.7364169312987,67,64.75,induccion,-,-,-
826,33.04,-1215556,-1058.752483449798,67,-,induccion,-,-,-
827,33.08,-1216187,-403.6321579120404,67,-,induccion,-,-,-
828,33.12,-1218441,368.31972052108085,67,-,induccion,-,-,-
829,33.16,-1221935,1039.2072043536155,67,-,induccion,-,-,-
830,33.2,-1224392,1571.4278398332144,67,-,induccion,-,-,-
831,33.24,-1226169,2146.829846884275,67,-,induccion,-,-,-
832,33.28,-1226389,2685.918642833948,67,-,induccion,-,-,-
833,33.32,-1227989,2782.6202494726604,67,-,induccion,-,-,-
834,33.36,-1228755,1804.5320580805528,67,-,induccion,-,-,-
835,33.4,-1228712,-85.152270612871,67,-,induccion,-,-,-
836,33.44,-1227354,-1872.9365123213888,67,-,induccion,-,-,-
837,33.48,-1217706,-2829.651601996009,67,-,induccion,-,-,-
838,33.52,-1206136,-2778.3947014417754,67,-,induccion,-,-,-
839,33.56,-1204030,-2064.0741503783556,67,-,induccion,-,-,-
840,33.6,-1208319,-1265.7125410617195,67,-,induccion,-,-,-
841,33.64,-1211875,-598.6615591959021,67,-,induccion,-,-,-
842,33.68,-1216207,96.31870649186021,67,-,induccion,-,-,-
843,33.72,-1215934,625.063005903653,67,-,induccion,-,-,-
844,33.76,-1215172,1111.6778766699667,67,-,induccion,-,-,-
845,33.8,-1218407,1785.5822642345975,67,-,induccion,-,-,-
846,33.84,-1220344,2448.801866043943,67,-,induccion,-,-,-
847,33.88,-1223305,2809.9039707992797,67,-,induccion,-,-,-
848,33.92,-1226894,2335.65555881817,67,-,induccion,-,-,-
849,33.96,-1227635,832.7783255518343,67,-,induccion,-,-,-
850,34.0,-1227931,-931.9963763580832,67,-,induccion,-,-,-
851,34.04,-1228666,-1984.5967094248313,67,-,induccion,-,-,-
852,34.08,-1229432,-1999.543833450112,67,-,induccion,-,-,-
853,34.12,-1227904,-1517.980182934115,67,-,induccion,-,-,-
854,34.16,-1221991,-1283.8887732330486,67,-,induccion,-,-,-
855,34.2,-1207084,-1692.1944469632708,67,-,induccion,-,-,-
856,34.24,-1203579,-1833.6838255161747,67,-,induccion,-,-,-
857,34.28,-1207261,-1484.9029847524052,67,-,induccion,-,-,-
858,34.32,-1212822,-714.8408720406273,67,-,induccion,-,-,-
859,34.36,-1216665,181.57850972926008,67,-,induccion,-,-,-
860,34.4,-1214699,816.9312990420349,67,-,induccion,-,-,-
861,34.44,-1217692,1433.9535376337763,67,-,induccion,-,-,-
862,34.48,-1221641,2023.4741549321552,67,-,induccion,-,-,-
863,34.52,-1223512,2602.3826966922825,67,-,induccion,-,-,-
864,34.56,-1225303,2994.1133613614784,67,-,induccion,-,-,-
865,34.6,-1226708,2620.395077835094,67,-,induccion,-,-,-
866,34.64,-1229406,1250.6692771777275,67,-,induccion,-,-,-
867,34.68,-1229567,-673.8304504474667,67,-,induccion,-,-,-
868,34.72,-1229081,-2033.4413637769921,67,-,induccion,-,-,-
869,34.76,-1228282,-2285.82316109449,67,-,induccion,-,-,-
870,34.8,-1222257,-2010.4614244855447,67,-,induccion,-,-,-
871,34.84,-1207265,-2040.0050075862036,67,-,induccion,-,-,-
872,34.88,-1204832,-1893.2419045135757,67,-,induccion,-,-,-
873,34.92,-1206188,-1577.7751765693256,67,-,induccion,-,-,-
874,34.96,-1210757,-907.3506364283822,67,-,induccion,-,-,-
875,35.0,-1215550,-78.75558607197854,67,-,induccion,-,-,-
876,35.04,-1215748,579.4589630128094,67,-,induccion,-,-,-
877,35.08,-1215411,1170.0600217845586,67,-,induccion,-,-,-
878,35.12,-1217689,1863.3832002813087,67,-,induccion,-,-,-
879,35.16,-1221417,2602.9702874791756,67,-,induccion,-,-,-
880,35.2,-1223776,3025.602879944581,67,-,induccion,-,-,-
881,35.24,-1225488,2680.585178830732,67,-,induccion,-,-,-
882,35.28,-1225976,1325.9428529084707,67,-,induccion,-,-,-
883,35.32,-1227844,-460.69947721408835,67,-,induccion,-,-,-
884,35.36,-1227992,-1823.4511417375872,67,-,induccion,-,-,-
885,35.4,-1228885,-2125.9156362700096,67,-,induccion,-,-,-
886,35.44,-1229306,-1694.0270409101363,67,-,induccion,-,-,-
887,35.48,-1223887,-1394.5388711399955,67,-,induccion,-,-,-
888,35.52,-1210880,-1655.8492679020983,67,-,induccion,-,-,-
889,35.56,-1204906,-1820.916171584855,67,-,induccion,-,-,-
890,35.6,-1204695,-1561.7578536990295,67,-,induccion,-,-,-
891,35.64,-1210298,-786.5548731006351,67,-,induccion,-,-,-
892,35.68,-1216156,103.59065786109477,67,-,induccion,-,-,-
893,35.72,-1215858,669.418728742332,67,-,induccion,-,-,-
894,35.76,-1215726,1097.637236528959,67,-,induccion,-,-,-
895,35.8,-1219018,1652.722886563908,67,-,induccion,-,-,-
896,35.84,-1222776,2347.397165280672,67,-,induccion,-,-,-
897,35.88,-1225949,2941.5771908522447,67,-,induccion,-,-,-
898,35.92,-1226788,2841.5121986543627,67,-,induccion,-,-,-
899,35.96,-1228493,1741.6345726019595,67,-,induccion,-,-,-
900,36.0,-1228350,-128.050496976045,67,67.0,induccion,-,-,-
901,36.04,-1228469,-1736.0019470364914,67,-,induccion,-,-,-
902,36.08,-1228849,-2311.986288370757,67,-,induccion,-,-,-
903,36.12,-1226078,-2069.6129276803595,67,-,induccion,-,-,-
904,36.16,-1213874,-1921.518449896459,67,-,induccion,-,-,-
905,36.2,-1205583,-1922.948646286728,67,-,induccion,-,-,-
906,36.24,-1204308,-1827.5733104483643,67,-,induccion,-,-,-
907,36.28,-1207574,-1326.3759427260752,67,-,induccion,-,-,-
908,36.32,-1212008,-445.3639814792741,67,-,induccion,-,-,-
909,36.36,-1216358,510.3845829443617,67,-,induccion,-,-,-
910,36.4,-1215441,1123.4828248946396,67,-,induccion,-,-,-
911,36.44,-1217859,1679.5330436563954,67,-,induccion,-,-,-
912,36.48,-1226300,2424.158445860343,67,-,induccion,-,-,-
913,36.52,-1227056,2895.690399010362,67,-,induccion,-,-,-
914,36.56,-1227668,2938.0777803677847,67,-,induccion,-,-,-
915,36.6,-1229561,2119.283826282398,67,-,induccion,-,-,-
916,36.64,-1229472,400.723128026576,67,-,induccion,-,-,-
917,36.68,-1227634,-1430.921883006124,67,-,induccion,-,-,-
918,36.72,-1215516,-2796.4626100028745,67,-,induccion,-,-,-
919,36.76,-1205382,-3113.0979540065728,67,-,induccion,-,-,-
920,36.8,-1204177,-2635.525437053293,67,-,induccion,-,-,-
921,36.84,-1211170,-1894.1580034887538,67,-,induccion,-,-,-
922,36.88,-1215391,-1286.8484652671386,67,-,induccion,-,-,-
923,36.92,-1216788,-584.6964068984398,67,-,induccion,-,-,-
924,36.96,-1215449,243.91642486084584,67,-,induccion,-,-,-
925,37.0,-1218183,1213.7109662683533,67,-,induccion,-,-,-
926,37.04,-1220706,2078.1277090573067,67,-,induccion,-,-,-
927,37.08,-1224655,2842.582141015526,67,-,induccion,-,-,-
928,37.12,-1225980,3045.019387831987,67,-,induccion,-,-,-
929,37.16,-1227291,2277.0453975759015,67,-,induccion,-,-,-
930,37.2,-1227920,566.4002181487788,67,-,induccion,-,-,-
931,37.24,-1229363,-1157.0984076168356,67,-,induccion,-,-,-
932,37.28,-1227595,-2045.0810788052609,67,-,induccion,-,-,-
933,37.32,-1217815,-2129.1557661347597,67,-,induccion,-,-,-
934,37.36,-1205812,-1920.914008053005,67,-,induccion,-,-,-
935,37.4,-1204692,-1623.988962485826,67,-,induccion,-,-,-
936,37.44,-1207406,-1435.5736801242006,67,-,induccion,-,-,-
937,37.48,-1213284,-986.4127490577675,67,-,induccion,-,-,-
938,37.52,-1216230,-304.1586039830854,67,-,induccion,-,-,-
939,37.56,-1215681,409.68835416231923,67,-,induccion,-,-,-
940,37.6,-1215883,1091.5447038806929,67,-,induccion,-,-,-
941,37.64,-1218809,1824.6264853047614,67,-,induccion,-,-,-
942,37.68,-1223182,2596.478435880461,67,-,induccion,-,-,-
943,37.72,-1225612,2976.695899980844,67,-,induccion,-,-,-
944,37.76,-1225895,2410.183757489824,67,-,induccion,-,-,-
945,37.8,-1228409,929.1497477443154,67,-,induccion,-,-,-
946,37.84,-1230093,-845.5893004404741,67,-,induccion,-,-,-
947,37.88,-1228639,-1996.7963460982862,67,-,induccion,-,-,-
948,37.92,-1229309,-2009.7714836288847,67,-,induccion,-,-,-
949,37.96,-1226473,-1576.360455742847,67,-,induccion,-,-,-
950,38.0,-1213425,-1614.340439001844,67,-,induccion,-,-,-
951,38.04,-1205729,-1811.2903284457007,67,-,induccion,-,-,-
952,38.08,-1205406,-1758.4758805315378,67,-,induccion,-,-,-
953,38.12,-1211287,-1155.8472839040403,67,-,induccion,-,-,-
954,38.16,-1216976,-261.198116098366,67,-,induccion,-,-,-
955,38.2,-1215221,407.1458044768242,67,-,induccion,-,-,-
956,38.24,-1216065,1019.676327179809,67,-,induccion,-,-,-
957,38.28,-1221251,1707.1645501442326,67,-,induccion,-,-,-
958,38.32,-1223725,2342.4117265424975,67,-,induccion,-,-,-
959,38.36,-1225923,2878.9267098659166,67,-,induccion,-,-,-
960,38.4,-1227572,2872.8254702973136,67,-,induccion,-,-,-
961,38.44,-1227438,1857.2768229093363,67,-,induccion,-,-,-
962,38.48,-1229210,134.15934969697764,67,-,induccion,-,-,-
963,38.52,-1228356,-1540.48040506861,67,-,induccion,-,-,-
964,38.56,-1218514,-2533.9712807471933,67,-,induccion,-,-,-
965,38.6,-1206818,-2638.3141805499126,67,-,induccion,-,-,-
966,38.64,-1204541,-2166.850179511317,67,-,induccion,-,-,-
967,38.68,-1207053,-1720.084720513968,67,-,induccion,-,-,-
968,38.72,-1211887,-1236.469227926324,67,-,induccion,-,-,-
969,38.76,-1215006,-575.5726955220616,67,-,induccion,-,-,-
970,38.8,-1215294,183.17161344441774,67,-,induccion,-,-,-
971,38.84,-1215279,921.534673127172,67,-,induccion,-,-,-
972,38.88,-1218199,1705.226100531816,67,-,induccion,-,-,-
973,38.92,-1222860,2520.9142041906944,67,-,induccion,-,-,-
974,38.96,-1223899,2924.9211755415436,67,-,induccion,-,-,-
975,39.0,-1226135,2540.65221678077,67,66.5,induccion,-,-,-
976,39.04,-1228104,1154.2202037186876,67,-,induccion,-,-,-
977,39.08,-1229026,-619.8543860962372,67,-,induccion,-,-,-
978,39.12,-1229545,-1790.861354916224,67,-,induccion,-,-,-
979,39.16,-1227453,-2028.1332102529846,67,-,induccion,-,-,-
980,39.2,-1217645,-1911.33314978025,67,-,induccion,-,-,-
981,39.24,-1204641,-1935.1152118482842,67,-,induccion,-,-,-
982,39.28,-1204449,-1796.7547682278273,67,-,induccion,-,-,-
983,39.32,-1209828,-1467.6641599801205,67,-,induccion,-,-,-
984,39.36,-1214751,-866.8015800642124,67,-,induccion,-,-,-
985,39.4,-1216929,-114.11559869597477,67,-,induccion,-,-,-
986,39.44,-1215504,539.5561438243135,67,-,induccion,-,-,-
987,39.48,-1217191,1231.4873601867926,67,-,induccion,-,-,-
988,39.52,-1219856,1987.9237347932149,67,-,induccion,-,-,-
989,39.56,-1223581,2773.505309775209,67,-,induccion,-,-,-
990,39.6,-1225452,3079.9779189504807,67,-,induccion,-,-,-
991,39.64,-1227241,2413.903221025871,67,-,induccion,-,-,-
992,39.68,-1228403,745.3736598849764,67,-,induccion,-,-,-
993,39.72,-1228820,-1086.8252734822381,67,-,induccion,-,-,-
994,39.76,-1228350,-2063.3806525883274,67,-,induccion,-,-,-
995,39.8,-1225083,-2023.1997940105357,67,-,induccion,-,-,-
996,39.84,-1207491,-1988.356517577322,67,-,induccion,-,-,-
997,39.88,-1203890,-1734.369637890335,67,-,induccion,-,-,-
998,39.92,-1207915,-1528.6398283590497,67,-,induccion,-,-,-
999,39.96,-1213639,-1181.3849384038144,67,-,induccion,-,-,-
1000,40.0,-1217092,-571.8922369232469,67,-,induccion,-,-,-
1001,40.04,-1215614,95.9555892796734,67,-,induccion,-,-,-
1002,40.08,-1215605,796.9642921325185,67,-,induccion,-,-,-
1003,40.12,-1219289,1558.3647733652178,67,-,induccion,-,-,-
1004,40.16,-1223028,2334.0088035669423,67,-,induccion,-,-,-
1005,40.2,-1226274,2930.4750893134888,67,-,induccion,-,-,-
1006,40.24,-1226146,2709.3891601719088,67,-,induccion,-,-,-
1007,40.28,-1228295,1470.8261775182423,67,-,induccion,-,-,-
1008,40.32,-1229536,-403.7749029077702,67,-,induccion,-,-,-
1009,40.36,-1229190,-1807.7666714633356,67,-,induccion,-,-,-
1010,40.4,-1228204,-2057.985272089876,67,-,induccion,-,-,-
1011,40.44,-1225217,-1624.9279981510826,67,-,induccion,-,-,-
1012,40.48,-1210983,-1651.157379893184,67,-,induccion,-,-,-
1013,40.52,-1203716,-1844.3992984209672,67,-,induccion,-,-,-
1014,40.56,-1205342,-1763.039787415688,67,-,induccion,-,-,-
1015,40.6,-1213589,-1077.7943416086164,67,-,induccion,-,-,-
1016,40.64,-1216608,-224.6435081435675,67,-,induccion,-,-,-
1017,40.68,-1216045,512.6688433599584,67,-,induccion,-,-,-
1018,40.72,-1215895,1084.8806719049808,67,-,induccion,-,-,-
1019,40.76,-1218924,1685.6004071787056,67,-,induccion,-,-,-
1020,40.8,-1222337,2354.1428283039195,67,-,induccion,-,-,-
1021,40.84,-1224146,2861.860919142131,67,-,induccion,-,-,-
1022,40.88,-1225551,2744.106321156639,67,-,induccion,-,-,-
1023,40.92,-1227581,1626.5437351554242,67,-,induccion,-,-,-
1024,40.96,-1228074,-237.72242164815702,67,-,induccion,-,-,-
1025,41.0,-1228646,-1766.0047033298727,67,-,induccion,-,-,-
1026,41.04,-1227521,-2222.2928090066835,67,-,induccion,-,-,-
1027,41.08,-1217077,-2067.4335671843983,67,-,induccion,-,-,-
1028,41.12,-1205332,-1867.2452936787158,67,-,induccion,-,-,-
1029,41.16,-1204177,-1684.9452681079947,67,-,induccion,-,-,-
1030,41.2,-1209296,-1419.707846389691,67,-,induccion,-,-,-
1031,41.24,-1215254,-868.6502163423283,67,-,induccion,-,-,-
1032,41.28,-1215547,-223.72296239086154,67,-,induccion,-,-,-
1033,41.32,-1215485,452.65875578736177,67,-,induccion,-,-,-
1034,41.36,-1218857,1168.5824079029853,67,-,induccion,-,-,-
1035,41.4,-1222989,1922.0666670006221,67,-,induccion,-,-,-
1036,41.44,-1224709,2604.11082564916,67,-,induccion,-,-,-
1037,41.48,-1226978,2929.283515049735,67,-,induccion,-,-,-
1038,41.52,-1227486,2271.9827878127094,67,-,induccion,-,-,-
1039,41.56,-1228201,651.1100547493994,67,-,induccion,-,-,-
1040,41.6,-1229014,-1131.2392346073102,67,-,induccion,-,-,-
1041,41.64,-1228954,-2105.7959318653575,67,-,induccion,-,-,-
1042,41.68,-1228404,-2042.8763790619641,67,-,induccion,-,-,-
1043,41.72,-1214315,-1985.9995986393806,67,-,induccion,-,-,-
1044,41.76,-1204909,-1951.4419371717013,67,-,induccion,-,-,-
1045,41.8,-1204059,-1791.8344513486718,67,-,induccion,-,-,-
1046,41.84,-1208926,-1251.236034610463,67,-,induccion,-,-,-
1047,41.88,-1213895,-410.9461785832609,67,-,induccion,-,-,-
1048,41.92,-1216610,420.1639912032924,67,-,induccion,-,-,-
1049,41.96,-1214670,940.9145285471404,67,-,induccion,-,-,-
1050,42.0,-1216827,1466.0753661322124,68,67.25,induccion,-,-,-
1051,42.04,-1222696,2173.327167453198,68,-,induccion,-,-,-
1052,42.08,-1225507,2834.5871706027256,68,-,induccion,-,-,-
1053,42.12,-1226637,3037.9773493793673,68,-,induccion,-,-,-
1054,42.16,-1227298,2234.697093753491,68,-,induccion,-,-,-
1055,42.2,-1228149,474.8150820783412,68,-,induccion,-,-,-
1056,42.24,-1230132,-1314.3805301346606,68,-,induccion,-,-,-
1057,42.28,-1228419,-2297.3876979105466,68,-,induccion,-,-,-
1058,42.32,-1223059,-2324.4674439237533,68,-,induccion,-,-,-
1059,42.36,-1207384,-2275.0723609698107,68,-,induccion,-,-,-
1060,42.4,-1203950,-2046.7729887963487,68,-,induccion,-,-,-
1061,42.44,-1206200,-1817.9036319930728,68,-,induccion,-,-,-
1062,42.48,-1211664,-1254.9920060073507,68,-,induccion,-,-,-
1063,42.52,-1215635,-372.2307595237098,68,-,induccion,-,-,-
1064,42.56,-1215352,451.0772441434401,68,-,induccion,-,-,-
1065,42.6,-1215985,1116.361638354866,68,-,induccion,-,-,-
1066,42.64,-1219039,1759.1768345362452,68,-,induccion,-,-,-
1067,42.68,-1223868,2535.147038393042,68,-,induccion,-,-,-
1068,42.72,-1226545,3100.793223287228,68,-,induccion,-,-,-
1069,42.76,-1228711,2892.8195384318524,68,-,induccion,-,-,-
1070,42.8,-1229074,1519.0993358389414,68,-,induccion,-,-,-
1071,42.84,-1230477,-399.0238235601314,68,-,induccion,-,-,-
1072,42.88,-1227812,-1945.2810848422796,68,-,induccion,-,-,-
1073,42.92,-1218988,-2565.9528101116266,68,-,induccion,-,-,-
1074,42.96,-1206618,-2506.1883893338,68,-,induccion,-,-,-
1075,43.0,-1203773,-2080.873752344198,68,-,induccion,-,-,-
1076,43.04,-1205750,-1766.5085489109879,68,-,induccion,-,-,-
1077,43.08,-1215228,-1234.1979212761662,68,-,induccion,-,-,-
1078,43.12,-1215593,-691.3530026414965,68,-,induccion,-,-,-
1079,43.16,-1215252,126.56047935882543,68,-,induccion,-,-,-
1080,43.2,-1216446,1063.4761890533518,68,-,induccion,-,-,-
1081,43.24,-1220305,2018.49317077883,68,-,induccion,-,-,-
1082,43.28,-1222921,2805.4593955216815,68,-,induccion,-,-,-
1083,43.32,-1225225,3175.4873712071167,68,-,induccion,-,-,-
1084,43.36,-1226230,2618.0460523238066,68,-,induccion,-,-,-
1085,43.4,-1227259,1058.689341736523,68,-,induccion,-,-,-
1086,43.44,-1228180,-827.9133807370453,68,-,induccion,-,-,-
1087,43.48,-1229458,-1991.0633370092567,68,-,induccion,-,-,-
1088,43.52,-1228568,-2083.369015105342,68,-,induccion,-,-,-
1089,43.56,-1224347,-1658.5390980931597,68,-,induccion,-,-,-
1090,43.6,-1208826,-1735.0169251953012,68,-,induccion,-,-,-
1091,43.64,-1204817,-1766.1966264227613,68,-,induccion,-,-,-
1092,43.68,-1206036,-1586.1169039577762,68,-,induccion,-,-,-
1093,43.72,-1209862,-983.5318408523293,68,-,induccion,-,-,-
1094,43.76,-1216746,-54.48907826398863,68,-,induccion,-,-,-
1095,43.8,-1216975,603.7423595715045,68,-,induccion,-,-,-
1096,43.84,-1216106,1067.6467834284776,68,-,induccion,-,-,-
1097,43.88,-1219655,1660.328704833535,68,-,induccion,-,-,-
1098,43.92,-1224992,2425.695015211818,68,-,induccion,-,-,-
1099,43.96,-1226727,2968.616612921597,68,-,induccion,-,-,-
1100,44.0,-1228412,2830.2244578485916,68,-,induccion,-,-,-
1101,44.04,-1228865,1589.465917497016,68,-,induccion,-,-,-
1102,44.08,-1229874,-293.7067066472756,68,-,induccion,-,-,-
1103,44.12,-1228610,-1900.5288015762846,68,-,induccion,-,-,-
1104,44.16,-1225101,-2515.368509733471,68,-,induccion,-,-,-
1105,44.2,-1210007,-2602.7526978400747,68,-,induccion,-,-,-
1106,44.24,-1202972,-2231.8143076070573,68,-,induccion,-,-,-
1107,44.28,-1205723,-1791.6006156477615,68,-,induccion,-,-,-
1108,44.32,-1212229,-1321.9151595026474,68,-,induccion,-,-,-
1109,44.36,-1216693,-656.729468602708,68,-,induccion,-,-,-
1110,44.4,-1215542,110.882384390472,68,-,induccion,-,-,-
1111,44.44,-1216494,960.993718878578,68,-,induccion,-,-,-
1112,44.48,-1218246,1706.819296461037,68,-,induccion,-,-,-
1113,44.52,-1221901,2449.17584588554,68,-,induccion,-,-,-
1114,44.56,-1224622,3003.6391822540445,68,-,induccion,-,-,-
1115,44.6,-1225974,2877.8624862179486,68,-,induccion,-,-,-
1116,44.64,-1227618,1703.2962668183495,68,-,induccion,-,-,-
1117,44.68,-1227849,-226.79705793911762,68,-,induccion,-,-,-
1118,44.72,-1229514,-1750.7351502769213,68,-,induccion,-,-,-
1119,44.76,-1229577,-2176.2097763794895,68,-,induccion,-,-,-
1120,44.8,-1226126,-1803.448942095236,68,-,induccion,-,-,-
1121,44.84,-1211825,-1698.1677596488335,68,-,induccion,-,-,-
1122,44.88,-1204103,-1756.0505360989155,68,-,induccion,-,-,-
1123,44.92,-1205042,-1683.4839375150696,68,-,induccion,-,-,-
1124,44.96,-1209553,-1233.918554381792,68,-,induccion,-,-,-
1125,45.0,-1213399,-469.16294022331795,68,67.5,induccion,-,-,-
1126,45.04,-1215845,337.7779848892833,68,-,induccion,-,-,-
1127,45.08,-1217255,984.8345250408001,68,-,induccion,-,-,-
1128,45.12,-1221218,1634.5642201939536,68,-,induccion,-,-,-
1129,45.16,-1226768,2412.36962871974,68,-,induccion,-,-,-
1130,45.2,-1227404,2994.168104240114,68,-,induccion,-,-,-
1131,45.24,-1228866,3028.472149410937,68,-,induccion,-,-,-
1132,45.28,-1230635,2004.0027119223182,68,-,induccion,-,-,-
1133,45.32,-1228864,41.47227415808402,68,-,induccion,-,-,-
1134,45.36,-1222833,-1903.4484158858722,68,-,induccion,-,-,-
1135,45.4,-1208032,-3144.284549293505,68,-,induccion,-,-,-
1136,45.44,-1204373,-3056.610862665195,68,-,induccion,-,-,-
1137,45.48,-1207298,-2372.588354226942,68,-,induccion,-,-,-
1138,45.52,-1213792,-1604.1815919576345,68,-,induccion,-,-,-
1139,45.56,-1216554,-953.3604934798504,68,-,induccion,-,-,-
1140,45.6,-1215827,-256.20443396681776,68,-,induccion,-,-,-
1141,45.64,-1216317,617.2145967643073,68,-,induccion,-,-,-
1142,45.68,-1219786,1610.5942628853454,68,-,induccion,-,-,-
1143,45.72,-1223423,2541.960985458293,68,-,induccion,-,-,-
1144,45.76,-1225122,3084.3317618717065,68,-,induccion,-,-,-
1145,45.8,-1227286,2815.3008115689017,68,-,induccion,-,-,-
1146,45.84,-1227681,1421.440924277196,68,-,induccion,-,-,-
1147,45.88,-1228401,-460.30370775799105,68,-,induccion,-,-,-
1148,45.92,-1229996,-1746.4732475047585,68,-,induccion,-,-,-
1149,45.96,-1229259,-1982.838650055459,68,-,induccion,-,-,-
1150,46.0,-1222415,-1709.051454003651,68,-,induccion,-,-,-
1151,46.04,-1208990,-1708.0034084137405,68,-,induccion,-,-,-
1152,46.08,-1205510,-1716.4285699103166,68,-,induccion,-,-,-
1153,46.12,-1206212,-1595.252803844127,68,-,induccion,-,-,-
1154,46.16,-1211592,-989.9684137790241,68,-,induccion,-,-,-
1155,46.2,-1214366,-188.42400195909704,68,-,induccion,-,-,-
1156,46.24,-1216823,592.5939296244524,68,-,induccion,-,-,-
1157,46.28,-1215911,1110.817106470411,68,-,induccion,-,-,-
1158,46.32,-1218604,1710.7183252856648,68,-,induccion,-,-,-
1159,46.36,-1221584,2408.8037781217517,68,-,induccion,-,-,-
1160,46.4,-1225245,2977.5783162159305,68,-,induccion,-,-,-
1161,46.44,-1227150,2768.5648285914785,68,-,induccion,-,-,-
1162,46.48,-1228111,1500.804494131934,68,-,induccion,-,-,-
1163,46.52,-1229550,-298.4624796023984,68,-,induccion,-,-,-
1164,46.56,-1229952,-1712.616627621707,68,-,induccion,-,-,-
1165,46.6,-1225694,-2276.0447047997313,68,-,induccion,-,-,-
1166,46.64,-1211054,-2398.288415551806,68,-,induccion,-,-,-
1167,46.68,-1204212,-2116.0014023527565,68,-,induccion,-,-,-
1168,46.72,-1206004,-1764.52926541136,68,-,induccion,-,-,-
1169,46.76,-1211887,-1378.6744358575406,68,-,induccion,-,-,-
1170,46.8,-1217034,-828.6051099420238,68,-,induccion,-,-,-
1171,46.84,-1216569,-192.99174250980286,68,-,induccion,-,-,-
1172,46.88,-1215868,547.3630008520267,68,-,induccion,-,-,-
1173,46.92,-1219819,1428.7784101544094,68,-,induccion,-,-,-
1174,46.96,-1222055,2254.865206728994,68,-,induccion,-,-,-
1175,47.0,-1223689,2917.2084894963436,68,-,induccion,-,-,-
1176,47.04,-1226738,2975.579652406139,68,-,induccion,-,-,-
1177,47.08,-1227421,1862.89716568305,68,-,induccion,-,-,-
1178,47.12,-1228455,-6.678218178267571,68,-,induccion,-,-,-
1179,47.16,-1229462,-1586.9265018894298,68,-,induccion,-,-,-
1180,47.2,-1229254,-2098.777441038388,68,-,induccion,-,-,-
1181,47.24,-1226893,-1749.8580818145315,68,-,induccion,-,-,-
1182,47.28,-1213731,-1610.5924910755584,68,-,induccion,-,-,-
1183,47.32,-1205462,-1653.5856980014796,68,-,induccion,-,-,-
1184,47.36,-1205226,-1598.752462479728,68,-,induccion,-,-,-
1185,47.4,-1208641,-1211.3052013298025,68,-,induccion,-,-,-
1186,47.44,-1213699,-475.4904392476842,68,-,induccion,-,-,-
1187,47.48,-1217002,303.4054432960138,68,-,induccion,-,-,-
1188,47.52,-1216069,871.2285086528127,68,-,induccion,-,-,-
1189,47.56,-1216827,1435.9801766615055,68,-,induccion,-,-,-
1190,47.6,-1219247,2107.848409825051,68,-,induccion,-,-,-
1191,47.64,-1224819,2846.651341945788,68,-,induccion,-,-,-
1192,47.68,-1225971,2957.6125179124865,68,-,induccion,-,-,-
1193,47.72,-1227470,2111.2118789063375,68,-,induccion,-,-,-
1194,47.76,-1229180,424.817968768446,68,-,induccion,-,-,-
1195,47.8,-1229321,-1310.3930115002374,68,-,induccion,-,-,-
1196,47.84,-1229815,-2163.2958487979117,68,-,induccion,-,-,-
1197,47.88,-1226692,-2130.8150031768264,68,-,induccion,-,-,-
1198,47.92,-1212111,-2037.8129838239856,68,-,induccion,-,-,-
1199,47.96,-1204557,-1897.6109059248465,68,-,induccion,-,-,-
1200,48.0,-1207315,-1701.7994299014163,67,67.5,induccion,-,-,-
1201,48.04,-1216635,-1230.1943669801262,67,-,induccion,-,-,-
1202,48.08,-1216380,-721.5429187430918,67,-,induccion,-,-,-
1203,48.12,-1215570,13.472952766888284,67,-,induccion,-,-,-
1204,48.16,-1219042,853.5887494879971,67,-,induccion,-,-,-
1205,48.2,-1221084,1537.3400352285844,67,-,induccion,-,-,-
1206,48.24,-1223853,2247.7414383834503,67,-,induccion,-,-,-
1207,48.28,-1225829,2844.440136991895,67,-,induccion,-,-,-
1208,48.32,-1228144,2851.844813019302,67,-,induccion,-,-,-
1209,48.36,-1228649,1733.8574188339826,67,-,induccion,-,-,-
1210,48.4,-1229212,-112.39229106863979,67,-,induccion,-,-,-
1211,48.44,-1230147,-1591.0342286542236,67,-,induccion,-,-,-
1212,48.48,-1228052,-2050.470831440121,67,-,induccion,-,-,-
1213,48.52,-1214694,-2056.938952771312,67,-,induccion,-,-,-
1214,48.56,-1206472,-1866.8044701075341,67,-,induccion,-,-,-
1215,48.6,-1204016,-1751.3567741466577,67,-,induccion,-,-,-
1216,48.64,-1208686,-1390.8532633314194,67,-,induccion,-,-,-
1217,48.68,-1213183,-767.1786549586623,67,-,induccion,-,-,-
1218,48.72,-1216617,18.138227978933173,67,-,induccion,-,-,-
1219,48.76,-1216637,689.7190380093298,67,-,induccion,-,-,-
1220,48.8,-1216916,1304.3594425041947,67,-,induccion,-,-,-
1221,48.84,-1219429,2012.4263428795475,67,-,induccion,-,-,-
1222,48.88,-1222317,2714.056672529796,67,-,induccion,-,-,-
1223,48.92,-1226342,3020.221317014021,67,-,induccion,-,-,-
1224,48.96,-1226592,2247.215911565618,67,-,induccion,-,-,-
1225,49.0,-1228473,602.3559227191986,67,-,induccion,-,-,-
1226,49.04,-1230041,-1157.2353088109517,67,-,induccion,-,-,-
1227,49.08,-1229801,-2149.1204554527135,67,-,induccion,-,-,-
1228,49.12,-1229975,-2082.0575162288387,67,-,induccion,-,-,-
1229,49.16,-1226185,-1639.9260821454855,67,-,induccion,-,-,-
1230,49.2,-1210394,-1726.432459382464,67,-,induccion,-,-,-
1231,49.24,-1204597,-1804.299368619817,67,-,induccion,-,-,-
1232,49.28,-1206254,-1661.6994206490053,67,-,induccion,-,-,-
1233,49.32,-1214271,-1020.4344246552973,67,-,induccion,-,-,-
1234,49.36,-1216432,-274.0753514794487,67,-,induccion,-,-,-
1235,49.4,-1216984,467.9322751591053,67,-,induccion,-,-,-
1236,49.44,-1220976,1194.5240973574819,67,-,induccion,-,-,-
1237,49.48,-1223234,1804.083033402294,67,-,induccion,-,-,-
1238,49.52,-1225023,2457.3811252342657,67,-,induccion,-,-,-
1239,49.56,-1227563,3019.963039589835,67,-,induccion,-,-,-
1240,49.6,-1228894,2879.23239809011,67,-,induccion,-,-,-
1241,49.64,-1228034,1582.8410570931576,67,-,induccion,-,-,-
1242,49.68,-1230209,-319.0522638569555,67,-,induccion,-,-,-
1243,49.72,-1226766,-2031.3680892215707,67,-,induccion,-,-,-
1244,49.76,-1215033,-2877.9950233369273,67,-,induccion,-,-,-
1245,49.8,-1206542,-2699.2042714618874,67,-,induccion,-,-,-
1246,49.84,-1205450,-2063.851266507174,67,-,induccion,-,-,-
1247,49.88,-1207287,-1479.8827954356807,67,-,induccion,-,-,-
1248,49.92,-1214021,-783.9836046305559,67,-,induccion,-,-,-
1249,49.96,-1216558,-121.30156571495718,67,-,induccion,-,-,-
1250,50.0,-1215986,516.2882557143985,67,-,induccion,-,-,-
1251,50.04,-1215357,1158.744743346559,67,-,induccion,-,-,-
1252,50.08,-1218659,1936.2491754667326,67,-,induccion,-,-,-
1253,50.12,-1222610,2663.1039655851855,67,-,induccion,-,-,-
1254,50.16,-1225800,2921.3741960191437,67,-,induccion,-,-,-
1255,50.2,-1227659,2230.682912743958,67,-,induccion,-,-,-
1256,50.24,-1229356,668.3902706647254,67,-,induccion,-,-,-
1257,50.28,-1227682,-1109.7759434067382,67,-,induccion,-,-,-
1258,50.32,-1229252,-2012.1356452992668,67,-,induccion,-,-,-
1259,50.36,-1228548,-1980.525042516922,67,-,induccion,-,-,-
1260,50.4,-1224616,-1559.4755271094127,67,-,induccion,-,-,-
1261,50.44,-1209399,-1674.0122129654756,67,-,induccion,-,-,-
1262,50.48,-1204907,-1800.2948898759842,67,-,induccion,-,-,-
1263,50.52,-1204883,-1785.5041916230557,67,-,induccion,-,-,-
1264,50.56,-1213699,-1099.6161098036623,67,-,induccion,-,-,-
1265,50.6,-1216393,-221.4457538337192,67,-,induccion,-,-,-
1266,50.64,-1215679,616.4091196457321,67,-,induccion,-,-,-
1267,50.68,-1217763,1342.8534279038968,67,-,induccion,-,-,-
1268,50.72,-1221724,1941.9114012930886,67,-,induccion,-,-,-
1269,50.76,-1224476,2484.919778140883,67,-,induccion,-,-,-
1270,50.8,-1226266,2909.5417438208433,67,-,induccion,-,-,-
1271,50.84,-1228781,2774.9130551366015,67,-,induccion,-,-,-
1272,50.88,-1229411,1561.1732646512232,67,-,induccion,-,-,-
1273,50.92,-1228906,-362.8654575363708,67,-,induccion,-,-,-
1274,50.96,-1228581,-1917.8110363873054,67,-,induccion,-,-,-
1275,51.0,-1223183,-2530.059686500558,66,67.25,induccion,-,-,-
1276,51.04,-1206388,-2632.034260593875,66,-,induccion,-,-,-
1277,51.08,-1205408,-2090.7796963527635,66,-,induccion,-,-,-
1278,51.12,-1206653,-1703.4294363180761,66,-,induccion,-,-,-
1279,51.16,-1211921,-1206.7421352762537,66,-,induccion,-,-,-
1280,51.2,-1215693,-522.9691937444568,66,-,induccion,-,-,-
1281,51.24,-1216928,263.57098593765113,66,-,induccion,-,-,-
1282,51.28,-1216376,994.8117212169136,66,-,induccion,-,-,-
1283,51.32,-1217266,1717.94458347709,66,-,induccion,-,-,-
1284,51.36,-1219513,2439.4654277088894,66,-,induccion,-,-,-
1285,51.4,-1223024,2946.3578645136213,66,-,induccion,-,-,-
1286,51.44,-1229424,2804.298129072681,66,-,induccion,-,-,-
1287,51.48,-1230270,1471.9012324852583,66,-,induccion,-,-,-
1288,51.52,-1229476,-421.91771307120916,66,-,induccion,-,-,-
1289,51.56,-1225614,-1916.8954088587939,66,-,induccion,-,-,-
1290,51.6,-1214402,-2562.86113668054,66,-,induccion,-,-,-
1291,51.64,-1205146,-2337.8988520690236,66,-,induccion,-,-,-
1292,51.68,-1204654,-1716.344476960423,66,-,induccion,-,-,-
1293,51.72,-1208363,-1282.3211402772968,66,-,induccion,-,-,-
1294,51.76,-1213710,-1055.3506556473662,66,-,induccion,-,-,-
1295,51.8,-1217157,-796.3077087652036,66,-,induccion,-,-,-
1296,51.84,-1216514,-269.2744810116774,66,-,induccion,-,-,-
1297,51.88,-1220653,854.3565512423602,66,-,induccion,-,-,-
1298,51.92,-1222824,2096.0752985937515,66,-,induccion,-,-,-
1299,51.96,-1225412,3057.389950141386,66,-,induccion,-,-,-
1300,52.0,-1227761,3203.9943867504535,66,-,induccion,-,-,-
1301,52.04,-1228029,2204.9503537454493,66,-,induccion,-,-,-
1302,52.08,-1229656,462.4642841040318,66,-,induccion,-,-,-
1303,52.12,-1230045,-1269.130911714631,66,-,induccion,-,-,-
1304,52.16,-1226576,-2277.0064832250537,66,-,induccion,-,-,-
1305,52.2,-1207842,-2791.0706356239934,66,-,induccion,-,-,-
1306,52.24,-1204717,-2314.751976692807,66,-,induccion,-,-,-
1307,52.28,-1207224,-1687.8982210795712,66,-,induccion,-,-,-
1308,52.32,-1212510,-1104.9903970232122,66,-,induccion,-,-,-
1309,52.36,-1216726,-509.9022547182376,66,-,induccion,-,-,-
1310,52.4,-1216859,86.91380758701598,66,-,induccion,-,-,-
1311,52.44,-1215065,677.2987678527511,66,-,induccion,-,-,-
1312,52.48,-1219569,1491.1749975931798,66,-,induccion,-,-,-
1313,52.52,-1222380,2313.968414247126,66,-,induccion,-,-,-
1314,52.56,-1224236,2980.3869194940225,66,-,induccion,-,-,-
1315,52.6,-1226215,2940.644683120863,66,-,induccion,-,-,-
1316,52.64,-1228418,1749.9277768524776,66,-,induccion,-,-,-
1317,52.68,-1228893,-208.10532888974126,66,-,induccion,-,-,-
1318,52.72,-1229956,-1706.6294492084926,66,-,induccion,-,-,-
1319,52.76,-1229934,-2067.260435649994,66,-,induccion,-,-,-
1320,52.8,-1229697,-1598.1753190012305,66,-,induccion,-,-,-
1321,52.84,-1221438,-1382.0914400826932,66,-,induccion,-,-,-
1322,52.88,-1207449,-1733.7705440159916,66,-,induccion,-,-,-
1323,52.92,-1203959,-1860.1298071684596,66,-,induccion,-,-,-
1324,52.96,-1208042,-1455.9396335395359,66,-,induccion,-,-,-
1325,53.0,-1212576,-704.2803240019507,66,-,induccion,-,-,-
1326,53.04,-1216756,134.25977265820893,66,-,induccion,-,-,-
1327,53.08,-1216132,725.3022856822663,66,-,induccion,-,-,-
1328,53.12,-1217772,1296.0816728350865,66,-,induccion,-,-,-
1329,53.16,-1220831,1940.9582336269568,66,-,induccion,-,-,-
1330,53.2,-1224027,2648.3200495835827,66,-,induccion,-,-,-
1331,53.24,-1225907,3063.4894840660063,66,-,induccion,-,-,-
1332,53.28,-1227614,2653.6299518154,66,-,induccion,-,-,-
1333,53.32,-1228717,1172.162207727868,66,-,induccion,-,-,-
1334,53.36,-1228657,-781.4362520696528,66,-,induccion,-,-,-
1335,53.4,-1229732,-2076.4430247627415,66,-,induccion,-,-,-
1336,53.44,-1228956,-2308.258544383884,66,-,induccion,-,-,-
1337,53.48,-1218893,-2137.9748685075792,66,-,induccion,-,-,-
1338,53.52,-1205199,-2086.4193251023025,66,-,induccion,-,-,-
1339,53.56,-1210793,-1665.719150912426,66,-,induccion,-,-,-
1340,53.6,-1216622,-1244.9834030134787,66,-,induccion,-,-,-
1341,53.64,-1217275,-747.4452342410254,66,-,induccion,-,-,-
1342,53.68,-1215904,-125.36715107538089,66,-,induccion,-,-,-
1343,53.72,-1218185,586.3572438164615,66,-,induccion,-,-,-
1344,53.76,-1220566,1193.2407847220238,66,-,induccion,-,-,-
1345,53.8,-1224526,1852.2805258126464,66,-,induccion,-,-,-
1346,53.84,-1225909,2441.8604967661367,66,-,induccion,-,-,-
1347,53.88,-1226973,2650.3006941776944,66,-,induccion,-,-,-
1348,53.92,-1228610,1969.8252862781792,66,-,induccion,-,-,-
1349,53.96,-1229765,436.41119185380467,66,-,induccion,-,-,-
1350,54.0,-1230210,-1043.0647131273513,67,67.0,induccion,-,-,-
1351,54.04,-1220409,-1919.7986770986154,67,-,induccion,-,-,-
1352,54.08,-1207240,-2088.65754236879,67,-,induccion,-,-,-
1353,54.12,-1204814,-1803.7747608556547,67,-,induccion,-,-,-
1354,54.16,-1207075,-1577.5181355016211,67,-,induccion,-,-,-
1355,54.2,-1212578,-1201.140288254709,67,-,induccion,-,-,-
1356,54.24,-1216643,-581.9096101402884,67,-,induccion,-,-,-
1357,54.28,-1216895,97.40569317704285,67,-,mantenimiento,-,-,-
1358,54.32,-1216340,737.8315019567995,67,-,mantenimiento,-,-,-
1359,54.36,-1219985,1517.2270998643808,67,-,mantenimiento,-,-,-
1360,54.4,-1223177,2349.6425617589184,67,-,mantenimiento,-,-,-
1361,54.44,-1225958,2935.062781397535,67,-,mantenimiento,-,-,-
1362,54.48,-1227319,2620.301722619918,67,-,mantenimiento,-,-,-
1363,54.52,-1227659,1169.5253534518454,67,-,mantenimiento,-,-,-
1364,54.56,-1228762,-713.333532138036,67,-,mantenimiento,-,-,-
1365,54.6,-1229606,-1988.0719013270727,67,-,mantenimiento,-,-,-
1366,54.64,-1229596,-2170.2448760449797,67,-,mantenimiento,-,-,-
1367,54.68,-1226784,-1737.1803414900678,67,-,mantenimiento,-,-,-
1368,54.72,-1211853,-1721.9669009338104,67,-,mantenimiento,-,-,-
1369,54.76,-1208179,-1673.4989105963523,67,-,mantenimiento,-,-,-
1370,54.8,-1213367,-1406.5490283030203,67,-,mantenimiento,-,-,-
1371,54.84,-1218186,-870.3595496204643,67,-,mantenimiento,-,-,-
1372,54.88,-1215361,-296.45107349946693,67,-,mantenimiento,-,-,-
1373,54.92,-1216840,422.6549234920244,67,-,mantenimiento,-,-,-
1374,54.96,-1221226,1055.1337868094015,67,-,mantenimiento,-,-,-
1375,55.0,-1223578,1538.0438278875808,67,-,mantenimiento,-,-,-
1376,55.04,-1226021,2110.157974601205,67,-,mantenimiento,-,-,-
1377,55.08,-1227580,2588.6874157426973,67,-,mantenimiento,-,-,-
1378,55.12,-1228500,2447.552811873683,67,-,mantenimiento,-,-,-
1379,55.16,-1229346,1355.9898497471952,67,-,mantenimiento,-,-,-
1380,55.2,-1229814,-235.99689298011958,67,-,mantenimiento,-,-,-
1381,55.24,-1229072,-1400.8725151609308,67,-,mantenimiento,-,-,-
1382,55.28,-1222080,-1870.6397013225915,67,-,mantenimiento,-,-,-
1383,55.32,-1208233,-2083.3136751106085,67,-,mantenimiento,-,-,-
1384,55.36,-1205554,-1964.1467550164161,67,-,mantenimiento,-,-,-
1385,55.4,-1207300,-1709.5771445529626,67,-,mantenimiento,-,-,-
1386,55.44,-1212410,-1104.7666791443341,67,-,mantenimiento,-,-,-
1387,55.48,-1216294,-303.5494087023271,67,-,mantenimiento,-,-,-
1388,55.52,-1217014,407.31710558835493,67,-,mantenimiento,-,-,-
1389,55.56,-1216827,979.34725684558,67,-,mantenimiento,-,-,-
1390,55.6,-1220726,1661.0572422507066,67,-,mantenimiento,-,-,-
1391,55.64,-1224281,2378.243547317151,67,-,mantenimiento,-,-,-
1392,55.68,-1225230,2798.563162348728,67,-,mantenimiento,-,-,-
1393,55.72,-1226358,2473.930334721567,67,-,mantenimiento,-,-,-
1394,55.76,-1228919,1195.8598006531106,67,-,mantenimiento,-,-,-
1395,55.8,-1229446,-614.2938236236051,67,-,mantenimiento,-,-,-
1396,55.84,-1229889,-1916.2574090567932,67,-,mantenimiento,-,-,-
1397,55.88,-1231067,-2161.5707843813448,67,-,mantenimiento,-,-,-
1398,55.92,-1228479,-1823.0476033702016,67,-,mantenimiento,-,-,-
1399,55.96,-1213544,-1838.1181079255348,67,-,mantenimiento,-,-,-
1400,56.0,-1206169,-1850.7007334124391,67,-,mantenimiento,-,-,-
1401,56.04,-1211395,-1487.0595844384616,67,-,mantenimiento,-,-,-
1402,56.08,-1217602,-861.2138824328385,67,-,mantenimiento,-,-,-
1403,56.12,-1216602,-279.3738249647281,67,-,mantenimiento,-,-,-
1404,56.16,-1217232,326.3935621059368,67,-,mantenimiento,-,-,-
1405,56.2,-1220539,903.7748112346972,67,-,mantenimiento,-,-,-
1406,56.24,-1223591,1472.4109447432738,67,-,mantenimiento,-,-,-
1407,56.28,-1225681,2131.1166875342815,67,-,mantenimiento,-,-,-
1408,56.32,-1227173,2727.0751756987975,67,-,mantenimiento,-,-,-
1409,56.36,-1228988,2742.7527574875885,67,-,mantenimiento,-,-,-
1410,56.4,-1229538,1671.7698130906078,67,-,mantenimiento,-,-,-
1411,56.44,-1229800,-97.319280051938,67,-,mantenimiento,-,-,-
1412,56.48,-1228321,-1555.4066875735675,67,-,mantenimiento,-,-,-
1413,56.52,-1218324,-2245.754973653846,67,-,mantenimiento,-,-,-
1414,56.56,-1206468,-2279.2976935304487,67,-,mantenimiento,-,-,-
1415,56.6,-1205561,-1910.143378653247,67,-,mantenimiento,-,-,-
1416,56.64,-1209000,-1526.206457651941,67,-,mantenimiento,-,-,-
1417,56.68,-1213668,-994.9938405567686,67,-,mantenimiento,-,-,-
1418,56.72,-1217480,-277.7644417771471,67,-,mantenimiento,-,-,-
1419,56.76,-1216966,377.28984904372464,67,-,mantenimiento,-,-,-
1420,56.8,-1218938,1079.487851220665,67,-,mantenimiento,-,-,-
1421,56.84,-1223237,1862.1906220384271,67,-,mantenimiento,-,-,-
1422,56.88,-1224809,2531.245143611127,67,-,mantenimiento,-,-,-
1423,56.92,-1226681,2830.485154953819,67,-,mantenimiento,-,-,-
1424,56.96,-1228451,2241.1108076458404,67,-,mantenimiento,-,-,-
1425,57.0,-1228668,665.034533767787,71,67.75,mantenimiento,-,-,-
1426,57.04,-1230007,-1085.2976840894132,71,-,mantenimiento,-,-,-
1427,57.08,-1229630,-2156.4852464565706,71,-,mantenimiento,-,-,-
1428,57.12,-1223392,-2384.5395490039136,71,-,mantenimiento,-,-,-
1429,57.16,-1205333,-2432.6865599893645,71,-,mantenimiento,-,-,-
1430,57.2,-1205503,-1925.5049708417446,71,-,mantenimiento,-,-,-
1431,57.24,-1209987,-1447.6831824885817,71,-,mantenimiento,-,-,-
1432,57.28,-1216686,-844.7059278949332,71,-,mantenimiento,-,-,-
1433,57.32,-1217927,-227.27156850573374,71,-,mantenimiento,-,-,-
1434,57.36,-1215837,355.0949267404867,71,-,mantenimiento,-,-,-
1435,57.4,-1220064,1080.2330137023,71,-,mantenimiento,-,-,-
1436,57.44,-1223216,1766.3299405197495,71,-,mantenimiento,-,-,-
1437,57.48,-1225793,2499.892679155829,71,-,mantenimiento,-,-,-
1438,57.52,-1227122,2971.0898846745013,71,-,mantenimiento,-,-,-
1439,57.56,-1229861,2630.5765994568883,71,-,mantenimiento,-,-,-
1440,57.6,-1229021,1048.3776648896958,71,-,mantenimiento,-,-,-
1441,57.64,-1230395,-868.3384748411006,71,-,mantenimiento,-,-,-
1442,57.68,-1228563,-2112.1781304782853,71,-,mantenimiento,-,-,-
1443,57.72,-1222476,-2289.102579485956,71,-,mantenimiento,-,-,-
1444,57.76,-1207336,-2179.024140863372,71,-,mantenimiento,-,-,-
1445,57.8,-1204570,-1842.8996290786454,71,-,mantenimiento,-,-,-
1446,57.84,-1207966,-1548.649289156795,71,-,mantenimiento,-,-,-
1447,57.88,-1211574,-1109.6028985074588,71,-,mantenimiento,-,-,-
1448,57.92,-1216792,-312.54282763430456,71,-,mantenimiento,-,-,-
1449,57.96,-1217653,467.36961148846785,71,-,mantenimiento,-,-,-
1450,58.0,-1217494,1142.3186436430005,71,-,mantenimiento,-,-,-
1451,58.04,-1219847,1835.3747771347425,71,-,mantenimiento,-,-,-
1452,58.08,-1223555,2554.6358525295627,71,-,mantenimiento,-,-,-
1453,58.12,-1225234,2955.9964822151005,71,-,mantenimiento,-,-,-
1454,58.16,-1227575,2612.726765862768,71,-,mantenimiento,-,-,-
1455,58.2,-1228742,1221.5873519277197,71,-,mantenimiento,-,-,-
1456,58.24,-1229239,-656.0552943308547,71,-,mantenimiento,-,-,-
1457,58.28,-1229327,-2005.0878957881416,71,-,mantenimiento,-,-,-
1458,58.32,-1230432,-2239.258037386229,71,-,mantenimiento,-,-,-
1459,58.36,-1226596,-1881.162593001066,71,-,mantenimiento,-,-,-
1460,58.4,-1214726,-1720.7416031605717,71,-,mantenimiento,-,-,-
1461,58.44,-1205452,-1763.508477224559,71,-,mantenimiento,-,-,-
1462,58.48,-1208278,-1534.9976976657836,71,-,mantenimiento,-,-,-
1463,58.52,-1212776,-1051.6638801863023,71,-,mantenimiento,-,-,-
1464,58.56,-1217843,-278.3001955844584,71,-,mantenimiento,-,-,-
1465,58.6,-1217447,399.00360129679484,71,-,mantenimiento,-,-,-
1466,58.64,-1217701,989.3150172940891,71,-,mantenimiento,-,-,-
1467,58.68,-1219332,1529.0386325479258,71,-,mantenimiento,-,-,-
1468,58.72,-1223387,2178.722517124387,71,-,mantenimiento,-,-,-
1469,58.76,-1225261,2719.632022634749,71,-,mantenimiento,-,-,-
1470,58.8,-1227373,2773.5081577945984,71,-,mantenimiento,-,-,-
1471,58.84,-1229950,1872.3255772721795,71,-,mantenimiento,-,-,-
1472,58.88,-1229700,107.82404873659902,71,-,mantenimiento,-,-,-
1473,58.92,-1229832,-1473.3435217002593,71,-,mantenimiento,-,-,-
1474,58.96,-1224777,-2221.4351177515946,71,-,mantenimiento,-,-,-
1475,59.0,-1209949,-2351.2832169060875,71,-,mantenimiento,-,-,-
1476,59.04,-1204392,-1958.0868871274251,71,-,mantenimiento,-,-,-
1477,59.08,-1205558,-1613.201929054735,71,-,mantenimiento,-,-,-
1478,59.12,-1211167,-1281.7586630740157,71,-,mantenimiento,-,-,-
1479,59.16,-1215677,-805.7521678524417,71,-,mantenimiento,-,-,-
1480,59.2,-1218021,-120.881338387494,71,-,mantenimiento,-,-,-
1481,59.24,-1216227,572.7112358849045,71,-,mantenimiento,-,-,-
1482,59.28,-1219543,1465.6580877442393,71,-,mantenimiento,-,-,-
1483,59.32,-1225350,2434.045053661158,71,-,mantenimiento,-,-,-
1484,59.36,-1226581,3028.194774676899,71,-,mantenimiento,-,-,-
1485,59.4,-1227647,2889.9278599506097,71,-,mantenimiento,-,-,-
1486,59.44,-1229852,1711.0144172265009,71,-,mantenimiento,-,-,-
1487,59.48,-1230459,-207.40149988866915,71,-,mantenimiento,-,-,-
1488,59.52,-1230588,-1811.269847373305,71,-,mantenimiento,-,-,-
1489,59.56,-1228159,-2416.5088631948784,71,-,mantenimiento,-,-,-
1490,59.6,-1218463,-2334.137643177659,71,-,mantenimiento,-,-,-
1491,59.64,-1207606,-2092.820887195525,71,-,mantenimiento,-,-,-
1492,59.68,-1206495,-1804.2199393054034,71,-,mantenimiento,-,-,-
1493,59.72,-1211584,-1429.936088718378,71,-,mantenimiento,-,-,-
1494,59.76,-1215160,-859.3692254062234,71,-,mantenimiento,-,-,-
1495,59.8,-1218131,-32.583311510594285,71,-,mantenimiento,-,-,-
1496,59.84,-1217490,695.7236846763026,71,-,mantenimiento,-,-,-
1497,59.88,-1219965,1406.270141329951,71,-,mantenimiento,-,-,-
1498,59.92,-1222859,2102.2218765620346,71,-,mantenimiento,-,-,-
1499,59.96,-1225010,2734.316371751649,71,-,mantenimiento,-,-,-
1500,60.0,-1227812,2975.6912635613307,66,67.5,mantenimiento,-,-,-
1501,60.04,-1229636,2290.5074459633715,66,-,mantenimiento,-,-,-
1502,60.08,-1226981,587.8509597931638,66,-,mantenimiento,-,-,-
1503,60.12,-1214339,-1534.7104490651727,66,-,mantenimiento,-,-,-
1504,60.16,-1205573,-2711.4034690228236,66,-,mantenimiento,-,-,-
1505,60.2,-1205855,-2554.1533306330257,66,-,mantenimiento,-,-,-
1506,60.24,-1209367,-1783.6999994247892,66,-,mantenimiento,-,-,-
1507,60.28,-1214125,-1067.925967221683,66,-,mantenimiento,-,-,-
1508,60.32,-1217414,-632.2207582844376,66,-,mantenimiento,-,-,-
1509,60.36,-1216633,-317.3711865415148,66,-,mantenimiento,-,-,-
1510,60.4,-1217138,307.892312131155,66,-,mantenimiento,-,-,-
1511,60.44,-1220625,1341.1670314691492,66,-,mantenimiento,-,-,-
1512,60.48,-1223278,2374.419312073538,66,-,mantenimiento,-,-,-
1513,60.52,-1225881,2831.365573201352,66,-,mantenimiento,-,-,-
1514,60.56,-1227305,2148.5987982643555,66,-,mantenimiento,-,-,-
1515,60.6,-1229091,539.5467978160964,66,-,mantenimiento,-,-,-
1516,60.64,-1228324,-1173.814795526852,66,-,mantenimiento,-,-,-
1517,60.68,-1229214,-1960.858960679596,66,-,mantenimiento,-,-,-
1518,60.72,-1230002,-1766.7217909933447,66,-,mantenimiento,-,-,-
1519,60.76,-1228815,-1246.3667239629467,66,-,mantenimiento,-,-,-
1520,60.8,-1214434,-1363.2167083614931,66,-,mantenimiento,-,-,-
1521,60.84,-1205152,-1616.6967406117237,66,-,mantenimiento,-,-,-
1522,60.88,-1207186,-1474.7948394519026,66,-,mantenimiento,-,-,-
1523,60.92,-1211745,-936.5245675689051,66,-,mantenimiento,-,-,-
1524,60.96,-1215537,-150.59378820631264,66,-,mantenimiento,-,-,-
1525,61.0,-1217520,597.9308023229087,66,-,mantenimiento,-,-,-
1526,61.04,-1215578,1057.5478275665046,66,-,mantenimiento,-,-,-
1527,61.08,-1218678,1558.3646519066742,66,-,mantenimiento,-,-,-
1528,61.12,-1222065,2131.5554190783387,66,-,mantenimiento,-,-,-
1529,61.16,-1225379,2756.0985784280747,66,-,mantenimiento,-,-,-
1530,61.2,-1226920,2910.497675570882,66,-,mantenimiento,-,-,-
1531,61.24,-1227900,2051.4993676969043,66,-,mantenimiento,-,-,-
1532,61.28,-1229714,325.4734533841133,66,-,mantenimiento,-,-,-
1533,61.32,-1229502,-1397.8863278386773,66,-,mantenimiento,-,-,-
1534,61.36,-1228090,-2173.171540103084,66,-,mantenimiento,-,-,-
1535,61.4,-1222890,-2091.849387682042,66,-,mantenimiento,-,-,-
1536,61.44,-1206833,-2093.228976904944,66,-,mantenimiento,-,-,-
1537,61.48,-1205153,-1892.4230061156577,66,-,mantenimiento,-,-,-
1538,61.52,-1209980,-1639.6238650061664,66,-,mantenimiento,-,-,-
1539,61.56,-1215880,-1134.0618198488928,66,-,mantenimiento,-,-,-
1540,61.6,-1217727,-427.0001064024518,66,-,mantenimiento,-,-,-
1541,61.64,-1215751,269.9512308035364,66,-,mantenimiento,-,-,-
1542,61.68,-1220431,1089.4424267125914,66,-,mantenimiento,-,-,-
1543,61.72,-1222597,1766.1269473260018,66,-,mantenimiento,-,-,-
1544,61.76,-1224346,2428.1715663003815,66,-,mantenimiento,-,-,-
1545,61.8,-1226753,2852.901942657476,66,-,mantenimiento,-,-,-
1546,61.84,-1227938,2440.116383451421,66,-,mantenimiento,-,-,-
1547,61.88,-1229910,1039.2237278531798,66,-,mantenimiento,-,-,-
1548,61.92,-1230302,-789.0524609736425,66,-,mantenimiento,-,-,-
1549,61.96,-1230329,-1946.6833987490143,66,-,mantenimiento,-,-,-
1550,62.0,-1228050,-2071.8846647530363,66,-,mantenimiento,-,-,-
1551,62.04,-1218868,-1844.5096676281064,66,-,mantenimiento,-,-,-
1552,62.08,-1207458,-1804.3150376055346,66,-,mantenimiento,-,-,-
1553,62.12,-1205383,-1685.6198849920456,66,-,mantenimiento,-,-,-
1554,62.16,-1210458,-1254.0593722630197,66,-,mantenimiento,-,-,-
1555,62.2,-1214762,-606.6638038362794,66,-,mantenimiento,-,-,-
1556,62.24,-1217406,106.71607671297625,66,-,mantenimiento,-,-,-
1557,62.28,-1217367,703.916661219946,66,-,mantenimiento,-,-,-
1558,62.32,-1217870,1286.8882060198084,66,-,mantenimiento,-,-,-
1559,62.36,-1221036,1997.9604982156507,66,-,mantenimiento,-,-,-
1560,62.4,-1223284,2650.827087828812,66,-,mantenimiento,-,-,-
1561,62.44,-1225807,2911.741212937638,66,-,mantenimiento,-,-,-
1562,62.48,-1226362,2236.239456060246,66,-,mantenimiento,-,-,-
1563,62.52,-1228445,716.41976881557,66,-,mantenimiento,-,-,-
1564,62.56,-1230384,-980.8284906111551,66,-,mantenimiento,-,-,-
1565,62.6,-1229319,-2019.683385332506,66,-,mantenimiento,-,-,-
1566,62.64,-1219697,-2297.197300025675,66,-,mantenimiento,-,-,-
1567,62.68,-1206371,-2166.073520021977,66,-,mantenimiento,-,-,-
1568,62.72,-1206436,-1706.241137030951,66,-,mantenimiento,-,-,-
1569,62.76,-1211224,-1342.6152061356843,66,-,mantenimiento,-,-,-
1570,62.8,-1216095,-965.4755343397401,66,-,mantenimiento,-,-,-
1571,62.84,-1217376,-489.4226020899596,66,-,mantenimiento,-,-,-
1572,62.88,-1216830,77.37552825918283,66,-,mantenimiento,-,-,-
1573,62.92,-1224688,942.0916941196892,66,-,mantenimiento,-,-,-
1574,62.96,-1226060,1660.1455857060182,66,-,mantenimiento,-,-,-
1575,63.0,-1227683,2443.271174591784,68,68.0,mantenimiento,-,-,-
1576,63.04,-1229844,2906.689038782718,68,-,mantenimiento,-,-,-
1577,63.08,-1229155,2322.067280183437,68,-,mantenimiento,-,-,-
1578,63.12,-1223339,532.5989416673656,68,-,mantenimiento,-,-,-
1579,63.16,-1209274,-1720.1374342539111,68,-,mantenimiento,-,-,-
1580,63.2,-1203990,-2836.8806032915672,68,-,mantenimiento,-,-,-
1581,63.24,-1207578,-2573.6050036057113,68,-,mantenimiento,-,-,-
1582,63.28,-1211434,-1796.9833427105132,68,-,mantenimiento,-,-,-
1583,63.32,-1215499,-1066.055375381954,68,-,mantenimiento,-,-,-
1584,63.36,-1217706,-466.9459618035771,68,-,mantenimiento,-,-,-
1585,63.4,-1215179,126.31802633483312,68,-,mantenimiento,-,-,-
1586,63.44,-1218610,1117.7196594188963,68,-,mantenimiento,-,-,-
1587,63.48,-1221647,2155.783749639034,68,-,mantenimiento,-,-,-
1588,63.52,-1223961,2875.1675980587606,68,-,mantenimiento,-,-,-
1589,63.56,-1225616,2753.5197682265884,68,-,mantenimiento,-,-,-
1590,63.6,-1227733,1560.3176599414796,68,-,mantenimiento,-,-,-
1591,63.64,-1228063,-275.7468283813356,68,-,mantenimiento,-,-,-
1592,63.68,-1229099,-1652.9749958260377,68,-,mantenimiento,-,-,-
1593,63.72,-1230925,-1944.5609921080763,68,-,mantenimiento,-,-,-
1594,63.76,-1230182,-1534.480092206762,68,-,mantenimiento,-,-,-
1595,63.8,-1226327,-1163.6202475257387,68,-,mantenimiento,-,-,-
1596,63.84,-1211677,-1483.7937168701974,68,-,mantenimiento,-,-,-
1597,63.88,-1205531,-1702.2414333167617,68,-,mantenimiento,-,-,-
1598,63.92,-1206036,-1496.2150953796336,68,-,mantenimiento,-,-,-
1599,63.96,-1212971,-750.5567384080541,68,-,mantenimiento,-,-,-
1600,64.0,-1217202,49.54070097129534,68,-,mantenimiento,-,-,-
1601,64.04,-1216697,609.5123789740073,68,-,mantenimiento,-,-,-
1602,64.08,-1217143,1068.7565273134915,68,-,mantenimiento,-,-,-
1603,64.12,-1220652,1641.7813001701606,68,-,mantenimiento,-,-,-
1604,64.16,-1224090,2354.5146149819757,68,-,mantenimiento,-,-,-
1605,64.2,-1227148,2993.9081619335075,68,-,mantenimiento,-,-,-
1606,64.24,-1227893,2916.1853866873726,68,-,mantenimiento,-,-,-
1607,64.28,-1229577,1778.7780321470368,68,-,mantenimiento,-,-,-
1608,64.32,-1230032,-139.8132553031562,68,-,mantenimiento,-,-,-
1609,64.36,-1229860,-1775.1185065142886,68,-,mantenimiento,-,-,-
1610,64.4,-1229656,-2319.164892947007,68,-,mantenimiento,-,-,-
1611,64.44,-1226897,-2032.4745369256061,68,-,mantenimiento,-,-,-
1612,64.48,-1214571,-1910.3828348436073,68,-,mantenimiento,-,-,-
1613,64.52,-1205717,-1972.9097105784003,68,-,mantenimiento,-,-,-
1614,64.56,-1205154,-1853.9260554240282,68,-,mantenimiento,-,-,-
1615,64.6,-1209856,-1276.7490301150222,68,-,mantenimiento,-,-,-
1616,64.64,-1214923,-369.75511539687704,68,-,mantenimiento,-,-,-
1617,64.68,-1217768,511.05323563609,68,-,mantenimiento,-,-,-
1618,64.72,-1216408,1092.3642680817275,68,-,mantenimiento,-,-,-
1619,64.76,-1217811,1634.9767122267558,68,-,mantenimiento,-,-,-
1620,64.8,-1218819,2179.266150828921,68,-,mantenimiento,-,-,-
1621,64.84,-1223266,2791.117236006232,68,-,mantenimiento,-,-,-
1622,64.88,-1226317,2900.966416897404,68,-,mantenimiento,-,-,-
1623,64.92,-1227586,2029.2656149123632,68,-,mantenimiento,-,-,-
1624,64.96,-1228667,327.5674241416432,68,-,mantenimiento,-,-,-
1625,65.0,-1229222,-1379.3666020317337,68,-,mantenimiento,-,-,-
1626,65.04,-1230595,-2161.694473507022,68,-,mantenimiento,-,-,-
1627,65.08,-1229448,-1993.46819140026,68,-,mantenimiento,-,-,-
1628,65.12,-1229321,-1384.6371630222752,68,-,mantenimiento,-,-,-
1629,65.16,-1218445,-1376.6495091925608,68,-,mantenimiento,-,-,-
1630,65.2,-1207452,-1741.0797726180117,68,-,mantenimiento,-,-,-
1631,65.24,-1204924,-1832.7227025147586,68,-,mantenimiento,-,-,-
1632,65.28,-1208703,-1361.7632223979126,68,-,mantenimiento,-,-,-
1633,65.32,-1217952,-359.15834420964075,68,-,mantenimiento,-,-,-
1634,65.36,-1216411,364.472107268266,68,-,mantenimiento,-,-,-
1635,65.4,-1219481,1061.9090335119172,68,-,mantenimiento,-,-,-
1636,65.44,-1223047,1619.2536868729767,68,-,mantenimiento,-,-,-
1637,65.48,-1226192,2183.0646491396183,68,-,mantenimiento,-,-,-
1638,65.52,-1226719,2701.571421114829,68,-,mantenimiento,-,-,-
1639,65.56,-1228897,2942.405606796987,68,-,mantenimiento,-,-,-
1640,65.6,-1229243,2245.4298864722323,68,-,mantenimiento,-,-,-
1641,65.64,-1229942,593.4129414196333,68,-,mantenimiento,-,-,-
1642,65.68,-1231104,-1269.7326635195523,68,-,mantenimiento,-,-,-
1643,65.72,-1228613,-2465.408190780066,68,-,mantenimiento,-,-,-
1644,65.76,-1214636,-2908.3790234082862,68,-,mantenimiento,-,-,-
1645,65.8,-1207141,-2532.0298862919553,68,-,mantenimiento,-,-,-
1646,65.84,-1205609,-1960.5814052890346,68,-,mantenimiento,-,-,-
1647,65.88,-1210193,-1300.1564416372387,68,-,mantenimiento,-,-,-
1648,65.92,-1212987,-634.6944273855602,68,-,mantenimiento,-,-,-
1649,65.96,-1217746,172.8447573030935,68,-,mantenimiento,-,-,-
1650,66.0,-1216631,744.0309483690271,67,68.0,mantenimiento,-,-,-
1651,66.04,-1220359,1411.9871576450523,67,-,mantenimiento,-,-,-
1652,66.08,-1223233,2111.3270403655215,67,-,mantenimiento,-,-,-
1653,66.12,-1225028,2772.6958347940463,67,-,mantenimiento,-,-,-
1654,66.16,-1227390,2989.034440139013,67,-,mantenimiento,-,-,-
1655,66.2,-1228319,2172.233547637639,67,-,mantenimiento,-,-,-
1656,66.24,-1229443,476.1027811493577,67,-,mantenimiento,-,-,-
1657,66.28,-1229813,-1272.195348812285,67,-,mantenimiento,-,-,-
1658,66.32,-1229978,-2194.2992381963,67,-,mantenimiento,-,-,-
1659,66.36,-1228528,-2214.411846544269,67,-,mantenimiento,-,-,-
1660,66.4,-1217883,-2089.473419259708,67,-,mantenimiento,-,-,-
1661,66.44,-1207702,-1999.640932601238,67,-,mantenimiento,-,-,-
1662,66.48,-1205040,-1779.1193188661946,67,-,mantenimiento,-,-,-
1663,66.52,-1207816,-1290.3301946860447,67,-,mantenimiento,-,-,-
1664,66.56,-1212447,-546.859649526456,67,-,mantenimiento,-,-,-
1665,66.6,-1217598,295.0155304621485,67,-,mantenimiento,-,-,-
1666,66.64,-1216986,883.0988492823471,67,-,mantenimiento,-,-,-
1667,66.68,-1216808,1405.7574575398157,67,-,mantenimiento,-,-,-
1668,66.72,-1220584,2076.4634039001294,67,-,mantenimiento,-,-,-
1669,66.76,-1223660,2725.7250976772166,67,-,mantenimiento,-,-,-
1670,66.8,-1225979,3001.812605841921,67,-,mantenimiento,-,-,-
1671,66.84,-1227260,2398.0236649664494,67,-,mantenimiento,-,-,-
1672,66.88,-1227903,852.5398498230365,67,-,mantenimiento,-,-,-
1673,66.92,-1228509,-951.2221146557035,67,-,mantenimiento,-,-,-
1674,66.96,-1230770,-2037.7715853514762,67,-,despertar,-,-,-
1675,67.0,-1226403,-2296.9046790898055,67,-,despertar,-,-,-
1676,67.04,-1213476,-2188.801669520404,67,-,despertar,-,-,-
1677,67.08,-1205902,-1920.406587047919,67,-,despertar,-,-,-
1678,67.12,-1205708,-1688.2267704333117,67,-,despertar,-,-,-
1679,67.16,-1209634,-1354.0525208788567,67,-,despertar,-,-,-
1680,67.2,-1215317,-696.4206221056438,67,-,despertar,-,-,-
1681,67.24,-1217969,91.76370002286876,67,-,despertar,-,-,-
1682,67.28,-1216465,727.3069251165298,67,-,despertar,-,-,-
1683,67.32,-1217729,1348.5688790283261,67,-,despertar,-,-,-
1684,67.36,-1220944,2057.393701809241,67,-,despertar,-,-,-
1685,67.4,-1222886,2716.466997070909,67,-,despertar,-,-,-
1686,67.44,-1226376,2945.0912212362837,67,-,despertar,-,-,-
1687,67.48,-1226703,2064.187124687122,67,-,despertar,-,-,-
1688,67.52,-1228126,354.68107802986356,67,-,despertar,-,-,-
1689,67.56,-1229348,-1312.3009862963984,67,-,despertar,-,-,-
1690,67.6,-1230011,-2067.7618814165644,67,-,despertar,-,-,-
1691,67.64,-1230056,-1838.3723138260168,67,-,despertar,-,-,-
1692,67.68,-1228718,-1290.2008658588047,67,-,despertar,-,-,-
1693,67.72,-1216049,-1364.8263729123664,67,-,despertar,-,-,-
1694,67.76,-1205871,-1677.4145721409295,67,-,despertar,-,-,-
1695,67.8,-1205083,-1637.446446157055,67,-,despertar,-,-,-
1696,67.84,-1208207,-1140.075671358908,67,-,despertar,-,-,-
1697,67.88,-1213018,-328.2290623469635,67,-,despertar,-,-,-
1698,67.92,-1216409,441.59375238691155,67,-,despertar,-,-,-
1699,67.96,-1216607,968.4928463785127,67,-,despertar,-,-,-
1700,68.0,-1217175,1450.544078102751,67,-,despertar,-,-,-
1701,68.04,-1219864,2102.282374563497,67,-,despertar,-,-,-
1702,68.08,-1223218,2810.9941881432924,67,-,despertar,-,-,-
1703,68.12,-1225051,3051.7237830494105,67,-,despertar,-,-,-
1704,68.16,-1227761,2360.950737027355,67,-,despertar,-,-,-
1705,68.2,-1228088,656.2413660319976,67,-,despertar,-,-,-
1706,68.24,-1229801,-1133.4279167524094,67,-,despertar,-,-,-
1707,68.28,-1230891,-2137.90280229326,67,-,despertar,-,-,-
1708,68.32,-1229984,-2169.4311988826266,67,-,despertar,-,-,-
1709,68.36,-1221157,-1933.2963906019359,67,-,despertar,-,-,-
1710,68.4,-1207769,-1937.2399763451976,67,-,despertar,-,-,-
1711,68.44,-1204762,-1863.9968130650122,67,-,despertar,-,-,-
1712,68.48,-1208175,-1582.2583764073615,67,-,despertar,-,-,-
1713,68.52,-1212522,-1007.6585923924029,67,-,despertar,-,-,-
1714,68.56,-1218184,-156.57931490141254,67,-,despertar,-,-,-
1715,68.6,-1217081,500.19172098554554,67,-,despertar,-,-,-
1716,68.64,-1216695,1098.8817405160867,67,-,despertar,-,-,-
1717,68.68,-1218849,1796.753458858575,67,-,despertar,-,-,-
1718,68.72,-1222327,2604.4156634432265,67,-,despertar,-,-,-
1719,68.76,-1224784,3118.2448337980886,67,-,despertar,-,-,-
1720,68.8,-1227209,2766.221207892644,67,-,despertar,-,-,-
1721,68.84,-1229072,1313.7346186776917,67,-,despertar,-,-,-
1722,68.88,-1228365,-654.1087956829855,67,-,despertar,-,-,-
1723,68.92,-1229735,-1922.4786633238562,67,-,despertar,-,-,-
1724,68.96,-1230336,-2073.902556055326,67,-,despertar,-,-,-
1725,69.0,-1229039,-1559.6717998717108,66,66.75,despertar,-,-,-
1726,69.04,-1209977,-1657.879370382063,66,-,despertar,-,-,-
1727,69.08,-1205190,-1689.914427778538,66,-,despertar,-,-,-
1728,69.12,-1206239,-1674.0483396669551,66,-,despertar,-,-,-
1729,69.16,-1211956,-1236.874328270631,66,-,despertar,-,-,-
1730,69.2,-1216050,-479.95456260094215,66,-,despertar,-,-,-
1731,69.24,-1217602,331.0707438224372,66,-,despertar,-,-,-
1732,69.28,-1216914,953.1146356649006,66,-,despertar,-,-,-
1733,69.32,-1218259,1519.4388324674774,66,-,despertar,-,-,-
1734,69.36,-1220934,2183.7269397269492,66,-,despertar,-,-,-
1735,69.4,-1224195,2873.927649108815,66,-,despertar,-,-,-
1736,69.44,-1225254,2954.1231350686485,66,-,despertar,-,-,-
1737,69.48,-1227659,1960.054942021854,66,-,despertar,-,-,-
1738,69.52,-1229566,84.30117601825077,66,-,despertar,-,-,-
1739,69.56,-1230013,-1603.3044948313964,66,-,despertar,-,-,-
1740,69.6,-1229145,-2211.1447918332947,66,-,despertar,-,-,-
1741,69.64,-1228598,-1822.8771151653427,66,-,despertar,-,-,-
1742,69.68,-1214574,-1666.2925916193017,66,-,despertar,-,-,-
1743,69.72,-16775444,487846.42172634415,66,-,despertar,-,-,-
1744,69.76,-16775419,447844.38986910135,66,-,despertar,-,-,-
1745,69.8,-16775356,361088.7449064017,66,-,despertar,-,-,-
1746,69.84,-16775285,223173.9344311365,66,-,despertar,-,-,-
1747,69.88,-170313,-475834.3522427678,66,-,despertar,-,-,-
1748,69.92,-16776261,-98972.6524627372,66,-,despertar,-,-,-
1749,69.96,-16770660,-244019.00046759244,66,-,despertar,-,-,-
1750,70.0,-16775687,-456932.2175044513,66,-,despertar,-,-,-
1751,70.04,-16776080,-835207.9725622081,66,-,despertar,-,-,-
1752,70.08,-6210,-1813988.2263945974,66,-,despertar,-,-,-
1753,70.12,-13613,-1879268.6000037845,66,-,despertar,-,-,-
1754,70.16,-2399,-1149535.1222123234,66,-,despertar,-,-,-
1755,70.2,-2297,170520.4489094622,66,-,despertar,-,-,-
1756,70.24,-16766123,1753773.5063007828,66,-,despertar,-,-,-
1757,70.28,-16773037,1801305.6416556798,66,-,despertar,-,-,-
1758,70.32,-16775429,1070621.4259459954,66,-,despertar,-,-,-
1759,70.36,-999,26586.17030992359,66,-,despertar,-,-,-
1760,70.4,-16775382,968270.0106023708,66,-,despertar,-,-,-
1761,70.44,-16775509,1854168.678685829,66,-,despertar,-,-,-
1762,70.48,-16775533,2150718.3212062395,66,-,despertar,-,-,-
1763,70.52,-16775384,1241901.6851136945,66,-,despertar,-,-,-
1764,70.56,-16775401,-487966.390498781,66,-,despertar,-,-,-
1765,70.6,-16775408,-1996906.4381675185,66,-,despertar,-,-,-
1766,70.64,-16775424,-2377577.3171184007,66,-,despertar,-,-,-
1767,70.68,-16775382,-1517708.1184414376,66,-,despertar,-,-,-
1768,70.72,-16775433,-254090.1523650107,66,-,despertar,-,-,-
1769,70.76,-16775453,290792.8042978598,66,-,despertar,-,-,-
1770,70.8,-16775431,-145074.47012423188,66,-,despertar,-,-,-
1771,70.84,-16775456,-712098.6584507977,66,-,despertar,-,-,-
1772,70.88,-16775537,-602793.1718213414,66,-,despertar,-,-,-
1773,70.92,-16775500,4421.347209787578,66,-,despertar,-,-,-
1774,70.96,-16775443,450998.0834183417,66,-,despertar,-,-,-
1775,71.0,-16775435,498024.7148572194,66,-,despertar,-,-,-
1776,71.04,-16775383,368270.33214759757,66,-,despertar,-,-,-
1777,71.08,-16775507,284015.0898268357,66,-,despertar,-,-,-
1778,71.12,-16775365,269288.3961867298,66,-,despertar,-,-,-
1779,71.16,-16775394,259630.96408994263,66,-,despertar,-,-,-
1780,71.2,-16775452,222708.63027901895,66,-,despertar,-,-,-
1781,71.24,-16775500,170545.8689999752,66,-,despertar,-,-,-
1782,71.28,-16775437,121845.33250042977,66,-,despertar,-,-,-
1783,71.32,-16775442,81896.5518899766,66,-,despertar,-,-,-
1784,71.36,-16775420,47552.427780029015,66,-,despertar,-,-,-
1785,71.4,-16775434,16516.467324908997,66,-,despertar,-,-,-
1786,71.44,-16775431,-10512.832105572568,66,-,despertar,-,-,-
1787,71.48,-16775452,-32181.006310797005,66,-,despertar,-,-,-
1788,71.52,-16775469,-48185.127883055946,66,-,despertar,-,-,-
1789,71.56,-16775451,-59100.348305413296,66,-,despertar,-,-,-
1790,71.6,-16775417,-65645.30565494555,66,-,despertar,-,-,-
1791,71.64,-16775448,-68392.65845345627,66,-,despertar,-,-,-
1792,71.68,-16775512,-67876.04672699148,66,-,despertar,-,-,-
1793,71.72,-16775503,-64698.94973041298,66,-,despertar,-,-,-
1794,71.76,-16775476,-59502.17073557703,66,-,despertar,-,-,-
1795,71.8,-16775439,-52895.567992840595,66,-,despertar,-,-,-
1796,71.84,-16775333,-45418.7035783428,66,-,despertar,-,-,-
1797,71.88,-16775413,-37524.53043240284,66,-,despertar,-,-,-
1798,71.92,-16775430,-29611.824262422335,66,-,despertar,-,-,-
1799,71.96,-16775497,-22002.545411609593,66,-,despertar,-,-,-
1800,72.0,-16775546,-14966.521623207693,nan,67.0,despertar,-,-,-
1801,72.04,-16775408,-8704.557363799016,nan,-,despertar,-,-,-
1802,72.08,-16775458,-3301.410327458667,nan,-,despertar,-,-,-
1803,72.12,-16775433,1252.8329940060066,nan,-,despertar,-,-,-
1804,72.16,-16775395,5021.0674239457585,nan,-,despertar,-,-,-
1805,72.2,-16775519,7997.7587798733,nan,-,despertar,-,-,-
1806,72.24,-16775432,10075.521196052054,nan,-,despertar,-,-,-
1807,72.28,-16775501,11223.768287990013,nan,-,despertar,-,-,-
1808,72.32,-16775498,11573.096194901449,nan,-,despertar,-,-,-
1809,72.36,-16775515,11405.24203945382,nan,-,despertar,-,-,-
1810,72.4,-16775454,10938.49506880038,nan,-,despertar,-,-,-
1811,72.44,-16775473,10196.887026307842,nan,-,despertar,-,-,-
1812,72.48,-16775421,9076.407063642057,nan,-,despertar,-,-,-
1813,72.52,-16775522,7558.050491569233,nan,-,despertar,-,-,-
1814,72.56,-16775441,5774.686285360285,nan,-,despertar,-,-,-
1815,72.6,-16775523,3988.4558000035213,nan,-,despertar,-,-,-
1816,72.64,-16775475,2404.719539333866,nan,-,despertar,-,-,-
1817,72.68,-16775449,2324.3025709831345,nan,-,despertar,-,-,-
1818,72.72,-16775501,1304.3156405057416,nan,-,despertar,-,-,-
1819,72.76,-16775494,392.2334008348771,nan,-,despertar,-,-,-
1820,72.8,-16775553,-446.34328402092797,nan,-,despertar,-,-,-
1821,72.84,-16775519,-2380.587592147469,nan,-,despertar,-,-,-
1822,72.88,-16775534,-1473.1746997591927,nan,-,despertar,-,-,-
1823,72.92,-16775514,-1572.341862962583,nan,-,despertar,-,-,-
1824,72.96,-16775489,-1500.9206506153387,nan,-,despertar,-,-,-
1825,73.0,-16775493,-1327.8095708714518,nan,-,despertar,-,-,-
1826,73.04,-16775448,-2370.662289124647,nan,-,despertar,-,-,-
1827,73.08,-16775479,-2103.072222758453,nan,-,despertar,-,-,-
1828,73.12,-16775494,-1874.9453268062662,nan,-,despertar,-,-,-
1829,73.16,-16775458,-1716.4813308328594,nan,-,despertar,-,-,-
1830,73.2,-16775455,-325.1897334271073,nan,-,despertar,-,-,-
1831,73.24,-16775532,-225.2329948045175,nan,-,despertar,-,-,-
1832,73.28,-16775468,-113.10016352346474,nan,-,despertar,-,-,-
1833,73.32,-16775478,-1311.9388044692441,nan,-,despertar,-,-,-
1834,73.36,-16775478,7.985385524035182,nan,-,despertar,-,-,-
1835,73.4,-16775529,7.276890387052781,nan,-,despertar,-,-,-
1836,73.44,-16775471,2.008996335527666,nan,-,despertar,-,-,-
1837,73.48,-16775392,-3.704787438936606,nan,-,despertar,-,-,-
1838,73.52,-16775412,-4.739173761243514,nan,-,despertar,-,-,-
1839,73.56,-16775497,-2.2069039518919666,nan,-,despertar,-,-,-
1840,73.6,-16775439,-3.7749612586763472,nan,-,despertar,-,-,-
1841,73.64,-16775494,-1.4379216941162838,nan,-,despertar,-,-,-
1842,73.68,-16775429,-2.2133767335986008,nan,-,despertar,-,-,-
1843,73.72,-16775449,-0.13095183365579388,nan,-,despertar,-,-,-
1844,73.76,-16775441,0.6398522688482154,nan,-,despertar,-,-,-
1845,73.8,-16775477,3.5352140101415266,nan,-,despertar,-,-,-
1846,73.84,-16775512,7.109927327460703,nan,-,despertar,-,-,-
1847,73.88,-16775496,6.276435309476986,nan,-,despertar,-,-,-
1848,73.92,-16775498,1.0118977585718736,nan,-,despertar,-,-,-
1849,73.96,-16775434,-7.364939451401867,nan,-,despertar,-,-,-
1850,74.0,-16775396,-9.879888010417076,nan,-,despertar,-,-,-
1851,74.04,-16775421,-5.084287342037872,nan,-,despertar,-,-,-
1852,74.08,-16775510,1.757154302433257,nan,-,despertar,-,-,-
1853,74.12,-16775504,1.546592244388826,nan,-,despertar,-,-,-
1854,74.16,-16775530,-0.8191844810835924,nan,-,despertar,-,-,-
1855,74.2,-16775480,-4.9475755121058285,nan,-,despertar,-,-,-
1856,74.24,-16775497,-3.077478097374023,nan,-,despertar,-,-,-
1857,74.28,-16775471,1.2368642848884122,nan,-,despertar,-,-,-
1858,74.32,-16775567,9.795980465251894,nan,-,despertar,-,-,-
1859,74.36,-16775438,6.8347920423861765,nan,-,despertar,-,-,-
1860,74.4,-16775482,2.90893712070924,nan,-,despertar,-,-,-
1861,74.44,-16775438,-7.375630608477273,nan,-,despertar,-,-,-
1862,74.48,-16775442,-12.78021899499602,nan,-,despertar,-,-,-
1863,74.52,-16775455,-9.855567163402135,nan,-,despertar,-,-,-
1864,74.56,-16775520,0.2689089077618547,nan,-,despertar,-,-,-
1865,74.6,-16775465,5.120625577310442,nan,-,despertar,-,-,-
1866,74.64,-16775470,6.4418004437138645,nan,-,despertar,-,-,-
1867,74.68,-16775465,4.174426940016844,nan,-,despertar,-,-,-
1868,74.72,-16775471,3.6425463618964997,nan,-,despertar,-,-,-
1869,74.76,-16775398,3.212117212017205,nan,-,despertar,-,-,-
1870,74.8,-16775410,4.895228801011886,nan,-,despertar,-,-,-
1871,74.84,-16775444,3.651183234562552,nan,-,despertar,-,-,-
1872,74.88,-16775402,-2.5444144718789383,nan,-,despertar,-,-,-
1873,74.92,-16775449,-4.520536635240489,nan,-,despertar,-,-,-
1874,74.96,-16775404,-5.3626798162614335,nan,-,despertar,-,-,-
1875,75.0,-16775346,-3.188365476404897,nan,66.5,despertar,-,-,Desconexión
1876,75.04,-16775396,2.7371668786063115,nan,-,despertar,-,-,Desconexión
1877,75.08,-16775425,5.858273269041078,nan,-,despertar,-,-,Desconexión
1878,75.12,-16775402,5.317726429767848,nan,-,despertar,-,-,Desconexión
1879,75.16,-16775485,6.754090299595262,nan,-,despertar,-,-,Desconexión
1880,75.2,-16775468,3.322247217857864,nan,-,despertar,-,-,Desconexión
1881,75.24,-16775482,0.2784716184023708,nan,-,despertar,-,-,Desconexión
1882,75.28,-16775449,-2.429449934305538,nan,-,despertar,-,-,Desconexión
1883,75.32,-16775405,-2.816234320950173,nan,-,despertar,-,-,Desconexión
1884,75.36,-16775453,0.07867860251511516,nan,-,despertar,-,-,Desconexión
1885,75.4,-16775417,-2.498503641255425,nan,-,despertar,-,-,Desconexión
1886,75.44,-16775462,-5.583646015715141,nan,-,despertar,-,-,Desconexión
1887,75.48,-16775394,-12.10489962015756,nan,-,despertar,-,-,Desconexión
1888,75.52,-16775435,-11.485562421263483,nan,-,despertar,-,-,Desconexión
1889,75.56,-16775510,-5.614277847675581,nan,-,despertar,-,-,Desconexión
1890,75.6,-16775396,-3.347159340559891,nan,-,despertar,-,-,Desconexión
1891,75.64,-16775435,4.065185364880929,nan,-,despertar,-,-,Desconexión
1892,75.68,-16775445,8.146943203505522,nan,-,despertar,-,-,Desconexión
1893,75.72,-16775434,7.419185941020645,nan,-,despertar,-,-,Desconexión
1894,75.76,-16775519,6.819853144163261,nan,-,despertar,-,-,Desconexión
1895,75.8,-16775492,2.7680243505909914,nan,-,despertar,-,-,Desconexión
1896,75.84,-16775407,-1.3487047863426866,nan,-,despertar,-,-,Desconexión
1897,75.88,-16775436,-1.0418823763220466,nan,-,despertar,-,-,Desconexión
1898,75.92,-16775415,-2.4629163406613266,nan,-,despertar,-,-,Desconexión
1899,75.96,-16775410,-2.3124567001264786,nan,-,despertar,-,-,Desconexión
1900,76.0,-16775421,-0.13709532834676946,nan,-,despertar,-,-,Desconexión
1901,76.04,-16775443,1.39818239376401,nan,-,despertar,-,-,Desconexión
1902,76.08,-16775444,-0.5644667397809329,nan,-,despertar,-,-,Desconexión
1903,76.12,-16775431,-3.2321298328714017,nan,-,despertar,-,-,Desconexión
1904,76.16,-16775436,-1.5294951872337474,nan,-,despertar,-,-,Desconexión
1905,76.2,-16775442,4.09548884522302,nan,-,despertar,-,-,Desconexión
1906,76.24,-16775432,8.467513264992082,nan,-,despertar,-,-,Desconexión
1907,76.28,-16775444,8.394680794320612,nan,-,despertar,-,-,Desconexión
1908,76.32,-16775428,2.87087424453316,nan,-,despertar,-,-,Desconexión
1909,76.36,-16775459,-1.46888127991968,nan,-,despertar,-,-,Desconexión
1910,76.4,-16775403,-5.982679893408594,nan,-,despertar,-,-,Desconexión
1911,76.44,-16775478,-3.5315336427444777,nan,-,despertar,-,-,Desconexión
1912,76.48,-16775495,-1.352432486757717,nan,-,despertar,-,-,Desconexión
1913,76.52,-16775485,0.01846032744790449,nan,-,despertar,-,-,Desconexión
1914,76.56,-16775412,-1.736085829641766,nan,-,despertar,-,-,Desconexión
1915,76.6,-16775439,-1.302784115982842,nan,-,despertar,-,-,Desconexión
1916,76.64,-16775492,-0.14772328679258706,nan,-,despertar,-,-,Desconexión
1917,76.68,-16775402,-3.0691584230347786,nan,-,despertar,-,-,Desconexión
1918,76.72,-16775421,-2.215728630562463,nan,-,despertar,-,-,Desconexión
1919,76.76,-16775414,-2.604535553083732,nan,-,despertar,-,-,Desconexión
1920,76.8,-16775422,-3.1624926578850197,nan,-,despertar,-,-,Desconexión
1921,76.84,-16775467,-1.9777069375940357,nan,-,despertar,-,-,Desconexión
1922,76.88,-16775461,0.07961085312019378,nan,-,despertar,-,-,Desconexión
1923,76.92,-16775386,2.123785296272956,nan,-,despertar,-,-,Desconexión
1924,76.96,-16775394,5.476866519922652,nan,-,despertar,-,-,Desconexión
1925,77.0,-16775439,6.203014545795462,nan,-,despertar,-,-,Desconexión
1926,77.04,-16775412,3.0311575148271013,nan,-,despertar,-,-,Desconexión
1927,77.08,-16775432,2.8209322309164655,nan,-,despertar,-,-,Desconexión
1928,77.12,-16775413,1.8314034484076327,nan,-,despertar,-,-,Desconexión
1929,77.16,-16775397,-0.9295174481779798,nan,-,despertar,-,-,Desconexión
1930,77.2,-16775481,-1.0735131350214502,nan,-,despertar,-,-,Desconexión
1931,77.24,-16775482,-1.0584121004936122,nan,-,despertar,-,-,Desconexión
1932,77.28,-16775459,1.4275415217907819,nan,-,despertar,-,-,Desconexión
1933,77.32,-16775468,4.2352127496886816,nan,-,despertar,-,-,Desconexión
1934,77.36,-16775497,3.3876239294849952,nan,-,despertar,-,-,Desconexión
1935,77.4,-16775453,-2.6004507647388273,nan,-,despertar,-,-,Desconexión
1936,77.44,-16775464,-5.040555352948051,nan,-,despertar,-,-,Desconexión
1937,77.48,-16775453,-5.021441762138743,nan,-,despertar,-,-,Desconexión
1938,77.52,-16775421,-5.356253774614629,nan,-,despertar,-,-,Desconexión
1939,77.56,-16775441,-5.849208365639079,nan,-,despertar,-,-,Desconexión
1940,77.6,-16775380,-8.941426929387319,nan,-,despertar,-,-,Desconexión
1941,77.64,-16775384,-6.87942504015307,nan,-,despertar,-,-,Desconexión
1942,77.68,-16775469,0.6229869130387442,nan,-,despertar,-,-,Desconexión
1943,77.72,-16775468,4.94619778243414,nan,-,despertar,-,-,Desconexión
1944,77.76,-16775492,7.777983919423271,nan,-,despertar,-,-,Desconexión
1945,77.8,-16775477,7.882465058689538,nan,-,despertar,-,-,Desconexión
1946,77.84,-16775385,5.022337094499356,nan,-,despertar,-,-,Desconexión
1947,77.88,-16775393,4.902939733424908,nan,-,despertar,-,-,Desconexión
1948,77.92,-16775384,3.670491643881313,nan,-,despertar,-,-,Desconexión
1949,77.96,-16775428,3.3588684263244275,nan,-,despertar,-,-,Desconexión
1950,78.0,-16775484,1.8567687535196313,nan,66.0,despertar,-,-,Desconexión
1951,78.04,-16775453,-4.071797080578609,nan,-,despertar,-,-,Desconexión
1952,78.08,-16775433,-8.640181698320113,nan,-,despertar,-,-,Desconexión
1953,78.12,-16775451,-7.052084570667306,nan,-,despertar,-,-,Desconexión
1954,78.16,-16775489,0.7202673061571794,nan,-,despertar,-,-,Desconexión
1955,78.2,-16775512,9.002583895997894,nan,-,despertar,-,-,Desconexión
1956,78.24,-16775469,10.008638704337768,nan,-,despertar,-,-,Desconexión
1957,78.28,-16775511,6.1081582581140905,nan,-,despertar,-,-,Desconexión
1958,78.32,-16775446,-5.326496562753412,nan,-,despertar,-,-,Desconexión
1959,78.36,-16775481,-10.839656709474323,nan,-,despertar,-,-,Desconexión
1960,78.4,-16775477,-10.649881529122634,nan,-,despertar,-,-,Desconexión
1961,78.44,-16775523,-4.012903137110312,nan,-,despertar,-,-,Desconexión
1962,78.48,-16775478,-1.3411354322960563,nan,-,despertar,-,-,Desconexión
1963,78.52,-16775478,-1.5063357761936906,nan,-,despertar,-,-,Desconexión
1964,78.56,-16775493,-2.8569345318373705,nan,-,despertar,-,-,Desconexión
1965,78.6,-16775481,-2.3642498345691205,nan,-,despertar,-,-,Desconexión
1966,78.64,-16775476,1.3829108158363148,nan,-,despertar,-,-,Desconexión
1967,78.68,-16775441,3.678837387052514,nan,-,despertar,-,-,Desconexión
1968,78.72,-16775398,2.501076734231546,nan,-,despertar,-,-,Desconexión
1969,78.76,-16775407,0.45574833563345507,nan,-,despertar,-,-,Desconexión
1970,78.8,-16775483,0.927308776430344,nan,-,despertar,-,-,Desconexión
1971,78.84,-16775450,0.5179346425654678,nan,-,despertar,-,-,Desconexión
1972,78.88,-16775475,3.9371211357730616,nan,-,despertar,-,-,Desconexión
1973,78.92,-16775384,2.9924556212988342,nan,-,despertar,-,-,Desconexión
1974,78.96,-16775483,6.308894760998967,nan,-,despertar,-,-,Desconexión
1975,79.0,-16775425,4.24748359146969,nan,-,despertar,-,-,Desconexión
1976,79.04,-16775349,2.570904534827946,nan,-,despertar,-,-,Desconexión
1977,79.08,-16775361,3.212489317661923,nan,-,despertar,-,-,Desconexión
1978,79.12,-16775377,0.9976329860883419,nan,-,despertar,-,-,Desconexión
1979,79.16,-16775343,-5.192590891862234,nan,-,despertar,-,-,Desconexión
1980,79.2,-5379,-527267.0868844278,nan,-,despertar,-,-,Desconexión
1981,79.24,-1205235,-446418.4743263805,nan,-,despertar,-,-,Desconexión
1982,79.28,-1211364,-355677.26059568767,nan,-,despertar,-,-,Desconexión
1983,79.32,-1217224,-213125.32244439033,nan,-,despertar,-,-,Desconexión
1984,79.36,-1220144,-32417.00708547095,nan,-,despertar,-,-,Desconexión
1985,79.4,-1218452,156959.25174122257,nan,-,despertar,-,-,Desconexión
1986,79.44,-1220120,353033.47369631846,nan,-,despertar,-,-,Desconexión
1987,79.48,-1222985,627392.1035171631,nan,-,despertar,-,-,Desconexión
1988,79.52,-1225318,1059900.8063399363,nan,-,despertar,-,-,Desconexión
1989,79.56,-1229410,1526696.1270440267,nan,-,despertar,-,-,Desconexión
1990,79.6,-1230979,1615035.6144876769,nan,-,despertar,-,-,Desconexión
1991,79.64,-1231749,1002738.8220896963,nan,-,despertar,-,-,Desconexión
1992,79.68,-1233341,-42530.54028134118,nan,-,despertar,-,-,Desconexión
1993,79.72,-1232905,-848023.1386786848,nan,-,despertar,-,-,Desconexión
1994,79.76,-1232094,-1062907.8606422094,nan,-,despertar,-,-,Desconexión
1995,79.8,-1226023,-904873.0969786241,nan,-,despertar,-,-,Desconexión
1996,79.84,-1212092,-724444.6165948762,nan,-,despertar,-,-,Desconexión
1997,79.88,-1207149,-637580.9861841581,nan,-,despertar,-,-,Desconexión
1998,79.92,-1209708,-580613.4524691353,nan,-,despertar,-,-,Desconexión
1999,79.96,-1214927,-493240.21039563464,nan,-,despertar,-,-,Desconexión
2000,80.0,-1218171,-379110.5747225941,nan,-,despertar,-,-,Desconexión
2001,80.04,-1219738,-266245.21593792853,nan,-,despertar,-,-,Desconexión
2002,80.08,-1223904,-168939.85399544775,nan,-,despertar,-,-,Desconexión
2003,80.12,-1226730,-86220.93498984235,nan,-,despertar,-,-,Desconexión
2004,80.16,-1229885,-14360.237140255282,nan,-,despertar,-,-,Desconexión
2005,80.2,-1229981,46371.3126015825,nan,-,despertar,-,-,Desconexión
2006,80.24,-1231030,93961.2140275886,nan,-,despertar,-,-,Desconexión
2007,80.28,-1232034,127593.38830455497,nan,-,despertar,-,-,Desconexión
2008,80.32,-1232111,148735.97017748724,nan,-,despertar,-,-,Desconexión
2009,80.36,-1229600,159908.9767598554,nan,-,despertar,-,-,Desconexión
2010,80.4,-1213932,162895.2021867829,nan,-,despertar,-,-,Desconexión
2011,80.44,-1207343,159615.3244386862,nan,-,despertar,-,-,Desconexión
2012,80.48,-1208423,150926.1471390418,nan,-,despertar,-,-,Desconexión
2013,80.52,-1212506,137898.6122865875,nan,-,despertar,-,-,Desconexión
2014,80.56,-1217253,121920.62258693708,nan,-,despertar,-,-,Desconexión
2015,80.6,-1219642,104172.63480091539,nan,-,despertar,-,-,Desconexión
2016,80.64,-1218025,85577.49203492273,nan,-,despertar,-,-,Desconexión
2017,80.68,-1219885,67259.34132547336,nan,-,despertar,-,-,Desconexión
2018,80.72,-1222996,49981.64741955165,nan,-,despertar,-,-,Desconexión
2019,80.76,-1226098,34170.4077068576,nan,-,despertar,-,-,Desconexión
2020,80.8,-1228476,19685.807310668693,nan,-,despertar,-,-,Desconexión
2021,80.84,-1229116,6225.857019911928,nan,-,despertar,-,-,Desconexión
2022,80.88,-1230372,-5805.734261268459,nan,-,despertar,-,-,Desconexión
2023,80.92,-1231881,-15447.96985595327,nan,-,despertar,-,-,Desconexión
2024,80.96,-1231965,-22010.40589208738,nan,-,despertar,-,-,Desconexión
2025,81.0,-1232127,-25655.779697230435,nan,nan,despertar,-,-,-
2026,81.04,-1220860,-27661.9626080299,nan,-,despertar,-,-,-
2027,81.08,-1208511,-28487.87544189512,nan,-,despertar,-,-,-
2028,81.12,-1207351,-27955.109472616736,nan,-,despertar,-,-,-
2029,81.16,-1212571,-26094.63793672737,nan,-,despertar,-,-,-
2030,81.2,-1218829,-23125.372651426424,nan,-,despertar,-,-,-
2031,81.24,-1218589,-19685.751530148427,nan,-,despertar,-,-,-
2032,81.28,-1219501,-16004.715019060906,nan,-,despertar,-,-,-
2033,81.32,-1222570,-12273.135235457532,nan,-,despertar,-,-,-
2034,81.36,-1226156,-8520.866637622748,nan,-,despertar,-,-,-
2035,81.4,-1227829,-4908.363214098466,nan,-,despertar,-,-,-
2036,81.44,-1229600,-1868.762156417968,nan,-,despertar,-,-,-
2037,81.48,-1229799,-132.62748575788282,nan,-,despertar,-,-,-
2038,81.52,-1231970,298.1103751255614,nan,-,despertar,-,-,-
2039,81.56,-1231806,81.41898410334034,nan,-,despertar,-,-,-
2040,81.6,-1224308,56.81530603169085,nan,-,despertar,-,-,-
2041,81.64,-1209577,453.3016563696947,nan,-,despertar,-,-,-
2042,81.68,-1207573,1368.4263554741956,nan,-,despertar,-,-,-
2043,81.72,-1208620,2024.5274289733406,nan,-,despertar,-,-,-
2044,81.76,-1214793,2562.3603551652195,nan,-,despertar,-,-,-
2045,81.8,-1218957,3030.71978255968,nan,-,despertar,-,-,-
2046,81.84,-1218905,3406.7943161452563,nan,-,despertar,-,-,-
2047,81.88,-1217140,3661.8595792558654,nan,-,despertar,-,-,-
2048,81.92,-1219895,4018.072962482065,nan,-,despertar,-,-,-
2049,81.96,-1222635,4426.554861018783,nan,-,despertar,-,-,-
2050,82.0,-1225795,4695.742699699986,nan,-,despertar,-,-,-
2051,82.04,-1228005,4222.548966015649,nan,-,despertar,-,-,-
2052,82.08,-1229227,2714.115981652705,nan,-,despertar,-,-,-
2053,82.12,-1231544,806.6441328367982,nan,-,despertar,-,-,-
2054,82.16,-1232869,-1810.3482963095034,nan,-,despertar,-,-,-
2055,82.2,-1231535,-1988.163690737107,nan,-,despertar,-,-,-
2056,82.24,-1230347,-1495.9666304129764,nan,-,despertar,-,-,-
2057,82.28,-1225353,-1156.749343040663,nan,-,despertar,-,-,-
2058,82.32,-1210705,-1557.638634448591,nan,-,despertar,-,-,-
2059,82.36,-1207175,-1787.821502103705,nan,-,despertar,-,-,-
2060,82.4,-1209042,-1586.8275406670482,nan,-,despertar,-,-,-
2061,82.44,-1214854,-867.9599018160006,nan,-,despertar,-,-,-
2062,82.48,-1218489,-32.08748559132255,nan,-,despertar,-,-,-
2063,82.52,-1218241,639.4841034902083,nan,-,despertar,-,-,-
2064,82.56,-1219242,1272.6009507355575,nan,-,despertar,-,-,-
2065,82.6,-1222222,1968.704032953041,nan,-,despertar,-,-,-
2066,82.64,-1225540,2661.379751667735,nan,-,despertar,-,-,-
2067,82.68,-1227973,3046.309083659504,nan,-,despertar,-,-,-
2068,82.72,-1228775,2646.608380551417,nan,-,despertar,-,-,-
2069,82.76,-1229820,1304.022007597839,nan,-,despertar,-,-,-
2070,82.8,-1232086,-475.11623548748366,nan,-,despertar,-,-,-
2071,82.84,-1231690,-1862.1946102784382,nan,-,despertar,-,-,-
2072,82.88,-1215839,-2691.503475384159,nan,-,despertar,-,-,-
2073,82.92,-1207798,-2497.2575873299393,nan,-,despertar,-,-,-
2074,82.96,-1207263,-1965.7782053947667,nan,-,despertar,-,-,-
2075,83.0,-1210813,-1526.6117591031375,nan,-,despertar,-,-,-
2076,83.04,-1215697,-1080.4409710982059,nan,-,despertar,-,-,-
2077,83.08,-1218682,-488.41151106693087,nan,-,despertar,-,-,-
2078,83.12,-1218970,192.9295372054803,nan,-,despertar,-,-,-
2079,83.16,-1218952,902.7363988412962,nan,-,despertar,-,-,-
2080,83.2,-1221816,1749.3711312399337,nan,-,despertar,-,-,-
2081,83.24,-1225252,2624.395525560665,nan,-,despertar,-,-,-
2082,83.28,-1226791,3012.149746875739,nan,-,despertar,-,-,-
2083,83.32,-1229173,2391.210746647864,nan,-,despertar,-,-,-
2084,83.36,-1230342,714.6863675197274,nan,-,despertar,-,-,-
2085,83.4,-1231301,-1074.58572705691,nan,-,despertar,-,-,-
2086,83.44,-1232114,-1990.0386096348743,nan,-,despertar,-,-,-
2087,83.48,-1231829,-1893.2218536379646,nan,-,despertar,-,-,-
2088,83.52,-1226736,-1497.9751036539346,nan,-,despertar,-,-,-
2089,83.56,-1213048,-1552.1313621522768,nan,-,despertar,-,-,-
2090,83.6,-1206042,-1686.5659051166094,nan,-,despertar,-,-,-
2091,83.64,-1207700,-1535.2520635368037,nan,-,despertar,-,-,-
2092,83.68,-1213151,-977.4000734523015,nan,-,despertar,-,-,-
2093,83.72,-1218354,-173.17483252679267,nan,-,despertar,-,-,-
2094,83.76,-1219652,539.2572379684343,nan,-,despertar,-,-,-
2095,83.8,-1218145,1066.959285042537,nan,-,despertar,-,-,-
2096,83.84,-1221890,1737.9510951253224,nan,-,despertar,-,-,-
2097,83.88,-1224185,2428.7195789815905,nan,-,despertar,-,-,-
2098,83.92,-1227140,3017.2266188178073,nan,-,despertar,-,-,-
2099,83.96,-1227638,2870.844334478752,nan,-,despertar,-,-,-
2100,84.0,-1229968,1721.7441511039592,70,70.0,despertar,-,-,-
2101,84.04,-1229095,-240.4516305636581,70,-,despertar,-,-,-
2102,84.08,-1213571,-2352.643625605844,70,-,despertar,-,-,-
2103,84.12,-1205883,-3082.1980555676164,70,-,despertar,-,-,-
2104,84.16,-1207945,-2483.3759931344202,70,-,despertar,-,-,-
2105,84.2,-1212691,-1536.8716020540292,70,-,despertar,-,-,-
2106,84.24,-1216477,-911.373526655927,70,-,despertar,-,-,-
2107,84.28,-1219569,-553.2514849658492,70,-,despertar,-,-,-
2108,84.32,-1217667,-264.47821552746154,70,-,despertar,-,-,-
2109,84.36,-1220187,456.06234180097135,70,-,despertar,-,-,-
2110,84.4,-1223218,1443.0823795714277,70,-,despertar,-,-,-
2111,84.44,-1225151,2370.2653315746547,70,-,despertar,-,-,-
2112,84.48,-1227501,2732.0746205113082,70,-,despertar,-,-,-
2113,84.52,-1228554,1952.5076338365543,70,-,despertar,-,-,-
2114,84.56,-1230617,298.32814181203116,70,-,despertar,-,-,-
2115,84.6,-1231145,-1312.6079322448522,70,-,despertar,-,-,-
2116,84.64,-1232163,-1917.4376872844919,70,-,despertar,-,-,-
2117,84.68,-1230732,-1642.2802924221883,70,-,despertar,-,-,-
2118,84.72,-1228176,-1157.015640592912,70,-,despertar,-,-,-
2119,84.76,-1212870,-1377.0780164418138,70,-,despertar,-,-,-
2120,84.8,-1208313,-1494.7393106253894,70,-,despertar,-,-,-
2121,84.84,-1207583,-1373.3932929490202,70,-,despertar,-,-,-
2122,84.88,-1211236,-816.5833145709607,70,-,despertar,-,-,-
2123,84.92,-1215699,-61.31971012546455,70,-,despertar,-,-,-
2124,84.96,-1218627,622.3719024762586,70,-,despertar,-,-,-
2125,85.0,-1218201,1121.925359155457,70,-,despertar,-,-,-
2126,85.04,-1219344,1682.4136899276946,70,-,despertar,-,-,-
2127,85.08,-1222113,2364.418341032152,70,-,despertar,-,-,-
2128,85.12,-1224816,2923.5031654523436,70,-,despertar,-,-,-
2129,85.16,-1226493,2856.0772357286787,70,-,despertar,-,-,-
2130,85.2,-1228010,1822.897295275066,70,-,despertar,-,-,-
2131,85.24,-1229474,98.79006763624739,70,-,despertar,-,-,-
2132,85.28,-1230179,-1477.4199418180588,70,-,despertar,-,-,-
2133,85.32,-1231729,-2134.3222271037666,70,-,despertar,-,-,-
2134,85.36,-1231469,-1964.3644901133136,70,-,despertar,-,-,-
2135,85.4,-1229170,-1534.2986794698904,70,-,despertar,-,-,-
2136,85.44,-1216756,-1604.255368157099,70,-,despertar,-,-,-
2137,85.48,-1206901,-1815.7346391729316,70,-,despertar,-,-,-
2138,85.52,-1207958,-1622.0009395962388,70,-,despertar,-,-,-
2139,85.56,-1212754,-1047.6418559089802,70,-,despertar,-,-,-
2140,85.6,-1218059,-265.52361155082326,70,-,despertar,-,-,-
2141,85.64,-1219025,367.83455364274414,70,-,despertar,-,-,-
2142,85.68,-1218884,862.1355317636953,70,-,despertar,-,-,-
2143,85.72,-1220976,1414.0267077659528,70,-,despertar,-,-,-
2144,85.76,-1224397,2120.0448810208636,70,-,despertar,-,-,-
2145,85.8,-1225883,2757.745730644039,70,-,despertar,-,-,-
2146,85.84,-1227735,2907.5317218691534,70,-,despertar,-,-,-
2147,85.88,-1229419,2045.8618079183443,70,-,despertar,-,-,-
2148,85.92,-1230639,306.5682427966567,70,-,despertar,-,-,-
2149,85.96,-1231699,-1378.9038126321996,70,-,despertar,-,-,-
2150,86.0,-1231993,-2129.0520150608236,70,-,despertar,-,-,-
2151,86.04,-1231316,-1909.7486865485316,70,-,despertar,-,-,-
2152,86.08,-1226101,-1518.8660656135862,70,-,despertar,-,-,-
2153,86.12,-1211397,-1678.6770746768398,70,-,despertar,-,-,-
2154,86.16,-1207076,-1716.575065284438,70,-,despertar,-,-,-
2155,86.2,-1208719,-1438.5801751447243,70,-,despertar,-,-,-
2156,86.24,-1212751,-816.2283764084755,70,-,despertar,-,-,-
2157,86.28,-1216970,-55.947320624953136,70,-,despertar,-,-,-
2158,86.32,-1220273,633.0009800778344,70,-,despertar,-,-,-
2159,86.36,-1218114,1080.7517211657132,70,-,despertar,-,-,-
2160,86.4,-1220921,1721.4405861572695,70,-,despertar,-,-,-
2161,86.44,-1222709,2400.5891508928053,70,-,despertar,-,-,-
2162,86.48,-1226255,2957.718205797152,70,-,despertar,-,-,-
2163,86.52,-1228184,2763.9876451448454,70,-,despertar,-,-,-
2164,86.56,-1229998,1554.250098076251,70,-,despertar,-,-,-
2165,86.6,-1230733,-282.81585974263044,70,-,despertar,-,-,-
2166,86.64,-1231387,-1757.8290356641505,70,-,despertar,-,-,-
2167,86.68,-1231033,-2250.202350853723,70,-,despertar,-,-,-
2168,86.72,-1230755,-1892.814923028213,70,-,despertar,-,-,-
2169,86.76,-1226283,-1476.6514444727536,70,-,despertar,-,-,-
2170,86.8,-1211207,-1671.8741652388035,70,-,despertar,-,-,-
2171,86.84,-1206890,-1746.5851215559487,70,-,despertar,-,-,-
2172,86.88,-1210990,-1440.3366082105458,70,-,recuperacion,-,-,-
2173,86.92,-1216270,-784.2935714973273,70,-,recuperacion,-,-,-
2174,86.96,-1218359,-17.422056920067917,70,-,recuperacion,-,-,-
2175,87.0,-1217841,647.2763292068439,68,69.0,recuperacion,-,-,-
2176,87.04,-1222487,1337.629710838658,68,-,recuperacion,-,-,-
2177,87.08,-1225485,1904.398715339753,68,-,recuperacion,-,-,-
2178,87.12,-1228570,2494.039036618012,68,-,recuperacion,-,-,-
2179,87.16,-1228487,2821.396630399503,68,-,recuperacion,-,-,-
2180,87.2,-1229895,2533.5663155316615,68,-,recuperacion,-,-,-
2181,87.24,-1230794,1247.2604647790897,68,-,recuperacion,-,-,-
2182,87.28,-1230892,-581.7074749405788,68,-,recuperacion,-,-,-
2183,87.32,-1231881,-1893.1844483406023,68,-,recuperacion,-,-,-
2184,87.36,-1228963,-2294.501963553408,68,-,recuperacion,-,-,-
2185,87.4,-1212822,-2440.145541425185,68,-,recuperacion,-,-,-
2186,87.44,-1206810,-2192.9683861006215,68,-,recuperacion,-,-,-
2187,87.48,-1206106,-1853.366145818607,68,-,recuperacion,-,-,-
2188,87.52,-1212581,-1143.135212358559,68,-,recuperacion,-,-,-
2189,87.56,-1215449,-344.4005886010955,68,-,recuperacion,-,-,-
2190,87.6,-1218550,456.4427285123493,68,-,recuperacion,-,-,-
2191,87.64,-1218351,981.2412894064964,68,-,recuperacion,-,-,-
2192,87.68,-1219219,1469.6287651692182,68,-,recuperacion,-,-,-
2193,87.72,-1223029,2170.084992114028,68,-,recuperacion,-,-,-
2194,87.76,-1224260,2798.8486258294133,68,-,recuperacion,-,-,-
2195,87.8,-1226841,2928.6292982445166,68,-,recuperacion,-,-,-
2196,87.84,-1228041,1941.3936057315173,68,-,recuperacion,-,-,-
2197,87.88,-1230436,146.02681448443036,68,-,recuperacion,-,-,-
2198,87.92,-1231445,-1538.6952102864695,68,-,recuperacion,-,-,-
2199,87.96,-1231135,-2248.4248955040093,68,-,recuperacion,-,-,-
2200,88.0,-1231530,-1955.0611098299755,68,-,recuperacion,-,-,-
2201,88.04,-1230365,-1418.9373371222764,68,-,recuperacion,-,-,-
2202,88.08,-1220442,-1414.9385488473854,68,-,recuperacion,-,-,-
2203,88.12,-1207746,-1744.6564039719287,68,-,recuperacion,-,-,-
2204,88.16,-1206015,-1654.266956906824,68,-,recuperacion,-,-,-
2205,88.2,-1213064,-1028.5814949216388,68,-,recuperacion,-,-,-
2206,88.24,-1217819,-294.8899352492235,68,-,recuperacion,-,-,-
