muestra,tiempo,ppg,ppg filtrado,spi,spi_promedio,estado,tipo evento,evento
1,0.02,-1951708,-1440.589774550126,nan,-,-,-,-
2,0.04,-1951073,-1951.5769748636762,nan,-,-,-,-
3,0.06,-1952942,-2215.374674657358,nan,-,-,-,-
4,0.08,-1955759,-2141.1546417252302,nan,-,-,-,-
5,0.1,-1946891,-2796.7707446840714,nan,-,-,-,-
6,0.12,-1931665,-3799.900694986931,nan,-,-,-,-
7,0.14,-1926244,-3918.5161460537965,nan,-,-,-,-
8,0.16,-1927690,-3363.9737923844914,nan,-,-,-,-
9,0.18,-1928155,-2700.28965095483,nan,-,-,-,-
10,0.2,-1929775,-1712.5786283145098,nan,-,-,-,-
11,0.22,-1932591,-374.48933719368597,nan,-,-,-,-
12,0.24,-1936446,1245.673480265757,nan,-,-,-,-
13,0.26,-1936734,2639.2140351543585,nan,-,-,-,-
14,0.28,-1936215,3782.2422324351237,nan,-,-,-,-
15,0.3,-1935072,4433.086748810605,nan,-,-,-,-
16,0.32,-1935099,4539.041226134104,nan,-,-,-,-
17,0.34,-1935838,4029.652409750376,nan,-,-,-,-
18,0.36,-1938567,3155.2940171351006,nan,-,-,-,-
19,0.38,-1938914,1871.297948795232,nan,-,-,-,-
20,0.4,-1940272,750.0682048964336,nan,-,-,-,-
21,0.42,-1942094,-29.315175324063603,nan,-,-,-,-
22,0.44,-1941825,-587.0113507787978,nan,-,-,-,-
23,0.46,-1946616,-437.3501972075428,nan,-,-,-,-
24,0.48,-1945568,-560.6990910320692,nan,-,-,-,-
25,0.5,-1946760,-491.8663053945693,nan,-,-,-,-
26,0.52,-1949787,-366.7971729368419,nan,-,-,-,-
27,0.54,-1950415,-544.4028068354164,nan,-,-,-,-
28,0.56,-1954079,-582.3577963255848,nan,-,-,-,-
29,0.58,-1949072,-1315.3895929069863,nan,-,-,-,-
30,0.6,-1929666,-3088.0920892666036,nan,-,-,-,-
31,0.62,-1928492,-3299.2362921310014,nan,-,-,-,-
32,0.64,-1931078,-2990.04770509845,nan,-,-,-,-
33,0.66,-1931886,-2552.3029794018094,nan,-,-,-,-
35,0.7,-1932337,-1861.758217824282,nan,-,-,-,-
36,0.72,-1934842,-751.196587151318,nan,-,-,-,-
37,0.74,-1935864,435.15536020360736,nan,-,-,-,-
38,0.76,-1935353,1556.1786586230123,nan,-,-,-,-
39,0.78,-1937824,2761.496985944885,nan,-,-,-,-
40,0.8,-1933790,3109.8759522884943,nan,-,-,-,-
41,0.82,-1933496,3227.8916270779137,nan,-,-,-,-
42,0.84,-1936881,3082.8001167608268,nan,-,-,-,-
43,0.86,-1938412,2379.4412705208842,nan,-,-,-,-
44,0.88,-1940861,1571.264862213422,nan,-,-,-,-
45,0.9,-1940953,654.8028572915237,nan,-,-,-,-
46,0.92,-1942827,104.23018469139697,nan,-,-,-,-
47,0.94,-1942332,-363.63259306351574,nan,-,-,-,-
48,0.96,-1943499,-503.2795202984389,nan,-,-,-,-
49,0.98,-1944565,-558.7596140758615,nan,-,-,-,-
50,1.0,-1946391,-564.8539939902248,nan,-,-,-,-
51,1.02,-1950179,-485.00440641362275,nan,-,-,-,-
52,1.04,-1947535,-956.1863863442964,nan,-,-,-,-
53,1.06,-1948585,-1150.8453906656864,nan,-,-,-,-
54,1.08,-1949171,-1330.4199348230984,nan,-,-,-,-
55,1.1,-1950064,-1407.4527406285831,nan,-,-,-,-
56,1.12,-1942367,-2053.88371412818,nan,-,-,-,-
57,1.14,-1928888,-3033.764763581785,nan,-,-,-,-
58,1.16,-1923753,-3221.8003495672747,nan,-,-,-,-
59,1.18,-1923813,-2811.1149543499996,nan,-,-,-,-
60,1.2,-1924151,-2138.2170482005586,nan,-,-,-,-
61,1.22,-1924673,-1189.707536257003,nan,-,-,-,-
62,1.24,-1923169,-155.74451697036056,nan,-,-,-,-
63,1.26,-1924959,1285.598529279493,nan,-,-,-,-
64,1.28,-1926454,2704.338341931086,nan,-,-,-,-
65,1.3,-1926128,3780.911318781362,nan,-,-,-,-
66,1.32,-1926879,4531.986784907665,nan,-,-,-,-
67,1.34,-1925922,4598.6458822688055,nan,-,-,-,-
68,1.36,-1926273,4188.266935960369,nan,-,-,-,-
69,1.38,-1927274,3372.967926884199,nan,-,-,-,-
70,1.4,-1925270,2101.167646585667,nan,-,-,-,-
71,1.42,-1929655,1333.9111051697755,nan,-,-,-,-
72,1.44,-1932783,653.7589165313439,nan,-,-,-,-
73,1.46,-1934424,107.8957956188242,nan,-,-,-,-
74,1.48,-1935684,-240.22920291683113,nan,-,-,-,-
75,1.5,-1935746,-528.7565708354286,nan,-,-,-,-
76,1.52,-1935512,-781.8466809766396,nan,-,-,-,-
77,1.54,-1936506,-960.7835242000792,nan,-,-,-,-
78,1.56,-1937878,-1171.7758933980804,nan,-,-,-,-
79,1.58,-1937116,-1597.095183788541,nan,-,-,-,-
80,1.6,-1942081,-1585.9893370800546,nan,-,-,-,-
81,1.62,-1943322,-1800.0325384800517,nan,-,-,-,-
82,1.64,-1944063,-1940.385902184269,nan,-,-,-,-
83,1.66,-1936044,-2608.989477582616,nan,-,-,-,-
84,1.68,-1920570,-3690.3178642251387,nan,-,-,-,-
85,1.7,-1916879,-3705.67639349849,nan,-,-,-,-
86,1.72,-1913447,-3535.678493835552,nan,-,-,-,-
87,1.74,-1916065,-2722.1078908775944,nan,-,-,-,-
88,1.76,-1916910,-1830.748675894929,nan,-,-,-,-
89,1.78,-1921042,-453.90013682343806,nan,-,-,-,-
90,1.8,-1921789,862.5593344278719,nan,-,-,-,-
91,1.82,-1924046,2367.1250836313393,nan,-,-,-,-
92,1.84,-1923766,3531.334543342734,nan,-,-,-,-
93,1.86,-1921964,4172.855210490894,nan,-,-,-,-
94,1.88,-1922380,4370.7999036024175,nan,-,-,-,-
95,1.9,-1922163,3848.575887384053,nan,-,-,-,-
96,1.92,-1923726,2925.5112523523276,nan,-,-,-,-
97,1.94,-1923298,1596.4880563455904,nan,-,-,-,-
98,1.96,-1925078,502.01955858718975,nan,-,-,-,-
99,1.98,-1928892,-136.397851729801,nan,-,-,-,-
100,2.0,-1930493,-557.9372857226854,nan,-,-,-,-
101,2.02,-1928725,-900.6591274944867,nan,-,-,-,-
102,2.04,-1932418,-626.4218201356534,nan,-,-,-,-
103,2.06,-1933910,-486.23813050244553,nan,-,-,-,-
104,2.08,-1933388,-591.3398386927056,nan,-,-,-,-
105,2.1,-1934879,-680.8348649129885,nan,-,-,-,-
106,2.12,-1935402,-960.0784148345392,nan,-,-,-,-
107,2.14,-1937230,-1188.3965007171,nan,-,-,-,-
108,2.16,-1941955,-1170.5819851836632,nan,-,-,-,-
109,2.18,-1939535,-1618.5626390837865,nan,-,-,-,-
110,2.2,-1924880,-2872.370736675597,nan,-,-,-,-
111,2.22,-1913219,-3716.0769739105344,nan,-,-,-,-
112,2.24,-1912640,-3497.2458581214196,nan,-,-,-,-
113,2.26,-1914100,-2895.584539671545,nan,-,-,-,-
114,2.28,-1916364,-1998.6244461173974,nan,-,-,-,-
115,2.3,-1918156,-904.4479356620996,nan,-,-,-,-
116,2.32,-1922194,559.546265184462,nan,-,-,-,-
117,2.34,-1923365,1904.070154824073,nan,-,-,-,-
118,2.36,-1923459,3093.0833426642935,nan,-,-,-,-
119,2.38,-1922559,3904.4659589944695,nan,-,-,-,-
120,2.4,-1918944,3986.918818460034,nan,-,-,-,-
121,2.42,-1918191,3654.2718015516575,nan,-,-,-,-
122,2.44,-1921277,3045.0367714981094,nan,-,-,-,-
123,2.46,-1923173,2009.798071385956,nan,-,-,-,-
124,2.48,-1926709,1081.7937453563154,nan,-,-,-,-
125,2.5,-1927851,219.683364763373,nan,-,-,-,-
126,2.52,-1929760,-207.3312358463445,nan,-,-,-,-
127,2.54,-1931407,-310.9485912389482,nan,-,-,-,-
128,2.56,-1932927,-230.2202293904811,nan,-,-,-,-
129,2.58,-1932391,-298.7337702636378,nan,-,-,-,-
130,2.6,-1932448,-453.353573417151,nan,-,-,-,-
131,2.62,-1937379,-416.34955159637866,nan,-,-,-,-
132,2.64,-1935772,-1014.7175098460139,nan,-,-,-,-
133,2.66,-1939614,-1220.4098473179156,nan,-,-,-,-
134,2.68,-1940000,-1602.5755561574888,nan,-,-,-,-
135,2.7,-1943039,-1629.8728700494294,nan,-,-,-,-
136,2.72,-1930119,-2708.112193981129,nan,-,-,-,-
137,2.74,-1921073,-3316.914300848177,nan,-,-,-,-
138,2.76,-1916730,-3396.1802406650095,nan,-,-,-,-
139,2.78,-1916666,-2980.9464964507442,nan,-,-,-,-
140,2.8,-1916360,-2401.6130922386783,nan,-,-,-,-
141,2.82,-1919637,-1338.855213349916,nan,-,-,-,-
142,2.84,-1917006,-508.7203580074174,nan,-,-,-,-
143,2.86,-1920085,933.2014213280381,nan,-,-,-,-
144,2.88,-1918778,2087.150709406983,nan,-,-,-,-
145,2.9,-1917275,3077.1541922577762,nan,-,-,-,-
146,2.92,-1914917,3641.594822630632,nan,-,-,-,-
147,2.94,-1919441,4216.3039537673785,nan,-,-,-,-
148,2.96,-1917744,3770.6475779739512,nan,-,-,-,-
149,2.98,-1919036,3138.9851769872125,nan,-,-,-,-
150,3.0,-1920658,2345.2129522342066,47,47.0,-,-,-
151,3.02,-1924308,1738.8902560446304,47,-,-,-,-
152,3.04,-1923363,951.0193281548445,47,-,-,-,-
153,3.06,-1925490,599.0160332792557,47,-,-,-,-
154,3.08,-1926132,278.78501532628707,47,-,-,-,-
155,3.1,-1928170,118.43125626700657,47,-,-,-,-
156,3.12,-1932082,72.69258045089009,47,-,-,-,-
157,3.14,-1930096,-488.94027777167867,47,-,-,-,-
158,3.16,-1931306,-850.3164093061041,47,-,-,-,-
159,3.18,-1934739,-1039.998051098877,47,-,-,-,-
160,3.2,-1926168,-2091.2588354566237,47,-,-,-,-
161,3.22,-1912962,-3364.498264451846,47,-,-,-,-
162,3.24,-1906140,-3936.044999431222,47,-,-,-,-
163,3.26,-1906148,-3714.9851359929507,47,-,-,-,-
164,3.28,-1906463,-3169.48291383817,47,-,-,-,-
165,3.3,-1908601,-2172.5672567763095,47,-,-,-,-
166,3.32,-1906925,-1176.3258523011154,47,-,-,-,-
167,3.34,-1910766,453.1653856168838,47,-,-,-,-
168,3.36,-1911629,1906.2207132719777,47,-,-,-,-
169,3.38,-1908165,2862.8856863092856,47,-,-,-,-
170,3.4,-1909521,3796.2492528063926,47,-,-,-,-
171,3.42,-1908366,3971.053606389779,47,-,-,-,-
172,3.44,-1907236,3539.26762935883,47,-,-,-,-
173,3.46,-1908756,2826.8982245077655,47,-,-,-,-
174,3.48,-1909672,1832.4250755702146,47,-,-,-,-
175,3.5,-1913817,1116.024051159372,47,-,-,-,-
176,3.52,-1915413,424.01877352544943,47,-,-,-,-
177,3.54,-1916949,11.818175077592969,47,-,-,-,-
178,3.56,-1917782,-218.7456174384688,47,-,-,-,-
179,3.58,-1917322,-428.60340367101253,47,-,-,-,-
180,3.6,-1918493,-518.4631594235443,47,-,-,-,-
181,3.62,-1918101,-816.7592414301462,47,-,-,-,-
182,3.64,-1919566,-1074.7700419897883,47,-,-,-,-
183,3.66,-1920604,-1417.464349827164,47,-,-,-,-
184,3.68,-1926261,-1379.6386711792975,47,-,-,-,-
185,3.7,-1924548,-1804.7410157836093,47,-,-,-,-
186,3.72,-1923875,-2003.7884087884167,47,-,-,-,-
187,3.74,-1906190,-3338.657382899484,47,-,-,-,-
188,3.76,-1895348,-3971.302728032264,47,-,-,-,-
189,3.78,-1896301,-3519.444909111742,47,-,-,-,-
190,3.8,-1895627,-3010.181864094906,47,-,-,-,-
191,3.82,-1899255,-1968.6331148488498,47,-,-,-,-
192,3.84,-1894822,-1306.7083613343566,47,-,-,-,-
193,3.86,-1898283,199.84102022671232,47,-,-,-,-
194,3.88,-1895692,1406.0484364874815,47,-,-,-,-
195,3.9,-1899741,3100.1353164803354,47,-,-,-,-
196,3.92,-1897149,4008.633259536273,47,-,-,-,-
197,3.94,-1893090,4286.3789962670035,47,-,-,-,-
198,3.96,-1894053,4309.887879990177,47,-,-,-,-
199,3.98,-1895935,3822.169443293895,47,-,-,-,-
200,4.0,-1897398,2939.632545116932,47,-,-,-,-
201,4.02,-1898528,1953.50750170234,47,-,-,-,-
202,4.04,-1903107,1378.577440906629,47,-,-,-,-
203,4.06,-1899612,437.69203955994726,47,-,-,-,-
204,4.08,-1901463,148.46056260932073,47,-,-,-,-
205,4.1,-1906964,287.74046886596807,47,-,-,-,-
206,4.12,-1905028,-116.10028582145787,47,-,-,-,-
207,4.14,-1904713,-458.9355036585994,47,-,-,-,-
208,4.16,-1906418,-738.5424603238253,47,-,-,-,-
209,4.18,-1910847,-874.1929774757036,47,-,-,-,-
210,4.2,-1908587,-1519.173155206733,47,-,-,-,-
211,4.22,-1909346,-1854.3034652043207,47,-,-,-,-
212,4.24,-1912021,-1919.4820623802016,47,-,-,-,-
213,4.26,-1904947,-2596.8784669805555,47,-,-,-,-
214,4.28,-1893972,-3428.7904971171847,47,-,-,-,-
215,4.3,-1883052,-4083.839925227043,47,-,-,-,-
216,4.32,-1885828,-3486.167689845108,47,-,-,-,-
217,4.34,-1886833,-2800.968627774939,47,-,-,-,-
218,4.36,-1887216,-1929.7324188842704,47,-,-,-,-
219,4.38,-1883090,-1169.333563637625,47,-,-,-,-
220,4.4,-1883559,134.1379535667029,47,-,-,-,-
221,4.42,-1887980,1809.9928757753978,47,-,-,-,-
222,4.44,-1887494,2985.159917278042,47,-,-,-,-
223,4.46,-1885807,3729.739953234554,47,-,-,-,-
224,4.48,-1883904,3954.3721680323497,47,-,-,-,-
225,4.5,-1882670,3675.2483048857916,47,-,-,-,-
226,4.52,-1884541,3172.3060505926996,47,-,-,-,-
227,4.54,-1885868,2370.861711499422,47,-,-,-,-
228,4.56,-1890676,1805.520139026824,47,-,-,-,-
229,4.58,-1892291,1127.6497788812285,47,-,-,-,-
230,4.6,-1892195,518.9457366478246,47,-,-,-,-
231,4.62,-1892307,112.62454428397177,47,-,-,-,-
232,4.64,-1896953,165.60041839274345,47,-,-,-,-
233,4.66,-1895687,-222.02484986025138,47,-,-,-,-
234,4.68,-1898019,-404.276581599951,47,-,-,-,-
235,4.7,-1897419,-907.7597973501315,47,-,-,-,-
236,4.72,-1902157,-1066.6740970243773,47,-,-,-,-
237,4.74,-1903853,-1449.0705647339946,47,-,-,-,-
238,4.76,-1903368,-1910.317856352979,47,-,-,-,-
239,4.78,-1906195,-1981.6685415822894,47,-,-,-,-
240,4.8,-1902208,-2436.542579302714,47,-,-,-,-
241,4.82,-1893602,-3122.2296151699975,47,-,-,-,-
242,4.84,-1879472,-4100.340098455199,47,-,-,-,-
243,4.86,-1876147,-4083.166827673005,47,-,-,-,-
244,4.88,-1878885,-3387.095586323132,47,-,-,-,-
245,4.9,-1880072,-2553.7274602189063,47,-,-,-,-
246,4.92,-1881828,-1395.2250307770528,47,-,-,-,-
247,4.94,-1879823,-264.0826657413081,47,-,-,-,-
248,4.96,-1883490,1457.2324840833958,47,-,-,-,-
249,4.98,-1883258,2838.317981781708,47,-,-,-,-
250,5.0,-1881833,3836.7224384873066,47,-,-,-,-
251,5.02,-1875793,3971.3132467953533,47,-,-,-,-
252,5.04,-1879564,4234.803319473087,47,-,-,-,-
253,5.06,-1877364,3469.60497305767,47,-,-,-,-
254,5.08,-1883387,2969.6216296586954,47,-,-,-,-
255,5.1,-1883365,1925.763315431248,47,-,-,-,-
256,5.12,-1886163,1258.2842893774632,47,-,-,-,-
257,5.14,-1886744,701.02326223011,47,-,-,-,-
258,5.16,-1885954,302.4145409459761,47,-,-,-,-
259,5.18,-1887482,235.48437011616988,47,-,-,-,-
260,5.2,-1887130,38.388411153657216,47,-,-,-,-
261,5.22,-1892136,154.26435559378297,47,-,-,-,-
262,5.24,-1893152,-171.67756964570253,47,-,-,-,-
263,5.26,-1894630,-556.9524502268978,47,-,-,-,-
264,5.28,-1896965,-882.8289400870854,47,-,-,-,-
265,5.3,-1898212,-1219.1492930323975,47,-,-,-,-
266,5.32,-1894527,-1818.8695516213413,47,-,-,-,-
267,5.34,-1875469,-3457.454250697878,47,-,-,-,-
268,5.36,-1871077,-3808.13096862752,47,-,-,-,-
269,5.38,-1868024,-3859.9806782810447,47,-,-,-,-
270,5.4,-1869935,-3292.8010369114145,47,-,-,-,-
271,5.42,-1870247,-2552.9356478470345,47,-,-,-,-
272,5.44,-1869953,-1529.3953357503915,47,-,-,-,-
273,5.46,-1869684,-205.74420373592875,47,-,-,-,-
274,5.48,-1870411,1359.755809898018,47,-,-,-,-
275,5.5,-1868477,2661.2940656203823,47,-,-,-,-
276,5.52,-1865762,3578.6891997456455,47,-,-,-,-
277,5.54,-1868940,4398.477272895423,47,-,-,-,-
278,5.56,-1869036,4336.103342858216,47,-,-,-,-
279,5.58,-1867961,3624.628834899191,47,-,-,-,-
280,5.6,-1870476,2863.040051585962,47,-,-,-,-
281,5.62,-1873692,2097.3485268411405,47,-,-,-,-
282,5.64,-1872647,1143.961283867361,47,-,-,-,-
283,5.66,-1873924,588.1761162604553,47,-,-,-,-
284,5.68,-1878745,491.37070050367765,47,-,-,-,-
285,5.7,-1879459,173.21090149252814,47,-,-,-,-
286,5.72,-1878629,-262.03378127715496,47,-,-,-,-
287,5.74,-1882463,-390.6076411382073,47,-,-,-,-
288,5.76,-1883707,-775.5038430113118,47,-,-,-,-
289,5.78,-1884929,-1190.8015756421928,47,-,-,-,-
290,5.8,-1884692,-1697.533945487336,47,-,-,-,-
291,5.82,-1886541,-1976.7537090528376,47,-,-,-,-
292,5.84,-1886325,-2313.6162114762196,47,-,-,-,-
293,5.86,-1884811,-2629.5796516093433,47,-,-,-,-
294,5.88,-1871275,-3719.415742705218,47,-,-,-,-
295,5.9,-1860793,-4382.5363820477,47,-,-,-,-
296,5.92,-1860231,-4048.4096453946768,47,-,-,-,-
297,5.94,-1861064,-3345.213605911087,47,-,-,-,-
298,5.96,-1859568,-2547.882875978805,47,-,-,-,-
299,5.98,-1858507,-1452.1428528098495,47,-,-,-,-
300,6.0,-1856942,-180.71958535378144,46,46.5,-,-,-
301,6.02,-1861447,1650.1573570758806,46,-,-,-,-
302,6.04,-1858828,2845.648981322398,46,-,-,-,-
303,6.06,-1855969,3723.980667273517,46,-,-,-,-
304,6.08,-1857014,4420.934219955364,46,-,-,-,-
305,6.1,-1857334,4488.363976671958,46,-,-,-,-
306,6.12,-1863000,4431.9173254102,46,-,-,-,-
307,6.14,-1863300,3596.4719613996267,46,-,-,-,-
308,6.16,-1865429,2752.578197244793,46,-,-,-,-
309,6.18,-1864888,1742.7006919512241,46,-,-,-,-
310,6.2,-1866597,1041.6529451152219,46,-,-,-,-
311,6.22,-1866341,339.4043246670435,46,-,-,-,-
312,6.24,-1868000,-107.52295364990005,46,-,-,-,-
313,6.26,-1872337,-297.8479643999108,46,-,-,-,-
314,6.28,-1871807,-845.1865696767727,46,-,-,-,-
315,6.3,-1871566,-1342.8843745043641,46,-,-,-,-
316,6.32,-1877458,-1306.1503750671272,46,-,-,-,-
317,6.34,-1878099,-1579.5148716554786,46,-,-,-,-
318,6.36,-1879944,-1670.0395388418183,46,-,-,-,-
319,6.38,-1874508,-2248.557925431716,46,-,-,-,-
320,6.4,-1859963,-3459.014930839843,46,-,-,-,-
321,6.42,-1850592,-4168.703182998015,46,-,-,-,-
322,6.44,-1852802,-3823.633988844971,46,-,-,-,-
323,6.46,-1853693,-3345.5788266107393,46,-,-,-,-
324,6.48,-1853533,-2655.1090341155996,46,-,-,-,-
325,6.5,-1854688,-1544.636958411479,46,-,-,-,-
326,6.52,-1853456,-339.15381444538525,46,-,-,-,-
327,6.54,-1853079,1081.5395736325459,46,-,-,-,-
328,6.56,-1851980,2385.1654052761746,46,-,-,-,-
329,6.58,-1848826,3219.0091468024857,46,-,-,-,-
330,6.6,-1847370,3665.773835580277,46,-,-,-,-
331,6.62,-1848911,3750.4590659400988,46,-,-,-,-
332,6.64,-1852862,3522.279336602129,46,-,-,-,-
333,6.66,-1854093,2812.6570597769505,46,-,-,-,-
334,6.68,-1854084,1988.5011861134572,46,-,-,-,-
335,6.7,-1852936,1233.886219310075,46,-,-,-,-
336,6.72,-1855104,938.8927488475065,46,-,-,-,-
337,6.74,-1855438,647.9097038374039,46,-,-,-,-
338,6.76,-1856832,476.3850383842964,46,-,-,-,-
339,6.78,-1861660,513.8283448262209,46,-,-,-,-
340,6.8,-1861360,65.00084894517931,46,-,-,-,-
341,6.82,-1862711,-324.0731695089944,46,-,-,-,-
342,6.84,-1862254,-852.9451559646523,46,-,-,-,-
343,6.86,-1864125,-1144.631758257592,46,-,-,-,-
344,6.88,-1865926,-1359.7680882758805,46,-,-,-,-
345,6.9,-1866882,-1567.805766516476,46,-,-,-,-
346,6.92,-1860837,-2250.0387364395183,46,-,-,-,-
347,6.94,-1842785,-3753.9489729099223,46,-,-,-,-
348,6.96,-1841916,-3770.101546165899,46,-,-,-,-
349,6.98,-1842438,-3441.4399316931595,46,-,-,-,-
350,7.0,-1842832,-2846.153573212956,46,-,-,-,-
351,7.02,-1840805,-2147.1796779374126,46,-,-,-,-
352,7.04,-1840793,-1031.7010610447105,46,-,-,-,-
353,7.06,-1843289,453.14475215695666,46,-,-,-,-
354,7.08,-1843596,1800.7299041261222,46,-,-,-,-
355,7.1,-1842334,2864.978643943218,46,-,-,-,-
356,7.12,-1838801,3391.0277268067084,46,-,-,-,-
357,7.14,-1837424,3573.6477072575963,46,-,-,-,-
358,7.16,-1838100,3382.3744049172565,46,-,-,-,-
359,7.18,-1842076,3032.7728565143425,46,-,-,-,-
360,7.2,-1843143,2264.640619237297,46,-,-,-,-
361,7.22,-1846365,1683.4444198952324,46,-,-,-,-
362,7.24,-1847249,1084.9790788095024,46,-,-,-,-
363,7.26,-1848488,707.8786827425192,46,-,-,-,-
364,7.28,-1850021,490.6277036124593,46,-,-,-,-
365,7.3,-1848194,50.69894867651783,46,-,-,-,-
366,7.32,-1852801,40.2570193542133,46,-,-,-,-
367,7.34,-1855304,-247.90191083456284,46,-,-,-,-
368,7.36,-1856810,-710.9691446259721,46,-,-,-,-
369,7.38,-1857471,-1257.987220554206,46,-,-,-,-
370,7.4,-1857287,-1793.4795325304112,46,-,-,-,-
371,7.42,-1860691,-1915.6930940148677,46,-,-,-,-
372,7.44,-1860365,-2176.4637076801255,46,-,-,-,-
373,7.46,-1855742,-2642.1976314609146,46,-,-,-,-
374,7.48,-1844298,-3518.5450583817765,46,-,-,-,-
375,7.5,-1834357,-4143.443249653967,46,-,-,-,-
376,7.52,-1833499,-3882.3051492943378,46,-,-,-,-
377,7.54,-1834089,-3262.072688554743,46,-,-,-,-
378,7.56,-1834108,-2395.9417046534654,46,-,-,-,-
379,7.58,-1831441,-1441.4992987795504,46,-,-,-,-
380,7.6,-1831603,-33.0914562965163,46,-,-,-,-
381,7.62,-1828793,1258.2327622069852,46,-,-,-,-
382,7.64,-1829506,2742.147547152956,46,-,-,-,-
383,7.66,-1830072,3918.47569240543,46,-,-,-,-
384,7.68,-1829826,4547.631210885745,46,-,-,-,-
385,7.7,-1828068,4493.398859422681,46,-,-,-,-
386,7.72,-1827622,4036.7038907534557,46,-,-,-,-
387,7.74,-1828483,3359.4638826710943,46,-,-,-,-
388,7.76,-1831623,2751.019074429828,46,-,-,-,-
389,7.78,-1835245,2235.161710875146,46,-,-,-,-
390,7.8,-1836603,1670.365783835843,46,-,-,-,-
391,7.82,-1839628,1346.3010554197008,46,-,-,-,-
392,7.84,-1840525,915.6874780056933,46,-,-,-,-
393,7.86,-1842829,584.1472819804694,46,-,-,-,-
394,7.88,-1843371,60.06661002055807,46,-,-,-,-
395,7.9,-1842241,-665.8764169335545,46,-,-,-,-
396,7.92,-1847095,-986.628536108341,46,-,-,-,-
397,7.94,-1847351,-1658.9870150294037,46,-,-,-,-
398,7.96,-1847802,-2236.1801127898207,46,-,-,-,-
399,7.98,-1851807,-2387.2132750347064,46,-,-,-,-
400,8.0,-1854340,-2464.7406059029317,46,-,-,-,-
401,8.02,-1849860,-2903.1100424255146,46,-,-,-,-
402,8.04,-1834616,-4006.04819680298,46,-,-,-,-
403,8.06,-1826952,-4373.36665545247,46,-,-,-,-
404,8.08,-1824035,-4212.536817288004,46,-,-,-,-
405,8.1,-1825906,-3499.1949093527146,46,-,-,-,-
406,8.12,-1828602,-2501.616161690352,46,-,-,-,-
407,8.14,-1827805,-1520.5823797106887,46,-,-,-,-
408,8.16,-1828746,-168.42925442311662,46,-,-,-,-
409,8.18,-1829669,1324.0298422930446,46,-,-,-,-
410,8.2,-1826968,2493.1967918785854,46,-,-,-,-
411,8.22,-1823101,3290.663099960987,46,-,-,-,-
412,8.24,-1822596,3848.2008643211498,46,-,-,-,-
413,8.26,-1822634,3847.38067467384,46,-,-,-,-
414,8.28,-1827737,3702.1358141026694,46,-,-,-,-
415,8.3,-1827960,2869.9780429838866,46,-,-,-,-
416,8.32,-1828556,2027.979138182703,46,-,-,-,-
417,8.34,-1831720,1550.49704751861,46,-,-,-,-
418,8.36,-1832343,1114.870954943457,46,-,-,-,-
419,8.38,-1834135,944.0216741045615,46,-,-,-,-
420,8.4,-1835282,769.5163203377197,46,-,-,-,-
421,8.42,-1836996,558.4410937382054,46,-,-,-,-
422,8.44,-1839920,295.86106779848524,46,-,-,-,-
423,8.46,-1840549,-267.5630803284739,46,-,-,-,-
424,8.48,-1839499,-998.9716381976946,46,-,-,-,-
425,8.5,-1841015,-1471.322652620789,46,-,-,-,-
426,8.52,-1843006,-1775.4898749434851,46,-,-,-,-
427,8.54,-1842005,-2151.211763499608,46,-,-,-,-
428,8.56,-1829946,-3205.189990771416,46,-,-,-,-
429,8.58,-1820997,-3830.9341120546414,46,-,-,-,-
430,8.6,-1818235,-3765.8080345267954,46,-,-,-,-
431,8.62,-1815640,-3447.224035937712,46,-,-,-,-
432,8.64,-1820841,-2279.3491169219506,46,-,-,-,-
433,8.66,-1817899,-1492.546044484061,46,-,-,-,-
434,8.68,-1818212,-257.912747854034,46,-,-,-,-
435,8.7,-1818314,1064.047710403644,46,-,-,-,-
436,8.72,-1820663,2504.659900177572,46,-,-,-,-
437,8.74,-1819215,3407.1909278175626,46,-,-,-,-
438,8.76,-1817867,3887.312088941096,46,-,-,-,-
439,8.78,-1818141,3954.9393773705488,46,-,-,-,-
440,8.8,-1819614,3597.621083151892,46,-,-,-,-
441,8.82,-1819522,2757.710979416356,46,-,-,-,-
442,8.84,-1821140,1913.5516736560921,46,-,-,-,-
443,8.86,-1821309,1033.5379778725028,46,-,-,-,-
444,8.88,-1826768,752.26247564404,46,-,-,-,-
445,8.9,-1827957,351.5488914995076,46,-,-,-,-
446,8.92,-1830275,185.44654454440388,46,-,-,-,-
447,8.94,-1830732,-64.63775192437788,46,-,-,-,-
448,8.96,-1830489,-393.10350130795086,46,-,-,-,-
449,8.98,-1831063,-730.7426380284751,46,-,-,-,-
450,9.0,-1833555,-995.0433095538883,48,47.0,-,-,-
451,9.02,-1838231,-1130.537822639014,48,-,-,-,-
452,9.04,-1842447,-1288.858535188634,48,-,-,-,-
453,9.06,-1834699,-2288.1254752278,48,-,-,-,-
454,9.08,-1824390,-3334.7951409432553,48,-,-,-,-
455,9.1,-1812353,-4296.249230406715,48,-,-,-,-
456,9.12,-1808279,-4385.6515634437055,48,-,-,-,-
457,9.14,-1809038,-3827.230136036931,48,-,-,-,-
458,9.16,-1811051,-2894.274704143638,48,-,-,-,-
459,9.18,-1809967,-1919.0512923205115,48,-,-,-,-
460,9.2,-1809492,-631.5239571741822,48,-,-,-,-
461,9.22,-1810609,969.2537501240599,48,-,-,-,-
462,9.24,-1809244,2402.745349569743,48,-,-,-,-
463,9.26,-1806332,3494.9406836611142,48,-,-,-,-
464,9.28,-1805950,4304.574443127602,48,-,-,-,-
465,9.3,-1805960,4509.2658100421595,48,-,-,-,-
466,9.32,-1807290,4197.533722555105,48,-,-,-,-
467,9.34,-1810712,3616.350037811734,48,-,-,-,-
468,9.36,-1812181,2726.34587652922,48,-,-,-,-
469,9.38,-1814358,1966.2004662597747,48,-,-,-,-
470,9.4,-1815893,1350.9162041732598,48,-,-,-,-
471,9.42,-1817687,940.8830689164333,48,-,-,-,-
472,9.44,-1821513,779.0902873634041,48,-,-,-,-
473,9.46,-1822780,400.2298665282033,48,-,-,-,-
474,9.48,-1824708,-24.680550702350956,48,-,-,-,-
475,9.5,-1825002,-678.0184363408625,48,-,-,-,-
476,9.52,-1825732,-1345.2837629046953,48,-,-,-,-
477,9.54,-1827216,-1914.7045461487196,48,-,-,-,-
478,9.56,-1831684,-2139.673696973271,48,-,-,-,-
479,9.58,-1835468,-2263.8694690694365,48,-,-,-,-
480,9.6,-1836155,-2472.336910720953,48,-,-,-,-
481,9.62,-1819682,-3843.151990831976,48,-,-,-,-
482,9.64,-1809843,-4533.814660839396,48,-,-,-,-
483,9.66,-1803826,-4730.06032127334,48,-,-,-,-
484,9.68,-1806349,-4048.7804957681274,48,-,-,-,-
485,9.7,-1806566,-3299.1316421881256,48,-,-,-,-
486,9.72,-1806817,-2278.6334479839425,48,-,-,-,-
487,9.74,-1806278,-1045.0655274475812,48,-,-,-,-
488,9.76,-1807399,533.6065247827828,48,-,-,-,-
489,9.78,-1805608,1960.1776658297213,48,-,-,-,-
490,9.8,-1802634,3134.6000144472464,48,-,-,-,-
491,9.82,-1803665,4192.979761650191,48,-,-,-,-
492,9.84,-1805081,4664.646892113387,48,-,-,-,-
493,9.86,-1805977,4453.361747777594,48,-,-,-,-
494,9.88,-1806260,3714.188062300612,48,-,-,-,-
495,9.9,-1807352,2826.4176201987107,48,-,-,-,-
496,9.92,-1806406,1827.5124407073445,48,-,-,-,-
497,9.94,-1811487,1479.0785255695027,48,-,-,-,-
498,9.96,-1815761,1269.2897161958954,48,-,-,-,-
499,9.98,-1813518,686.2164013120473,48,-,-,-,-
500,10.0,-1817514,610.6026042458416,48,-,-,-,-
501,10.02,-1818705,274.17967503110776,48,-,-,-,-
502,10.04,-1821393,-24.941376804561514,48,-,-,-,-
503,10.06,-1821612,-575.1200593742751,48,-,-,-,-
504,10.08,-1821967,-1135.1135547372132,48,-,-,-,-
505,10.1,-1823496,-1575.4558218282823,48,-,-,-,-
506,10.12,-1819879,-2326.88760989621,48,-,-,-,-
507,10.14,-1810906,-3339.015480666377,48,-,-,-,-
508,10.16,-1801742,-4139.988240710787,48,-,-,-,-
509,10.18,-1800527,-4047.17634336413,48,-,-,-,-
510,10.2,-1800182,-3579.1824451113444,48,-,-,-,-
511,10.22,-1801469,-2684.9987188764117,48,-,-,-,-
512,10.24,-1800864,-1668.536333867225,48,-,-,-,-
513,10.26,-1803659,-199.80039198553868,48,-,-,-,-
514,10.28,-1800299,865.6001358743501,48,-,-,-,-
515,10.3,-1799963,2064.4791884776328,48,-,-,-,-
516,10.32,-1801308,3108.7993873272185,48,-,-,-,-
517,10.34,-1799638,3480.611021656988,48,-,-,-,-
518,10.36,-1798968,3421.7022370074237,48,-,-,-,-
519,10.38,-1800069,3052.1017368848925,48,-,-,-,-
520,10.4,-1801482,2428.308259377238,48,-,-,-,-
521,10.42,-1806825,2032.6727364394583,48,-,-,-,-
522,10.44,-1809172,1494.0915531493665,48,-,-,-,-
523,10.46,-1811154,1081.022698819941,48,-,-,-,-
524,10.48,-1812807,770.5304944483032,48,-,-,-,-
525,10.5,-1813397,423.87529561806696,48,-,-,-,-
526,10.52,-1814876,103.4629021424953,48,-,-,-,-
527,10.54,-1815167,-400.4417824621978,48,-,-,-,-
528,10.56,-1819653,-674.4141238802822,48,-,-,-,-
529,10.58,-1821466,-1195.0170838445529,48,-,-,-,-
530,10.6,-1820664,-1872.3194271152497,48,-,-,-,-
531,10.62,-1825229,-2009.4131891070774,48,-,-,-,-
532,10.64,-1826947,-2189.618419013199,48,-,-,-,-
533,10.66,-1820526,-2816.5069443863713,48,-,-,-,-
534,10.68,-1801758,-4216.976290778237,48,-,-,-,-
535,10.7,-1793915,-4598.043267779609,48,-,-,-,-
536,10.72,-1793072,-4236.531929717854,48,-,-,-,-
537,10.74,-1794678,-3444.7473954044017,48,-,-,-,-
538,10.76,-1794587,-2490.752621684127,48,-,-,-,-
539,10.78,-1792991,-1328.005379009448,48,-,-,-,-
540,10.8,-1794917,390.37578373136057,48,-,-,-,-
541,10.82,-1795167,2122.1592503324387,48,-,-,-,-
542,10.84,-1794423,3676.7820855137807,48,-,-,-,-
543,10.86,-1791597,4685.559471207051,48,-,-,-,-
544,10.88,-1789322,5112.123613173231,48,-,-,-,-
545,10.9,-1792625,5245.619010443809,48,-,-,-,-
546,10.92,-1791286,4406.498857184994,48,-,-,-,-
547,10.94,-1794516,3563.7757327923237,48,-,-,-,-
548,10.96,-1797190,2628.641121049797,48,-,-,-,-
549,10.98,-1799992,1873.885076315093,48,-,-,-,-
550,11.0,-1802116,1320.4963626608096,48,-,-,-,-
551,11.02,-1802211,823.4137543354555,48,-,-,-,-
552,11.04,-1802704,455.86570090084206,48,-,-,-,-
553,11.06,-1807165,366.7353962697234,48,-,-,-,-
554,11.08,-1806029,-257.2646358714319,48,-,-,-,-
555,11.1,-1810758,-544.6949514999051,48,-,-,-,-
556,11.12,-1814045,-998.89221354664,48,-,-,-,-
557,11.14,-1816152,-1516.636734167405,48,-,-,-,-
558,11.16,-1817263,-2007.3307787332114,48,-,-,-,-
559,11.18,-1817583,-2415.262011892827,48,-,-,-,-
560,11.2,-1812405,-3097.8114093704917,48,-,-,-,-
561,11.22,-1797917,-4347.1197440007345,48,-,-,-,-
562,11.24,-1788998,-4997.393558838739,48,-,-,-,-
563,11.26,-1790952,-4595.346823176089,48,-,-,-,-
564,11.28,-1790129,-4127.552122180452,48,-,-,-,-
565,11.3,-1788415,-3388.064320449439,48,-,-,-,-
566,11.32,-1791401,-1923.7732618760965,48,-,-,-,-
567,11.34,-1793649,-215.1243705775437,48,-,-,-,-
568,11.36,-1790389,1206.1713145479844,48,-,-,-,-
569,11.38,-1787825,2572.5352413485834,48,-,-,-,-
570,11.4,-1791555,4039.2774223482047,48,-,-,-,-
571,11.42,-1788576,4392.278608618793,48,-,-,-,-
572,11.44,-1789962,4408.517750976926,48,-,-,-,-
573,11.46,-1790006,3761.7858205154234,48,-,-,-,-
574,11.48,-1796259,3267.938976675214,48,-,-,-,-
575,11.5,-1796938,2289.2114504768497,48,-,-,-,-
576,11.52,-1798548,1518.86582649928,48,-,-,-,-
577,11.54,-1801278,1046.5382811268046,48,-,-,-,-
578,11.56,-1799970,439.5310140334923,48,-,-,-,-
579,11.58,-1803579,286.4249881951064,48,-,-,-,-
580,11.6,-1801948,-282.90317112039065,48,-,-,-,-
581,11.62,-1807798,-341.3695321799978,48,-,-,-,-
582,11.64,-1810088,-725.0606204867026,48,-,-,-,-
583,11.66,-1810950,-1219.7337641570439,48,-,-,-,-
584,11.68,-1811856,-1642.5865563579473,48,-,-,-,-
585,11.7,-1811105,-2071.251961339409,48,-,-,-,-
586,11.72,-1802312,-2966.939064531489,48,-,-,-,-
587,11.74,-1793177,-3724.1647172734574,48,-,-,-,-
588,11.76,-1789842,-3857.296779376107,48,-,-,-,-
589,11.78,-1790788,-3463.10584934653,48,-,-,-,-
590,11.8,-1790650,-2921.3388014977936,48,-,-,-,-
591,11.82,-1789875,-2164.125760580646,48,-,-,-,-
592,11.84,-1791016,-995.8449095038668,48,-,-,-,-
593,11.86,-1795643,624.0837471566911,48,-,-,-,-
594,11.88,-1792852,1696.549640467941,48,-,-,-,-
595,11.9,-1794199,2890.442826876465,48,-,-,-,-
596,11.92,-1790508,3298.0690809672014,48,-,-,-,-
597,11.94,-1791906,3569.405607472986,48,-,-,-,-
598,11.96,-1794443,3406.684725806045,48,-,-,-,-
599,11.98,-1794704,2686.0156240755414,48,-,-,-,-
600,12.0,-1796955,1952.6782481992682,42,45.75,-,-,-
601,12.02,-1800523,1363.179593651117,42,-,-,-,-
602,12.04,-1805318,1035.8881263301773,42,-,-,-,-
603,12.06,-1812737,1092.0251917924197,42,-,-,-,-
604,12.08,-1812610,679.7330489232354,42,-,-,-,-
605,12.1,-1815106,464.31026221450156,42,-,-,-,-
606,12.12,-1819142,256.1384589431891,42,-,-,-,-
607,12.14,-1819734,-383.2031719716424,42,-,-,-,-
608,12.16,-1823516,-927.4675828235086,42,-,-,-,-
609,12.18,-1819063,-2163.1782865303517,42,-,-,-,-
610,12.2,-1805115,-4038.0775683032916,42,-,-,-,-
611,12.22,-1793848,-5437.14159993186,42,-,-,-,-
612,12.24,-1794777,-5475.641358292338,42,-,-,-,-
613,12.26,-1795712,-5000.9334978575225,42,-,-,-,-
614,12.28,-1793938,-4207.952496575006,42,-,-,-,-
615,12.3,-1793703,-2827.7712478849335,42,-,-,-,-
616,12.32,-1793616,-1095.2146691821617,42,-,-,-,-
617,12.34,-1792801,728.8291235251136,42,-,-,-,-
618,12.36,-1793102,2540.0713439688943,42,-,-,-,-
619,12.38,-1791879,3872.8112343801818,42,-,-,-,-
620,12.4,-1790544,4618.35089618926,42,-,-,-,-
621,12.42,-1794691,5106.570923842505,42,-,-,-,-
622,12.44,-1797505,4877.472297284004,42,-,-,-,-
623,12.46,-1798376,4086.3146844585126,42,-,-,-,-
624,12.48,-1801520,3306.953437140167,42,-,-,-,-
625,12.5,-1800913,2275.093643290562,42,-,-,-,-
626,12.52,-1802774,1561.6123468322703,42,-,-,-,-
627,12.54,-1806537,1121.964694651433,42,-,-,-,-
628,12.56,-1809058,660.3087538402906,42,-,-,-,-
629,12.58,-1811945,242.46685142103524,42,-,-,-,-
630,12.6,-1812077,-394.1514528203079,42,-,-,-,-
631,12.62,-1811867,-1046.6590437029881,42,-,-,-,-
632,12.64,-1815629,-1342.4062117012127,42,-,-,-,-
633,12.66,-1818613,-1611.8713762675852,42,-,-,-,-
634,12.68,-1818837,-1992.729850923096,42,-,-,-,-
635,12.7,-1821166,-2115.103252186059,42,-,-,-,-
636,12.72,-1822745,-2208.868704069563,42,-,-,-,-
637,12.74,-1811143,-3219.3245308637906,42,-,-,-,-
638,12.76,-1798611,-4164.375509879417,42,-,-,-,-
639,12.78,-1797049,-4078.7301183989166,42,-,-,-,-
640,12.8,-1795478,-3766.197329466455,42,-,-,-,-
641,12.82,-1796320,-3014.989033779415,42,-,-,-,-
642,12.84,-1799916,-1784.6195675147128,42,-,-,-,-
643,12.86,-1801695,-445.64736382032333,42,-,-,-,-
644,12.88,-1802869,1012.3592984968589,42,-,-,-,-
645,12.9,-1803703,2446.790352304411,42,-,-,-,-
646,12.92,-1801646,3434.8649602281466,42,-,-,-,-
647,12.94,-1798840,3912.188983457133,42,-,-,-,-
648,12.96,-1799902,4084.1734945241806,42,-,-,-,-
649,12.98,-1802273,3755.5981374173853,42,-,-,-,-
650,13.0,-1802399,2826.1282823651345,42,-,-,-,-
651,13.02,-1803663,1834.8165655487628,42,-,-,-,-
652,13.04,-1806105,1056.3996524625309,42,-,-,-,-
653,13.06,-1807253,466.0558456001436,42,-,-,-,-
654,13.08,-1811197,396.2610287575899,42,-,-,-,-
655,13.1,-1813200,382.2741954661251,42,-,-,-,-
656,13.12,-1814179,338.3954329060298,42,-,-,-,-
657,13.14,-1817347,372.6553695257244,42,-,-,-,-
658,13.16,-1817294,0.0876726704009343,42,-,-,-,-
659,13.18,-1820558,-268.908971543,42,-,-,-,-
660,13.2,-1820982,-839.3560224462944,42,-,-,-,-
661,13.22,-1824856,-1146.081754460246,42,-,-,-,-
662,13.24,-1823625,-1769.7736820589043,42,-,-,-,-
663,13.26,-1806471,-3461.6319355500764,42,-,-,-,-
664,13.28,-1798233,-4236.662065412151,42,-,-,-,-
665,13.3,-1800661,-3905.2598854694334,42,-,-,-,-
666,13.32,-1798551,-3612.7832413084852,42,-,-,-,-
667,13.34,-1803409,-2480.905103592512,42,-,-,-,-
668,13.36,-1804045,-1393.5885659278192,42,-,-,-,-
669,13.38,-1804788,-85.7007361132869,42,-,-,-,-
670,13.4,-1804768,1255.553407845303,42,-,-,-,-
671,13.42,-1803418,2404.5859141325136,42,-,-,-,-
672,13.44,-1804445,3424.4433188216585,42,-,-,-,-
673,13.46,-1805902,3966.321312692633,42,-,-,-,-
674,13.48,-1807250,3895.499894334817,42,-,-,-,-
675,13.5,-1805319,3046.9189266718968,42,-,-,-,-
676,13.52,-1806530,2140.4079823815528,42,-,-,-,-
677,13.54,-1812327,1555.8475622584183,42,-,-,-,-
678,13.56,-1813075,756.0108863208297,42,-,-,-,-
679,13.58,-1813545,188.17610284787224,42,-,-,-,-
680,13.6,-1819187,233.8608492882704,42,-,-,-,-
681,13.62,-1822095,178.80391548307853,42,-,-,-,-
682,13.64,-1822705,-56.725108047359754,42,-,-,-,-
683,13.66,-1823335,-365.72120541167715,42,-,-,-,-
684,13.68,-1823654,-793.3102612805833,42,-,-,-,-
685,13.7,-1829162,-898.3290827521378,42,-,-,-,-
686,13.72,-1831074,-1307.915424012991,42,-,-,-,-
687,13.74,-1833422,-1651.4614932023378,42,-,-,-,-
688,13.76,-1834116,-2027.6590510345677,42,-,-,-,-
689,13.78,-1820417,-3354.6776693473093,42,-,-,-,-
690,13.8,-1808375,-4342.641749974529,42,-,-,-,-
691,13.82,-1805197,-4392.09155563443,42,-,-,-,-
692,13.84,-1802580,-4114.79059861572,42,-,-,-,-
693,13.86,-1803242,-3288.6567974792197,42,-,-,-,-
694,13.88,-1804228,-2131.5581155982654,42,-,-,-,-
695,13.9,-1801600,-955.2009395416026,42,-,-,-,-
696,13.92,-1806436,1018.3311154173643,42,-,-,-,-
697,13.94,-1808200,2812.9738861637347,42,-,-,-,-
698,13.96,-1808050,4259.507017076604,42,-,-,-,-
699,13.98,-1805923,5077.28155709453,42,-,-,-,-
700,14.0,-1806072,5392.828607909413,42,-,-,-,-
701,14.02,-1807723,5108.6693008419425,42,-,-,-,-
702,14.04,-1807554,4118.454046260954,42,-,-,-,-
703,14.06,-1809115,2969.722634920675,42,-,-,-,-
704,14.08,-1814603,2116.405167073269,42,-,-,-,-
705,14.1,-1817033,1226.2851629909728,42,-,-,-,-
706,14.12,-1817613,477.97106196671666,42,-,-,-,-
707,14.14,-1817352,-70.32120217668034,42,-,-,-,-
708,14.16,-1819453,-267.85330022434664,42,-,-,-,-
709,14.18,-1823427,-277.3201968411522,42,-,-,-,-
710,14.2,-1824704,-549.5544922258941,42,-,-,-,-
711,14.22,-1827245,-818.6647668761807,42,-,-,-,-
712,14.24,-1829363,-1185.4432699108374,42,-,-,-,-
713,14.26,-1831655,-1537.8526837947838,42,-,-,-,-
714,14.28,-1832372,-1941.1887021780512,42,-,-,-,-
715,14.3,-1832872,-2248.851656645279,42,-,-,-,-
716,14.32,-1826691,-2941.934562305212,42,-,-,-,-
717,14.34,-1814512,-3956.5626866056555,42,-,-,-,-
718,14.36,-1808302,-4344.091137371168,42,-,-,-,-
719,14.38,-1808755,-4002.8443253995993,42,-,-,-,-
720,14.4,-1811963,-3184.007065355565,42,-,-,-,-
721,14.42,-1812621,-2265.323523955265,42,-,-,-,-
722,14.44,-1812444,-1127.972719414197,42,-,-,-,-
723,14.46,-1812264,211.8271724247743,42,-,-,-,-
724,14.48,-1811767,1573.7748280969145,42,-,-,-,-
725,14.5,-1812353,2849.5355972661637,42,-,-,-,-
726,14.52,-1813273,3758.2169111850235,42,-,-,-,-
727,14.54,-1810704,3853.8815331335027,42,-,-,-,-
728,14.56,-1813411,3789.5268387161505,42,-,-,-,-
729,14.58,-1816736,3337.4038850752318,42,-,-,-,-
730,14.6,-1818714,2569.644417161977,42,-,-,-,-
731,14.62,-1819950,1759.1181859081435,42,-,-,-,-
732,14.64,-1822026,1167.7978999545512,42,-,-,-,-
733,14.66,-1824036,752.0000717715548,42,-,-,-,-
734,14.68,-1822521,193.2474273715934,42,-,-,-,-
735,14.7,-1827789,199.46128082044834,42,-,-,-,-
736,14.72,-1830775,6.095957766947322,42,-,-,-,-
737,14.74,-1831204,-436.3890274693322,42,-,-,-,-
738,14.76,-1832970,-808.7196494949994,42,-,-,-,-
739,14.78,-1832997,-1296.2785655640969,42,-,-,-,-
740,14.8,-1837280,-1392.1175000041394,42,-,-,-,-
741,14.82,-1838395,-1641.3114979121829,42,-,-,-,-
742,14.84,-1826655,-2771.102906806981,42,-,-,-,-
743,14.86,-1811883,-3990.4464986426246,42,-,-,-,-
744,14.88,-1808849,-4111.842734778467,42,-,-,-,-
745,14.9,-1809665,-3685.0520779772432,42,-,-,-,-
746,14.92,-1806720,-3243.5349785572416,42,-,-,-,-
747,14.94,-1806005,-2292.6581024457446,42,-,-,-,-
748,14.96,-1803927,-1118.3183430802947,42,-,-,-,-
749,14.98,-1802881,379.85947653577387,42,-,-,-,-
750,15.0,-1808114,2434.916035550532,42,44.5,-,-,-
751,15.02,-1808280,3936.397960126175,42,-,-,-,-
752,15.04,-1802947,4599.810626124393,42,-,-,-,-
753,15.06,-1804329,5178.126030341822,42,-,-,-,-
754,15.08,-1806629,5175.500239475822,42,-,-,-,-
755,15.1,-1806734,4462.08638816421,42,-,-,-,-
756,15.12,-1811994,3819.595972976371,42,-,-,-,-
757,15.14,-1813778,2815.923162294808,42,-,-,-,-
758,15.16,-1812556,1659.0071033355325,42,-,-,-,-
759,15.18,-1815805,1009.2219489410872,42,-,-,-,-
760,15.2,-1819459,557.9520872697049,42,-,-,-,-
761,15.22,-1819521,-52.57089120511591,42,-,-,-,-
762,15.24,-1820062,-575.8571685641946,42,-,-,-,-
763,15.26,-1821333,-1040.4684863095872,42,-,-,-,-
764,15.28,-1826268,-1232.6149618883392,42,-,-,-,-
765,15.3,-1827399,-1694.7583218677473,42,-,-,-,-
766,15.32,-1830178,-1961.757901594663,42,-,-,-,-
767,15.34,-1832285,-2177.6887048204653,42,-,-,-,-
768,15.36,-1827019,-2845.082496397449,42,-,-,-,-
769,15.38,-1816300,-3807.0647351064745,42,-,-,-,-
770,15.4,-1802002,-4886.73483108668,42,-,-,-,-
771,15.42,-1801085,-4734.429235262083,42,-,-,-,-
772,15.44,-1804254,-4014.8536294211153,42,-,-,-,-
773,15.46,-1802886,-3345.2328392997297,42,-,-,-,-
774,15.48,-1803017,-2229.084105805572,42,-,-,-,-
775,15.5,-1800282,-1015.4062907991665,42,-,-,-,-
776,15.52,-1804744,954.7406335913097,42,-,-,-,-
777,15.54,-1804247,2531.8025660359062,42,-,-,-,-
778,15.56,-1802425,3715.8685279603296,42,-,-,-,-
779,15.58,-1803815,4601.535796945054,42,-,-,-,-
780,15.6,-1806265,4883.1363987093355,42,-,-,-,-
781,15.62,-1807595,4430.110613458182,42,-,-,-,-
782,15.64,-1809471,3572.1908606396237,42,-,-,-,-
783,15.66,-1810555,2480.485187592435,42,-,-,-,-
784,15.68,-1810968,1397.986281704044,42,-,-,-,-
785,15.7,-1813242,648.2425462233969,42,-,-,-,-
786,15.72,-1813638,-28.61809656385867,42,-,-,-,-
787,15.74,-1818789,-168.527834836872,42,-,-,-,-
788,15.76,-1820522,-468.5361748916657,42,-,-,-,-
789,15.78,-1823601,-625.9867310538648,42,-,-,-,-
790,15.8,-1823596,-1012.4189611174625,42,-,-,-,-
791,15.82,-1826144,-1202.0312781879356,42,-,-,-,-
792,15.84,-1825835,-1600.9382054794114,42,-,-,-,-
793,15.86,-1828417,-1759.748689970755,42,-,-,-,-
794,15.88,-1829870,-1976.712657543544,42,-,-,-,-
795,15.9,-1836638,-1749.98681674606,42,-,-,-,-
796,15.92,-1834562,-2147.847960656148,42,-,-,-,-
797,15.94,-1819696,-3427.6955249693583,42,-,-,-,-
798,15.96,-1811206,-4053.498169207478,42,-,-,-,-
799,15.98,-1808108,-4046.9824378168632,42,-,-,-,-
800,16.0,-1807953,-3571.2308168476193,42,-,-,-,-
801,16.02,-1809859,-2684.523846882339,42,-,-,-,-
802,16.04,-1809011,-1753.5537322977889,42,-,-,-,-
803,16.06,-1810242,-426.8496724197412,42,-,-,-,-
804,16.08,-1815394,1360.747071010982,42,-,-,-,-
805,16.1,-1815271,2746.486224861544,42,-,-,-,-
806,16.12,-1811514,3634.234478568759,42,-,-,-,-
807,16.14,-1814694,4597.718622429523,42,-,-,-,-
808,16.16,-1812424,4524.324316000868,42,-,-,-,-
809,16.18,-1816457,4308.602855105099,42,-,-,-,-
810,16.2,-1817319,3392.12039965106,42,-,-,-,-
811,16.22,-1818752,2329.6246377063508,42,-,-,-,-
812,16.24,-1821465,1435.6923163290048,42,-,-,-,-
813,16.26,-1827050,989.995884007234,42,-,-,-,-
814,16.28,-1829415,557.7953240539937,42,-,-,-,-
815,16.3,-1831566,300.9559967655987,42,-,-,-,-
816,16.32,-1831898,-22.504933148544296,42,-,-,-,-
817,16.34,-1834373,-221.98768363379622,42,-,-,-,-
818,16.36,-1834643,-690.8695557310411,42,-,-,-,-
819,16.38,-1837146,-1079.823026137563,42,-,-,-,-
820,16.4,-1840261,-1451.2657894331933,42,-,-,-,-
821,16.42,-1843063,-1795.4372923247392,42,-,-,-,-
822,16.44,-1847880,-1865.7222469737171,42,-,-,-,-
823,16.46,-1848223,-2123.369826001007,42,-,-,-,-
824,16.48,-1843497,-2610.961102070407,42,-,-,-,-
825,16.5,-1833289,-3374.9551041518753,42,-,-,-,-
826,16.52,-1821558,-4120.773376439567,42,-,-,-,-
827,16.54,-1823954,-3642.7898093699296,42,-,-,-,-
828,16.56,-1828795,-2815.2826741911576,42,-,-,-,-
829,16.58,-1830706,-2012.2181220452348,42,-,-,-,-
830,16.6,-1832062,-1012.0066812074492,42,-,-,-,-
831,16.62,-1832176,124.20254355107409,42,-,-,-,-
832,16.64,-1833265,1465.3565925324006,42,-,-,-,-
833,16.66,-1832057,2563.9192995029803,42,-,-,-,-
834,16.68,-1833248,3531.276822225981,42,-,-,-,-
835,16.7,-1833804,3924.808909385279,42,-,-,-,-
836,16.72,-1836886,3906.8348807174493,42,-,-,-,-
837,16.74,-1839422,3341.506787714033,42,-,-,-,-
838,16.76,-1841750,2494.059586345517,42,-,-,-,-
839,16.78,-1843070,1571.6065418852122,42,-,-,-,-
840,16.8,-1845815,943.4180747618093,42,-,-,-,-
841,16.82,-1846168,366.7093385819362,42,-,-,-,-
842,16.84,-1848588,125.13288510057373,42,-,-,-,-
843,16.86,-1852561,76.75977490149853,42,-,-,-,-
844,16.88,-1854243,-159.41926237737243,42,-,-,-,-
845,16.9,-1855052,-507.9763458062189,42,-,-,-,-
846,16.92,-1856682,-819.0421515529092,42,-,-,-,-
847,16.94,-1859312,-1035.8757782765783,42,-,-,-,-
848,16.96,-1859669,-1368.9931157601613,42,-,-,-,-
849,16.98,-1860254,-1603.1488355713616,42,-,-,-,-
850,17.0,-1861989,-1662.8652584751053,42,-,-,-,-
851,17.02,-1858145,-2063.8493172601848,42,-,-,-,-
852,17.04,-1847356,-2889.976046254458,42,-,-,-,-
853,17.06,-1841906,-3155.555279333934,42,-,-,-,-
854,17.08,-1839376,-2999.189888295128,42,-,-,-,-
855,17.1,-1846064,-1917.227660761515,42,-,-,-,-
856,17.12,-1846613,-1093.077328636462,42,-,-,-,-
857,17.14,-1851785,258.5427856940473,42,-,-,-,-
858,17.16,-1852961,1397.8282615900664,42,-,-,-,-
859,17.18,-1853023,2416.2862380291313,42,-,-,-,-
860,17.2,-1852371,3178.1833727822714,42,-,-,-,-
861,17.22,-1853949,3734.2141507652086,42,-,-,-,-
862,17.24,-1853932,3665.6225654392383,42,-,-,-,-
863,17.26,-1855995,3240.284467410744,42,-,-,-,-
864,17.28,-1856954,2343.568744915028,42,-,-,-,-
865,17.3,-1858221,1321.692439520505,42,-,-,-,-
866,17.32,-1860097,452.5459086973892,42,-,-,-,-
867,17.34,-1863199,-46.55521750219941,42,-,-,-,-
868,17.36,-1865319,-307.6468736528477,42,-,-,-,-
869,17.38,-1870241,-123.20044254153527,42,-,-,-,-
870,17.4,-1872278,-70.65174171686431,42,-,-,-,-
871,17.42,-1873950,-89.16577891043471,42,-,-,-,-
872,17.44,-1874499,-312.67972493969864,42,-,-,-,-
873,17.46,-1874999,-669.5729386972412,42,-,-,-,-
874,17.48,-1880344,-749.9745458648931,42,-,-,-,-
875,17.5,-1880134,-1289.9938376866007,42,-,-,-,-
876,17.52,-1880288,-1762.5718915849818,42,-,-,-,-
877,17.54,-1881398,-2052.779764786377,42,-,-,-,-
878,17.56,-1878803,-2466.3223236037106,42,-,-,-,-
879,17.58,-1864421,-3577.915079035367,42,-,-,-,-
880,17.6,-1855279,-4042.1568978417563,42,-,-,-,-
881,17.62,-1854136,-3626.6843426270025,42,-,-,-,-
882,17.64,-1857651,-2594.495797944559,42,-,-,-,-
883,17.66,-1856360,-1685.2338062779436,42,-,-,-,-
884,17.68,-1859360,-226.50979909481794,42,-,-,-,-
885,17.7,-1860777,1268.6966027592434,42,-,-,-,-
886,17.72,-1864121,2934.324648502927,42,-,-,-,-
887,17.74,-1861114,3937.955850380559,42,-,-,-,-
888,17.76,-1862659,4890.702643728967,42,-,-,-,-
889,17.78,-1862503,5129.646588621459,42,-,-,-,-
890,17.8,-1861130,4628.410185866405,42,-,-,-,-
891,17.82,-1866323,4084.5983536452786,42,-,-,-,-
892,17.84,-1868758,3018.6848586090828,42,-,-,-,-
893,17.86,-1872299,2004.6632087609269,42,-,-,-,-
894,17.88,-1874120,1045.9038207064386,42,-,-,-,-
895,17.9,-1876161,386.6816761671762,42,-,-,-,-
896,17.92,-1876621,-137.90914449673255,42,-,-,-,-
897,17.94,-1876932,-520.9391554862041,42,-,-,-,-
898,17.96,-1876538,-919.3821760127385,42,-,-,-,-
899,17.98,-1881811,-922.2621000933696,42,-,-,-,-
900,18.0,-1879273,-1568.7327757242124,45,44.25,-,-,-
901,18.02,-1884667,-1598.9477571819389,45,-,-,-,-
902,18.04,-1887874,-1714.4730540407136,45,-,-,-,-
903,18.06,-1890733,-1726.5449567016522,45,-,-,-,-
904,18.08,-1872699,-3182.209631822763,45,-,-,-,-
905,18.1,-1864036,-3750.826781890717,45,-,-,-,-
906,18.12,-1862869,-3580.26975711422,45,-,-,-,-
907,18.14,-1864187,-3067.802129201942,45,-,-,-,-
908,18.16,-1869655,-2080.652869494288,45,-,-,-,-
909,18.18,-1870665,-1253.918678990014,45,-,-,-,-
910,18.2,-1869522,-395.3655673142853,45,-,-,-,-
911,18.22,-1871074,825.3780188081474,45,-,-,-,-
912,18.24,-1869968,1866.2398743025587,45,-,-,-,-
913,18.26,-1870309,2830.6518520336426,45,-,-,-,-
914,18.28,-1869634,3305.1877202165633,45,-,-,-,-
915,18.3,-1873415,3563.3575258914,45,-,-,-,-
916,18.32,-1874727,3093.838897615601,45,-,-,-,-
917,18.34,-1876107,2281.0501382450716,45,-,-,-,-
918,18.36,-1876233,1295.7971343919935,45,-,-,-,-
919,18.38,-1880110,743.6251812434193,45,-,-,-,-
920,18.4,-1880567,168.830614882625,45,-,-,-,-
921,18.42,-1882839,-56.79068855049263,45,-,-,-,-
922,18.44,-1884440,-218.68693872531185,45,-,-,-,-
923,18.46,-1885306,-418.488388843959,45,-,-,-,-
924,18.48,-1886408,-634.7621739933948,45,-,-,-,-
925,18.5,-1886004,-1001.1092288685811,45,-,-,-,-
926,18.52,-1887139,-1246.854148694019,45,-,-,-,-
927,18.54,-1890452,-1280.5526547177283,45,-,-,-,-
928,18.56,-1893436,-1268.360744823145,45,-,-,-,-
929,18.58,-1894235,-1344.2421260473297,45,-,-,-,-
930,18.6,-1891460,-1615.455966595362,45,-,-,-,-
931,18.62,-1879668,-2492.4707975051642,45,-,-,-,-
932,18.64,-1870992,-3023.9132266682373,45,-,-,-,-
933,18.66,-1869029,-2906.202284183728,45,-,-,-,-
934,18.68,-1872082,-2245.585589605058,45,-,-,-,-
935,18.7,-1877327,-1238.3966830169047,45,-,-,-,-
936,18.72,-1874778,-632.7071960472931,45,-,-,-,-
937,18.74,-1879230,692.8415193765518,45,-,-,-,-
938,18.76,-1880512,1876.5086870838352,45,-,-,-,-
939,18.78,-1876622,2602.7738653063993,45,-,-,-,-
940,18.8,-1874492,3196.098520709794,45,-,-,-,-
941,18.82,-1877110,3694.550432786336,45,-,-,-,-
942,18.84,-1878002,3512.0928154240946,45,-,-,-,-
943,18.86,-1880810,3001.2010527781945,45,-,-,-,-
944,18.88,-1882103,2116.8103480180007,45,-,-,-,-
945,18.9,-1883951,1282.9195028797376,45,-,-,-,-
946,18.92,-1883986,517.9939448242667,45,-,-,-,-
947,18.94,-1886027,180.4981556926341,45,-,-,-,-
948,18.96,-1886990,-24.385461723598382,45,-,-,-,-
949,18.98,-1890980,89.86643725159774,45,-,-,-,-
950,19.0,-1892775,-0.6767953983953703,45,-,-,-,-
951,19.02,-1894512,-196.6634526759226,45,-,-,-,-
952,19.04,-1894916,-585.2026310941974,45,-,-,-,-
953,19.06,-1895308,-1006.9713273709158,45,-,-,-,-
954,19.08,-1899975,-1073.9131366815154,45,-,-,-,-
955,19.1,-1900255,-1415.7810761152973,45,-,-,-,-
956,19.12,-1902795,-1515.059297775876,45,-,-,-,-
957,19.14,-1894675,-2352.2134585072413,45,-,-,-,-
958,19.16,-1882447,-3391.0191304192267,45,-,-,-,-
959,19.18,-1877085,-3730.9223465058403,45,-,-,-,-
960,19.2,-1878559,-3322.3796317336783,45,-,-,-,-
961,19.22,-1879033,-2735.1286602688615,45,-,-,-,-
962,19.24,-1883593,-1575.143337208795,45,-,-,-,-
963,19.26,-1884363,-474.55968241677283,45,-,-,-,-
964,19.28,-1886282,867.5506566663184,45,-,-,-,-
965,19.3,-1887543,2173.4648343603567,45,-,-,-,-
966,19.32,-1887080,3162.1592508852136,45,-,-,-,-
967,19.34,-1884376,3581.4840303671003,45,-,-,-,-
968,19.36,-1884401,3660.088316027346,45,-,-,-,-
969,19.38,-1885669,3266.866000930293,45,-,-,-,-
970,19.4,-1889981,2682.179834219851,45,-,-,-,-
971,19.42,-1890855,1665.2005317889761,45,-,-,-,-
972,19.44,-1894815,978.4417344906224,45,-,-,-,-
973,19.46,-1893466,150.58796403626093,45,-,-,-,-
974,19.48,-1898005,71.34470980689912,45,-,-,-,-
975,19.5,-1896166,-283.135631152727,45,-,-,-,-
976,19.52,-1897554,-315.7013778827877,45,-,-,-,-
977,19.54,-1901460,-205.45880063031836,45,-,-,-,-
978,19.56,-1903637,-344.95211713516255,45,-,-,-,-
979,19.58,-1904420,-694.7873454019764,45,-,-,-,-
980,19.6,-1905542,-1048.9312219320063,45,-,-,-,-
981,19.62,-1906929,-1330.3310378280235,45,-,-,-,-
982,19.64,-1907834,-1544.6754770243424,45,-,-,-,-
983,19.66,-1903397,-2050.1995820149796,45,-,-,-,-
984,19.68,-1894834,-2752.290749213782,45,-,-,-,-
985,19.7,-1885775,-3357.1586953859987,45,-,-,-,-
986,19.72,-1880941,-3463.7861212644093,45,-,-,-,-
987,19.74,-1884565,-2700.0128636390727,45,-,-,-,-
988,19.76,-1885903,-1852.7989616430368,45,-,-,-,-
989,19.78,-1888038,-684.3500465211873,45,-,-,-,-
990,19.8,-1888563,565.4872781484869,45,-,-,-,-
991,19.82,-1890018,1961.844291083839,45,-,-,-,-
992,19.84,-1889530,3093.6728507594576,45,-,-,-,-
993,19.86,-1890874,4032.5832476010137,45,-,-,-,-
994,19.88,-1891220,4378.442520482233,45,-,-,-,-
995,19.9,-1891778,4145.756259840183,45,-,-,-,-
996,19.92,-1894841,3580.3540136225583,45,-,-,-,-
997,19.94,-1895512,2509.898662396423,45,-,-,-,-
998,19.96,-1895907,1358.1835043030114,45,-,-,-,-
999,19.98,-1897055,426.0866588488534,45,-,-,-,-
1000,20.0,-1899257,-151.51406152861819,45,-,-,-,-
1001,20.02,-1902358,-393.05828073833163,45,-,-,-,-
1002,20.04,-1902158,-700.5802353217332,45,-,-,-,-
1003,20.06,-1905257,-667.306767068897,45,-,-,-,-
1004,20.08,-1907002,-729.9186333975576,45,-,-,-,-
1005,20.1,-1908241,-865.6704064369069,45,-,-,-,-
1006,20.12,-1908558,-1110.8883313880565,45,-,-,-,-
1007,20.14,-1909562,-1322.5769236675783,45,-,-,-,-
1008,20.16,-1909551,-1602.595535583403,45,-,-,-,-
1009,20.18,-1896293,-2838.84362825475,45,-,-,-,-
1010,20.2,-1884613,-3815.0227647766224,45,-,-,-,-
1011,20.22,-1884438,-3684.467500008228,45,-,-,-,-
1012,20.24,-1886135,-3127.4671264771987,45,-,-,-,-
1013,20.26,-1885791,-2416.361298614829,45,-,-,-,-
1014,20.28,-1885304,-1410.8702137695245,45,-,-,-,-
1015,20.3,-1885193,-128.17995569305003,45,-,-,-,-
1016,20.32,-1889217,1589.3756838622196,45,-,-,-,-
1017,20.34,-1889967,2975.09863603122,45,-,-,-,-
1018,20.36,-1889405,3948.8049565865385,45,-,-,-,-
1019,20.38,-1889560,4465.314272218326,45,-,-,-,-
1020,20.4,-1886991,4161.279818486602,45,-,-,-,-
1021,20.42,-1891275,3820.036037155561,45,-,-,-,-
1022,20.44,-1892421,2864.631878523215,45,-,-,-,-
1023,20.46,-1893837,1809.9492502802505,45,-,-,-,-
1024,20.48,-1898108,1076.152855633587,45,-,-,-,-
1025,20.5,-1900121,393.652356292494,45,-,-,-,-
1026,20.52,-1901910,-63.713971842766114,45,-,-,-,-
1027,20.54,-1902581,-422.15991134598517,45,-,-,-,-
1028,20.56,-1902308,-763.2742308188899,45,-,-,-,-
1029,20.58,-1904186,-942.0027006349246,45,-,-,-,-
1030,20.6,-1903072,-1400.6944530273104,45,-,-,-,-
1031,20.62,-1903579,-1771.1198791107054,45,-,-,-,-
1032,20.64,-1909007,-1740.7998480203942,45,-,-,-,-
1033,20.66,-1910669,-1908.035113110398,45,-,-,-,-
1034,20.68,-1911310,-2013.9390434912798,45,-,-,-,-
1035,20.7,-1901372,-2767.2340016843464,45,-,-,-,-
1036,20.72,-1889065,-3532.2044150869333,45,-,-,-,-
1037,20.74,-1885345,-3476.96773166994,45,-,-,-,-
1038,20.76,-1884946,-3019.6666833572817,45,-,-,-,-
1039,20.78,-1886501,-2267.3002328430066,45,-,-,-,-
1040,20.8,-1886410,-1474.1099220009091,45,-,-,-,-
1041,20.82,-1889533,-247.14619209609282,45,-,-,-,-
1042,20.84,-1889027,866.7576476757295,45,-,-,-,-
1043,20.86,-1891229,2249.0864545425634,45,-,-,-,-
1044,20.88,-1888522,3127.7723676784462,45,-,-,-,-
1045,20.9,-1889247,3912.163305963932,45,-,-,-,-
1046,20.92,-1892987,4384.0398925992595,45,-,-,-,-
1047,20.94,-1894206,4065.7085968857855,45,-,-,-,-
1048,20.96,-1895277,3257.782103995918,45,-,-,-,-
1049,20.98,-1897324,2284.858953268783,45,-,-,-,-
1050,21.0,-1902223,1534.2340789612117,46,43.75,-,-,-
1051,21.02,-1900834,472.4854549641541,46,-,-,-,-
1052,21.04,-1903411,-57.90871254720241,46,-,-,-,-
1053,21.06,-1907595,-276.0135947506151,46,-,-,-,-
1054,21.08,-1909805,-546.5447835339619,46,-,-,-,-
1055,21.1,-1912265,-778.8722567623599,46,-,-,-,-
1056,21.12,-1916877,-869.4223681408512,46,-,-,-,-
1057,21.14,-1919246,-1159.4272945780585,46,-,-,-,-
1058,21.16,-1919191,-1640.3042568080073,46,-,-,-,-
1059,21.18,-1906830,-3020.059121299816,46,-,-,-,-
1060,21.2,-1898989,-3938.5675196200773,46,-,-,-,-
1061,21.22,-1889624,-4774.215285640621,46,-,-,-,-
1062,21.24,-1885356,-4932.3245607783065,46,-,-,-,-
1063,21.26,-1885885,-4352.287252593127,46,-,-,-,-
1064,21.28,-1890309,-3051.067471584047,46,-,-,-,-
1065,21.3,-1886925,-1925.1987103666816,46,-,-,-,-
1066,21.32,-1891770,165.57496904912205,46,-,-,-,-
1067,21.34,-1889701,1865.0269037348685,46,-,-,-,-
1068,21.36,-1893926,3892.5113254472403,46,-,-,-,-
1069,21.38,-1889540,4792.943118651934,46,-,-,-,-
1070,21.4,-1890082,5366.304387798489,46,-,-,-,-
1071,21.42,-1891599,5239.643286724274,46,-,-,-,-
1072,21.44,-1893656,4502.542094475071,46,-,-,-,-
1073,21.46,-1896504,3446.0238300371975,46,-,-,-,-
1074,21.48,-1900883,2437.4699908071143,46,-,-,-,-
1075,21.5,-1906669,1701.7706304852582,46,-,-,-,-
1076,21.52,-1906895,806.2655229917182,46,-,-,-,-
1077,21.54,-1908133,229.97391295742636,46,-,-,-,-
1078,21.56,-1907165,-374.02974104970144,46,-,-,-,-
1079,21.58,-1908258,-794.1438808594721,46,-,-,-,-
1080,21.6,-1908443,-1329.4628080594998,46,-,-,-,-
1081,21.62,-1913323,-1553.441049120568,46,-,-,-,-
1082,21.64,-1915448,-1973.3086768271778,46,-,-,-,-
1083,21.66,-1911334,-2752.278914748741,46,-,-,-,-
1084,21.68,-1896698,-4101.81989361157,46,-,-,-,-
1085,21.7,-1886949,-4751.598183631402,46,-,-,-,-
1086,21.72,-1890412,-4045.8218105569504,46,-,-,-,-
1087,21.74,-1890687,-3290.1456859437894,46,-,-,-,-
1088,21.76,-1892803,-2170.814065534465,46,-,-,-,-
1089,21.78,-1895084,-879.2137151539514,46,-,-,-,-
1090,21.8,-1896356,431.38914569345593,46,-,-,-,-
1091,21.82,-1895934,1619.9916578121936,46,-,-,-,-
1092,21.84,-1896719,2765.9209693303405,46,-,-,-,-
1093,21.86,-1896525,3511.1640686177952,46,-,-,-,-
1094,21.88,-1893972,3575.4245460464203,46,-,-,-,-
1095,21.9,-1895653,3395.4728372287273,46,-,-,-,-
1096,21.92,-1899573,2908.376413301444,46,-,-,-,-
1097,21.94,-1903424,2160.1110102619205,46,-,-,-,-
1098,21.96,-1902488,1054.188402048807,46,-,-,-,-
1099,21.98,-1904943,414.82161711108256,46,-,-,-,-
1100,22.0,-1904490,-171.0026319995277,46,-,-,-,-
1101,22.02,-1908468,-193.66450842011,46,-,-,-,-
1102,22.04,-1908876,-382.845889729394,46,-,-,-,-
1103,22.06,-1910700,-471.45118832414573,46,-,-,-,-
1104,22.08,-1910276,-800.6456569658203,46,-,-,-,-
1105,22.1,-1912034,-1025.8259879128418,46,-,-,-,-
1106,22.12,-1916251,-1073.6465778267175,46,-,-,-,-
1107,22.14,-1917822,-1275.5064659215586,46,-,-,-,-
1108,22.16,-1919857,-1357.1345296210675,46,-,-,-,-
1109,22.18,-1920593,-1453.8357084482154,46,-,-,-,-
1110,22.2,-1910517,-2306.5973681925125,46,-,-,-,-
1111,22.22,-1893410,-3607.0771840695306,46,-,-,-,-
1112,22.24,-1892620,-3518.9552828289816,46,-,-,-,-
1113,22.26,-1894626,-3030.504147008869,46,-,-,-,-
1114,22.28,-1897307,-2262.006450102346,46,-,-,-,-
1115,22.3,-1893178,-1741.920541125599,46,-,-,-,-
1116,22.32,-1895514,-438.7527802963368,46,-,-,-,-
1117,22.34,-1896496,985.3804151518348,46,-,-,-,-
1118,22.36,-1895101,2289.7116631112967,46,-,-,-,-
1119,22.38,-1898780,3801.707576298591,46,-,-,-,-
1120,22.4,-1898387,4559.283845930656,46,-,-,-,-
1121,22.42,-1898563,4738.136444217904,46,-,-,-,-
1122,22.44,-1898924,4297.322079410149,46,-,-,-,-
1123,22.46,-1898911,3358.8614044915385,46,-,-,-,-
1124,22.48,-1901242,2397.2153556694957,46,-,-,-,-
1125,22.5,-1905705,1640.9076118676767,46,-,-,-,-
1126,22.52,-1904277,625.8168271356008,46,-,-,-,-
1127,22.54,-1909781,376.4053728764793,46,-,-,-,-
1128,22.56,-1909755,-100.14921829793366,46,-,-,-,-
1129,22.58,-1910025,-432.99170497916475,46,-,-,-,-
1130,22.6,-1910745,-684.8833974848721,46,-,-,-,-
1131,22.62,-1915629,-632.6860774807701,46,-,-,-,-
1132,22.64,-1916780,-913.0784844785185,46,-,-,-,-
1133,22.66,-1915621,-1405.7724904711731,46,-,-,-,-
1134,22.68,-1918790,-1557.7456921770008,46,-,-,-,-
1135,22.7,-1919824,-1813.6992793805166,46,-,-,-,-
1136,22.72,-1919224,-2097.456891473996,46,-,-,-,-
1137,22.74,-1911720,-2786.280914819138,46,-,-,-,-
1138,22.76,-1898920,-3729.5830452366954,46,-,-,-,-
1139,22.78,-1895863,-3743.3376591370215,46,-,-,-,-
1140,22.8,-1896271,-3280.6044404213535,46,-,-,-,-
1141,22.82,-1900268,-2311.9397839715402,46,-,-,-,-
1142,22.84,-1900971,-1357.70276406431,46,-,-,-,-
1143,22.86,-1899808,-334.7333292656067,46,-,-,-,-
1144,22.88,-1899743,901.2613043371703,46,-,-,-,-
1145,22.9,-1901450,2250.4216708533813,46,-,-,-,-
1146,22.92,-1903302,3386.2366136374185,46,-,-,-,-
1147,22.94,-1904598,4053.485630676348,46,-,-,-,-
1148,22.96,-1904804,4084.0109862738077,46,-,-,-,-
1149,22.98,-1906906,3713.5155704605936,46,-,-,-,-
1150,23.0,-1910109,3027.8103365222523,46,-,-,-,-
1151,23.02,-1908532,1807.78043523642,46,-,-,-,-
1152,23.04,-1911204,965.1374517824252,46,-,-,-,-
1153,23.06,-1913082,245.55771531209848,46,-,-,-,-
1154,23.08,-1920316,141.97794164531297,46,-,-,-,-
1155,23.1,-1920968,-306.63020230520306,46,-,-,-,-
1156,23.12,-1924431,-448.25313098678816,46,-,-,-,-
1157,23.14,-1926146,-692.1183119065818,46,-,-,-,-
1158,23.16,-1925914,-1095.373879177786,46,-,-,-,-
1159,23.18,-1927343,-1399.5283100929028,46,-,-,-,-
1160,23.2,-1926953,-1863.0210370977927,46,-,-,-,-
1161,23.22,-1927354,-2251.6225246756617,46,-,-,-,-
1162,23.24,-1928917,-2483.4206251018345,46,-,-,-,-
1163,23.26,-1931138,-2537.786307516969,46,-,-,-,-
1164,23.28,-1935472,-2258.750231243591,46,-,-,-,-
1165,23.3,-1931513,-2428.3378195093023,46,-,-,-,-
1166,23.32,-1918569,-3106.140006816915,46,-,-,-,-
1167,23.34,-1913360,-3035.3577101687442,46,-,-,-,-
1168,23.36,-1913367,-2449.765851058639,46,-,-,-,-
1169,23.38,-1915443,-1629.2991006552584,46,-,-,-,-
1170,23.4,-1917215,-768.918048655356,46,-,-,-,-
1171,23.42,-1919269,185.74267121943922,46,-,-,-,-
1172,23.44,-1925586,1534.4318739641674,46,-,-,-,-
1173,23.46,-1926698,2496.4364116167067,46,-,-,-,-
1174,23.48,-1925908,3205.9222711172874,46,-,-,-,-
1175,23.5,-1924522,3596.9028019861694,46,-,-,-,-
1176,23.52,-1921502,3433.3154374214055,46,-,-,-,-
1177,23.54,-1923655,3170.2281891904768,46,-,-,-,-
1178,23.56,-1925378,2457.9272651257634,46,-,-,-,-
1179,23.58,-1929968,1758.2676454786647,46,-,-,-,-
1180,23.6,-1929647,734.5628645634365,46,-,-,-,-
1181,23.62,-1930064,27.74239619574564,46,-,-,-,-
1182,23.64,-1932029,-213.1864453148669,46,-,-,-,-
1183,23.66,-1935336,-57.36731732446515,46,-,-,-,-
1184,23.68,-1932383,-230.2270640435786,46,-,-,-,-
1185,23.7,-1935614,58.89536792004856,46,-,-,-,-
1186,23.72,-1939205,245.04906409761406,46,-,-,-,-
1187,23.74,-1940317,76.39659109484364,46,-,-,-,-
1188,23.76,-1941742,-183.12611318315248,46,-,-,-,-
1189,23.78,-1939546,-742.6107869832082,46,-,-,-,-
1190,23.8,-1930412,-1761.9371154153087,46,-,-,-,-
1191,23.82,-1922600,-2532.316312895242,46,-,-,-,-
1192,23.84,-1919216,-2766.9854832751844,46,-,-,-,-
1193,23.86,-1925577,-2038.741644101694,46,-,-,-,-
1194,23.88,-1927182,-1457.0850485970896,46,-,-,-,-
1195,23.9,-1928729,-670.7997489393351,46,-,-,-,-
1196,23.92,-1932095,428.18061915059207,46,-,-,-,-
1197,23.94,-1932380,1372.2037020348057,46,-,-,-,-
1198,23.96,-1930755,2098.939689119412,46,-,-,-,-
1199,23.98,-1927260,2429.142024701304,46,-,-,-,-
1200,24.0,-1929788,2808.4295295662596,52,46.25,-,-,-
1201,24.02,-1930950,2603.886454001633,52,-,-,-,-
1202,24.04,-1933324,2088.609895761066,52,-,-,-,-
1203,24.06,-1940988,1769.7809217886752,52,-,-,-,-
1204,24.08,-1942725,1015.3666404924879,52,-,-,-,-
1205,24.1,-1944945,480.28913982582526,52,-,-,-,-
1206,24.12,-1944335,-44.94070443655346,52,-,-,-,-
1207,24.14,-1943804,-407.2157228410979,52,-,-,-,-
1208,24.16,-1943691,-702.1868352360698,52,-,-,-,-
1209,24.18,-1948752,-672.5408484737818,52,-,-,-,-
1210,24.2,-1948794,-1130.394355327488,52,-,-,-,-
1211,24.22,-1936859,-2530.9144709862503,52,-,-,-,-
1212,24.24,-1926466,-3674.6923265786663,52,-,-,-,-
1213,24.26,-1921912,-4064.40260149001,52,-,-,-,-
1214,24.28,-1922955,-3621.084747994819,52,-,-,-,-
1215,24.3,-1928248,-2451.070665172937,52,-,-,-,-
1216,24.32,-1929587,-1266.2272399732665,52,-,-,-,-
1217,24.34,-1930444,70.10596131077,52,-,-,-,-
1218,24.36,-1933334,1598.1007024588775,52,-,-,-,-
1219,24.38,-1933372,2769.1559031863694,52,-,-,-,-
1220,24.4,-1930028,3361.4354959103316,52,-,-,-,-
1221,24.42,-1928329,3600.4253386473933,52,-,-,-,-
1222,24.44,-1928850,3444.942365134416,52,-,-,-,-
1223,24.46,-1933989,3124.027170312327,52,-,-,-,-
1224,24.48,-1932849,1998.134962905694,52,-,-,-,-
1225,24.5,-1937841,1295.4492982574548,52,-,-,-,-
1226,24.52,-1937127,352.9680934057842,52,-,-,-,-
1227,24.54,-1941096,82.17800599629663,52,-,-,-,-
1228,24.56,-1943757,-9.23488318235104,52,-,-,-,-
1229,24.58,-1944235,-124.30437228878873,52,-,-,-,-
1230,24.6,-1945265,-210.90799312465515,52,-,-,-,-
1231,24.62,-1946953,-371.80093715200474,52,-,-,-,-
1232,24.64,-1946660,-833.0075607895169,52,-,-,-,-
1233,24.66,-1947517,-1292.7095681818114,52,-,-,-,-
1234,24.68,-1948008,-1761.684871249403,52,-,-,-,-
1235,24.7,-1950243,-1981.7073660408087,52,-,-,-,-
1236,24.72,-1947827,-2381.1017067031166,52,-,-,-,-
1237,24.74,-1934677,-3389.7247625255804,52,-,-,-,-
1238,24.76,-1924438,-3934.638395235026,52,-,-,-,-
1239,24.78,-1923763,-3497.614160729183,52,-,-,-,-
1240,24.8,-1927156,-2518.7994005991495,52,-,-,-,-
1241,24.82,-1927707,-1557.6487847362896,52,-,-,-,-
1242,24.84,-1926758,-541.3894820116639,52,-,-,-,-
1243,24.86,-1925062,542.2792371463775,52,-,-,-,-
1244,24.88,-1930839,2226.910529721983,52,-,-,-,-
1245,24.9,-1932802,3488.127897408496,52,-,-,-,-
1246,24.92,-1929721,4039.561501214729,52,-,-,-,-
1247,24.94,-1931387,4463.223308924504,52,-,-,-,-
1248,24.96,-1930524,4122.515904421427,52,-,-,-,-
1249,24.98,-1932274,3474.738744466894,52,-,-,-,-
1250,25.0,-1932627,2410.3988201617913,52,-,-,-,-
1251,25.02,-1934972,1439.6133931430004,52,-,-,-,-
1252,25.04,-1938792,725.8061984110682,52,-,-,-,-
1253,25.06,-1941481,169.86436242342825,52,-,-,-,-
1254,25.08,-1942014,-303.1771219806142,52,-,-,-,-
1255,25.1,-1942808,-569.9992395607342,52,-,-,-,-
1256,25.12,-1944284,-694.5487233847489,52,-,-,-,-
1257,25.14,-1945196,-868.1390565973197,52,-,-,-,-
1258,25.16,-1944789,-1204.5409128944493,52,-,-,-,-
1259,25.18,-1944546,-1585.2351074771632,52,-,-,-,-
1260,25.2,-1946289,-1816.8192851080667,52,-,-,-,-
1261,25.22,-1951481,-1719.259951935118,52,-,-,-,-
1262,25.24,-1953253,-1765.0522998134893,52,-,-,-,-
1263,25.26,-1952571,-1859.6101040703993,52,-,-,-,-
1264,25.28,-1937776,-2895.6777222948112,52,-,-,-,-
1265,25.3,-1922828,-3802.240417945686,52,-,-,-,-
1266,25.32,-1922446,-3445.765936952019,52,-,-,-,-
1267,25.34,-1923526,-2823.54376111658,52,-,-,-,-
1268,25.36,-1928519,-1729.5775152110928,52,-,-,-,-
1269,25.38,-1928797,-793.4516739799446,52,-,-,-,-
1270,25.4,-1927487,237.82064693648044,52,-,-,-,-
1271,25.42,-1928784,1634.4994790308742,52,-,-,-,-
1272,25.44,-1928900,2951.097903599531,52,-,-,-,-
1273,25.46,-1928066,3960.246345058507,52,-,-,-,-
1274,25.48,-1927676,4510.680971984164,52,-,-,-,-
1275,25.5,-1930626,4662.054939389367,52,-,-,-,-
1276,25.52,-1930919,3980.0487144453027,52,-,-,-,-
1277,25.54,-1934226,3116.073243024588,52,-,-,-,-
1278,25.56,-1936576,2070.406048527594,52,-,-,-,-
1279,25.58,-1935679,925.0355145707144,52,-,-,-,-
1280,25.6,-1937076,229.18440809437288,52,-,-,-,-
1281,25.62,-1939942,-95.53120221899735,52,-,-,-,-
1282,25.64,-1943351,-220.83318859711835,52,-,-,-,-
1283,25.66,-1944706,-456.97738110990394,52,-,-,-,-
1284,25.68,-1945736,-742.0427035111998,52,-,-,-,-
1285,25.7,-1945182,-1186.114381672438,52,-,-,-,-
1286,25.72,-1946632,-1484.738005294731,52,-,-,-,-
1287,25.74,-1947684,-1777.157465084916,52,-,-,-,-
1288,25.76,-1947585,-2083.1572161421477,52,-,-,-,-
1289,25.78,-1949021,-2173.7484749166993,52,-,-,-,-
1290,25.8,-1953232,-1950.5356597996233,52,-,-,-,-
1291,25.82,-1951946,-2052.1375251755685,52,-,-,-,-
1292,25.84,-1940412,-2833.4278171932147,52,-,-,-,-
1293,25.86,-1924965,-3775.3921157498808,52,-,-,-,-
1294,25.88,-1921610,-3616.52557117138,52,-,-,-,-
1295,25.9,-1925542,-2710.738574557734,52,-,-,-,-
1296,25.92,-1928103,-1719.4644670303733,52,-,-,-,-
1297,25.94,-1929775,-602.6794548916314,52,-,-,-,-
1298,25.96,-1929533,546.972898554729,52,-,-,-,-
1299,25.98,-1930088,1868.4172921214217,52,-,-,-,-
1300,26.0,-1931619,3225.449898108698,52,-,-,-,-
1301,26.02,-1929202,4023.0187191978425,52,-,-,-,-
1302,26.04,-1929826,4571.6559817416055,52,-,-,-,-
1303,26.06,-1930904,4530.734892336336,52,-,-,-,-
1304,26.08,-1932318,3915.330576469485,52,-,-,-,-
1305,26.1,-1931782,2757.0493142963855,52,-,-,-,-
1306,26.12,-1933245,1662.7240462582254,52,-,-,-,-
1307,26.14,-1935385,796.2717251284503,52,-,-,-,-
1308,26.16,-1935435,79.60575678153145,52,-,-,-,-
1309,26.18,-1937248,-198.60038985384836,52,-,-,-,-
1310,26.2,-1940195,-188.08114685011515,52,-,-,-,-
1311,26.22,-1942431,-161.04079577194534,52,-,-,-,-
1312,26.24,-1945500,-105.73946281344979,52,-,-,-,-
1313,26.26,-1945336,-387.68393057856156,52,-,-,-,-
1314,26.28,-1944545,-805.9506335907254,52,-,-,-,-
1315,26.3,-1947847,-966.0600007560342,52,-,-,-,-
1316,26.32,-1949322,-1281.2858511275622,52,-,-,-,-
1317,26.34,-1951315,-1531.5516420706554,52,-,-,-,-
1318,26.36,-1953097,-1736.6057519327924,52,-,-,-,-
1319,26.38,-1954532,-1881.3603027354034,52,-,-,-,-
1320,26.4,-1945450,-2719.001843727172,52,-,-,-,-
1321,26.42,-1928343,-4013.580548784965,52,-,-,-,-
1322,26.44,-1920378,-4393.241345766382,52,-,-,-,-
1323,26.46,-1924656,-3585.79775787588,52,-,-,-,-
1324,26.48,-1927497,-2629.268099755147,52,-,-,-,-
1325,26.5,-1924472,-1852.8873301444546,52,-,-,-,-
1326,26.52,-1927689,-333.6218598461219,52,-,-,-,-
1327,26.54,-1929010,1238.1137768662052,52,-,-,-,-
1328,26.56,-1927205,2610.3468600018423,52,-,-,-,-
1329,26.58,-1930386,4164.892088563416,52,-,-,-,-
1330,26.6,-1929908,4968.542766682391,52,-,-,-,-
1331,26.62,-1929355,5094.902527379754,52,-,-,-,-
1332,26.64,-1931855,4748.846083759139,52,-,-,-,-
1333,26.66,-1931752,3659.428625270177,52,-,-,-,-
1334,26.68,-1935998,2651.672112475593,52,-,-,-,-
1335,26.7,-1935379,1319.2926522048556,52,-,-,-,-
1336,26.72,-1938273,501.1051953105962,52,-,-,-,-
1337,26.74,-1941974,46.87005521429819,52,-,-,-,-
1338,26.76,-1943446,-330.7099837580008,52,-,-,-,-
1339,26.78,-1944258,-615.6508355478509,52,-,-,-,-
1340,26.8,-1945139,-853.99330925498,52,-,-,-,-
1341,26.82,-1944992,-1194.901223154774,52,-,-,-,-
1342,26.84,-1945865,-1496.8265877863187,52,-,-,-,-
1343,26.86,-1947243,-1770.563500443895,52,-,-,-,-
1344,26.88,-1948806,-1989.287462794574,52,-,-,-,-
1345,26.9,-1949911,-2149.197120064565,52,-,-,-,-
1346,26.92,-1952669,-2054.9025120104193,52,-,-,-,-
1347,26.94,-1954918,-1870.9573589698489,52,-,-,-,-
1348,26.96,-1951254,-2036.4363083792275,52,-,-,-,-
1349,26.98,-1934386,-3129.211065570982,52,-,-,-,-
1350,27.0,-1930325,-3157.2856515721833,39,45.5,-,-,-
1351,27.02,-1921713,-3428.8357040975134,39,-,-,-,-
1352,27.04,-1928235,-2397.6661934686945,39,-,-,-,-
1353,27.06,-1928840,-1624.2954966721918,39,-,-,-,-
1354,27.08,-1928651,-674.7478029550348,39,-,-,-,-
1355,27.1,-1930172,640.5430367687704,39,-,-,-,-
1356,27.12,-1932454,2153.556270374046,39,-,-,-,-
1357,27.14,-1929471,3212.314382228549,39,-,-,-,-
1358,27.16,-1932779,4450.6227504090875,39,-,-,-,-
1359,27.18,-1933568,4956.394055154344,39,-,-,-,-
1360,27.2,-1934961,4844.560297491027,39,-,-,-,-
1361,27.22,-1935508,4063.2221865739557,39,-,-,-,-
1362,27.24,-1936420,2929.0164214388633,39,-,-,-,-
1363,27.26,-1941270,2002.5980229438128,39,-,-,-,-
1364,27.28,-1943134,987.1351033005503,39,-,-,-,-
1365,27.3,-1945445,261.1719938694605,39,-,-,-,-
1366,27.32,-1946533,-304.3649302580452,39,-,-,-,-
1367,27.34,-1947837,-673.8914892748235,39,-,-,-,-
1368,27.36,-1948916,-973.135081441781,39,-,-,-,-
1369,27.38,-1947062,-1473.9589922928917,39,-,-,-,-
1370,27.4,-1948533,-1716.455924316376,39,-,-,-,-
1371,27.42,-1954061,-1631.7643536680516,39,-,-,-,-
1372,27.44,-1954884,-1859.82686964204,39,-,-,-,-
1373,27.46,-1954011,-2126.9307167241873,39,-,-,-,-
1374,27.48,-1958563,-1860.5561955698195,39,-,-,-,-
1375,27.5,-1948829,-2566.891811871708,39,-,-,-,-
1376,27.52,-1929854,-3851.7010049603014,39,-,-,-,-
1377,27.54,-1925857,-3838.687761054076,39,-,-,-,-
1378,27.56,-1930061,-3033.325650992494,39,-,-,-,-
1379,27.58,-1932542,-2180.1998296018537,39,-,-,-,-
1380,27.6,-1931495,-1382.3466859519176,39,-,-,-,-
1381,27.62,-1931949,-228.72835734803903,39,-,-,-,-
1382,27.64,-1932432,1127.6468946944933,39,-,-,-,-
1383,27.66,-1937234,2866.338187146038,39,-,-,-,-
1384,27.68,-1936730,4006.2422943102815,39,-,-,-,-
1385,27.7,-1935522,4634.862566667745,39,-,-,-,-
1386,27.72,-1932614,4493.871434124995,39,-,-,-,-
1387,27.74,-1935866,4166.854968751328,39,-,-,-,-
1388,27.76,-1937128,3199.8106517447177,39,-,-,-,-
1389,27.78,-1942430,2342.3861210343157,39,-,-,-,-
1390,27.8,-1940922,1048.4366857837786,39,-,-,-,-
1391,27.82,-1946017,521.7801754980173,39,-,-,-,-
1392,27.84,-1945223,-152.97295028158806,39,-,-,-,-
1393,27.86,-1945510,-503.2238731467787,39,-,-,-,-
1394,27.88,-1947779,-570.827419940033,39,-,-,-,-
1395,27.9,-1949315,-681.6779595449752,39,-,-,-,-
1396,27.92,-1953335,-670.6746020645414,39,-,-,-,-
1397,27.94,-1954268,-979.8523525111714,39,-,-,-,-
1398,27.96,-1953804,-1431.6811769945493,39,-,-,-,-
1399,27.98,-1956533,-1600.236014594344,39,-,-,-,-
1400,28.0,-1954737,-2020.05625911074,39,-,-,-,-
1401,28.02,-1960352,-1763.1126347828858,39,-,-,-,-
1402,28.04,-1960492,-1839.633983350393,39,-,-,-,-
1403,28.06,-1960050,-1908.0173187314267,39,-,-,-,-
1404,28.08,-1946533,-2924.8863370947493,39,-,-,-,-
1405,28.1,-1935260,-3668.355157300248,39,-,-,-,-
1406,28.12,-1929647,-3801.2379635410034,39,-,-,-,-
1407,28.14,-1937146,-2698.027310411324,39,-,-,-,-
1408,28.16,-1936999,-1926.4007978933441,39,-,-,-,-
1409,28.18,-1937483,-855.8743214348324,39,-,-,-,-
1410,28.2,-1938748,485.8116160315085,39,-,-,-,-
1411,28.22,-1940338,1959.776211707457,39,-,-,-,-
1412,28.24,-1937886,3058.0535536644056,39,-,-,-,-
1413,28.26,-1939433,4172.644090584369,39,-,-,-,-
1414,28.28,-1940581,4746.189632288764,39,-,-,-,-
1415,28.3,-1942004,4703.984086801508,39,-,-,-,-
1416,28.32,-1943319,4062.0688937985037,39,-,-,-,-
1417,28.34,-1943644,2965.1426314518176,39,-,-,-,-
1418,28.36,-1949008,2159.164338475801,39,-,-,-,-
1419,28.38,-1949597,1125.5837452191854,39,-,-,-,-
1420,28.4,-1950844,392.4830606737414,39,-,-,-,-
1421,28.42,-1953217,-13.492327944302815,39,-,-,-,-
1422,28.44,-1953730,-405.03614821908195,39,-,-,-,-
1423,28.46,-1955765,-618.7210398344496,39,-,-,-,-
1424,28.48,-1954004,-1121.4055865893224,39,-,-,-,-
1425,28.5,-1954240,-1476.2283884188796,39,-,-,-,-
1426,28.52,-1955033,-1760.948837844895,39,-,-,-,-
1427,28.54,-1959734,-1675.4844594781034,39,-,-,-,-
1428,28.56,-1961095,-1740.355823111323,39,-,-,-,-
1429,28.58,-1963611,-1599.3790845081257,39,-,-,-,-
1430,28.6,-1965254,-1426.5659850763905,39,-,-,-,-
1431,28.62,-1966649,-1222.5059031379492,39,-,-,-,-
1432,28.64,-1960934,-1565.291384281275,39,-,-,-,-
1433,28.66,-1945805,-2648.789897824323,39,-,-,-,-
1434,28.68,-1936761,-3249.4256094672673,39,-,-,-,-
1435,28.7,-1939289,-2876.0179789242975,39,-,-,-,-
1436,28.72,-1942436,-2280.9036086668384,39,-,-,-,-
1437,28.74,-1943933,-1548.3249963625003,39,-,-,-,-
1438,28.76,-1945076,-524.6395147337207,39,-,-,-,-
1439,28.78,-1942212,480.52891473605905,39,-,-,-,-
1440,28.8,-1944530,2027.0592170709683,39,-,-,-,-
1441,28.82,-1942092,3112.770240414325,39,-,-,-,-
1442,28.84,-1943786,4143.838377415016,39,-,-,-,-
1443,28.86,-1943311,4426.673892020186,39,-,-,-,-
1444,28.88,-1945173,4248.57665624324,39,-,-,-,-
1445,28.9,-1947686,3610.670484930315,39,-,-,-,-
1446,28.92,-1948498,2594.91463731538,39,-,-,-,-
1447,28.94,-1948908,1577.882593328467,39,-,-,-,-
1448,28.96,-1950841,885.0032854805686,39,-,-,-,-
1449,28.98,-1955792,664.0519239894511,39,-,-,-,-
1450,29.0,-1957862,388.974816058766,39,-,-,-,-
1451,29.02,-1959125,110.596489127327,39,-,-,-,-
1452,29.04,-1960280,-200.60949234506734,39,-,-,-,-
1453,29.06,-1958599,-785.6739071953161,39,-,-,-,-
1454,29.08,-1962724,-968.947700344731,39,-,-,-,-
1455,29.1,-1960756,-1618.6807400588536,39,-,-,-,-
1456,29.12,-1965204,-1725.3871416647062,39,-,-,-,-
1457,29.14,-1966198,-2000.8002385187974,39,-,-,-,-
1458,29.16,-1967880,-2099.3171730258173,39,-,-,-,-
1459,29.18,-1969435,-2071.5872934500903,39,-,-,-,-
1460,29.2,-1967078,-2217.6799697334104,39,-,-,-,-
1461,29.22,-1955814,-2937.6779581231913,39,-,-,-,-
1462,29.24,-1943993,-3595.7495695352263,39,-,-,-,-
1463,29.26,-1939906,-3540.308961490893,39,-,-,-,-
1464,29.28,-1940245,-2989.3195038474005,39,-,-,-,-
1465,29.3,-1943094,-2039.5429708217143,39,-,-,-,-
1466,29.32,-1943020,-1061.7116603687646,39,-,-,-,-
1467,29.34,-1943840,238.7724004928923,39,-,-,-,-
1468,29.36,-1947821,1948.9532610867936,39,-,-,-,-
1469,29.38,-1946449,3229.4887135776553,39,-,-,-,-
1470,29.4,-1947388,4413.928402121281,39,-,-,-,-
1471,29.42,-1947523,5015.596023318849,39,-,-,-,-
1472,29.44,-1944956,4743.123416133869,39,-,-,-,-
1473,29.46,-1945624,4082.2608087932913,39,-,-,-,-
1474,29.48,-1947808,3104.178600167711,39,-,-,-,-
1475,29.5,-1949570,1955.0980341903205,39,-,-,-,-
1476,29.52,-1950402,873.7920596937902,39,-,-,-,-
1477,29.54,-1954248,329.45333132697033,39,-,-,-,-
1478,29.56,-1957843,96.05280676249458,39,-,-,-,-
1479,29.58,-1958469,-121.35564164963034,39,-,-,-,-
1480,29.6,-1958019,-315.37025035912393,39,-,-,-,-
1481,29.62,-1959384,-397.17477114337,39,-,-,-,-
1482,29.64,-1960084,-641.5442782255395,39,-,-,-,-
1483,29.66,-1961413,-963.6723500237094,39,-,-,-,-
1484,29.68,-1964067,-1258.3537162505236,39,-,-,-,-
1485,29.7,-1961910,-1903.5363203316033,39,-,-,-,-
1486,29.72,-1966188,-1945.8241655538113,39,-,-,-,-
1487,29.74,-1967142,-2077.974587783858,39,-,-,-,-
1488,29.76,-1969628,-1926.4980902596535,39,-,-,-,-
1489,29.78,-1971168,-1725.7194616358674,39,-,-,-,-
1490,29.8,-1971883,-1539.3099021252733,39,-,-,-,-
1491,29.82,-1970524,-1530.3080954951574,39,-,-,-,-
1492,29.84,-1955080,-2634.4482379656583,39,-,-,-,-
1493,29.86,-1940485,-3648.305302407305,39,-,-,-,-
1494,29.88,-1941863,-3314.612537302797,39,-,-,-,-
1495,29.9,-1944993,-2632.514527708512,39,-,-,-,-
1496,29.92,-1946109,-1820.2160223406281,39,-,-,-,-
1497,29.94,-1947345,-677.3846519472627,39,-,-,-,-
1498,29.96,-1946242,575.6679047689768,39,-,-,-,-
1499,29.98,-1948049,2207.9691149516834,39,-,-,-,-
1500,30.0,-1947090,3556.7507260362377,39,44.0,-,-,-
1501,30.02,-1949525,4810.958631955022,39,-,-,-,-
1502,30.04,-1946999,5086.639528048146,39,-,-,-,-
1503,30.06,-1946111,4783.216811225854,39,-,-,-,-
1504,30.08,-1950999,4305.988237135399,39,-,-,-,-
1505,30.1,-1951374,3120.3771394174164,39,-,-,-,-
1506,30.12,-1952568,1949.8879395621434,39,-,-,-,-
1507,30.14,-1953366,948.8070543318072,39,-,-,-,-
1508,30.16,-1954620,288.14003829111607,39,-,-,-,-
1509,30.18,-1960438,250.02534554190788,39,-,-,-,-
1510,30.2,-1960516,-65.1881649628649,39,-,-,-,-
1511,30.22,-1961468,-269.97173573084,39,-,-,-,-
1512,30.24,-1961241,-603.9929200303277,39,-,-,-,-
1513,30.26,-1960798,-1021.8883926543708,39,-,-,-,-
1514,30.28,-1965737,-1076.1129186081898,39,-,-,-,-
1515,30.3,-1966753,-1432.8784283338664,39,-,-,-,-
1516,30.32,-1965635,-1898.7317870795264,39,-,-,-,-
1517,30.34,-1969152,-1910.3296541297586,39,-,-,-,-
1518,30.36,-1971236,-1915.585708742461,39,-,-,-,-
1519,30.38,-1972066,-1909.1383632612296,39,-,-,-,-
1520,30.4,-1973404,-1783.981894756425,39,-,-,-,-
1521,30.42,-1968286,-2110.1733688359154,39,-,-,-,-
1522,30.44,-1951245,-3313.8568957160387,39,-,-,-,-
1523,30.46,-1941802,-3854.613110840837,39,-,-,-,-
1524,30.48,-1940819,-3587.112451066794,39,-,-,-,-
1525,30.5,-1947087,-2528.941361191717,39,-,-,-,-
1526,30.52,-1948338,-1567.6069508030778,39,-,-,-,-
1527,30.54,-1949192,-338.52569261384815,39,-,-,-,-
1528,30.56,-1948949,1044.6682481593616,39,-,-,-,-
1529,30.58,-1950125,2617.779382024898,39,-,-,-,-
1530,30.6,-1950920,3997.779511601841,39,-,-,-,-
1531,30.62,-1949265,4750.297272310827,39,-,-,-,-
1532,30.64,-1950438,5065.412380797461,39,-,-,-,-
1533,30.66,-1947054,4325.477524484903,39,-,-,-,-
1534,30.68,-1951799,3651.787951858724,39,-,-,-,-
1535,30.7,-1952517,2413.4430954199834,39,-,-,-,-
1536,30.72,-1953811,1287.6495240791428,39,-,-,-,-
1537,30.74,-1955486,484.5823567457819,39,-,-,-,-
1538,30.76,-1957044,27.727834760563383,39,-,-,-,-
1539,30.78,-1958899,-124.84757926821385,39,-,-,-,-
1540,30.8,-1962351,-17.32866504885169,39,-,-,-,-
1541,30.82,-1963243,-110.4739620914097,39,-,-,-,-
1542,30.84,-1964471,-276.9325701104144,39,-,-,-,-
1543,30.86,-1963802,-712.184557881058,39,-,-,-,-
1544,30.88,-1965038,-1087.8890886276722,39,-,-,-,-
1545,30.9,-1964167,-1636.8010213405182,39,-,-,-,-
1546,30.92,-1965390,-1957.1593566848278,39,-,-,-,-
1547,30.94,-1968425,-2013.737347566448,39,-,-,-,-
1548,30.96,-1970046,-2030.532527794645,39,-,-,-,-
1549,30.98,-1972763,-1821.5555074380327,39,-,-,-,-
1550,31.0,-1973724,-1637.5856647629562,39,-,-,-,-
1551,31.02,-1973926,-1452.7928402018108,39,-,-,-,-
1552,31.04,-1968113,-1722.0269869487524,39,-,-,-,-
1553,31.06,-1950467,-2905.7117530868272,39,-,-,-,-
1554,31.08,-1940512,-3466.7738158089924,39,-,-,-,-
1555,31.1,-1941224,-3097.0667066678325,39,-,-,-,-
1556,31.12,-1946136,-2202.543998926076,39,-,-,-,-
1557,31.14,-1949564,-1137.2510334438703,39,-,-,-,-
1558,31.16,-1950390,49.709029431906856,39,-,-,-,-
1559,31.18,-1950156,1424.0117283227505,39,-,-,-,-
1560,31.2,-1950074,2908.046403909315,39,-,-,-,-
1561,31.22,-1947891,4060.826014743583,39,-,-,-,-
1562,31.24,-1949264,5017.360020513072,39,-,-,-,-
1563,31.26,-1947733,5062.746491764682,39,-,-,-,-
1564,31.28,-1949381,4622.216502784004,39,-,-,-,-
1565,31.3,-1951122,3636.503035467729,39,-,-,-,-
1566,31.32,-1952811,2422.927266528305,39,-,-,-,-
1567,31.34,-1954782,1345.37064820476,39,-,-,-,-
1568,31.36,-1954575,429.4877239591415,39,-,-,-,-
1569,31.38,-1957783,136.47858570967765,39,-,-,-,-
1570,31.4,-1959137,-46.61674704026882,39,-,-,-,-
1571,31.42,-1960334,-151.80441399323172,39,-,-,-,-
1572,31.44,-1958670,-514.2412524361453,39,-,-,-,-
1573,31.46,-1961011,-663.1043402508067,39,-,-,-,-
1574,31.48,-1960371,-1116.59521870053,39,-,-,-,-
1575,31.5,-1959607,-1589.322197291034,39,-,-,-,-
1576,31.52,-1963629,-1628.8749639168918,39,-,-,-,-
1577,31.54,-1964986,-1754.605451915877,39,-,-,-,-
1578,31.56,-1966016,-1771.644255829363,39,-,-,-,-
1579,31.58,-1967917,-1605.08769344365,39,-,-,-,-
1580,31.6,-1969296,-1406.2691803020339,39,-,-,-,-
1581,31.62,-1970721,-1190.173105061654,39,-,-,-,-
1582,31.64,-1968492,-1292.484085306974,39,-,-,-,-
1583,31.66,-1954193,-2367.8466909310864,39,-,-,-,-
1584,31.68,-1942526,-3234.767301139589,39,-,-,-,-
1585,31.7,-1938880,-3379.447264241724,39,-,-,-,-
1586,31.72,-1940767,-2884.392473280597,39,-,-,-,-
1587,31.74,-1942934,-2062.336435312951,39,-,-,-,-
1588,31.76,-1944772,-917.2430906179643,39,-,-,-,-
1589,31.78,-1944026,343.12663450684704,39,-,-,-,-
1590,31.8,-1945554,1957.5883832474487,39,-,-,-,-
1591,31.82,-1944186,3303.43370671543,39,-,-,-,-
1592,31.84,-1945025,4494.299404439093,39,-,-,-,-
1593,31.86,-1939046,4596.378251164666,39,-,-,-,-
1594,31.88,-1941941,4694.578641451433,39,-,-,-,-
1595,31.9,-1943029,4037.7417029050803,39,-,-,-,-
1596,31.92,-1943131,2927.6500851944757,39,-,-,-,-
1597,31.94,-1944899,1885.9764807776892,39,-,-,-,-
1598,31.96,-1946046,1001.202685700835,39,-,-,-,-
1599,31.98,-1948943,575.5577155870287,39,-,-,-,-
1600,32.0,-1948017,154.57491028739332,39,-,-,-,-
1601,32.02,-1951372,233.7606767908219,39,-,-,-,-
1602,32.04,-1952764,182.55348103562392,39,-,-,-,-
1603,32.06,-1953556,-11.47271436445044,39,-,-,-,-
1604,32.08,-1954178,-356.64621245899707,39,-,-,-,-
1605,32.1,-1954657,-820.1567675072283,39,-,-,-,-
1606,32.12,-1954066,-1394.70626957665,39,-,-,-,-
1607,32.14,-1953988,-1872.0692695597304,39,-,-,-,-
1608,32.16,-1957546,-1950.1202049649755,39,-,-,-,-
1609,32.18,-1954887,-2352.2500831085667,39,-,-,-,-
1610,32.2,-1959693,-2030.649151169942,39,-,-,-,-
1611,32.22,-1960947,-1858.106163985697,39,-,-,-,-
1612,32.24,-1961846,-1636.704742994902,39,-,-,-,-
1613,32.26,-1956923,-1828.0150005765756,39,-,-,-,-
1614,32.28,-1939523,-2954.109116646896,39,-,-,-,-
1615,32.3,-1929268,-3479.8622328880047,39,-,-,-,-
1616,32.32,-1929681,-3079.9301783744995,39,-,-,-,-
1617,32.34,-1933501,-2251.166187970646,39,-,-,-,-
1618,32.36,-1932312,-1573.546127433372,39,-,-,-,-
1619,32.38,-1934406,-367.52968646958743,39,-,-,-,-
1620,32.4,-1935032,980.1440310993517,39,-,-,-,-
1621,32.42,-1934338,2356.292632734707,39,-,-,-,-
1622,32.44,-1931823,3502.3988408065416,39,-,-,-,-
1623,32.46,-1931156,4429.508708070664,39,-,-,-,-
1624,32.48,-1930415,4760.878276884661,39,-,-,-,-
1625,32.5,-1929609,4414.341964742352,39,-,-,-,-
1626,32.52,-1930470,3642.4254256494523,39,-,-,-,-
1627,32.54,-1930630,2543.137747784682,39,-,-,-,-
1628,32.56,-1931649,1550.453385456145,39,-,-,-,-
1629,32.58,-1931664,744.4895448519374,39,-,-,-,-
1630,32.6,-1935656,572.4449078715716,39,-,-,-,-
1631,32.62,-1937160,464.92712622733416,39,-,-,-,-
1632,32.64,-1939537,531.3153274555025,39,-,-,-,-
1633,32.66,-1940680,463.22851958471074,39,-,-,-,-
1634,32.68,-1939078,53.15669524757959,39,-,-,-,-
1635,32.7,-1941232,-221.25639526366467,39,-,-,-,-
1636,32.72,-1940683,-814.6397596434199,39,-,-,-,-
1637,32.74,-1941339,-1352.158946077353,39,-,-,-,-
1638,32.76,-1942402,-1808.4054483866921,39,-,-,-,-
1639,32.78,-1941980,-2253.0438771324057,39,-,-,-,-
1640,32.8,-1946766,-2127.5289149090195,39,-,-,-,-
1641,32.82,-1948258,-2077.878008947102,39,-,-,-,-
1642,32.84,-1950660,-1819.735229266791,39,-,-,-,-
1643,32.86,-1949097,-1791.385041919284,39,-,-,-,-
1644,32.88,-1936312,-2603.867627213549,39,-,-,-,-
1645,32.9,-1923192,-3431.451525429711,39,-,-,-,-
1646,32.92,-1917756,-3617.304570772947,39,-,-,-,-
1647,32.94,-1917254,-3296.2614211849614,39,-,-,-,-
1648,32.96,-1918522,-2618.645225878603,39,-,-,-,-
1649,32.98,-1918201,-1756.434735607896,39,-,-,-,-
1650,33.0,-1918078,-536.5253079221211,37,41.75,-,-,-
1651,33.02,-1923333,1372.3546311690016,37,-,-,-,-
1652,33.04,-1918255,2580.4681846246167,37,-,-,-,-
1653,33.06,-1917241,3915.6195195358623,37,-,-,-,-
1654,33.08,-1914873,4674.682416950545,37,-,-,-,-
1655,33.1,-1914492,4913.406494429792,37,-,-,-,-
1656,33.12,-1919023,4834.172672066385,37,-,-,-,-
1657,33.14,-1921119,4044.016983928719,37,-,-,-,-
1658,33.16,-1922248,2945.7377621084943,37,-,-,-,-
1659,33.18,-1921940,1793.1110458923704,37,-,-,-,-
1660,33.2,-1921792,890.996003665101,37,-,-,-,-
1661,33.22,-1922402,324.8823590285838,37,-,-,-,-
1662,33.24,-1925242,130.07253702781873,37,-,-,-,-
1663,33.26,-1926779,-91.16131799279356,37,-,-,-,-
1664,33.28,-1928310,-341.00266166490655,37,-,-,-,-
1665,33.3,-1927689,-813.5629382418074,37,-,-,-,-
1666,33.32,-1929235,-1140.428327585275,37,-,-,-,-
1667,33.34,-1927781,-1650.0973112687366,37,-,-,-,-
1668,33.36,-1928231,-1915.5025331061183,37,-,-,-,-
1669,33.38,-1929609,-1998.3956326074099,37,-,-,-,-
1670,33.4,-1930533,-2021.6206179851933,37,-,-,-,-
1671,33.42,-1932561,-1888.1626945322869,37,-,-,-,-
1672,33.44,-1936416,-1561.0960361706166,37,-,-,-,-
1673,33.46,-1928616,-2077.0175886092384,37,-,-,-,-
1674,33.48,-1911515,-3231.279652139361,37,-,-,-,-
1675,33.5,-1903226,-3593.4166539340986,37,-,-,-,-
1676,33.52,-1902980,-3187.822761239582,37,-,-,-,-
1677,33.54,-1902364,-2628.897812393774,37,-,-,-,-
1678,33.56,-1904524,-1638.910393935941,37,-,-,-,-
1679,33.58,-1904487,-570.2646219950248,37,-,-,-,-
1680,33.6,-1907284,941.4358791519312,37,-,-,-,-
1681,33.62,-1907975,2408.834017787029,37,-,-,-,-
1682,33.64,-1906721,3638.89797685786,37,-,-,-,-
1683,33.66,-1902728,4310.774353583426,37,-,-,-,-
1684,33.68,-1899027,4431.489914984533,37,-,-,-,-
1685,33.7,-1899256,4189.216517161657,37,-,-,-,-
1686,33.72,-1899756,3408.6875365046817,37,-,-,-,-
1687,33.74,-1903270,2567.217195717732,37,-,-,-,-
1688,33.76,-1905995,1687.7998084966866,37,-,-,-,-
1689,33.78,-1905605,830.5531367589911,37,-,-,-,-
1690,33.8,-1907087,468.0809981074017,37,-,-,-,-
1691,33.82,-1906565,242.048763134595,37,-,-,-,-
1692,33.84,-1907942,290.61955794297774,37,-,-,-,-
1693,33.86,-1908500,226.44993275980505,37,-,-,-,-
1694,33.88,-1912021,215.3982879536361,37,-,-,-,-
1695,33.9,-1914088,-105.99620024558499,37,-,-,-,-
1696,33.92,-1914149,-708.1516649552732,37,-,-,-,-
1697,33.94,-1912118,-1471.8324059465167,37,-,-,-,-
1698,33.96,-1912590,-1931.5413539558658,37,-,-,-,-
1699,33.98,-1916997,-1926.6829946785592,37,-,-,-,-
1700,34.0,-1918821,-1972.3410812878565,37,-,-,-,-
1701,34.02,-1919723,-1988.4593207438156,37,-,-,-,-
1702,34.04,-1920957,-1923.7237369438299,37,-,-,-,-
1703,34.06,-1917526,-2184.6146268557836,37,-,-,-,-
1704,34.08,-1900214,-3455.368498570475,37,-,-,-,-
1705,34.1,-1891593,-3948.1111601586745,37,-,-,-,-
1706,34.12,-1889482,-3769.973276335295,37,-,-,-,-
1707,34.14,-1887917,-3330.258203241341,37,-,-,-,-
1708,34.16,-1888059,-2491.6182500313225,37,-,-,-,-
1709,34.18,-1887953,-1365.8197158048697,37,-,-,-,-
1710,34.2,-1891319,315.94464363513816,37,-,-,-,-
1711,34.22,-1892802,2028.2636148198453,37,-,-,-,-
1712,34.24,-1890767,3426.3677001958004,37,-,-,-,-
1713,34.26,-1888348,4471.581441259304,37,-,-,-,-
1714,34.28,-1885861,4936.219283254956,37,-,-,-,-
1715,34.3,-1882663,4648.378107674802,37,-,-,-,-
1716,34.32,-1887593,4349.818393357859,37,-,-,-,-
1717,34.34,-1885757,3134.6249098835574,37,-,-,-,-
1718,34.36,-1888931,2215.6847020927817,37,-,-,-,-
1719,34.38,-1891166,1404.390068254579,37,-,-,-,-
1720,34.4,-1891256,746.5946618732451,37,-,-,-,-
1721,34.42,-1892087,457.93044626348365,37,-,-,-,-
1722,34.44,-1891857,281.61480496338845,37,-,-,-,-
1723,34.46,-1891425,120.76835817882056,37,-,-,-,-
1724,34.48,-1895979,236.33583966282458,37,-,-,-,-
1725,34.5,-1897238,-64.73312171726684,37,-,-,-,-
1726,34.52,-1897856,-544.7966169119863,37,-,-,-,-
1727,34.54,-1898558,-1053.3608206944418,37,-,-,-,-
1728,34.56,-1898237,-1575.4903619237834,37,-,-,-,-
1729,34.58,-1898007,-1961.6927661458853,37,-,-,-,-
1730,34.6,-1901161,-1949.0025679889322,37,-,-,-,-
1731,34.62,-1903186,-1915.5278241783308,37,-,-,-,-
1732,34.64,-1904042,-1908.9258175114546,37,-,-,-,-
1733,34.66,-1902946,-2017.5183782047934,37,-,-,-,-
1734,34.68,-1887786,-3153.222481666613,37,-,-,-,-
1735,34.7,-1875523,-3955.3428190626983,37,-,-,-,-
1736,34.72,-1871025,-3978.994680389158,37,-,-,-,-
1737,34.74,-1870211,-3485.0218055877594,37,-,-,-,-
1738,34.76,-1871799,-2537.4668426357475,37,-,-,-,-
1739,34.78,-1871471,-1448.4340351347291,37,-,-,-,-
1740,34.8,-1871834,-33.7750528744491,37,-,-,-,-
1741,34.82,-1875272,1798.731193170459,37,-,-,-,-
1742,34.84,-1875300,3363.28970321567,37,-,-,-,-
1743,34.86,-1872860,4467.778712731705,37,-,-,-,-
1744,34.88,-1868739,4911.322899425032,37,-,-,-,-
1745,34.9,-1866747,4825.707694415166,37,-,-,-,-
1746,34.92,-1867237,4259.061015331573,37,-,-,-,-
1747,34.94,-1872302,3575.9008015009313,37,-,-,-,-
1748,34.96,-1873621,2446.193985520753,37,-,-,-,-
1749,34.98,-1873319,1326.304431861763,37,-,-,-,-
1750,35.0,-1876434,778.8856111383648,37,-,-,-,-
1751,35.02,-1877631,415.3281461821989,37,-,-,-,-
1752,35.04,-1878903,280.39233481650444,37,-,-,-,-
1753,35.06,-1876915,-45.55563961913322,37,-,-,-,-
1754,35.08,-1878209,-207.86662955098564,37,-,-,-,-
1755,35.1,-1880790,-431.0440635563673,37,-,-,-,-
1756,35.12,-1883583,-773.980500422379,37,-,-,-,-
1757,35.14,-1884434,-1303.9485358893735,37,-,-,-,-
1758,35.16,-1885608,-1732.5659929535668,37,-,-,-,-
1759,35.18,-1885993,-2070.6671113154325,37,-,-,-,-
1760,35.2,-1885452,-2314.185483257433,37,-,-,-,-
1761,35.22,-1887409,-2236.679473862843,37,-,-,-,-
1762,35.24,-1887426,-2235.306483891773,37,-,-,-,-
1763,35.26,-1888686,-2115.4648870737633,37,-,-,-,-
1764,35.28,-1873831,-3207.8942367002473,37,-,-,-,-
1765,35.3,-1863097,-3898.748069820351,37,-,-,-,-
1766,35.32,-1860237,-3807.321535795156,37,-,-,-,-
1767,35.34,-1860121,-3254.351347658443,37,-,-,-,-
1768,35.36,-1860563,-2372.768513731282,37,-,-,-,-
1769,35.38,-1862858,-1073.4406194988787,37,-,-,-,-
1770,35.4,-1860344,75.09670970968727,37,-,-,-,-
1771,35.42,-1860868,1562.4180425496143,37,-,-,-,-
1772,35.44,-1861232,2973.4233632552123,37,-,-,-,-
1773,35.46,-1861984,4135.901307799637,37,-,-,-,-
1774,35.48,-1859891,4599.391857591171,37,-,-,-,-
1775,35.5,-1858883,4549.566801213198,37,-,-,-,-
1776,35.52,-1859304,4045.4408037880103,37,-,-,-,-
1777,35.54,-1860894,3246.196480185216,37,-,-,-,-
1778,35.56,-1860449,2163.8951171884355,37,-,-,-,-
1779,35.58,-1862250,1358.4073142401057,37,-,-,-,-
1780,35.6,-1863278,729.5907473491025,37,-,-,-,-
1781,35.62,-1865166,415.93133328505974,37,-,-,-,-
1782,35.64,-1866148,213.52000547516582,37,-,-,-,-
1783,35.66,-1866630,52.32867790871205,37,-,-,-,-
1784,35.68,-1872266,267.0596409801037,37,-,-,-,-
1785,35.7,-1873542,60.04751870594191,37,-,-,-,-
1786,35.72,-1870957,-547.3013950289433,37,-,-,-,-
1787,35.74,-1875678,-671.0343233147933,37,-,-,-,-
1788,35.76,-1876747,-1104.2629122068956,37,-,-,-,-
1789,35.78,-1875400,-1701.3272367870409,37,-,-,-,-
1790,35.8,-1880301,-1754.8577467612758,37,-,-,-,-
1791,35.82,-1880413,-2085.8487178259275,37,-,-,-,-
1792,35.84,-1881917,-2209.8840226410234,37,-,-,-,-
1793,35.86,-1868095,-3385.464001504699,37,-,-,-,-
1794,35.88,-1861247,-3867.0347927876446,37,-,-,-,-
1795,35.9,-1848837,-4565.340288118707,37,-,-,-,-
1796,35.92,-1850197,-3958.373393738544,37,-,-,-,-
1797,35.94,-1852108,-3033.0173038156936,37,-,-,-,-
1798,35.96,-1854472,-1791.9349729318583,37,-,-,-,-
1799,35.98,-1853036,-580.9151516235024,37,-,-,-,-
1800,36.0,-1857066,1228.7395113795428,35,37.5,-,-,-
1801,36.02,-1851469,2323.466089286481,35,-,-,-,-
1802,36.04,-1849823,3520.867175822385,35,-,-,-,-
1803,36.06,-1849660,4394.181262366421,35,-,-,-,-
1804,36.08,-1851474,4804.215625267228,35,-,-,-,-
1805,36.1,-1856157,4788.4826093847805,35,-,-,-,-
1806,36.12,-1856848,3966.629002387055,35,-,-,-,-
1807,36.14,-1858580,2988.937666721158,35,-,-,-,-
1808,36.16,-1858631,1916.0588109654436,35,-,-,-,-
1809,36.18,-1861345,1244.4407522621914,35,-,-,-,-
1810,36.2,-1861584,603.8642412631461,35,-,-,-,-
1811,36.22,-1862136,130.3873123710482,35,-,-,-,-
1812,36.24,-1865861,-62.3301480224909,35,-,-,-,-
1813,36.26,-1867066,-478.2749634965212,35,-,-,-,-
1814,36.28,-1865355,-1141.1444470290708,35,-,-,-,-
1815,36.3,-1866918,-1515.3817490365145,35,-,-,-,-
1816,36.32,-1868271,-1803.4521743252935,35,-,-,-,-
1817,36.34,-1873293,-1682.8967890581034,35,-,-,-,-
1818,36.36,-1862344,-2658.0722591703657,35,-,-,-,-
1819,36.38,-1846063,-3898.381273445486,35,-,-,-,-
1820,36.4,-1842657,-3972.70630215289,35,-,-,-,-
1821,36.42,-1842345,-3596.2270397676148,35,-,-,-,-
1822,36.44,-1844844,-2763.4549182743285,35,-,-,-,-
1823,36.46,-1844851,-1863.5635663223402,35,-,-,-,-
1824,36.48,-1844826,-722.7835911402208,35,-,-,-,-
1825,36.5,-1843775,515.3532050711069,35,-,-,-,-
1826,36.52,-1846911,2110.390907429024,35,-,-,-,-
1827,36.54,-1840242,2793.562797264108,35,-,-,-,-
1828,36.56,-1838166,3458.2646187323044,35,-,-,-,-
1829,36.58,-1839168,3830.1363623711745,35,-,-,-,-
1830,36.6,-1836977,3400.8084171748196,35,-,-,-,-
1831,36.62,-1840839,3018.0305922616217,35,-,-,-,-
1832,36.64,-1843268,2355.868480939199,35,-,-,-,-
1833,36.66,-1843716,1614.3786084146905,35,-,-,-,-
1834,36.68,-1843486,1037.7768432798603,35,-,-,-,-
1835,36.7,-1843905,738.9684222093583,35,-,-,-,-
1836,36.72,-1845076,632.5175942602364,35,-,-,-,-
1837,36.74,-1846441,542.7432870527182,35,-,-,-,-
1838,36.76,-1847247,306.44658163929944,35,-,-,-,-
1839,36.78,-1848334,-45.92936796995946,35,-,-,-,-
1840,36.8,-1853559,-180.8225781444471,35,-,-,-,-
1841,36.82,-1853137,-767.7880738149679,35,-,-,-,-
1842,36.84,-1853652,-1221.00686928092,35,-,-,-,-
1843,36.86,-1853761,-1597.2160246155886,35,-,-,-,-
1844,36.88,-1857877,-1565.2437752056494,35,-,-,-,-
1845,36.9,-1857881,-1784.9514622597571,35,-,-,-,-
1846,36.92,-1861247,-1721.406706567077,35,-,-,-,-
1847,36.94,-1859634,-2027.1435108558549,35,-,-,-,-
1848,36.96,-1845987,-3211.907636069006,35,-,-,-,-
1849,36.98,-1831951,-4303.353047536868,35,-,-,-,-
1850,37.0,-1828337,-4380.170448002544,35,-,-,-,-
1851,37.02,-1827906,-3926.9985994726158,35,-,-,-,-
1852,37.04,-1828750,-3050.4985158751133,35,-,-,-,-
1853,37.06,-1829460,-1849.1639292349646,35,-,-,-,-
1854,37.08,-1831943,-216.48343849589673,35,-,-,-,-
1855,37.1,-1832593,1460.8328700551242,35,-,-,-,-
1856,37.12,-1831831,3019.0474493494567,35,-,-,-,-
1857,37.14,-1827419,4028.1523134360846,35,-,-,-,-
1858,37.16,-1824410,4620.240724982227,35,-,-,-,-
1859,37.18,-1825996,4879.382308415254,35,-,-,-,-
1860,37.2,-1826950,4420.458570120441,35,-,-,-,-
1861,37.22,-1827862,3494.73776810538,35,-,-,-,-
1862,37.24,-1826370,2240.1230322318647,35,-,-,-,-
1863,37.26,-1830720,1581.770665136154,35,-,-,-,-
1864,37.28,-1832037,1000.9393922963127,35,-,-,-,-
1865,37.3,-1832055,632.0452692355211,35,-,-,-,-
1866,37.32,-1831672,429.481134093774,35,-,-,-,-
1867,37.34,-1833843,455.35164484044435,35,-,-,-,-
1868,37.36,-1836151,388.44104290414,35,-,-,-,-
1869,37.38,-1838803,187.1327854142437,35,-,-,-,-
1870,37.4,-1839635,-285.880445311559,35,-,-,-,-
1871,37.42,-1840882,-779.9794948996532,35,-,-,-,-
1872,37.44,-1841152,-1317.5528395019892,35,-,-,-,-
1873,37.46,-1840583,-1827.992299603351,35,-,-,-,-
1874,37.48,-1842160,-2055.8643688563443,35,-,-,-,-
1875,37.5,-1842160,-2289.1973774466187,35,-,-,-,-
1876,37.52,-1847366,-2030.2315152741558,35,-,-,-,-
1877,37.54,-1845346,-2250.2470110667073,35,-,-,-,-
1878,37.56,-1838701,-2744.714212667812,35,-,-,-,-
1879,37.58,-1818755,-4131.480207959477,35,-,-,-,-
1880,37.6,-1814774,-4107.702650743035,35,-,-,-,-
1881,37.62,-1813900,-3617.690277762489,35,-,-,-,-
1882,37.64,-1814610,-2761.9913598488656,35,-,-,-,-
1883,37.66,-1815173,-1663.5203432972721,35,-,-,-,-
1884,37.68,-1813157,-516.6974385279063,35,-,-,-,-
1885,37.7,-1817023,1268.7861637849428,35,-,-,-,-
1886,37.72,-1816529,2769.239350638445,35,-,-,-,-
1887,37.74,-1814368,3972.266746255417,35,-,-,-,-
1888,37.76,-1812487,4776.204266167306,35,-,-,-,-
1889,37.78,-1810444,4948.253180895487,35,-,-,-,-
1890,37.8,-1809983,4572.634477173505,35,-,-,-,-
1891,37.82,-1813363,3960.7370673170026,35,-,-,-,-
1892,37.84,-1811954,2726.441423896944,35,-,-,-,-
1893,37.86,-1816232,1965.054505478376,35,-,-,-,-
1894,37.88,-1817024,1173.2899517060896,35,-,-,-,-
1895,37.9,-1818898,759.1144350034028,35,-,-,-,-
1896,37.92,-1819420,473.0569763788408,35,-,-,-,-
1897,37.94,-1819250,234.26153771914687,35,-,-,-,-
1898,37.96,-1819073,-38.19953570973303,35,-,-,-,-
1899,37.98,-1820532,-300.25387890953516,35,-,-,-,-
1900,38.0,-1825006,-454.130089086766,35,-,-,-,-
1901,38.02,-1826356,-913.5921589408235,35,-,-,-,-
1902,38.04,-1827871,-1338.398369009622,35,-,-,-,-
1903,38.06,-1829042,-1691.6856495046104,35,-,-,-,-
1904,38.08,-1830494,-1893.679721501404,35,-,-,-,-
1905,38.1,-1829112,-2196.1403253509015,35,-,-,-,-
1906,38.12,-1831448,-2140.348479006553,35,-,-,-,-
1907,38.14,-1832129,-2185.5664810741127,35,-,-,-,-
1908,38.16,-1823940,-2897.0505678125355,35,-,-,-,-
1909,38.18,-1813176,-3742.60640543123,35,-,-,-,-
1910,38.2,-1803118,-4372.188312531718,35,-,-,-,-
1911,38.22,-1804658,-3854.085708266757,35,-,-,-,-
1912,38.24,-1806245,-3018.8123084086983,35,-,-,-,-
1913,38.26,-1805744,-2026.8922534094272,35,-,-,-,-
1914,38.28,-1806259,-689.0601274462797,35,-,-,-,-
1915,38.3,-1807553,869.6076043457924,35,-,-,-,-
1916,38.32,-1808856,2422.7647123021034,35,-,-,-,-
1917,38.34,-1806485,3480.713429990512,35,-,-,-,-
1918,38.36,-1802748,4016.414387925124,35,-,-,-,-
1919,38.38,-1801845,4211.162479092395,35,-,-,-,-
1920,38.4,-1801376,3864.280248193798,35,-,-,-,-
1921,38.42,-1802407,3193.756155185011,35,-,-,-,-
1922,38.44,-1802860,2288.7352350622023,35,-,-,-,-
1923,38.46,-1807050,1736.7097302271068,35,-,-,-,-
1924,38.48,-1808796,1231.1785975798903,35,-,-,-,-
1925,38.5,-1809914,947.4101385228441,35,-,-,-,-
1926,38.52,-1811962,925.7671796760515,35,-,-,-,-
1927,38.54,-1811218,738.4871822380028,35,-,-,-,-
1928,38.56,-1814303,749.3909013494958,35,-,-,-,-
1929,38.58,-1813927,314.53644552029255,35,-,-,-,-
1930,38.6,-1816682,-61.19893606329242,35,-,-,-,-
1931,38.62,-1818047,-647.396928714873,35,-,-,-,-
1932,38.64,-1820464,-1145.6921831019808,35,-,-,-,-
1933,38.66,-1821793,-1618.6637117335422,35,-,-,-,-
1934,38.68,-1823585,-1890.6952596852416,35,-,-,-,-
1935,38.7,-1821546,-2286.151967140848,35,-,-,-,-
1936,38.72,-1826619,-2008.2176551831699,35,-,-,-,-
1937,38.74,-1813931,-3005.6129600922595,35,-,-,-,-
1938,38.76,-1799703,-4033.2043945616133,35,-,-,-,-
1939,38.78,-1795234,-4172.757259871269,35,-,-,-,-
1940,38.8,-1795085,-3772.2318928189998,35,-,-,-,-
1941,38.82,-1795854,-3027.0636803270027,35,-,-,-,-
1942,38.84,-1796812,-1949.8096245105717,35,-,-,-,-
1943,38.86,-1793630,-880.7388266120943,35,-,-,-,-
1944,38.88,-1797588,954.385429947064,35,-,-,-,-
1945,38.9,-1796952,2472.78840812363,35,-,-,-,-
1946,38.92,-1792232,3472.9030719388807,35,-,-,-,-
1947,38.94,-1793007,4449.311614443819,35,-,-,-,-
1948,38.96,-1791984,4677.676467270756,35,-,-,-,-
1949,38.98,-1792285,4379.741991786502,35,-,-,-,-
1950,39.0,-1794062,3722.106110553399,39,37.5,-,-,-
1951,39.02,-1795525,2827.038574196352,39,-,-,-,-
1952,39.04,-1795619,1871.2770488390452,39,-,-,-,-
1953,39.06,-1799814,1432.7143476940328,39,-,-,-,-
1954,39.08,-1800636,967.5035842278685,39,-,-,-,-
1955,39.1,-1804313,878.720206979353,39,-,-,-,-
1956,39.12,-1802357,400.0341639151102,39,-,-,-,-
1957,39.14,-1805988,287.47038323466586,39,-,-,-,-
1958,39.16,-1807954,-67.3904391714641,39,-,-,-,-
1959,39.18,-1805108,-889.9562505455315,39,-,-,-,-
1960,39.2,-1808785,-1244.1734299582067,39,-,-,-,-
1961,39.22,-1812182,-1573.4196723361847,39,-,-,-,-
1962,39.24,-1813134,-1981.8145877147472,39,-,-,-,-
1963,39.26,-1815842,-2113.017812831503,39,-,-,-,-
1964,39.28,-1800499,-3462.8275627668727,39,-,-,-,-
1965,39.3,-1795387,-3846.5051044187294,39,-,-,-,-
1966,39.32,-1785510,-4395.942373829661,39,-,-,-,-
1967,39.34,-1780807,-4328.598000120244,39,-,-,-,-
1968,39.36,-1781532,-3593.1675563301014,39,-,-,-,-
1969,39.38,-1782636,-2548.8230612924817,39,-,-,-,-
1970,39.4,-1784864,-1133.2438331774265,39,-,-,-,-
1971,39.42,-1785831,420.5451839558709,39,-,-,-,-
1972,39.44,-1781578,1679.4270683420787,39,-,-,-,-
1973,39.46,-1781748,3167.465485034404,39,-,-,-,-
1974,39.48,-1779658,4114.0861099549975,39,-,-,-,-
1975,39.5,-1779288,4610.163181756945,39,-,-,-,-
1976,39.52,-1778080,4389.230828784356,39,-,-,-,-
1977,39.54,-1781313,3960.11149502547,39,-,-,-,-
1978,39.56,-1781593,2997.137607758512,39,-,-,-,-
1979,39.58,-1784026,2168.94858366054,39,-,-,-,-
1980,39.6,-1786671,1533.0381556060693,39,-,-,-,-
1981,39.62,-1786975,967.1076539048081,39,-,-,-,-
1982,39.64,-1786603,547.7164001185383,39,-,-,-,-
1983,39.66,-1786691,244.23572559790227,39,-,-,-,-
1984,39.68,-1787343,-48.23144009765019,39,-,-,-,-
1985,39.7,-1788606,-382.0266493344852,39,-,-,-,-
1986,39.72,-1791138,-693.1167307642654,39,-,-,-,-
1987,39.74,-1791320,-1193.055659404422,39,-,-,-,-
1988,39.76,-1795902,-1287.4701186487027,39,-,-,-,-
1989,39.78,-1795346,-1654.1041926724156,39,-,-,-,-
1990,39.8,-1797896,-1653.4718847128788,39,-,-,-,-
1991,39.82,-1801546,-1479.8570457983296,39,-,-,-,-
1992,39.84,-1793952,-2136.5328342274584,39,-,-,-,-
1993,39.86,-1781970,-3120.5648984119816,39,-,-,-,-
1994,39.88,-1770698,-4001.169646514758,39,-,-,-,-
1995,39.9,-1768903,-4021.731393523176,39,-,-,-,-
1996,39.92,-1768704,-3682.435898736474,39,-,-,-,-
1997,39.94,-1768277,-3029.392417743151,39,-,-,-,-
1998,39.96,-1767775,-1999.419039990391,39,-,-,-,-
1999,39.98,-1770094,-402.64345686093475,39,-,-,-,-
2000,40.0,-1770631,1269.6275813597426,39,-,-,-,-
2001,40.02,-1769008,2753.87888221673,39,-,-,-,-
2002,40.04,-1766430,3861.54916948668,39,-,-,-,-
2003,40.06,-1763675,4404.75797459619,39,-,-,-,-
2004,40.08,-1762089,4366.162956818762,39,-,-,-,-
2005,40.1,-1764178,3999.1856769181686,39,-,-,-,-
2006,40.12,-1764564,3115.3337490639433,39,-,-,-,-
2007,40.14,-1767930,2363.1225539142815,39,-,-,-,-
2008,40.16,-1770979,1729.7843242607205,39,-,-,-,-
2009,40.18,-1772624,1247.0289927787544,39,-,-,-,-
2010,40.2,-1772772,889.2994711646843,39,-,-,-,-
2011,40.22,-1776094,895.9347232248056,39,-,-,-,-
2012,40.24,-1777008,683.8690058771263,39,-,-,-,-
2013,40.26,-1776140,184.97855174540018,39,-,-,-,-
2014,40.28,-1779056,-205.8974555285131,39,-,-,-,-
2015,40.3,-1778677,-973.4854629017254,39,-,-,-,-
2016,40.32,-1780545,-1577.4906453114163,39,-,-,-,-
2017,40.34,-1780506,-2210.7289725330184,39,-,-,-,-
2018,40.36,-1785491,-2260.4319141843634,39,-,-,-,-
2019,40.38,-1788948,-2214.6265550584058,39,-,-,-,-
2020,40.4,-1787120,-2402.7925698560084,39,-,-,-,-
2021,40.42,-1769953,-3638.3817455213193,39,-,-,-,-
2022,40.44,-1759524,-4242.306091688639,39,-,-,-,-
2023,40.46,-1757243,-4092.673466876022,39,-,-,-,-
2024,40.48,-1755019,-3775.0477678269563,39,-,-,-,-
2025,40.5,-1756280,-2969.6518543390994,39,-,-,-,-
2026,40.52,-1759119,-1766.306901686521,39,-,-,-,-
2027,40.54,-1758971,-501.40842047908245,39,-,-,-,-
2028,40.56,-1759617,1047.3794020881314,39,-,-,-,-
2029,40.58,-1757763,2453.8449087145627,39,-,-,-,-
2030,40.6,-1755824,3642.8862886959787,39,-,-,-,-
2031,40.62,-1751746,4185.701439542374,39,-,-,-,-
2032,40.64,-1751700,4382.104369204839,39,-,-,-,-
2033,40.66,-1751260,3908.5990408847492,39,-,-,-,-
2034,40.68,-1756592,3439.7553737708104,39,-,-,-,-
2035,40.7,-1756727,2436.671837339787,39,-,-,-,-
2036,40.72,-1762476,1992.9038617362494,39,-,-,-,-
2037,40.74,-1759081,1117.7700700139694,39,-,-,-,-
2038,40.76,-1762709,1035.4745173010506,39,-,-,-,-
2039,40.78,-1762344,775.7442539684253,39,-,-,-,-
2040,40.8,-1766965,859.8845111586725,39,-,-,-,-
2041,40.82,-1767962,506.374909030299,39,-,-,-,-
2042,40.84,-1767731,-129.8285583483348,39,-,-,-,-
2043,40.86,-1771322,-594.8841624174111,39,-,-,-,-
2044,40.88,-1770080,-1432.7669372357104,39,-,-,-,-
2045,40.9,-1774434,-1731.0222754672068,39,-,-,-,-
2046,40.92,-1777468,-1959.4691835726835,39,-,-,-,-
2047,40.94,-1779182,-2123.5092197764707,39,-,-,-,-
2048,40.96,-1770834,-2924.730037878158,39,-,-,-,-
2049,40.98,-1752427,-4367.082914609649,39,-,-,-,-
2050,41.0,-1746854,-4659.73585754562,39,-,-,-,-
2051,41.02,-1750409,-4041.0027809224957,39,-,-,-,-
2052,41.04,-1748664,-3574.021840477988,39,-,-,-,-
2053,41.06,-1750681,-2525.8720514799643,39,-,-,-,-
2054,41.08,-1751947,-1232.92063167194,39,-,-,-,-
2055,41.1,-1753436,320.64477925226083,39,-,-,-,-
2056,41.12,-1750123,1606.4598651106103,39,-,-,-,-
2057,41.14,-1751064,3088.9451872712552,39,-,-,-,-
2058,41.16,-1747478,3827.935166205083,39,-,-,-,-
2059,41.18,-1747564,4240.621923486895,39,-,-,-,-
2060,41.2,-1750260,4189.807915605287,39,-,-,-,-
2061,41.22,-1752435,3573.081374858091,39,-,-,-,-
2062,41.24,-1755799,2793.766966501974,39,-,-,-,-
2063,41.26,-1756815,1862.7141803964942,39,-,-,-,-
2064,41.28,-1756999,1077.432631556867,39,-,-,-,-
2065,41.3,-1758180,616.9028474924808,39,-,-,-,-
2066,41.32,-1758404,255.24594999352394,39,-,-,-,-
2067,41.34,-1762404,229.0249932622064,39,-,-,-,-
2068,41.36,-1763868,-49.18211674044869,39,-,-,-,-
2069,41.38,-1765161,-432.58004957307094,39,-,-,-,-
2070,41.4,-1767294,-805.9597803231964,39,-,-,-,-
2071,41.42,-1768262,-1248.2666959692533,39,-,-,-,-
2072,41.44,-1768962,-1623.034297026028,39,-,-,-,-
2073,41.46,-1773218,-1611.0410640676573,39,-,-,-,-
2074,41.48,-1776667,-1568.9803001911778,39,-,-,-,-
2075,41.5,-1777207,-1701.2886262636357,39,-,-,-,-
2076,41.52,-1765344,-2750.678482187409,39,-,-,-,-
2077,41.54,-1750532,-3951.7290798871472,39,-,-,-,-
2078,41.56,-1747129,-4126.711101917848,39,-,-,-,-
2079,41.58,-1746800,-3839.5506314875674,39,-,-,-,-
2080,41.6,-1748628,-3102.3577743241585,39,-,-,-,-
2081,41.62,-1753050,-1849.9515427789738,39,-,-,-,-
2082,41.64,-1751402,-756.8700374013233,39,-,-,-,-
2083,41.66,-1752563,779.3476262475051,39,-,-,-,-
2084,41.68,-1750495,2131.7742416970113,39,-,-,-,-
2085,41.7,-1750565,3464.980791505348,39,-,-,-,-
2086,41.72,-1748641,4197.090266160738,39,-,-,-,-
2087,41.74,-1748647,4439.914443180423,39,-,-,-,-
2088,41.76,-1747264,3926.6556597116023,39,-,-,-,-
2089,41.78,-1753181,3501.501669359702,39,-,-,-,-
2090,41.8,-1755630,2629.27871583848,39,-,-,-,-
2091,41.82,-1756400,1722.230911499304,39,-,-,-,-
2092,41.84,-1758993,1205.6682104532938,39,-,-,-,-
2093,41.86,-1759713,798.2889528134929,39,-,-,-,-
2094,41.88,-1765475,916.1329309186603,39,-,-,-,-
2095,41.9,-1767975,770.5340116940843,39,-,-,-,-
2096,41.92,-1769760,440.461438447408,39,-,-,-,-
2097,41.94,-1772236,-3.5993070320309926,39,-,-,-,-
2098,41.96,-1772984,-707.2900770197402,39,-,-,-,-
2099,41.98,-1773863,-1435.9111047636943,39,-,-,-,-
2100,42.0,-1775621,-2029.026903791253,37,37.0,-,-,-
2101,42.02,-1778410,-2400.6381450842164,37,-,-,-,-
2102,42.04,-1786019,-2236.2095372073927,37,-,-,-,-
2103,42.06,-1779864,-2962.5115461800165,37,-,-,-,-
2104,42.08,-1776234,-3335.14650352716,37,-,-,-,-
2105,42.1,-1760100,-4488.462539890004,37,-,-,-,-
2106,42.12,-1758996,-4293.470758922424,37,-,-,-,-
2107,42.14,-1762804,-3519.0642597995466,37,-,-,-,-
2108,42.16,-1764254,-2729.2289819100424,37,-,-,-,-
2109,42.18,-1765019,-1795.9022676508648,37,-,-,-,-
2110,42.2,-1765659,-683.4855388950728,37,-,-,-,-
2111,42.22,-1766971,618.0400540152355,37,-,-,-,-
2112,42.24,-1766220,1778.2919641943201,37,-,-,-,-
2113,42.26,-1765002,2733.709390894286,37,-,-,-,-
2114,42.28,-1767411,3587.386682622771,37,-,-,-,-
2115,42.3,-1770811,3986.4623223564117,37,-,-,-,-
2116,42.32,-1772210,3690.129963689532,37,-,-,-,-
2117,42.34,-1772938,2949.6258413520295,37,-,-,-,-
2118,42.36,-1774671,2131.183786595819,37,-,-,-,-
2119,42.38,-1777468,1451.2831476011443,37,-,-,-,-
2120,42.4,-1780105,926.4738075923824,37,-,-,-,-
2121,42.42,-1782391,545.0154635641047,37,-,-,-,-
2122,42.44,-1785076,301.05501521102633,37,-,-,-,-
2123,42.46,-1787001,31.421338000760443,37,-,-,-,-
2124,42.48,-1787736,-342.3993201876083,37,-,-,-,-
2125,42.5,-1787610,-796.876864217305,37,-,-,-,-
2126,42.52,-1788451,-1164.0423759211158,37,-,-,-,-
2127,42.54,-1793162,-1189.9958332081565,37,-,-,-,-
2128,42.56,-1794503,-1406.6985923326083,37,-,-,-,-
2129,42.58,-1797180,-1437.2826117927593,37,-,-,-,-
2130,42.6,-1795850,-1678.601212815295,37,-,-,-,-
2131,42.62,-1782513,-2723.987280250216,37,-,-,-,-
2132,42.64,-1772396,-3374.2307107074594,37,-,-,-,-
2133,42.66,-1769370,-3302.7252351904026,37,-,-,-,-
2134,42.68,-1770066,-2749.5252908264265,37,-,-,-,-
2135,42.7,-1774500,-1699.8439228007974,37,-,-,-,-
2136,42.72,-1773689,-828.4757742362854,37,-,-,-,-
2137,42.74,-1774214,361.4576132670436,37,-,-,-,-
2138,42.76,-1772550,1535.8534324151506,37,-,-,-,-
2139,42.78,-1772476,2831.5171256188305,37,-,-,-,-
2140,42.8,-1770003,3721.8831866055607,37,-,-,-,-
2141,42.82,-1771614,4478.559066446684,37,-,-,-,-
2142,42.84,-1772852,4623.43201594178,37,-,-,-,-
2143,42.86,-1774917,4272.550589988614,37,-,-,-,-
2144,42.88,-1775262,3416.6130342650445,37,-,-,-,-
2145,42.9,-1779145,2715.7121576423187,37,-,-,-,-
2146,42.92,-1780120,1887.0805408381475,37,-,-,-,-
2147,42.94,-1781556,1281.5951706874885,37,-,-,-,-
2148,42.96,-1783562,883.120908234414,37,-,-,-,-
2149,42.98,-1785681,566.4632358533199,37,-,-,-,-
2150,43.0,-1791289,496.2667937168426,37,-,-,-,-
2151,43.02,-1793431,86.91606817431602,37,-,-,-,-
2152,43.04,-1795565,-394.14822564320275,37,-,-,-,-
2153,43.06,-1796359,-1006.2157935874638,37,-,-,-,-
2154,43.08,-1798251,-1511.010883882489,37,-,-,-,-
2155,43.1,-1803534,-1697.555820107761,37,-,-,-,-
2156,43.12,-1797178,-2692.9470438308726,37,-,-,-,-
2157,43.14,-1783151,-4148.069232633483,37,-,-,-,-
2158,43.16,-1774264,-5006.6940992617365,37,-,-,-,-
2159,43.18,-1774376,-4894.1705648386815,37,-,-,-,-
2160,43.2,-1774547,-4430.800454076381,37,-,-,-,-
2161,43.22,-1778199,-3319.4194407246814,37,-,-,-,-
2162,43.24,-1773630,-2465.920148129122,37,-,-,-,-
2163,43.26,-1774325,-912.0917968764643,37,-,-,-,-
2164,43.28,-1777755,991.794093678971,37,-,-,-,-
2165,43.3,-1777598,2530.3952336932807,37,-,-,-,-
2166,43.32,-1775417,3569.591765933771,37,-,-,-,-
2167,43.34,-1775614,4235.211332593094,37,-,-,-,-
2168,43.36,-1775139,4202.174213230119,37,-,-,-,-
2169,43.38,-1775684,3678.785963983562,37,-,-,-,-
2170,43.4,-1778188,2958.400494106878,37,-,-,-,-
2171,43.42,-1779817,2087.9762878049614,37,-,-,-,-
2172,43.44,-1781144,1318.8649820853525,37,-,-,-,-
2173,43.46,-1781053,665.4584333753082,37,-,-,-,-
2174,43.48,-1780773,220.20190468964574,37,-,-,-,-
2175,43.5,-1786378,375.70177162290474,37,-,-,-,-
2176,43.52,-1788343,298.573786683648,37,-,-,-,-
2177,43.54,-1791743,285.35458307431327,37,-,-,-,-
2178,43.56,-1792930,8.99892050211929,37,-,-,-,-
2179,43.58,-1794955,-295.97488994014384,37,-,-,-,-
2180,43.6,-1797219,-640.9997443640568,37,-,-,-,-
2181,43.62,-1798751,-1058.1038937808535,37,-,-,-,-
2182,43.64,-1787840,-2392.772347112766,37,-,-,-,-
2183,43.66,-1772721,-3937.802328640888,37,-,-,-,-
2184,43.68,-1764736,-4722.929776389916,37,-,-,-,-
2185,43.7,-1765854,-4497.128557091673,37,-,-,-,-
2186,43.72,-1766510,-3909.631396374016,37,-,-,-,-
2187,43.74,-1766566,-2924.7825758079034,37,-,-,-,-
2188,43.76,-1764822,-1650.757914430631,37,-,-,-,-
2189,43.78,-1764563,54.48463828527292,37,-,-,-,-
2190,43.8,-1766299,2019.348921426064,37,-,-,-,-
2191,43.82,-1766737,3703.1526359997974,37,-,-,-,-
2192,43.84,-1765859,4805.506641305452,37,-,-,-,-
2193,43.86,-1765056,5217.707519501734,37,-,-,-,-
2194,43.88,-1765708,4996.812397577694,37,-,-,-,-
2195,43.9,-1768142,4312.379387438609,37,-,-,-,-
2196,43.92,-1771161,3346.2766959035107,37,-,-,-,-
2197,43.94,-1772755,2231.5382428944085,37,-,-,-,-
2198,43.96,-1775764,1383.3871395756705,37,-,-,-,-
2199,43.98,-1778837,767.1189526672024,37,-,-,-,-
2200,44.0,-1779841,187.12410777142577,37,-,-,-,-
2201,44.02,-1782702,-139.42796862873547,37,-,-,-,-
2202,44.04,-1785305,-466.7709619575453,37,-,-,-,-
2203,44.06,-1787373,-879.8829911074117,37,-,-,-,-
2204,44.08,-1789331,-1359.6141781169208,37,-,-,-,-
2205,44.1,-1791144,-1872.355971776724,37,-,-,-,-
2206,44.12,-1794909,-2196.5528566140056,37,-,-,-,-
2207,44.14,-1799981,-2328.5571116527262,37,-,-,-,-
2208,44.16,-1796615,-2983.282768974991,37,-,-,-,-
2209,44.18,-1784007,-4193.394363314417,37,-,-,-,-
2210,44.2,-1776079,-4857.103228103075,37,-,-,-,-
2211,44.22,-1776169,-4689.563603338047,37,-,-,-,-
2212,44.24,-1778962,-4078.856533963719,37,-,-,-,-
2213,44.26,-1780569,-3306.0263543141355,37,-,-,-,-
2214,44.28,-1780272,-2416.1286791610637,37,-,-,-,-
2215,44.3,-1784434,-949.7454827565552,37,-,-,-,-
2216,44.32,-1783660,279.1497551524417,37,-,-,-,-
2217,44.34,-1784433,1599.9852127937515,37,-,-,-,-
2218,44.36,-1783114,2517.6755137396467,37,-,-,-,-
2219,44.38,-1783416,3110.981864688966,37,-,-,-,-
2220,44.4,-1784538,3211.1419600135905,37,-,-,-,-
2221,44.42,-1787696,2960.211817769453,37,-,-,-,-
2222,44.44,-1791121,2412.8848792598715,37,-,-,-,-
2223,44.46,-1795346,1851.400706284273,37,-,-,-,-
2224,44.48,-1798288,1303.8214072642177,37,-,-,-,-
2225,44.5,-1801109,933.8282868685192,37,-,-,-,-
2226,44.52,-1803637,691.7086062847366,37,-,-,-,-
2227,44.54,-1805464,445.05686161854464,37,-,-,-,-
2228,44.56,-1807488,159.51659421023123,37,-,-,-,-
2229,44.58,-1808523,-310.5209828058064,37,-,-,-,-
2230,44.6,-1812026,-685.643790124745,37,-,-,-,-
2231,44.62,-1803575,-1983.5591944796688,37,-,-,-,-
2232,44.64,-1792715,-3333.5196536938965,37,-,-,-,-
2233,44.66,-1784913,-4168.440282995289,37,-,-,-,-
2234,44.68,-1785340,-3991.601374886228,37,-,-,-,-
2235,44.7,-1786684,-3328.4615240187977,37,-,-,-,-
2236,44.72,-1786264,-2405.952941591122,37,-,-,-,-
2237,44.74,-1786662,-1092.532735832021,37,-,-,-,-
2238,44.76,-1787264,447.8977136077265,37,-,-,-,-
2239,44.78,-1791840,2328.0754078295586,37,-,-,-,-
2240,44.8,-1793079,3761.7126602889784,37,-,-,-,-
2241,44.82,-1793187,4683.301797018821,37,-,-,-,-
2242,44.84,-1793974,5054.259152253969,37,-,-,-,-
2243,44.86,-1796335,4886.29112449855,37,-,-,-,-
2244,44.88,-1799548,4221.055271178098,37,-,-,-,-
2245,44.9,-1804009,3303.8388446097997,37,-,-,-,-
2246,44.92,-1810632,2447.9113169431403,37,-,-,-,-
2247,44.94,-1815327,1525.6249807428194,37,-,-,-,-
2248,44.96,-1818536,661.3746073836937,37,-,-,-,-
2249,44.98,-1819313,-211.64420518021143,37,-,-,-,-
2250,45.0,-1825705,-532.8470290782952,43,38.5,-,-,-
2251,45.02,-1828676,-1075.3206321622965,43,-,-,-,-
2252,45.04,-1831047,-1681.945787677505,43,-,-,-,-
2253,45.06,-1811263,-3979.4778654819993,43,-,-,-,-
2254,45.08,-1810513,-4701.421517622715,43,-,-,-,-
2255,45.1,-1814849,-4780.802681939101,43,-,-,-,-
2256,45.12,-1814911,-4822.514814410473,43,-,-,-,-
2257,45.14,-1818017,-4197.572613420051,43,-,-,-,-
2258,45.16,-1821031,-3155.5642491970916,43,-,-,-,-
2259,45.18,-1825528,-1678.2718241491916,43,-,-,-,-
2260,45.2,-1829539,-99.58287749681813,43,-,-,-,-
2261,45.22,-1832535,1302.6086132351243,43,-,-,-,-
2262,45.24,-1832377,2117.841432050659,43,-,-,-,-
2263,45.26,-1833680,2506.494750881468,43,-,-,-,-
2264,45.28,-1834999,2290.837781913806,43,-,-,-,-
2265,45.3,-1839011,1774.6759356619236,43,-,-,-,-
2266,45.32,-1841841,894.4562500862039,43,-,-,-,-
2267,45.34,-1843809,-51.46246867770151,43,-,-,-,-
2268,45.36,-1847143,-676.8492704863875,43,-,-,-,-
2269,45.38,-1850240,-1003.5241565460553,43,-,-,-,-
2270,45.4,-1852608,-1084.2647187033592,43,-,-,-,-
2271,45.42,-1857050,-804.7397154133537,43,-,-,-,-
2272,45.44,-1859608,-604.848473496932,43,-,-,-,-
2273,45.46,-1860718,-568.059815093204,43,-,-,-,-
2274,45.48,-1856558,-1037.1228308048849,43,-,-,-,-
2275,45.5,-1847152,-1973.860893695115,43,-,-,-,-
2276,45.52,-1842904,-2480.864854858759,43,-,-,-,-
2277,45.54,-1844119,-2419.9932148037824,43,-,-,-,-
2278,45.56,-1847029,-1989.7741209921114,43,-,-,-,-
2279,45.58,-1847812,-1429.2367848057856,43,-,-,-,-
2280,45.6,-1853886,-172.0221177110716,43,-,-,-,-
2281,45.62,-1853436,803.5870473535588,43,-,-,-,-
2282,45.64,-1859249,2326.220677238577,43,-,-,-,-
2283,45.66,-1858918,3235.8840259097997,43,-,-,-,-
2284,45.68,-1857505,3702.3866199531008,43,-,-,-,-
2285,45.7,-1861745,4085.0284560046366,43,-,-,-,-
2286,45.72,-1864741,3816.5929728370324,43,-,-,-,-
2287,45.74,-1866319,2995.1395862557683,43,-,-,-,-
2288,45.76,-1870435,2146.3632804358795,43,-,-,-,-
2289,45.78,-1876159,1436.5234590115379,43,-,-,-,-
2290,45.8,-1880364,790.6081265168705,43,-,-,-,-
2291,45.82,-1881950,181.5777106669875,43,-,-,-,-
2292,45.84,-1884613,-148.48304253407696,43,-,-,-,-
2293,45.86,-1887284,-380.35571345930384,43,-,-,-,-
2294,45.88,-1879555,-1399.5783769630414,43,-,-,-,-
2295,45.9,-1865400,-2909.733569383401,43,-,-,-,-
2296,45.92,-1862146,-3504.1174713611963,43,-,-,-,-
2297,45.94,-1862039,-3651.2098869705023,43,-,-,-,-
2298,45.96,-1865096,-3223.574784964434,43,-,-,-,-
2299,45.98,-1869378,-2284.1484048668444,43,-,-,-,-
2300,46.0,-1870056,-1197.8968536642096,43,-,-,-,-
2301,46.02,-1872104,312.4089598970414,43,-,-,-,-
2302,46.04,-1876013,2066.7093932828,43,-,-,-,-
2303,46.06,-1876401,3359.1632088145693,43,-,-,-,-
2304,46.08,-1876619,4157.062845560924,43,-,-,-,-
2305,46.1,-1878246,4387.418787746893,43,-,-,-,-
2306,46.12,-1879074,3857.27742784664,43,-,-,-,-
2307,46.14,-1882534,2996.7408905969187,43,-,-,-,-
2308,46.16,-1885027,1825.094428574651,43,-,-,-,-
2309,46.18,-1889737,887.696062199363,43,-,-,-,-
2310,46.2,-1894206,195.54926274823265,43,-,-,-,-
2311,46.22,-1893944,-535.4552868372139,43,-,-,-,-
2312,46.24,-1897858,-681.8187057382311,43,-,-,-,-
2313,46.26,-1898726,-918.3542847417793,43,-,-,-,-
2314,46.28,-1901476,-992.5294830028806,43,-,-,-,-
2315,46.3,-1903277,-1200.7817498552622,43,-,-,-,-
2316,46.32,-1905396,-1460.0133536502135,43,-,-,-,-
2317,46.34,-1891788,-2931.9797092105437,43,-,-,-,-
2318,46.36,-1877434,-4332.766562930887,43,-,-,-,-
2319,46.38,-1874854,-4555.076792140859,43,-,-,-,-
2320,46.4,-1876826,-4054.1139563688284,43,-,-,-,-
2321,46.42,-1877952,-3208.562772858262,43,-,-,-,-
2322,46.44,-1877922,-2060.8103462654017,43,-,-,-,-
2323,46.46,-1876801,-677.499016677577,43,-,-,-,-
2324,46.48,-1880088,1224.4406880681481,43,-,-,-,-
2325,46.5,-1882584,3035.130183283208,43,-,-,-,-
2326,46.52,-1883168,4405.425405848107,43,-,-,-,-
2327,46.54,-1881811,5082.214922825253,43,-,-,-,-
2328,46.56,-1883538,5292.387216352552,43,-,-,-,-
2329,46.58,-1885013,4787.859675622772,43,-,-,-,-
2330,46.6,-1887489,3848.807184973105,43,-,-,-,-
2331,46.62,-1891525,2803.4538820499765,43,-,-,-,-
2332,46.64,-1896181,1844.6058041698288,43,-,-,-,-
2333,46.66,-1898733,926.4682735262104,43,-,-,-,-
2334,46.68,-1900877,224.54948424751092,43,-,-,-,-
2335,46.7,-1902281,-329.604810494262,43,-,-,-,-
2336,46.72,-1903352,-793.2690964107051,43,-,-,-,-
2337,46.74,-1905991,-1110.3666320207985,43,-,-,-,-
2338,46.76,-1909529,-1387.6333873832173,43,-,-,-,-
2339,46.78,-1913803,-1639.898173419745,43,-,-,-,-
2340,46.8,-1916367,-2008.691717962106,43,-,-,-,-
2341,46.82,-1918654,-2319.167819483773,43,-,-,-,-
2342,46.84,-1920250,-2554.6631040627544,43,-,-,-,-
2343,46.86,-1916187,-3080.772834413069,43,-,-,-,-
2344,46.88,-1897640,-4565.287606116886,43,-,-,-,-
2345,46.9,-1891333,-4938.648713788698,43,-,-,-,-
2346,46.92,-1891745,-4589.425547796978,43,-,-,-,-
2347,46.94,-1896658,-3645.335822049552,43,-,-,-,-
2348,46.96,-1898631,-2625.452916023989,43,-,-,-,-
2349,46.98,-1898379,-1447.5747239063603,43,-,-,-,-
2350,47.0,-1899125,88.05050478939938,43,-,-,-,-
2351,47.02,-1901269,1851.8786717298435,43,-,-,-,-
2352,47.04,-1901242,3310.3821216193273,43,-,-,-,-
2353,47.06,-1903110,4480.612599461614,43,-,-,-,-
2354,47.08,-1903325,4862.311312063748,43,-,-,-,-
2355,47.1,-1905688,4680.41883102394,43,-,-,-,-
2356,47.12,-1908905,3971.849537196984,43,-,-,-,-
2357,47.14,-1909483,2754.500119579066,43,-,-,-,-
2358,47.16,-1912456,1723.0424774670564,43,-,-,-,-
2359,47.18,-1913800,781.2231652798482,43,-,-,-,-
2360,47.2,-1916588,233.17192583723863,43,-,-,-,-
2361,47.22,-1921417,76.94302016603706,43,-,-,-,-
2362,47.24,-1923572,-151.32686776404444,43,-,-,-,-
2363,47.26,-1924788,-415.6914349389335,43,-,-,-,-
2364,47.28,-1927604,-582.6257703714291,43,-,-,-,-
2365,47.3,-1929135,-891.91495811398,43,-,-,-,-
2366,47.32,-1929803,-1294.535975557681,43,-,-,-,-
2367,47.34,-1932391,-1540.5044310711519,43,-,-,-,-
2368,47.36,-1931258,-2019.4548778240264,43,-,-,-,-
2369,47.38,-1922560,-2970.976054597013,43,-,-,-,-
2370,47.4,-1910901,-3966.8745835457503,43,-,-,-,-
2371,47.42,-1908616,-3986.600580185648,43,-,-,-,-
2372,47.44,-1911499,-3308.4306090825994,43,-,-,-,-
2373,47.46,-1913113,-2422.099135445176,43,-,-,-,-
2374,47.48,-1913205,-1376.999223969574,43,-,-,-,-
2375,47.5,-1913520,-106.73914308801523,43,-,-,-,-
2376,47.52,-1916821,1480.2343570554408,43,-,-,-,-
2377,47.54,-1919060,2897.278080233077,43,-,-,-,-
2378,47.56,-1917289,3713.8412418744238,43,-,-,-,-
2379,47.58,-1915781,4077.727649383305,43,-,-,-,-
2380,47.6,-1916239,4027.05184322061,43,-,-,-,-
2381,47.62,-1917560,3519.216676679463,43,-,-,-,-
2382,47.64,-1919298,2699.1341203426555,43,-,-,-,-
2383,47.66,-1922314,1881.0876346704417,43,-,-,-,-
2384,47.68,-1926588,1279.9740038560813,43,-,-,-,-
2385,47.7,-1928843,759.2295064198115,43,-,-,-,-
2386,47.72,-1931427,499.36888590636954,43,-,-,-,-
2387,47.74,-1932534,278.8745225886787,43,-,-,-,-
2388,47.76,-1933171,54.91736931923515,43,-,-,-,-
2389,47.78,-1936094,-68.6346155266483,43,-,-,-,-
2390,47.8,-1935049,-621.660168329036,43,-,-,-,-
2391,47.82,-1938889,-902.4771470240985,43,-,-,-,-
2392,47.84,-1940537,-1372.5306619947573,43,-,-,-,-
2393,47.86,-1932319,-2507.239109470089,43,-,-,-,-
2394,47.88,-1913809,-4208.5850760046105,43,-,-,-,-
2395,47.9,-1907217,-4664.665749801221,43,-,-,-,-
2396,47.92,-1905566,-4356.162285607927,43,-,-,-,-
2397,47.94,-1909110,-3268.690366470055,43,-,-,-,-
2398,47.96,-1909308,-2092.57706537772,43,-,-,-,-
2399,47.98,-1909437,-636.2996383097461,43,-,-,-,-
2400,48.0,-1910528,1079.9128354217469,50,42.25,-,-,-
2401,48.02,-1911803,2828.8429459236163,50,-,-,-,-
2402,48.04,-1913544,4395.243166645983,50,-,-,-,-
2403,48.06,-1913218,5316.677180196792,50,-,-,-,-
2404,48.08,-1914127,5635.240567671183,50,-,-,-,-
2405,48.1,-1917443,5377.286899505677,50,-,-,-,-
2406,48.12,-1919793,4414.481825725372,50,-,-,-,-
2407,48.14,-1921170,3029.2967303834303,50,-,-,-,-
2408,48.16,-1924187,1737.559133999308,50,-,-,-,-
2409,48.18,-1925162,489.1367799931122,50,-,-,-,-
2410,48.2,-1930138,-158.38854961594188,50,-,-,-,-
2411,48.22,-1930940,-852.8172259147323,50,-,-,-,-
2412,48.24,-1933358,-1233.8951339943214,50,-,-,-,-
2413,48.26,-1935645,-1526.6750058591806,50,-,-,-,-
2414,48.28,-1937018,-1856.9311901749243,50,-,-,-,-
2415,48.3,-1938375,-2178.0208403657125,50,-,-,-,-
2416,48.32,-1940293,-2431.9800916268214,50,-,-,-,-
2417,48.34,-1944067,-2492.262832593784,50,-,-,-,-
2418,48.36,-1941591,-2950.1967639570175,50,-,-,-,-
2419,48.38,-1927350,-4182.630008335378,50,-,-,-,-
2420,48.4,-1915842,-5011.794950887379,50,-,-,-,-
2421,48.42,-1914984,-4769.203730114499,50,-,-,-,-
2422,48.44,-1916825,-4029.776831162557,50,-,-,-,-
2423,48.46,-1917934,-3044.6190740239217,50,-,-,-,-
2424,48.48,-1920158,-1684.6740774152395,50,-,-,-,-
2425,48.5,-1921805,-137.85313101781867,50,-,-,-,-
2426,48.52,-1924466,1590.6550658080516,50,-,-,-,-
2427,48.54,-1922095,2840.6496043496836,50,-,-,-,-
2428,48.56,-1922052,3935.279959958666,50,-,-,-,-
2429,48.58,-1921337,4422.994193594104,50,-,-,-,-
2430,48.6,-1922422,4379.403742355628,50,-,-,-,-
2431,48.62,-1924264,3787.254323269158,50,-,-,-,-
2432,48.64,-1926473,2847.7922290076594,50,-,-,-,-
2433,48.66,-1931534,2050.9466747285405,50,-,-,-,-
2434,48.68,-1933694,1201.3722167787146,50,-,-,-,-
2435,48.7,-1935436,604.4555516647897,50,-,-,-,-
2436,48.72,-1936244,198.05196158709532,50,-,-,-,-
2437,48.74,-1937345,-39.244414921367934,50,-,-,-,-
2438,48.76,-1939448,-190.27135102921602,50,-,-,-,-
2439,48.78,-1939799,-558.537197890294,50,-,-,-,-
2440,48.8,-1941725,-902.442795622318,50,-,-,-,-
2441,48.82,-1946453,-1073.917462129476,50,-,-,-,-
2442,48.84,-1947586,-1477.4128069049239,50,-,-,-,-
2443,48.86,-1935656,-2742.666766966594,50,-,-,-,-
2444,48.88,-1924797,-3702.8009045683957,50,-,-,-,-
2445,48.9,-1921066,-3849.505534054333,50,-,-,-,-
2446,48.92,-1921959,-3375.8909951930327,50,-,-,-,-
2447,48.94,-1921320,-2771.7021663709347,50,-,-,-,-
2448,48.96,-1924988,-1606.071569900224,50,-,-,-,-
2449,48.98,-1926851,-373.79739606472185,50,-,-,-,-
2450,49.0,-1929858,1082.9914974490125,50,-,-,-,-
2451,49.02,-1928703,2227.5658052041686,50,-,-,-,-
2452,49.04,-1926475,3105.055890196671,50,-,-,-,-
2453,49.06,-1926948,3789.498562535223,50,-,-,-,-
2454,49.08,-1928446,3989.8230662395363,50,-,-,-,-
2455,49.1,-1929746,3589.5007653072425,50,-,-,-,-
2456,49.12,-1932732,2879.1223589462134,50,-,-,-,-
2457,49.14,-1935659,1980.6440716153602,50,-,-,-,-
2458,49.16,-1939376,1212.4988931443895,50,-,-,-,-
2459,49.18,-1940035,440.4954149688838,50,-,-,-,-
2460,49.2,-1942540,69.92548016806904,50,-,-,-,-
2461,49.22,-1944809,-140.52893411571768,50,-,-,-,-
2462,49.24,-1947520,-270.1093864543109,50,-,-,-,-
2463,49.26,-1948540,-589.3595054584175,50,-,-,-,-
2464,49.28,-1948823,-1059.4661910224395,50,-,-,-,-
2465,49.3,-1952458,-1329.9807328001452,50,-,-,-,-
2466,49.32,-1951748,-1911.1862767043476,50,-,-,-,-
2467,49.34,-1928314,-4096.0979049968355,50,-,-,-,-
2468,49.36,-1920653,-4808.457876205401,50,-,-,-,-
2469,49.38,-1923660,-4355.16628320792,50,-,-,-,-
2470,49.4,-1924329,-3708.789043249324,50,-,-,-,-
2471,49.42,-1924753,-2713.945873846029,50,-,-,-,-
2472,49.44,-1924050,-1470.389138559467,50,-,-,-,-
2473,49.46,-1927693,351.954833517736,50,-,-,-,-
2474,49.48,-1929291,2096.8309941779276,50,-,-,-,-
2475,49.5,-1928645,3512.983362435194,50,-,-,-,-
2476,49.52,-1926064,4364.451726410517,50,-,-,-,-
2477,49.54,-1928372,4957.655076715308,50,-,-,-,-
2478,49.56,-1928263,4649.500496705237,50,-,-,-,-
2479,49.58,-1932034,4028.6145928737496,50,-,-,-,-
2480,49.6,-1934634,2972.3041112752217,50,-,-,-,-
2481,49.62,-1937581,1901.950159038779,50,-,-,-,-
2482,49.64,-1939348,929.3820408532592,50,-,-,-,-
2483,49.66,-1940349,181.05222415975913,50,-,-,-,-
2484,49.68,-1940368,-385.56105546689287,50,-,-,-,-
2485,49.7,-1942010,-669.6651468280206,50,-,-,-,-
2486,49.72,-1945246,-787.3135328833469,50,-,-,-,-
2487,49.74,-1946730,-1069.495507853193,50,-,-,-,-
2488,49.76,-1948163,-1392.9233622268657,50,-,-,-,-
2489,49.78,-1949463,-1715.6850276518862,50,-,-,-,-
2490,49.8,-1949670,-2046.1688804853652,50,-,-,-,-
2491,49.82,-1942353,-2820.6836229564383,50,-,-,-,-
2492,49.84,-1929315,-3855.7960109697815,50,-,-,-,-
2493,49.86,-1923275,-4142.845434698735,50,-,-,-,-
2494,49.88,-1925299,-3583.6592564693237,50,-,-,-,-
2495,49.9,-1926691,-2833.527929767388,50,-,-,-,-
2496,49.92,-1926331,-1964.666893719832,50,-,-,-,-
2497,49.94,-1929638,-571.0363306121089,50,-,-,-,-
2498,49.96,-1932143,929.7447800916336,50,-,-,-,-
2499,49.98,-1932488,2275.7920499577162,50,-,-,-,-
2500,50.0,-1926968,2971.255625078319,50,-,-,-,-
2501,50.02,-1929188,3839.929983979504,50,-,-,-,-
2502,50.04,-1932028,4178.465620061759,50,-,-,-,-
2503,50.06,-1934354,3877.118751254482,50,-,-,-,-
2504,50.08,-1937283,3163.581709120229,50,-,-,-,-
2505,50.1,-1939697,2202.613238129841,50,-,-,-,-
2506,50.12,-1939742,1106.6354405523562,50,-,-,-,-
2507,50.14,-1944741,597.3524034767725,50,-,-,-,-
2508,50.16,-1945233,-17.88323351821782,50,-,-,-,-
2509,50.18,-1944152,-579.162803268232,50,-,-,-,-
2510,50.2,-1946901,-773.5447731633758,50,-,-,-,-
2511,50.22,-1949939,-953.4795144731361,50,-,-,-,-
2512,50.24,-1949666,-1412.7643205861054,50,-,-,-,-
2513,50.26,-1951540,-1689.4859234759479,50,-,-,-,-
2514,50.28,-1948245,-2274.3195268861227,50,-,-,-,-
2515,50.3,-1933178,-3597.2989814722805,50,-,-,-,-
2516,50.32,-1924235,-4217.000161962449,50,-,-,-,-
2517,50.34,-1923950,-3896.40947612546,50,-,-,-,-
2518,50.36,-1925731,-3132.0505829474478,50,-,-,-,-
2519,50.38,-1924618,-2311.0452435231364,50,-,-,-,-
2520,50.4,-1921615,-1372.7293869109217,50,-,-,-,-
2521,50.42,-1923957,187.02469468269464,50,-,-,-,-
2522,50.44,-1928012,1969.1299283729547,50,-,-,-,-
2523,50.46,-1926153,3195.5385440665036,50,-,-,-,-
2524,50.48,-1927316,4320.07235097262,50,-,-,-,-
2525,50.5,-1924505,4606.366676331199,50,-,-,-,-
2526,50.52,-1926621,4642.8689388706825,50,-,-,-,-
2527,50.54,-1927142,3994.6353763147463,50,-,-,-,-
2528,50.56,-1930257,3181.9408419354204,50,-,-,-,-
2529,50.58,-1935490,2415.446918242551,50,-,-,-,-
2530,50.6,-1934426,1254.6769520231428,50,-,-,-,-
2531,50.62,-1939078,731.0140884262873,50,-,-,-,-
2532,50.64,-1940867,199.2549924829509,50,-,-,-,-
2533,50.66,-1939956,-386.5841948151374,50,-,-,-,-
2534,50.68,-1942927,-610.1345427074593,50,-,-,-,-
2535,50.7,-1942915,-1075.0422558215296,50,-,-,-,-
2536,50.72,-1944757,-1440.6757984073156,50,-,-,-,-
2537,50.74,-1946478,-1828.6542705401953,50,-,-,-,-
2538,50.76,-1951645,-1903.105998593841,50,-,-,-,-
2539,50.78,-1951311,-2285.4496713262597,50,-,-,-,-
2540,50.8,-1953598,-2319.912750078668,50,-,-,-,-
2541,50.82,-1945150,-3026.9119307367714,50,-,-,-,-
2542,50.84,-1927716,-4271.681531744818,50,-,-,-,-
2543,50.86,-1922920,-4382.559294288676,50,-,-,-,-
2544,50.88,-1925572,-3740.13651257532,50,-,-,-,-
2545,50.9,-1926366,-3030.294430111824,50,-,-,-,-
2546,50.92,-1927103,-2073.441663501646,50,-,-,-,-
2547,50.94,-1927025,-902.7043187317722,50,-,-,-,-
2548,50.96,-1929383,685.5734735602186,50,-,-,-,-
2549,50.98,-1929752,2204.3315920387467,50,-,-,-,-
2550,51.0,-1928933,3474.97065603217,50,45.0,-,-,-
2551,51.02,-1927901,4303.196137416438,50,-,-,-,-
2552,51.04,-1932108,4899.85274707844,50,-,-,-,-
2553,51.06,-1933994,4633.778913113539,50,-,-,-,-
2554,51.08,-1937780,3965.8236492560472,50,-,-,-,-
2555,51.1,-1940352,2923.8694140241787,50,-,-,-,-
2556,51.12,-1939327,1601.7932669654765,50,-,-,-,-
2557,51.14,-1942004,744.0613653543878,50,-,-,-,-
2558,51.16,-1941912,-84.82315542381093,50,-,-,-,-
2559,51.18,-1944888,-475.16762344561266,50,-,-,-,-
2560,51.2,-1946105,-872.3077601707546,50,-,-,-,-
2561,51.22,-1949004,-1077.7539057953854,50,-,-,-,-
2562,51.24,-1950624,-1341.9123053407784,50,-,-,-,-
2563,51.26,-1952834,-1508.8476980783462,50,-,-,-,-
2564,51.28,-1954292,-1658.3207828375598,50,-,-,-,-
2565,51.3,-1948535,-2270.590616608317,50,-,-,-,-
2566,51.32,-1933603,-3476.8170615338004,50,-,-,-,-
2567,51.34,-1927522,-3863.7681927271697,50,-,-,-,-
2568,51.36,-1928927,-3498.518610568797,50,-,-,-,-
2569,51.38,-1932458,-2754.25289959546,50,-,-,-,-
2570,51.4,-1932280,-2038.2925723139851,50,-,-,-,-
2571,51.42,-1934731,-850.4136183692399,50,-,-,-,-
2572,51.44,-1935621,436.6670940707645,50,-,-,-,-
2573,51.46,-1936634,1809.991583022758,50,-,-,-,-
2574,51.48,-1934209,2782.0300690359577,50,-,-,-,-
2575,51.5,-1934943,3619.4665572284975,50,-,-,-,-
2576,51.52,-1936711,3975.8913646932947,50,-,-,-,-
2577,51.54,-1938740,3744.843375049584,50,-,-,-,-
2578,51.56,-1940888,3043.4026232820424,50,-,-,-,-
2579,51.58,-1942567,2078.5721617873924,50,-,-,-,-
2580,51.6,-1944926,1201.8830606698111,50,-,-,-,-
2581,51.62,-1945700,412.93076030090924,50,-,-,-,-
2582,51.64,-1947105,-74.04058052748678,50,-,-,-,-
2583,51.66,-1948147,-392.3642433930827,50,-,-,-,-
2584,51.68,-1952114,-394.52120847908554,50,-,-,-,-
2585,51.7,-1953116,-622.1478261669854,50,-,-,-,-
2586,51.72,-1955384,-791.0062811362413,50,-,-,-,-
2587,51.74,-1955495,-1149.372198710154,50,-,-,-,-
2588,51.76,-1956618,-1412.9320995176436,50,-,-,-,-
2589,51.78,-1959608,-1479.1445056820585,50,-,-,-,-
2590,51.8,-1959401,-1718.6140666011243,50,-,-,-,-
2591,51.82,-1956652,-2074.6863797232277,50,-,-,-,-
2592,51.84,-1939149,-3455.161328762586,50,-,-,-,-
2593,51.86,-1928828,-4118.572230013713,50,-,-,-,-
2594,51.88,-1928125,-3806.450636638583,50,-,-,-,-
2595,51.9,-1928367,-3128.3641296741625,50,-,-,-,-
2596,51.92,-1927574,-2202.396753066201,50,-,-,-,-
2597,51.94,-1928896,-792.5227791702491,50,-,-,-,-
2598,51.96,-1929470,812.8956963372739,50,-,-,-,-
2599,51.98,-1932601,2714.2005534214377,50,-,-,-,-
2600,52.0,-1932154,4211.062848921561,50,-,-,-,-
2601,52.02,-1930426,5211.1324701778985,50,-,-,-,-
2602,52.04,-1930545,5722.619196175219,50,-,-,-,-
2603,52.06,-1931447,5557.231904109349,50,-,-,-,-
2604,52.08,-1935931,5003.882691580308,50,-,-,-,-
2605,52.1,-1936906,3757.505449402188,50,-,-,-,-
2606,52.12,-1939569,2521.673311394283,50,-,-,-,-
2607,52.14,-1942158,1416.6759151213864,50,-,-,-,-
2608,52.16,-1943069,453.7830195705592,50,-,-,-,-
2609,52.18,-1944518,-188.31069240219585,50,-,-,-,-
2610,52.2,-1945640,-653.7456819092622,50,-,-,-,-
2611,52.22,-1947331,-982.3323693815382,50,-,-,-,-
2612,52.24,-1949324,-1278.1008007233922,50,-,-,-,-
2613,52.26,-1953398,-1434.5462493535506,50,-,-,-,-
2614,52.28,-1955389,-1748.2834371361841,50,-,-,-,-
2615,52.3,-1957646,-1992.2984891516135,50,-,-,-,-
2616,52.32,-1959515,-2179.9962748946846,50,-,-,-,-
2617,52.34,-1961204,-2293.0514236419585,50,-,-,-,-
2618,52.36,-1957770,-2727.0102404195222,50,-,-,-,-
2619,52.38,-1945086,-3800.2728802745387,50,-,-,-,-
2620,52.4,-1936384,-4463.92586623677,50,-,-,-,-
2621,52.42,-1934676,-4422.010734041058,50,-,-,-,-
2622,52.44,-1935834,-3915.9239452854163,50,-,-,-,-
2623,52.46,-1939619,-2899.7776467787116,50,-,-,-,-
2624,52.48,-1939772,-1828.5948625217134,50,-,-,-,-
2625,52.5,-1939331,-515.2704912869476,50,-,-,-,-
2626,52.52,-1942440,1217.6045060970114,50,-,-,-,-
2627,52.54,-1944825,2812.9845232110993,50,-,-,-,-
2628,52.56,-1943742,3793.845137727298,50,-,-,-,-
2629,52.58,-1944529,4347.771556118555,50,-,-,-,-
2630,52.6,-1946157,4298.54806811445,50,-,-,-,-
2631,52.62,-1948398,3702.2809427685847,50,-,-,-,-
2632,52.64,-1949781,2670.606783000098,50,-,-,-,-
2633,52.66,-1951393,1570.8315201977898,50,-,-,-,-
2634,52.68,-1952615,591.1909575476079,50,-,-,-,-
2635,52.7,-1957556,164.03893744083143,50,-,-,-,-
2636,52.72,-1958713,-285.9534269796459,50,-,-,-,-
2637,52.74,-1959578,-564.660254131617,50,-,-,-,-
2638,52.76,-1961353,-676.4757902555384,50,-,-,-,-
2639,52.78,-1961546,-895.3106510516545,50,-,-,-,-
2640,52.8,-1963685,-995.2167041091307,50,-,-,-,-
2641,52.82,-1965224,-1172.251362394658,50,-,-,-,-
2642,52.84,-1969901,-1114.5508508738603,50,-,-,-,-
2643,52.86,-1971909,-1233.0872640272446,50,-,-,-,-
2644,52.88,-1973587,-1321.1262161288955,50,-,-,-,-
2645,52.9,-1966941,-1968.839266719433,50,-,-,-,-
2646,52.92,-1952897,-3076.4041237913953,50,-,-,-,-
2647,52.94,-1945359,-3540.9758509693675,50,-,-,-,-
2648,52.96,-1945462,-3242.0317187932415,50,-,-,-,-
2649,52.98,-1948644,-2498.745668931866,50,-,-,-,-
2650,53.0,-1949680,-1676.2182051715045,50,-,-,-,-
2651,53.02,-1951621,-516.8791713865576,50,-,-,-,-
2652,53.04,-1956905,1129.235598344569,50,-,-,-,-
2653,53.06,-1958258,2569.612035669611,50,-,-,-,-
2654,53.08,-1954754,3509.0269484330042,50,-,-,-,-
2655,53.1,-1955811,4404.710203204178,50,-,-,-,-
2656,53.12,-1955801,4607.068548985846,50,-,-,-,-
2657,53.14,-1956920,4214.15264191767,50,-,-,-,-
2658,53.16,-1962268,3587.8402398078742,50,-,-,-,-
2659,53.18,-1962495,2287.9480538300877,50,-,-,-,-
2660,53.2,-1967376,1375.714959586693,50,-,-,-,-
2661,53.22,-1969848,536.3823390047364,50,-,-,-,-
2662,53.24,-1970686,-93.33840667281947,50,-,-,-,-
2663,53.26,-1973450,-300.281666331256,50,-,-,-,-
2664,53.28,-1973744,-561.7972066044185,50,-,-,-,-
2665,53.3,-1974236,-815.3282305909597,50,-,-,-,-
2666,53.32,-1976273,-1034.8055044153016,50,-,-,-,-
2667,53.34,-1980074,-1198.4599271371026,50,-,-,-,-
2668,53.36,-1981974,-1520.3441282727,50,-,-,-,-
2669,53.38,-1981938,-1915.3998492120477,50,-,-,-,-
2670,53.4,-1986195,-1845.5682365227758,50,-,-,-,-
2671,53.42,-1976571,-2680.015802710676,50,-,-,-,-
2672,53.44,-1965341,-3472.2582802396028,50,-,-,-,-
2673,53.46,-1951939,-4251.8220333898935,50,-,-,-,-
2674,53.48,-1952817,-3737.504650256542,50,-,-,-,-
2675,53.5,-1957432,-2713.0344026526545,50,-,-,-,-
2676,53.52,-1958334,-1720.7894670908809,50,-,-,-,-
2677,53.54,-1957337,-601.636426973153,50,-,-,-,-
2678,53.56,-1958484,917.5587808078417,50,-,-,-,-
2679,53.58,-1960349,2589.3921423830197,50,-,-,-,-
2680,53.6,-1961558,4069.8990724582195,50,-,-,-,-
2681,53.62,-1961115,5004.096838545948,50,-,-,-,-
2682,53.64,-1962392,5423.148336638642,50,-,-,-,-
2683,53.66,-1964254,5159.308329304398,50,-,-,-,-
2684,53.68,-1967278,4370.268175422763,50,-,-,-,-
2685,53.7,-1970320,3234.545082395387,50,-,-,-,-
2686,53.72,-1971250,1895.2780437637775,50,-,-,-,-
2687,53.74,-1975799,1015.9999959433135,50,-,-,-,-
2688,53.76,-1974987,0.05605861892036046,50,-,-,-,-
2689,53.78,-1977431,-514.6389189494976,50,-,-,-,-
2690,53.8,-1977726,-1019.5514076543977,50,-,-,-,-
2691,53.82,-1978230,-1416.2357887142125,50,-,-,-,-
2692,53.84,-1979349,-1723.1480879847422,50,-,-,-,-
2693,53.86,-1983515,-1762.5551042188117,50,-,-,-,-
2694,53.88,-1981641,-2203.5326971882855,50,-,-,-,-
2695,53.9,-1983216,-2278.8624134173506,50,-,-,-,-
2696,53.92,-1988065,-1982.0859292679615,50,-,-,-,-
2697,53.94,-1985785,-2123.060351187997,50,-,-,-,-
2698,53.96,-1972508,-3012.299075803883,50,-,-,-,-
2699,53.98,-1960001,-3738.7515162689997,50,-,-,-,-
2700,54.0,-1957143,-3594.348320180925,38,45.25,-,-,-
2701,54.02,-1961712,-2718.444493350282,38,-,-,-,-
2702,54.04,-1962342,-1945.987132479113,38,-,-,-,-
2703,54.06,-1965102,-783.175882247514,38,-,-,-,-
2704,54.08,-1968109,610.906426651816,38,-,-,-,-
2705,54.1,-1968067,1890.034246270552,38,-,-,-,-
2706,54.12,-1962951,2728.40221322995,38,-,-,-,-
2707,54.14,-1965237,3856.1894419479095,38,-,-,-,-
2708,54.16,-1966524,4404.1834809306165,38,-,-,-,-
2709,54.18,-1968730,4388.942227213058,38,-,-,-,-
2710,54.2,-1970796,3775.848368707526,38,-,-,-,-
2711,54.22,-1974257,2899.8715725990523,38,-,-,-,-
2712,54.24,-1976190,1829.985330863493,38,-,-,-,-
2713,54.26,-1976312,787.454729930655,38,-,-,-,-
2714,54.28,-1978160,152.3076371946072,38,-,-,-,-
2715,54.3,-1977744,-409.85085070454534,38,-,-,-,-
2716,54.32,-1978977,-705.7376338643471,38,-,-,-,-
2717,54.34,-1981983,-830.9190233129593,38,-,-,-,-
2718,54.36,-1981553,-1231.7040820416828,38,-,-,-,-
2719,54.38,-1985986,-1255.080097850212,38,-,-,-,-
2720,54.4,-1984824,-1651.473226093351,38,-,-,-,-
2721,54.42,-1983206,-1978.294859058962,38,-,-,-,-
2722,54.44,-1968744,-3143.6966665598484,38,-,-,-,-
2723,54.46,-1956196,-3979.6724736338947,38,-,-,-,-
2724,54.48,-1957001,-3583.4264548171814,38,-,-,-,-
2725,54.5,-1960246,-2780.5653213153237,38,-,-,-,-
2726,54.52,-1960771,-1954.5848786451334,38,-,-,-,-
2727,54.54,-1958606,-1088.3725572547755,38,-,-,-,-
2728,54.56,-1959733,254.24178112536356,38,-,-,-,-
2729,54.58,-1960742,1709.5177253104825,38,-,-,-,-
2730,54.6,-1963338,3213.4629469903775,38,-,-,-,-
2731,54.62,-1962092,4103.435655258657,38,-,-,-,-
2732,54.64,-1961884,4533.584280609008,38,-,-,-,-
2733,54.66,-1962418,4378.852281476972,38,-,-,-,-
2734,54.68,-1965593,3852.2448261402033,38,-,-,-,-
2735,54.7,-1967836,2895.9006966551187,38,-,-,-,-
2736,54.72,-1970049,1848.617340978908,38,-,-,-,-
2737,54.74,-1969263,700.6478549184048,38,-,-,-,-
2738,54.76,-1970546,-51.47475107707032,38,-,-,-,-
2739,54.78,-1975441,-289.7281099048596,38,-,-,-,-
2740,54.8,-1975006,-764.9097883798631,38,-,-,-,-
2741,54.82,-1975755,-1057.3059713044004,38,-,-,-,-
2742,54.84,-1977626,-1235.3599768031527,38,-,-,-,-
2743,54.86,-1977431,-1571.6263539757229,38,-,-,-,-
2744,54.88,-1982750,-1478.677593893287,38,-,-,-,-
2745,54.9,-1984509,-1628.207362141794,38,-,-,-,-
2746,54.92,-1986586,-1703.7626832710948,38,-,-,-,-
2747,54.94,-1986852,-1862.3629304918813,38,-,-,-,-
2748,54.96,-1973046,-3033.0506903366368,38,-,-,-,-
2749,54.98,-1957105,-4256.793401176943,38,-,-,-,-
2750,55.0,-1955229,-4228.299809357341,38,-,-,-,-
2751,55.02,-1957567,-3647.8718093081243,38,-,-,-,-
2752,55.04,-1958200,-2922.4970117098947,38,-,-,-,-
2753,55.06,-1957589,-1975.5306708285807,38,-,-,-,-
2754,55.08,-1956778,-721.7141357998562,38,-,-,-,-
2755,55.1,-1957487,892.2837209842673,38,-,-,-,-
2756,55.12,-1960502,2735.7551641900495,38,-,-,-,-
2757,55.14,-1957075,3862.524392104518,38,-,-,-,-
2758,55.16,-1956635,4714.647038903056,38,-,-,-,-
2759,55.18,-1959885,5161.783322014149,38,-,-,-,-
2760,55.2,-1961692,4804.330143336702,38,-,-,-,-
2761,55.22,-1964428,4008.4606609066877,38,-,-,-,-
2762,55.24,-1965559,2868.7016603561715,38,-,-,-,-
2763,55.26,-1966652,1769.5731381766363,38,-,-,-,-
2764,55.28,-1968078,893.1087957643458,38,-,-,-,-
2765,55.3,-1969697,259.2462147136157,38,-,-,-,-
2766,55.32,-1969547,-331.1021833169398,38,-,-,-,-
2767,55.34,-1970623,-721.8243516654147,38,-,-,-,-
2768,55.36,-1971874,-1049.94908590467,38,-,-,-,-
2769,55.38,-1973299,-1333.7789693395107,38,-,-,-,-
2770,55.4,-1975401,-1515.872553298781,38,-,-,-,-
2771,55.42,-1977332,-1630.8324176199603,38,-,-,-,-
2772,55.44,-1978120,-1737.747411904411,38,-,-,-,-
2773,55.46,-1978908,-1758.8503354129848,38,-,-,-,-
2774,55.48,-1981195,-1611.5157153781865,38,-,-,-,-
2775,55.5,-1969209,-2526.298387798439,38,-,-,-,-
2776,55.52,-1957654,-3357.837431902246,38,-,-,-,-
2777,55.54,-1954963,-3407.3527825405436,38,-,-,-,-
2778,55.56,-1956579,-2964.1969563042603,38,-,-,-,-
2779,55.58,-1958295,-2292.7345896655443,38,-,-,-,-
2780,55.6,-1957498,-1550.046200130765,38,-,-,-,-
2781,55.62,-1958704,-393.3776078755818,38,-,-,-,-
2782,55.64,-1964094,1257.2632423552418,38,-,-,-,-
2783,55.66,-1962764,2392.43579131357,38,-,-,-,-
2784,55.68,-1958502,3081.693706531837,38,-,-,-,-
2785,55.7,-1960554,3821.4181943679528,38,-,-,-,-
2786,55.72,-1959536,3758.4142368512958,38,-,-,-,-
2787,55.74,-1962983,3480.8111150278232,38,-,-,-,-
2788,55.76,-1964578,2672.497670095605,38,-,-,-,-
2789,55.78,-1965916,1711.1223417241936,38,-,-,-,-
2790,55.8,-1970631,1110.294973931169,38,-,-,-,-
2791,55.82,-1972131,495.861585952759,38,-,-,-,-
2792,55.84,-1973227,93.10900776250764,38,-,-,-,-
2793,55.86,-1972998,-248.59337485375818,38,-,-,-,-
2794,55.88,-1975269,-355.5599433780153,38,-,-,-,-
2795,55.9,-1976699,-582.9314405571904,38,-,-,-,-
2796,55.92,-1975917,-1067.0951391366889,38,-,-,-,-
2797,55.94,-1977853,-1387.0614310189312,38,-,-,-,-
2798,55.96,-1982042,-1499.8110586824532,38,-,-,-,-
2799,55.98,-1984604,-1632.8986588460803,38,-,-,-,-
2800,56.0,-1985428,-1759.3141010064955,38,-,-,-,-
2801,56.02,-1977937,-2379.8334911950737,38,-,-,-,-
2802,56.04,-1960688,-3606.5770047697206,38,-,-,-,-
2803,56.06,-1952399,-3994.3478913305808,38,-,-,-,-
2804,56.08,-1951752,-3621.9614014586696,38,-,-,-,-
2805,56.1,-1952624,-2921.9646071112074,38,-,-,-,-
2806,56.12,-1954993,-1847.0633383037148,38,-,-,-,-
2807,56.14,-1953241,-791.5392354596352,38,-,-,-,-
2808,56.16,-1952858,644.0778570895327,38,-,-,-,-
2809,56.18,-1954432,2379.6826404495364,38,-,-,-,-
2810,56.2,-1954941,3944.957408543231,38,-,-,-,-
2811,56.22,-1953818,4998.146292072662,38,-,-,-,-
2812,56.24,-1953537,5475.482373517637,38,-,-,-,-
2813,56.26,-1957365,5523.847330265309,38,-,-,-,-
2814,56.28,-1959345,4785.413394387558,38,-,-,-,-
2815,56.3,-1960550,3603.797594290794,38,-,-,-,-
2816,56.32,-1962353,2390.1997589615876,38,-,-,-,-
2817,56.34,-1962063,1169.4246449864486,38,-,-,-,-
2818,56.36,-1964292,395.3233212531977,38,-,-,-,-
2819,56.38,-1964805,-268.8461011034333,38,-,-,-,-
2820,56.4,-1966344,-682.7459289064782,38,-,-,-,-
2821,56.42,-1969641,-868.5384877709748,38,-,-,-,-
2822,56.44,-1971230,-1144.4388436509917,38,-,-,-,-
2823,56.46,-1972030,-1454.3076289563523,38,-,-,-,-
2824,56.48,-1973015,-1708.5244467291122,38,-,-,-,-
2825,56.5,-1974041,-1900.9630454865355,38,-,-,-,-
2826,56.52,-1975596,-1992.4701063499097,38,-,-,-,-
2827,56.54,-1977906,-1979.408350009192,38,-,-,-,-
2828,56.56,-1981473,-1842.426138969654,38,-,-,-,-
2829,56.58,-1976265,-2353.161409020847,38,-,-,-,-
2830,56.6,-1959895,-3654.22960841452,38,-,-,-,-
2831,56.62,-1951595,-4196.0388378428215,38,-,-,-,-
2832,56.64,-1952522,-3819.287633012984,38,-,-,-,-
2833,56.66,-1955091,-3064.5611602772624,38,-,-,-,-
2834,56.68,-1953528,-2353.364885344641,38,-,-,-,-
2835,56.7,-1954486,-1177.4972318314767,38,-,-,-,-
2836,56.72,-1954821,174.07450177440205,38,-,-,-,-
2837,56.74,-1958119,1853.9881430833743,38,-,-,-,-
2838,56.76,-1958218,3189.955420573503,38,-,-,-,-
2839,56.78,-1956205,4023.9880943189055,38,-,-,-,-
2840,56.8,-1955347,4397.943952636973,38,-,-,-,-
2841,56.82,-1958128,4410.429580067237,38,-,-,-,-
2842,56.84,-1960060,3797.1002887809195,38,-,-,-,-
2843,56.86,-1964329,3026.148739713849,38,-,-,-,-
2844,56.88,-1964227,1854.174729731937,38,-,-,-,-
2845,56.9,-1968855,1185.9613809563762,38,-,-,-,-
2846,56.92,-1970131,492.9718294964932,38,-,-,-,-
2847,56.94,-1972128,67.85990083093566,38,-,-,-,-
2848,56.96,-1972069,-384.6903776431609,38,-,-,-,-
2849,56.98,-1974424,-619.8687342223075,38,-,-,-,-
2850,57.0,-1978023,-796.6682368703941,43,45.25,-,-,-
2851,57.02,-1976562,-1407.221922461178,43,-,-,-,-
2852,57.04,-1983403,-1385.2173454484328,43,-,-,-,-
2853,57.06,-1989989,-1332.5852257213737,43,-,-,-,-
2854,57.08,-1990562,-1656.9226229126962,43,-,-,-,-
2855,57.1,-1977209,-2939.279073697635,43,-,-,-,-
2856,57.12,-1961355,-4271.765140366293,43,-,-,-,-
2857,57.14,-1960724,-4264.522757078008,43,-,-,-,-
2858,57.16,-1965208,-3672.8294353352467,43,-,-,-,-
2859,57.18,-1966018,-3142.1684115192093,43,-,-,-,-
2860,57.2,-1967553,-2288.8480870496105,43,-,-,-,-
2861,57.22,-1969000,-1146.279871386574,43,-,-,-,-
2862,57.24,-1970836,278.7631942383655,43,-,-,-,-
2863,57.26,-1969024,1530.8821834215908,43,-,-,-,-
2864,57.28,-1968692,2760.004156921824,43,-,-,-,-
2865,57.3,-1968053,3550.2381220195293,43,-,-,-,-
2866,57.32,-1968562,3810.8298748507814,43,-,-,-,-
2867,57.34,-1971138,3593.9304261002044,43,-,-,-,-
2868,57.36,-1975265,3041.667833206428,43,-,-,-,-
2869,57.38,-1977797,2205.1884004806525,43,-,-,-,-
2870,57.4,-1981060,1523.600670193704,43,-,-,-,-
2871,57.42,-1981320,845.621473603318,43,-,-,-,-
2872,57.44,-1982162,438.46723297053086,43,-,-,-,-
2873,57.46,-1985503,346.3362805186043,43,-,-,-,-
2874,57.48,-1987168,123.52811414363805,43,-,-,-,-
2875,57.5,-1989480,-135.34765914911895,43,-,-,-,-
2876,57.52,-1991091,-541.5980309148426,43,-,-,-,-
2877,57.54,-1992530,-996.9620122223132,43,-,-,-,-
2878,57.56,-1995454,-1289.2704016985017,43,-,-,-,-
2879,57.58,-1995590,-1676.7634307688008,43,-,-,-,-
2880,57.6,-1999823,-1608.7598159499958,43,-,-,-,-
2881,57.62,-1997722,-1904.357323768546,43,-,-,-,-
2882,57.64,-1988663,-2637.066898476128,43,-,-,-,-
2883,57.66,-1973471,-3730.704106894922,43,-,-,-,-
2884,57.68,-1970162,-3754.9884593292336,43,-,-,-,-
2885,57.7,-1972017,-3166.604207015156,43,-,-,-,-
2886,57.72,-1974499,-2267.7581014682946,43,-,-,-,-
2887,57.74,-1973734,-1329.7149773273668,43,-,-,-,-
2888,57.76,-1973117,-108.98295435446926,43,-,-,-,-
2889,57.78,-1974878,1475.2782163736647,43,-,-,-,-
2890,57.8,-1976746,3068.7372192845896,43,-,-,-,-
2891,57.82,-1975876,4210.171859675735,43,-,-,-,-
2892,57.84,-1977672,5069.072255955145,43,-,-,-,-
2893,57.86,-1978082,5174.254402825634,43,-,-,-,-
2894,57.88,-1979517,4709.96073496142,43,-,-,-,-
2895,57.9,-1983626,3970.8037308205385,43,-,-,-,-
2896,57.92,-1985399,2837.2882637807816,43,-,-,-,-
2897,57.94,-1987358,1753.5620546812297,43,-,-,-,-
2898,57.96,-1992048,1064.5708750347258,43,-,-,-,-
2899,57.98,-1994027,385.16339391762085,43,-,-,-,-
2900,58.0,-1995022,-197.69039161986439,43,-,-,-,-
2901,58.02,-1995658,-708.7889733941993,43,-,-,-,-
2902,58.04,-1996987,-1130.811318675872,43,-,-,-,-
2903,58.06,-1998157,-1557.751338435095,43,-,-,-,-
2904,58.08,-2002318,-1738.5438599382696,43,-,-,-,-
2905,58.1,-2004698,-2002.070065229187,43,-,-,-,-
2906,58.12,-2007918,-2105.4233012311315,43,-,-,-,-
2907,58.14,-2008513,-2287.6253900021247,43,-,-,-,-
2908,58.16,-2011961,-2134.04503633513,43,-,-,-,-
2909,58.18,-2013308,-2061.069017135095,43,-,-,-,-
2910,58.2,-2001612,-2944.811878102795,43,-,-,-,-
2911,58.22,-1985623,-4108.83897317911,43,-,-,-,-
2912,58.24,-1980474,-4337.937411493207,43,-,-,-,-
2913,58.26,-1983489,-3756.089679409655,43,-,-,-,-
2914,58.28,-1985780,-2956.989071947619,43,-,-,-,-
2915,58.3,-1987139,-1886.333615663927,43,-,-,-,-
2916,58.32,-1985769,-669.9167151993006,43,-,-,-,-
2917,58.34,-1987583,1055.1314145543502,43,-,-,-,-
2918,58.36,-1987699,2710.375551629743,43,-,-,-,-
2919,58.38,-1987892,4146.420567890558,43,-,-,-,-
2920,58.4,-1988150,5072.857820145414,43,-,-,-,-
2921,58.42,-1989371,5363.640850597145,43,-,-,-,-
2922,58.44,-1990774,4947.146318538958,43,-,-,-,-
2923,58.46,-1993505,4098.475283279914,43,-,-,-,-
2924,58.48,-1996727,3057.5934281479676,43,-,-,-,-
2925,58.5,-1999152,2010.6760952621244,43,-,-,-,-
2926,58.52,-2000607,1112.4852413948038,43,-,-,-,-
2927,58.54,-2000291,334.48984880833905,43,-,-,-,-
2928,58.56,-2004745,112.80864593859042,43,-,-,-,-
2929,58.58,-2003399,-459.21463394585044,43,-,-,-,-
2930,58.6,-2007567,-592.1331636176219,43,-,-,-,-
2931,58.62,-2009412,-917.7833566695881,43,-,-,-,-
2932,58.64,-2011611,-1218.0436380586243,43,-,-,-,-
2933,58.66,-2013478,-1504.4982369744212,43,-,-,-,-
2934,58.68,-2014080,-1807.9844063275714,43,-,-,-,-
2935,58.7,-2015230,-1969.1226804258295,43,-,-,-,-
2936,58.72,-2017158,-1980.0043023050266,43,-,-,-,-
2937,58.74,-2020828,-1798.3393064244956,43,-,-,-,-
2938,58.76,-2017153,-2146.6256316012855,43,-,-,-,-
2939,58.78,-2003095,-3241.3806235239954,43,-,-,-,-
2940,58.8,-1994095,-3835.658074546638,43,-,-,-,-
2941,58.82,-1993170,-3622.6003433484184,43,-,-,-,-
2942,58.84,-1995344,-2926.998149179015,43,-,-,-,-
2943,58.86,-1997313,-1973.9363628355532,43,-,-,-,-
2944,58.88,-1998641,-804.7245336038286,43,-,-,-,-
2945,58.9,-2000428,604.6855309523221,43,-,-,-,-
2946,58.92,-2006384,2405.1982648054973,43,-,-,-,-
2947,58.94,-2004574,3481.8415792515134,43,-,-,-,-
2948,58.96,-2001926,4136.160546230283,43,-,-,-,-
2949,58.98,-2002421,4476.604795307684,43,-,-,-,-
2950,59.0,-2002089,4112.96270310158,43,-,-,-,-
2951,59.02,-2007352,3618.5961610511536,43,-,-,-,-
2952,59.04,-2012924,2817.333994134704,43,-,-,-,-
2953,59.06,-2014703,1682.72140487073,43,-,-,-,-
2954,59.08,-2015076,636.8089077039558,43,-,-,-,-
2955,59.1,-2016724,-2.031265454813365,43,-,-,-,-
2956,59.12,-2018038,-381.8359292221603,43,-,-,-,-
2957,59.14,-2020526,-506.340311373212,43,-,-,-,-
2958,59.16,-2025055,-454.72783785925367,43,-,-,-,-
2959,59.18,-2026918,-689.8735040435495,43,-,-,-,-
2960,59.2,-2027274,-1136.7630326804538,43,-,-,-,-
2961,59.22,-2029984,-1435.6657925449645,43,-,-,-,-
2962,59.24,-2028613,-1987.040744916966,43,-,-,-,-
2963,59.26,-2027205,-2408.978716643079,43,-,-,-,-
2964,59.28,-2016048,-3405.7738311833,43,-,-,-,-
2965,59.3,-2000231,-4553.1583201332105,43,-,-,-,-
2966,59.32,-1995974,-4560.229116103303,43,-,-,-,-
2967,59.34,-1997002,-3855.871780701371,43,-,-,-,-
2968,59.36,-1997321,-2855.4602885100594,43,-,-,-,-
2969,59.38,-1997997,-1463.4598150938855,43,-,-,-,-
2970,59.4,-1999466,298.0712582908891,43,-,-,-,-
2971,59.42,-2001244,2239.8894256412414,43,-,-,-,-
2972,59.44,-2002756,4075.036823173564,43,-,-,-,-
2973,59.46,-2002182,5374.709838317426,43,-,-,-,-
2974,59.48,-2001260,6011.919070290862,43,-,-,-,-
2975,59.5,-2000381,5875.03865460712,43,-,-,-,-
2976,59.52,-2000892,5110.361738862249,43,-,-,-,-
2977,59.54,-2002570,3928.0960992651208,43,-,-,-,-
2978,59.56,-2004386,2579.1905454588004,43,-,-,-,-
2979,59.58,-2008571,1540.7231824948467,43,-,-,-,-
2980,59.6,-2010129,616.7440730919498,43,-,-,-,-
2981,59.62,-2009572,-109.49458392860652,43,-,-,-,-
2982,59.64,-2010411,-440.50299204206385,43,-,-,-,-
2983,59.66,-2012271,-541.7561105737204,43,-,-,-,-
2984,59.68,-2012472,-757.0997175225775,43,-,-,-,-
2985,59.7,-2015463,-833.9184150822475,43,-,-,-,-
2986,59.72,-2016985,-1114.9540652647129,43,-,-,-,-
2987,59.74,-2018163,-1466.6744102428693,43,-,-,-,-
2988,59.76,-2019070,-1805.495285147551,43,-,-,-,-
2989,59.78,-2019389,-2089.1926811827407,43,-,-,-,-
2990,59.8,-2019869,-2233.005953752618,43,-,-,-,-
2991,59.82,-2008344,-3167.6441057925476,43,-,-,-,-
2992,59.84,-1995870,-4036.9392779878126,43,-,-,-,-
2993,59.86,-1992239,-4059.773872455633,43,-,-,-,-
2994,59.88,-1996039,-3307.492350039698,43,-,-,-,-
2995,59.9,-1998344,-2429.1022558437,43,-,-,-,-
2996,59.92,-1999783,-1359.6015460406607,43,-,-,-,-
2997,59.94,-2000771,-97.86922694783789,43,-,-,-,-
2998,59.96,-2003486,1412.6687262255189,43,-,-,-,-
2999,59.98,-2004398,2710.854257768127,43,-,-,-,-
3000,60.0,-2000705,3351.8984012782034,36,41.75,-,-,-
3001,60.02,-2002060,3868.771893695902,36,-,-,-,-
3002,60.04,-2003515,3774.5691586329044,36,-,-,-,-
3003,60.06,-2007145,3277.1024789290095,36,-,-,-,-
3004,60.08,-2007949,2203.7274007817014,36,-,-,-,-
3005,60.1,-2009477,1116.1682917439648,36,-,-,-,-
3006,60.12,-2010055,137.16331719406753,36,-,-,-,-
3007,60.14,-2011363,-477.1395894877751,36,-,-,-,-
3008,60.16,-2013637,-718.6354299662698,36,-,-,-,-
3009,60.18,-2017153,-671.626596300046,36,-,-,-,-
3010,60.2,-2018153,-754.8030128858536,36,-,-,-,-
3011,60.22,-2018516,-919.0315566207287,36,-,-,-,-
3012,60.24,-2018114,-1202.5647389400808,36,-,-,-,-
3013,60.26,-2020373,-1318.0648682666256,36,-,-,-,-
3014,60.28,-2021773,-1489.151373501927,36,-,-,-,-
3015,60.3,-2024322,-1524.9681326148711,36,-,-,-,-
3016,60.32,-2017414,-2208.3421971940793,36,-,-,-,-
3017,60.34,-1998515,-3681.8858805855925,36,-,-,-,-
3018,60.36,-1989154,-4218.393613712175,36,-,-,-,-
3019,60.38,-1990120,-3689.805421269437,36,-,-,-,-
3020,60.4,-1990698,-2881.1293368551815,36,-,-,-,-
3021,60.42,-1990818,-1789.3996513344373,36,-,-,-,-
3022,60.44,-1989304,-527.6875557527546,36,-,-,-,-
3023,60.46,-1988845,1035.9427419120138,36,-,-,-,-
3024,60.48,-1990784,2855.652194071222,36,-,-,-,-
3025,60.5,-1991840,4452.163704929649,36,-,-,-,-
3026,60.52,-1990983,5478.752500518975,36,-,-,-,-
3027,60.54,-1990563,5890.485926253094,36,-,-,-,-
3028,60.56,-1990171,5570.741953212083,36,-,-,-,-
3029,60.58,-1991920,4787.468224013639,36,-,-,-,-
3030,60.6,-1994165,3674.2410842178106,36,-,-,-,-
3031,60.62,-1995963,2457.9585599252587,36,-,-,-,-
3032,60.64,-1997780,1401.8045969017294,36,-,-,-,-
3033,60.66,-1998820,548.6693957905973,36,-,-,-,-
3034,60.68,-1998866,-121.56967641499978,36,-,-,-,-
3035,60.7,-1999507,-555.4428734301109,36,-,-,-,-
3036,60.72,-2000156,-886.8138477044431,36,-,-,-,-
3037,60.74,-2001843,-1111.2775832538819,36,-,-,-,-
3038,60.76,-2002644,-1410.7849326711857,36,-,-,-,-
3039,60.78,-2003655,-1689.6597632778457,36,-,-,-,-
3040,60.8,-2004648,-1923.635616899097,36,-,-,-,-
3041,60.82,-2006270,-2022.3215654783025,36,-,-,-,-
3042,60.84,-2009643,-1886.4793367268094,36,-,-,-,-
3043,60.86,-2011144,-1815.7895393043163,36,-,-,-,-
3044,60.88,-2004462,-2326.776762229866,36,-,-,-,-
3045,60.9,-1985792,-3709.2089042594926,36,-,-,-,-
3046,60.92,-1978462,-4128.769106335803,36,-,-,-,-
3047,60.94,-1977944,-3863.866067410014,36,-,-,-,-
3048,60.96,-1979764,-3188.346198649697,36,-,-,-,-
3049,60.98,-1980554,-2299.243763263201,36,-,-,-,-
3050,61.0,-1982882,-975.435043129637,36,-,-,-,-
3051,61.02,-1983745,504.4322717775349,36,-,-,-,-
3052,61.04,-1985718,2188.7892118855766,36,-,-,-,-
3053,61.06,-1985834,3604.913239645623,36,-,-,-,-
3054,61.08,-1984646,4504.137170488707,36,-,-,-,-
3055,61.1,-1981771,4619.383775335169,36,-,-,-,-
3056,61.12,-1981879,4229.740642333791,36,-,-,-,-
3057,61.14,-1986087,3548.5033627628404,36,-,-,-,-
3058,61.16,-1986368,2253.28518225033,36,-,-,-,-
3059,61.18,-1987239,1030.0570674493038,36,-,-,-,-
3060,61.2,-1988537,122.74255857348362,36,-,-,-,-
3061,61.22,-1989802,-403.2360498044691,36,-,-,-,-
3062,61.24,-1991809,-535.8204725592886,36,-,-,-,-
3063,61.26,-1991373,-656.674014462963,36,-,-,-,-
3064,61.28,-1990856,-739.3612565481167,36,-,-,-,-
3065,61.3,-1991281,-816.213604713696,36,-,-,-,-
3066,61.32,-1994048,-819.2554420531105,36,-,-,-,-
3067,61.34,-1991157,-1324.9140655733543,36,-,-,-,-
3068,61.36,-1995332,-1282.8647475205075,36,-,-,-,-
3069,61.38,-1996526,-1396.144422611273,36,-,-,-,-
3070,61.4,-1996208,-1520.8317743021444,36,-,-,-,-
3071,61.42,-1998244,-1365.2072706734066,36,-,-,-,-
3072,61.44,-2000979,-1094.3221601960772,36,-,-,-,-
3073,61.46,-1998082,-1242.617900439076,36,-,-,-,-
3074,61.48,-1972035,-3155.099202587251,36,-,-,-,-
3075,61.5,-1969159,-3230.9029084004833,36,-,-,-,-
3076,61.52,-1966703,-3136.961306177913,36,-,-,-,-
3077,61.54,-1967068,-2611.031228801179,36,-,-,-,-
3078,61.56,-1967057,-1817.9870276956935,36,-,-,-,-
3079,61.58,-1967238,-673.2684339449515,36,-,-,-,-
3080,61.6,-1969834,955.0349195152253,36,-,-,-,-
3081,61.62,-1968250,2417.727800576883,36,-,-,-,-
3082,61.64,-1971333,4147.526877331345,36,-,-,-,-
3083,61.66,-1967121,4934.329953604955,36,-,-,-,-
3084,61.68,-1967596,5443.1838595157915,36,-,-,-,-
3085,61.7,-1967820,5188.771970691607,36,-,-,-,-
3086,61.72,-1969515,4399.398528140961,36,-,-,-,-
3087,61.74,-1972607,3336.7037929463613,36,-,-,-,-
3088,61.76,-1976262,2252.809243311318,36,-,-,-,-
3089,61.78,-1977478,1161.7231196549583,36,-,-,-,-
3090,61.8,-1980636,508.01034247436473,36,-,-,-,-
3091,61.82,-1979686,-192.4445507125438,36,-,-,-,-
3092,61.84,-1982163,-466.46712692140136,36,-,-,-,-
3093,61.86,-1984967,-678.0182404412226,36,-,-,-,-
3094,61.88,-1983927,-1235.7917688162588,36,-,-,-,-
3095,61.9,-1987073,-1542.0737416425336,36,-,-,-,-
3096,61.92,-1988499,-2000.9163494416198,36,-,-,-,-
3097,61.94,-1987403,-2590.039560001006,36,-,-,-,-
3098,61.96,-1991846,-2615.9542589183884,36,-,-,-,-
3099,61.98,-1993280,-2702.3514954001103,36,-,-,-,-
3100,62.0,-1994705,-2638.468361384156,36,-,-,-,-
3101,62.02,-1987802,-3099.815966823638,36,-,-,-,-
3102,62.04,-1971651,-4171.422157601568,36,-,-,-,-
3103,62.06,-1962755,-4560.757061482644,36,-,-,-,-
3104,62.08,-1962860,-4084.2760046692965,36,-,-,-,-
3105,62.1,-1967757,-3018.0348417212717,36,-,-,-,-
3106,62.12,-1967856,-2059.5426239323388,36,-,-,-,-
3107,62.14,-1970009,-675.1799585096933,36,-,-,-,-
3108,62.16,-1972026,910.6878743883958,36,-,-,-,-
3109,62.18,-1973662,2527.959319139921,36,-,-,-,-
3110,62.2,-1971766,3700.569368551454,36,-,-,-,-
3111,62.22,-1968828,4355.309281150547,36,-,-,-,-
3112,62.24,-1970316,4703.67544662676,36,-,-,-,-
3113,62.26,-1971811,4351.863859850493,36,-,-,-,-
3114,62.28,-1973892,3489.4881155060702,36,-,-,-,-
3115,62.3,-1976429,2404.8640961186175,36,-,-,-,-
3116,62.32,-1978441,1346.2755276272992,36,-,-,-,-
3117,62.34,-1979597,509.72452144544604,36,-,-,-,-
3118,62.36,-1979456,-75.76832879928861,36,-,-,-,-
3119,62.38,-1981152,-246.05128903050172,36,-,-,-,-
3120,62.4,-1981638,-381.41671509417665,36,-,-,-,-
3121,62.42,-1983478,-425.28207913617916,36,-,-,-,-
3122,62.44,-1985819,-518.7943011820062,36,-,-,-,-
3123,62.46,-1986518,-820.7711535323529,36,-,-,-,-
3124,62.48,-1984859,-1318.888357846956,36,-,-,-,-
3125,62.5,-1986144,-1526.7241426318194,36,-,-,-,-
3126,62.52,-1989536,-1461.8917964583384,36,-,-,-,-
3127,62.54,-1989056,-1580.8291902119809,36,-,-,-,-
3128,62.56,-1989328,-1555.5382078653279,36,-,-,-,-
3129,62.58,-1977302,-2402.423602021021,36,-,-,-,-
3130,62.6,-1963877,-3263.8144113750277,36,-,-,-,-
3131,62.62,-1959553,-3280.3406388632866,36,-,-,-,-
3132,62.64,-1961081,-2647.781810854147,36,-,-,-,-
3133,62.66,-1963071,-1744.0002610421052,36,-,-,-,-
3134,62.68,-1967658,-400.30346363464923,36,-,-,-,-
3135,62.7,-1966358,697.5124034334372,36,-,-,-,-
3136,62.72,-1971591,2400.970170881193,36,-,-,-,-
3137,62.74,-1968631,3409.631593694523,36,-,-,-,-
3138,62.76,-1966720,4206.18279736989,36,-,-,-,-
3139,62.78,-1965216,4523.3598421394845,36,-,-,-,-
3140,62.8,-1966840,4439.420940457494,36,-,-,-,-
3141,62.82,-1968093,3722.3742598834374,36,-,-,-,-
3142,62.84,-1970193,2680.0971335873437,36,-,-,-,-
3143,62.86,-1972540,1579.3395525693013,36,-,-,-,-
3144,62.88,-1975002,689.1839152611365,36,-,-,-,-
3145,62.9,-1975446,-8.403163291985948,36,-,-,-,-
3146,62.92,-1979459,-103.14259663905432,36,-,-,-,-
3147,62.94,-1980051,-266.7708622496302,36,-,-,-,-
3148,62.96,-1980791,-395.8937349442458,36,-,-,-,-
3149,62.98,-1983414,-484.05043707299956,36,-,-,-,-
3150,63.0,-1984642,-824.7015527360409,34,37.75,-,-,-
3151,63.02,-1985003,-1332.400073597384,34,-,-,-,-
3152,63.04,-1959569,-3786.7852505832943,34,-,-,-,-
3153,63.06,-1950868,-4756.627763426281,34,-,-,-,-
3154,63.08,-1952178,-4615.436596123731,34,-,-,-,-
3155,63.1,-1952505,-4132.884157940043,34,-,-,-,-
3156,63.12,-1955228,-3029.134157815377,34,-,-,-,-
3157,63.14,-1953269,-1875.2424655647128,34,-,-,-,-
3158,63.16,-1956938,19.228856124465437,34,-,-,-,-
3159,63.18,-1958418,1869.0807605532634,34,-,-,-,-
3160,63.2,-1957572,3398.811969162584,34,-,-,-,-
3161,63.22,-1953818,4271.957699740838,34,-,-,-,-
3162,63.24,-1956059,4925.154753308663,34,-,-,-,-
3163,63.26,-1959955,4920.426725021744,34,-,-,-,-
3164,63.28,-1961531,4056.4700371241133,34,-,-,-,-
3165,63.3,-1962926,2786.3071716437817,34,-,-,-,-
3166,63.32,-1967286,1693.6402128055615,34,-,-,-,-
3167,63.34,-1970085,685.7497831785258,34,-,-,-,-
3168,63.36,-1968157,-372.8638526406403,34,-,-,-,-
3169,63.38,-1972680,-655.9701001713402,34,-,-,-,-
3170,63.4,-1970793,-1258.8115530684172,34,-,-,-,-
3171,63.42,-1975821,-1280.6574842683249,34,-,-,-,-
3172,63.44,-1976581,-1648.761840698101,34,-,-,-,-
3173,63.46,-1980403,-1804.854483411449,34,-,-,-,-
3174,63.48,-1977772,-2424.337013156316,34,-,-,-,-
3175,63.5,-1962627,-3883.861063774142,34,-,-,-,-
3176,63.52,-1950091,-4925.4469495495905,34,-,-,-,-
3177,63.54,-1948255,-4855.836432361964,34,-,-,-,-
3178,63.56,-1948155,-4329.882525402665,34,-,-,-,-
3179,63.58,-1949282,-3379.122899108761,34,-,-,-,-
3180,63.6,-1950653,-2087.4469483019657,34,-,-,-,-
3181,63.62,-1947501,-858.9337626613396,34,-,-,-,-
3182,63.64,-1949554,948.75248412559,34,-,-,-,-
3183,63.66,-1950091,2627.647352282048,34,-,-,-,-
3184,63.68,-1951330,4081.3937073050643,34,-,-,-,-
3185,63.7,-1951239,4890.438412370512,34,-,-,-,-
3186,63.72,-1951091,4992.0625291394945,34,-,-,-,-
3187,63.74,-1952167,4506.491679023493,34,-,-,-,-
3188,63.76,-1951912,3440.680474043093,34,-,-,-,-
3189,63.78,-1956600,2565.1182993532066,34,-,-,-,-
3190,63.8,-1954384,1234.0533698321342,34,-,-,-,-
3191,63.82,-1956644,476.42542720376696,34,-,-,-,-
3192,63.84,-1957739,-99.7162690315954,34,-,-,-,-
3193,63.86,-1961340,-261.29948244975094,34,-,-,-,-
3194,63.88,-1962809,-449.2496557630402,34,-,-,-,-
3195,63.9,-1963164,-671.0474559773666,34,-,-,-,-
3196,63.92,-1963490,-901.8246048542414,34,-,-,-,-
3197,63.94,-1963491,-1187.888137476778,34,-,-,-,-
3198,63.96,-1967273,-1209.1498851845763,34,-,-,-,-
3199,63.98,-1969440,-1356.5973346306255,34,-,-,-,-
3200,64.0,-1971992,-1450.107396037357,34,-,-,-,-
3201,64.02,-1966132,-2131.8267632357874,34,-,-,-,-
3202,64.04,-1950568,-3448.9351923794093,34,-,-,-,-
3203,64.06,-1942033,-4050.674691473607,34,-,-,-,-
3204,64.08,-1941890,-3776.778055093946,34,-,-,-,-
3205,64.1,-1944122,-3061.3869941740522,34,-,-,-,-
3206,64.12,-1947568,-1987.6434238547654,34,-,-,-,-
3207,64.14,-1947324,-942.8469985842721,34,-,-,-,-
3208,64.16,-1949089,459.9152165801079,34,-,-,-,-
3209,64.18,-1949961,1880.2438655411884,34,-,-,-,-
3210,64.2,-1950022,3124.329062452902,34,-,-,-,-
3211,64.22,-1947796,3833.7980176576607,34,-,-,-,-
3212,64.24,-1948777,4218.142984561323,34,-,-,-,-
3213,64.26,-1949927,3963.2690642603498,34,-,-,-,-
3214,64.28,-1955221,3475.0716562300086,34,-,-,-,-
3215,64.3,-1957590,2463.779732736276,34,-,-,-,-
3216,64.32,-1959177,1386.7766216475493,34,-,-,-,-
3217,64.34,-1961547,577.1980197016073,34,-,-,-,-
3218,64.36,-1965002,126.66634083520876,34,-,-,-,-
3219,64.38,-1964625,-398.8728456168765,34,-,-,-,-
3220,64.4,-1966806,-627.0665548960524,34,-,-,-,-
3221,64.42,-1968542,-896.9017910933899,34,-,-,-,-
3222,64.44,-1971764,-1115.5455084348414,34,-,-,-,-
3223,64.46,-1973267,-1511.7453920507332,34,-,-,-,-
3224,64.48,-1975164,-1859.3492806895092,34,-,-,-,-
3225,64.5,-1976569,-2150.8643365793682,34,-,-,-,-
3226,64.52,-1978074,-2297.8551907850706,34,-,-,-,-
3227,64.54,-1972351,-2852.6701500067365,34,-,-,-,-
3228,64.56,-1957112,-3983.875213968351,34,-,-,-,-
3229,64.58,-1949525,-4351.5666049165375,34,-,-,-,-
3230,64.6,-1950895,-3823.6094962489988,34,-,-,-,-
3231,64.62,-1952920,-3005.4400679543232,34,-,-,-,-
3232,64.64,-1952902,-2072.4815052410795,34,-,-,-,-
3233,64.66,-1955081,-696.6541896915305,34,-,-,-,-
3234,64.68,-1956262,813.5715424706314,34,-,-,-,-
3235,64.7,-1958703,2476.405166777897,34,-,-,-,-
3236,64.72,-1956759,3631.579902628755,34,-,-,-,-
3237,64.74,-1957758,4589.928121694118,34,-,-,-,-
3238,64.76,-1956908,4792.441558331917,34,-,-,-,-
3239,64.78,-1959555,4595.718854187645,34,-,-,-,-
3240,64.8,-1961812,3827.773673062376,34,-,-,-,-
3241,64.82,-1962843,2684.8290563654446,34,-,-,-,-
3242,64.84,-1965123,1645.3404792113852,34,-,-,-,-
3243,64.86,-1966569,757.7033934688943,34,-,-,-,-
3244,64.88,-1967696,139.02855667646872,34,-,-,-,-
3245,64.9,-1970439,-100.90145696927084,34,-,-,-,-
3246,64.92,-1971124,-348.2375890609019,34,-,-,-,-
3247,64.94,-1973466,-430.1479670366016,34,-,-,-,-
3248,64.96,-1974730,-628.4575901333155,34,-,-,-,-
3249,64.98,-1975600,-907.1380942481392,34,-,-,-,-
3250,65.0,-1974875,-1325.0865906355705,34,-,-,-,-
3251,65.02,-1975488,-1604.6490230406546,34,-,-,-,-
3252,65.04,-1960765,-2957.6807441029123,34,-,-,-,-
3253,65.06,-1946994,-4053.558945350309,34,-,-,-,-
3254,65.08,-1945866,-3918.5370892379397,34,-,-,-,-
3255,65.1,-1947957,-3228.476428147911,34,-,-,-,-
3256,65.12,-1946678,-2468.3102970649143,34,-,-,-,-
3257,65.14,-1945655,-1364.8431107154538,34,-,-,-,-
3258,65.16,-1945263,55.48684939309351,34,-,-,-,-
3259,65.18,-1945808,1685.4328711654234,34,-,-,-,-
3260,65.2,-1949482,3482.362709700494,34,-,-,-,-
3261,65.22,-1948576,4600.641460811618,34,-,-,-,-
3262,65.24,-1947515,5151.790829968299,34,-,-,-,-
3263,65.26,-1948278,5166.915062946565,34,-,-,-,-
3264,65.28,-1947124,4402.942791872481,34,-,-,-,-
3265,65.3,-1948918,3433.819834084822,34,-,-,-,-
3266,65.32,-1949593,2224.467974249942,34,-,-,-,-
3267,65.34,-1951117,1170.2486387045337,34,-,-,-,-
3268,65.36,-1953352,406.92845948145987,34,-,-,-,-
3269,65.38,-1956394,-21.089092261685437,34,-,-,-,-
3270,65.4,-1957642,-357.46717068494036,34,-,-,-,-
3271,65.42,-1956990,-696.7732937932205,34,-,-,-,-
3272,65.44,-1956732,-957.1399677686632,34,-,-,-,-
3273,65.46,-1955966,-1278.8362525344028,34,-,-,-,-
3274,65.48,-1957430,-1479.8913090165138,34,-,-,-,-
3275,65.5,-1961417,-1520.9717508411086,34,-,-,-,-
3276,65.52,-1962530,-1767.2031861671057,34,-,-,-,-
3277,65.54,-1955597,-2545.9675168260956,34,-,-,-,-
3278,65.56,-1938101,-3963.373541944353,34,-,-,-,-
3279,65.58,-1929496,-4450.349114892164,34,-,-,-,-
3280,65.6,-1929213,-4012.396977611803,34,-,-,-,-
3281,65.62,-1929609,-3239.738056261136,34,-,-,-,-
3282,65.64,-1931640,-2081.8260510956643,34,-,-,-,-
3283,65.66,-1930113,-965.0800512999576,34,-,-,-,-
3284,65.68,-1928936,360.88274157766773,34,-,-,-,-
3285,65.7,-1931767,2067.095856332766,34,-,-,-,-
3286,65.72,-1931096,3387.35716651645,34,-,-,-,-
3287,65.74,-1927377,4114.670025707404,34,-,-,-,-
3288,65.76,-1929359,4704.576270036304,34,-,-,-,-
3289,65.78,-1930849,4587.94010939582,34,-,-,-,-
3290,65.8,-1931027,3792.2087441336434,34,-,-,-,-
3291,65.82,-1933096,2808.7735014372383,34,-,-,-,-
3292,65.84,-1933382,1645.0779930734107,34,-,-,-,-
3293,65.86,-1935058,760.295424248322,34,-,-,-,-
3294,65.88,-1937919,225.38134309584166,34,-,-,-,-
3295,65.9,-1939524,-176.6925172482206,34,-,-,-,-
3296,65.92,-1940944,-455.10955427535555,34,-,-,-,-
3297,65.94,-1940997,-797.5542637748449,34,-,-,-,-
3298,65.96,-1942900,-1022.7049943443417,34,-,-,-,-
3299,65.98,-1942650,-1452.118154727349,34,-,-,-,-
3300,66.0,-1944591,-1726.218269127682,43,39.0,-,-,-
3301,66.02,-1948224,-1839.6343685980773,43,-,-,-,-
3302,66.04,-1936656,-3034.47497324684,43,-,-,-,-
3303,66.06,-1922178,-4291.959873170832,43,-,-,-,-
3304,66.08,-1922084,-4212.124953776509,43,-,-,-,-
3305,66.1,-1921616,-3884.610605772663,43,-,-,-,-
3306,66.12,-1924406,-3022.8676388130007,43,-,-,-,-
3307,66.14,-1924705,-2084.08449892537,43,-,-,-,-
3308,66.16,-1928098,-692.6179534368046,43,-,-,-,-
3309,66.18,-1930705,752.1127168106718,43,-,-,-,-
3310,66.2,-1929316,1848.311581828488,43,-,-,-,-
3311,66.22,-1927530,2678.3599523097278,43,-,-,-,-
3312,66.24,-1926004,3101.14139493781,43,-,-,-,-
3313,66.26,-1926609,3135.998416054299,43,-,-,-,-
3314,66.28,-1930085,2851.273504322105,43,-,-,-,-
3315,66.3,-1932316,2098.4242505970014,43,-,-,-,-
3316,66.32,-1933837,1180.7791691616667,43,-,-,-,-
3317,66.34,-1937466,558.2156361594298,43,-,-,-,-
3318,66.36,-1939852,105.5169807606926,43,-,-,-,-
3319,66.38,-1941595,-135.86320862350476,43,-,-,-,-
3320,66.4,-1943045,-247.18845787762893,43,-,-,-,-
3321,66.42,-1944137,-376.7251440289847,43,-,-,-,-
3322,66.44,-1946670,-497.5870735865492,43,-,-,-,-
3323,66.46,-1949097,-761.2782867125834,43,-,-,-,-
3324,66.48,-1950578,-1184.9265173774243,43,-,-,-,-
3325,66.5,-1952593,-1563.4885347969825,43,-,-,-,-
3326,66.52,-1953812,-1910.24036101084,43,-,-,-,-
3327,66.54,-1944824,-2879.971364742394,43,-,-,-,-
3328,66.56,-1929052,-4155.70854720338,43,-,-,-,-
3329,66.58,-1920683,-4602.8169700734215,43,-,-,-,-
3330,66.6,-1923683,-3891.2578715182026,43,-,-,-,-
3331,66.62,-1921115,-3305.152489944434,43,-,-,-,-
3332,66.64,-1923741,-2008.4595141969821,43,-,-,-,-
3333,66.66,-1920103,-886.191629156383,43,-,-,-,-
3334,66.68,-1922341,922.3516895075618,43,-,-,-,-
3335,66.7,-1924094,2767.8748455150953,43,-,-,-,-
3336,66.72,-1920538,4036.543589258977,43,-,-,-,-
3337,66.74,-1920501,5137.579865745781,43,-,-,-,-
3338,66.76,-1919533,5523.8350697409,43,-,-,-,-
3339,66.78,-1922967,5543.691101223219,43,-,-,-,-
3340,66.8,-1924443,4832.855125463618,43,-,-,-,-
3341,66.82,-1924053,3658.0896283599623,43,-,-,-,-
3342,66.84,-1927618,2745.8148970157035,43,-,-,-,-
3343,66.86,-1929503,1858.1871372988207,43,-,-,-,-
3344,66.88,-1929883,1078.8685312254202,43,-,-,-,-
3345,66.9,-1930923,544.3979685395589,43,-,-,-,-
3346,66.92,-1934773,332.90126027429505,43,-,-,-,-
3347,66.94,-1937453,45.926073989392535,43,-,-,-,-
3348,66.96,-1938373,-416.2832235037131,43,-,-,-,-
3349,66.98,-1938122,-1005.9815684961668,43,-,-,-,-
3350,67.0,-1940265,-1408.259626043784,43,-,-,-,-
3351,67.02,-1941851,-1800.569072157441,43,-,-,-,-
3352,67.04,-1946619,-1866.161503598797,43,-,-,-,-
3353,67.06,-1946953,-2177.517518155577,43,-,-,-,-
3354,67.08,-1929855,-3708.1132314350107,43,-,-,-,-
3355,67.1,-1918155,-4656.155828731142,43,-,-,-,-
3356,67.12,-1915329,-4693.074558741337,43,-,-,-,-
3357,67.14,-1917197,-4094.2411488565485,43,-,-,-,-
3358,67.16,-1915237,-3480.6413688769026,43,-,-,-,-
3359,67.18,-1915904,-2345.5770300649965,43,-,-,-,-
3360,67.2,-1918259,-792.6369767855731,43,-,-,-,-
3361,67.22,-1917231,691.1534712815865,43,-,-,-,-
3362,67.24,-1920862,2541.9867307024383,43,-,-,-,-
3363,67.26,-1920033,3809.632172690118,43,-,-,-,-
3364,67.28,-1920083,4638.97405786982,43,-,-,-,-
3365,67.3,-1920851,4838.982368388691,43,-,-,-,-
3366,67.32,-1921943,4371.324338814006,43,-,-,-,-
3367,67.34,-1924530,3502.849278346116,43,-,-,-,-
3368,67.36,-1924830,2230.0134914988366,43,-,-,-,-
3369,67.38,-1928405,1254.0349406779096,43,-,-,-,-
3370,67.4,-1930354,377.53025521185555,43,-,-,-,-
3371,67.42,-1932878,-175.25327297168042,43,-,-,-,-
3372,67.44,-1932867,-681.1332849041,43,-,-,-,-
3373,67.46,-1933177,-1009.2370529984701,43,-,-,-,-
3374,67.48,-1935215,-1144.4700035883861,43,-,-,-,-
3375,67.5,-1935377,-1425.7969354410443,43,-,-,-,-
3376,67.52,-1936832,-1624.6305543987723,43,-,-,-,-
3377,67.54,-1941427,-1576.317076743153,43,-,-,-,-
3378,67.56,-1943497,-1678.6566828332552,43,-,-,-,-
3379,67.58,-1943835,-1838.0711776365433,43,-,-,-,-
3380,67.6,-1931266,-2879.031398597999,43,-,-,-,-
3381,67.62,-1916881,-3914.2274739826426,43,-,-,-,-
3382,67.64,-1917161,-3651.8050047349607,43,-,-,-,-
3383,67.66,-1916581,-3266.7232904194443,43,-,-,-,-
3384,67.68,-1919653,-2396.7159671693553,43,-,-,-,-
3385,67.7,-1920564,-1461.2856832279704,43,-,-,-,-
3386,67.72,-1920450,-368.16928531615304,43,-,-,-,-
3387,67.74,-1923017,1110.062335422073,43,-,-,-,-
3388,67.76,-1922183,2358.051765169932,43,-,-,-,-
3389,67.78,-1919916,3300.43184698765,43,-,-,-,-
3390,67.8,-1921129,4070.939319998008,43,-,-,-,-
3391,67.82,-1922528,4251.494562022568,43,-,-,-,-
3392,67.84,-1924327,3857.9713901930986,43,-,-,-,-
3393,67.86,-1926450,3062.8367093059705,43,-,-,-,-
3394,67.88,-1928740,2127.7843493156643,43,-,-,-,-
3395,67.9,-1929874,1199.779732903703,43,-,-,-,-
3396,67.92,-1931109,511.6110334573241,43,-,-,-,-
3397,67.94,-1934312,212.66774625877133,43,-,-,-,-
3398,67.96,-1936843,15.469231890618175,43,-,-,-,-
3399,67.98,-1938477,-207.94657054008076,43,-,-,-,-
3400,68.0,-1938705,-574.6378002709052,43,-,-,-,-
3401,68.02,-1940698,-861.4484443308393,43,-,-,-,-
3402,68.04,-1943945,-1081.9239270545295,43,-,-,-,-
3403,68.06,-1944148,-1516.9701830122272,43,-,-,-,-
3404,68.08,-1944835,-1847.2658902079415,43,-,-,-,-
3405,68.1,-1944029,-2189.978177083471,43,-,-,-,-
3406,68.12,-1924241,-3842.568665678489,43,-,-,-,-
3407,68.14,-1914953,-4481.376919799659,43,-,-,-,-
3408,68.16,-1913846,-4220.996954771832,43,-,-,-,-
3409,68.18,-1917092,-3320.4132680059065,43,-,-,-,-
3410,68.2,-1917251,-2336.146004500506,43,-,-,-,-
3411,68.22,-1916498,-1114.6622330420432,43,-,-,-,-
3412,68.24,-1916759,428.4262616316546,43,-,-,-,-
3413,68.26,-1918214,2163.981203677498,43,-,-,-,-
3414,68.28,-1917117,3581.6839390681216,43,-,-,-,-
3415,68.3,-1915663,4589.289894178663,43,-,-,-,-
3416,68.32,-1915753,5111.57659228594,43,-,-,-,-
3417,68.34,-1918214,5117.846911771991,43,-,-,-,-
3418,68.36,-1921732,4594.219282452169,43,-,-,-,-
3419,68.38,-1923343,3555.709928502917,43,-,-,-,-
3420,68.4,-1923706,2345.6712110214767,43,-,-,-,-
3421,68.42,-1925678,1405.6107800298505,43,-,-,-,-
3422,68.44,-1927730,708.0964937471635,43,-,-,-,-
3423,68.46,-1929200,175.03241589728896,43,-,-,-,-
3424,68.48,-1930447,-251.57793392714848,43,-,-,-,-
3425,68.5,-1934251,-446.8661196021967,43,-,-,-,-
3426,68.52,-1935829,-828.2744198885375,43,-,-,-,-
3427,68.54,-1938747,-1123.3754393195923,43,-,-,-,-
3428,68.56,-1940149,-1517.395718888337,43,-,-,-,-
3429,68.58,-1941961,-1825.1069066531645,43,-,-,-,-
3430,68.6,-1942849,-2128.8634808524484,43,-,-,-,-
3431,68.62,-1939300,-2692.8089223825946,43,-,-,-,-
3432,68.64,-1925449,-3943.1364080541207,43,-,-,-,-
3433,68.66,-1914773,-4788.381078744551,43,-,-,-,-
3434,68.68,-1914105,-4629.288639938164,43,-,-,-,-
3435,68.7,-1916111,-3962.2897683352876,43,-,-,-,-
3436,68.72,-1915726,-3130.8909726811617,43,-,-,-,-
3437,68.74,-1914134,-2036.3120969578322,43,-,-,-,-
3438,68.76,-1915020,-456.16585497186406,43,-,-,-,-
3439,68.78,-1916635,1323.4332817633967,43,-,-,-,-
3440,68.8,-1917598,2962.845361353937,43,-,-,-,-
3441,68.82,-1914458,3935.1547168074585,43,-,-,-,-
3442,68.84,-1915166,4631.392889480924,43,-,-,-,-
3443,68.86,-1915821,4656.784756830212,43,-,-,-,-
3444,68.88,-1915070,3983.342683342081,43,-,-,-,-
3445,68.9,-1919301,3321.1282178585343,43,-,-,-,-
3446,68.92,-1921827,2425.0623351849663,43,-,-,-,-
3447,68.94,-1922699,1511.8526835641387,43,-,-,-,-
3448,68.96,-1924360,874.7006415716905,43,-,-,-,-
3449,68.98,-1925474,409.0142209298192,43,-,-,-,-
3450,69.0,-1923763,-128.5542960324192,39,38.0,-,-,-
3451,69.02,-1923476,-497.6617700154857,39,-,-,-,-
3452,69.04,-1924045,-805.7461620079016,39,-,-,-,-
3453,69.06,-1924871,-1114.7489940636065,39,-,-,-,-
3454,69.08,-1924402,-1504.4164903722367,39,-,-,-,-
3455,69.1,-1917900,-2259.594123784376,39,-,-,-,-
3456,69.12,-1909624,-2963.513429844681,39,-,-,-,-
3457,69.14,-1895427,-3856.0605035928857,39,-,-,-,-
3458,69.16,-1895827,-3329.1610613300963,39,-,-,-,-
3459,69.18,-1899080,-2301.392199268974,39,-,-,-,-
3460,69.2,-1897887,-1385.300842827035,39,-,-,-,-
3461,69.22,-1897148,-264.8544055305474,39,-,-,-,-
3462,69.24,-1900441,1254.779021831407,39,-,-,-,-
3463,69.26,-1901082,2541.2574926072957,39,-,-,-,-
3464,69.28,-1896712,3256.4392350406383,39,-,-,-,-
3465,69.3,-1896541,3932.419861216429,39,-,-,-,-
3466,69.32,-1895308,4023.673326517042,39,-,-,-,-
3467,69.34,-1896266,3735.463584648281,39,-,-,-,-
3468,69.36,-1896661,2956.9172355769642,39,-,-,-,-
3469,69.38,-1899704,2151.1950966656195,39,-,-,-,-
3470,69.4,-1901384,1258.4136485395065,39,-,-,-,-
3471,69.42,-1902770,540.498460498924,39,-,-,-,-
3472,69.44,-1904000,69.3436598513781,39,-,-,-,-
3473,69.46,-1904937,-216.6374721271277,39,-,-,-,-
3474,69.48,-1904093,-544.1171043222748,39,-,-,-,-
3475,69.5,-1906853,-615.3160549410668,39,-,-,-,-
3476,69.52,-1907919,-902.9599770061031,39,-,-,-,-
3477,69.54,-1908740,-1292.6627860943781,39,-,-,-,-
3478,69.56,-1909996,-1671.6096638671697,39,-,-,-,-
3479,69.58,-1911202,-1997.8709398646724,39,-,-,-,-
3480,69.6,-1909131,-2453.493576433203,39,-,-,-,-
3481,69.62,-1895305,-3640.54388801447,39,-,-,-,-
3482,69.64,-1882667,-4525.208194629238,39,-,-,-,-
3483,69.66,-1876831,-4642.510969058603,39,-,-,-,-
3484,69.68,-1876886,-4036.32070035821,39,-,-,-,-
3485,69.7,-1878011,-3053.7683122019607,39,-,-,-,-
3486,69.72,-1874152,-2141.9341358346137,39,-,-,-,-
3487,69.74,-1873036,-725.1465065947741,39,-,-,-,-
3488,69.76,-1875013,1127.5628680571826,39,-,-,-,-
3489,69.78,-1874589,2802.688228817577,39,-,-,-,-
3490,69.8,-1872809,4122.638631868016,39,-,-,-,-
3491,69.82,-1872463,5045.132982349723,39,-,-,-,-
3492,69.84,-1872787,5344.393420354522,39,-,-,-,-
3493,69.86,-1875228,5124.0281940975965,39,-,-,-,-
3494,69.88,-1875514,4220.1146053329685,39,-,-,-,-
3495,69.9,-1876755,3133.478737475907,39,-,-,-,-
3496,69.92,-1877220,1984.9163439566373,39,-,-,-,-
3497,69.94,-1878883,1088.1900205480397,39,-,-,-,-
3498,69.96,-1879083,295.49416119826674,39,-,-,-,-
3499,69.98,-1879959,-252.34569304890465,39,-,-,-,-
3500,70.0,-1881169,-642.5702288004986,39,-,-,-,-
3501,70.02,-1882610,-946.162790934457,39,-,-,-,-
3502,70.04,-1885386,-1117.765934451938,39,-,-,-,-
3503,70.06,-1885201,-1493.2707763101916,39,-,-,-,-
3504,70.08,-1887138,-1671.3402158488152,39,-,-,-,-
3505,70.1,-1888785,-1824.2750482779447,39,-,-,-,-
3506,70.12,-1886216,-2247.003793435632,39,-,-,-,-
3507,70.14,-1873449,-3377.322674811393,39,-,-,-,-
3508,70.16,-1860731,-4379.687678315193,39,-,-,-,-
3509,70.18,-1859017,-4348.253286871715,39,-,-,-,-
3510,70.2,-1858320,-3985.1646224050255,39,-,-,-,-
3511,70.22,-1859763,-3153.3515081245423,39,-,-,-,-
3512,70.24,-1859841,-2095.664375137867,39,-,-,-,-
3513,70.26,-1861133,-648.9681887625889,39,-,-,-,-
3514,70.28,-1861489,903.2855779210322,39,-,-,-,-
3515,70.3,-1858809,2198.654288288726,39,-,-,-,-
3516,70.32,-1856482,3248.6056399134804,39,-,-,-,-
3517,70.34,-1855739,3917.694685510219,39,-,-,-,-
3518,70.36,-1854397,3913.140125639701,39,-,-,-,-
3519,70.38,-1856849,3614.720527148466,39,-,-,-,-
3520,70.4,-1859540,2951.7035234604596,39,-,-,-,-
3521,70.42,-1860990,2085.725188430548,39,-,-,-,-
3522,70.44,-1860994,1237.781250649613,39,-,-,-,-
3523,70.46,-1861459,671.6197720135679,39,-,-,-,-
3524,70.48,-1863567,459.79428654662024,39,-,-,-,-
3525,70.5,-1865106,322.0070805540154,39,-,-,-,-
3526,70.52,-1864941,42.98705245211386,39,-,-,-,-
3527,70.54,-1865884,-242.9346312338139,39,-,-,-,-
3528,70.56,-1869132,-454.13092042550943,39,-,-,-,-
3529,70.58,-1868975,-975.2813898686827,39,-,-,-,-
3530,70.6,-1869115,-1441.208286766071,39,-,-,-,-
3531,70.62,-1864329,-2176.249789909615,39,-,-,-,-
3532,70.64,-1849030,-3544.4035479655886,39,-,-,-,-
3533,70.66,-1841027,-4127.698097405952,39,-,-,-,-
3534,70.68,-1837785,-4079.0997574693392,39,-,-,-,-
3535,70.7,-1837653,-3496.8026591679627,39,-,-,-,-
3536,70.72,-1836014,-2713.0236318511816,39,-,-,-,-
3537,70.74,-1833112,-1706.7490973892382,39,-,-,-,-
3538,70.76,-1833597,-170.29764004259596,39,-,-,-,-
3539,70.78,-1833795,1485.9067514264275,39,-,-,-,-
3540,70.8,-1832288,2945.269830463534,39,-,-,-,-
3541,70.82,-1829904,4025.405265645127,39,-,-,-,-
3542,70.84,-1829050,4697.301185572072,39,-,-,-,-
3543,70.86,-1829185,4817.0845658833505,39,-,-,-,-
3544,70.88,-1828414,4296.730891746433,39,-,-,-,-
3545,70.9,-1830527,3618.831943144228,39,-,-,-,-
3546,70.92,-1830387,2632.5075324861564,39,-,-,-,-
3547,70.94,-1831153,1781.367538280775,39,-,-,-,-
3548,70.96,-1834501,1299.1281955537324,39,-,-,-,-
3549,70.98,-1837260,946.009346316423,39,-,-,-,-
3550,71.0,-1839516,662.3786215871405,39,-,-,-,-
3551,71.02,-1840936,332.0461025615059,39,-,-,-,-
3552,71.04,-1842062,-78.7667039688713,39,-,-,-,-
3553,71.06,-1842532,-630.5971064780115,39,-,-,-,-
3554,71.08,-1843553,-1214.804917067574,39,-,-,-,-
3555,71.1,-1845148,-1777.2107831593012,39,-,-,-,-
3556,71.12,-1847152,-2265.4493906463586,39,-,-,-,-
3557,71.14,-1843376,-3082.943215806935,39,-,-,-,-
3558,71.16,-1829931,-4446.92792102655,39,-,-,-,-
3559,71.18,-1818987,-5339.369671779483,39,-,-,-,-
3560,71.2,-1816343,-5254.757129978121,39,-,-,-,-
3561,71.22,-1815862,-4644.111110771981,39,-,-,-,-
3562,71.24,-1812612,-3894.656816767567,39,-,-,-,-
3563,71.26,-1807242,-2979.722246170839,39,-,-,-,-
3564,71.28,-1806001,-1471.4966370932962,39,-,-,-,-
3565,71.3,-1805380,256.02031579892537,39,-,-,-,-
3566,71.32,-1800180,1639.4081650443095,39,-,-,-,-
3567,71.34,-1789327,2401.566117688002,39,-,-,-,-
3568,71.36,-1781822,3057.3914236967794,39,-,-,-,-
3569,71.38,-1778448,3571.695717701803,39,-,-,-,-
3570,71.4,-1775698,3709.2552330922626,39,-,-,-,-
3571,71.42,-1775433,3768.2980537442754,39,-,-,-,-
3572,71.44,-1778392,4001.6088985192405,39,-,-,-,-
3573,71.46,-1782899,4415.506713933984,39,-,-,-,-
3574,71.48,-1785683,4776.678779516247,39,-,-,-,-
3575,71.5,-1782202,4646.251766050604,39,-,-,-,-
3576,71.52,-1782510,4634.902326662559,39,-,-,-,-
3577,71.54,-1781778,4205.22973448992,39,-,-,-,-
3578,71.56,-1783520,3524.5574717156233,39,-,-,-,-
3579,71.58,-1782275,2204.215827110329,39,-,-,-,-
3580,71.6,-1784483,901.8575160472192,39,-,-,-,-
3581,71.62,-1786548,-417.89634037372343,39,-,-,-,-
3582,71.64,-1785534,-1749.4825549368506,39,-,-,-,-
3583,71.66,-1773790,-3513.0476441152523,39,-,-,-,-
3584,71.68,-1762617,-4770.000403735407,39,-,-,-,-
3585,71.7,-1760307,-4912.236015736823,39,-,-,-,-
3586,71.72,-1762763,-4350.285130993314,39,-,-,-,-
3587,71.74,-1764139,-3632.7560239344593,39,-,-,-,-
3588,71.76,-1765079,-2772.5140489381556,39,-,-,-,-
3589,71.78,-1765929,-1780.3563425588582,39,-,-,-,-
3590,71.8,-1764068,-910.8310235046592,39,-,-,-,-
3591,71.82,-1760065,-221.46664600855638,39,-,-,-,-
3592,71.84,-1756031,302.0424850660147,39,-,-,-,-
3593,71.86,-1752047,513.4424263058554,39,-,-,-,-
3594,71.88,-1749645,447.5912516512435,39,-,-,-,-
3595,71.9,-1751722,374.8697874748189,39,-,-,-,-
3596,71.92,-1752679,42.62786919627615,39,-,-,-,-
3597,71.94,-1752038,-355.9325791099636,39,-,-,-,-
3598,71.96,-1752139,-467.51496974825886,39,-,-,-,-
3599,71.98,-1751307,-379.3876850322895,39,-,-,-,-
3600,72.0,-1745820,-463.55476454026376,43,39.75,-,-,-
3601,72.02,-1742184,-372.28226580707496,43,-,-,-,-
3602,72.04,-1739755,-292.2566603564069,43,-,-,-,-
3603,72.06,-1733481,-666.1822894483039,43,-,-,-,-
3604,72.08,-1735860,-491.3042688206692,43,-,-,-,-
3605,72.1,-1734791,-582.0390442339885,43,-,-,-,-
3606,72.12,-1728523,-943.6776300461061,43,-,-,-,-
3607,72.14,-1716153,-1545.80872298519,43,-,-,-,-
3608,72.16,-1701874,-2026.5549007415502,43,-,-,-,-
3609,72.18,-1689666,-2099.843448508982,43,-,-,-,-
3610,72.2,-1681728,-1648.7593903332781,43,-,-,-,-
3611,72.22,-1684626,-226.23400036099702,43,-,-,-,-
3612,72.24,-1682223,897.4235605505837,43,-,-,-,-
3613,72.26,-1684206,2448.5265302792595,43,-,-,-,-
3614,72.28,-1690063,4342.430374081294,43,-,-,-,-
3615,72.3,-1689889,5694.057980884691,43,-,-,-,-
3616,72.32,-1690539,6811.365472294579,43,-,-,-,-
3617,72.34,-1686265,6993.07676068838,43,-,-,-,-
3618,72.36,-1682852,6475.430560606068,43,-,-,-,-
3619,72.38,-1683170,5431.961976477543,43,-,-,-,-
3620,72.4,-1688096,4086.8413795243887,43,-,-,-,-
3621,72.42,-1688131,2040.7112029230866,43,-,-,-,-
3622,72.44,-1689854,189.60962487369034,43,-,-,-,-
3623,72.46,-1694476,-1058.0865724686446,43,-,-,-,-
3624,72.48,-1695288,-2072.7361424537157,43,-,-,-,-
3625,72.5,-1693557,-2793.1130995068943,43,-,-,-,-
3626,72.52,-1695275,-2928.8727341630965,43,-,-,-,-
3627,72.54,-1698787,-2828.070350060423,43,-,-,-,-
3628,72.56,-1702364,-2802.595262941124,43,-,-,-,-
3629,72.58,-1701517,-3262.756286397069,43,-,-,-,-
3630,72.6,-1710438,-3081.5811973895343,43,-,-,-,-
3631,72.62,-1715051,-3251.5067624855765,43,-,-,-,-
3632,72.64,-1716141,-3635.6631916166425,43,-,-,-,-
3633,72.66,-1719150,-3782.3529868095193,43,-,-,-,-
3634,72.68,-1720538,-3980.5085621080625,43,-,-,-,-
3635,72.7,-1719342,-4345.340402495047,43,-,-,-,-
3636,72.72,-1703882,-5775.472575486823,43,-,-,-,-
3637,72.74,-1689211,-7040.946425537597,43,-,-,-,-
3638,72.76,-1691407,-6779.592082345065,43,-,-,-,-
3639,72.78,-1697759,-5841.328681794643,43,-,-,-,-
3640,72.8,-1691735,-5394.576136671247,43,-,-,-,-
3641,72.82,-1695053,-3733.396995300647,43,-,-,-,-
3642,72.84,-1693250,-2030.22545914693,43,-,-,-,-
3643,72.86,-1693269,54.407047133297965,43,-,-,-,-
3644,72.88,-1666019,39.79443672474372,43,-,-,-,-
3645,72.9,-1651071,721.0629290279103,43,-,-,-,-
3646,72.92,-1635213,937.1400857276021,43,-,-,-,-
3647,72.94,-1626198,1285.407088347878,43,-,-,-,-
3648,72.96,-1615952,1352.8300154590688,43,-,-,-,-
3649,72.98,-1619312,2605.434041674198,43,-,-,-,-
3650,73.0,-1622877,4302.443757510788,43,-,-,-,-
3651,73.02,-1632274,6944.4711625509335,43,-,-,-,-
3652,73.04,-1646417,10216.648869659235,43,-,-,-,-
3653,73.06,-1674201,14276.508930550764,43,-,-,-,-
3654,73.08,-1706031,17693.730769694543,43,-,-,-,-
3655,73.1,-1722207,18312.875114527516,43,-,-,-,-
3656,73.12,-1724508,15912.995179273224,43,-,-,-,-
3657,73.14,-1720306,11118.190475614181,43,-,-,-,-
3658,73.16,-1715383,4828.108170507541,43,-,-,-,-
3659,73.18,-1712714,-1984.8372719481667,43,-,-,-,-
3660,73.2,-1712183,-8443.438535620728,43,-,-,-,-
3661,73.22,-1708149,-14095.037598545492,43,-,-,-,-
3662,73.24,-1707089,-17705.081534146153,43,-,-,-,-
3663,73.26,-1711542,-18636.897664862532,43,-,-,-,-
3664,73.28,-1707302,-17943.06315285257,43,-,-,-,-
3665,73.3,-1695585,-15919.064894627561,43,-,-,-,-
3666,73.32,-1689336,-12299.64230648096,43,-,-,-,-
3667,73.34,-1689096,-7912.968218773476,43,-,-,-,-
3668,73.36,-1686560,-4142.059947212536,43,-,-,-,-
3669,73.38,-1684273,-1210.307266806325,43,-,-,-,-
3670,73.4,-1691917,1556.8827456333602,43,-,-,-,-
3671,73.42,-1704061,3897.973403019373,43,-,-,-,-
3672,73.44,-1705784,4891.029326478762,43,-,-,-,-
3673,73.46,-1707540,5504.293448037179,43,-,-,-,-
3674,73.48,-1703650,5355.341093056873,43,-,-,-,-
3675,73.5,-1708667,5503.841229041473,43,-,-,-,-
3676,73.52,-1714423,5242.121890300501,43,-,-,-,-
3677,73.54,-1716212,4208.020886863857,43,-,-,-,-
3678,73.56,-1723536,3261.6559422993087,43,-,-,-,-
3679,73.58,-1724919,1756.4510277635181,43,-,-,-,-
3680,73.6,-1726931,450.8076071333735,43,-,-,-,-
3681,73.62,-1728663,-534.777822595971,43,-,-,-,-
3682,73.64,-1732304,-977.9296883194829,43,-,-,-,-
3683,73.66,-1729652,-1579.8301623002944,43,-,-,-,-
3684,73.68,-1727704,-1934.6954136006534,43,-,-,-,-
3685,73.7,-1723843,-2339.134208710364,43,-,-,-,-
3686,73.72,-1722104,-2497.83056222483,43,-,-,-,-
3687,73.74,-1720520,-2503.992786878025,43,-,-,-,-
3688,73.76,-1722623,-2015.2629902169992,43,-,-,-,-
3689,73.78,-1718586,-1744.0581160331694,43,-,-,-,-
3690,73.8,-1705879,-1881.86198834093,43,-,-,-,-
3691,73.82,-1698341,-1399.7161500134498,43,-,-,-,-
3692,73.84,-1692443,-631.2046669642441,43,-,-,-,-
3693,73.86,-1694652,830.7321936598164,43,-,-,-,-
3694,73.88,-1694014,2057.6762871747833,43,-,-,-,-
3695,73.9,-1688812,2858.2166497426024,43,-,-,-,-
3696,73.92,-1687103,3825.7621276729633,43,-,-,-,-
3697,73.94,-1692311,5197.595149919888,43,-,-,-,-
3698,73.96,-1688772,5719.888710647316,43,-,-,-,-
3699,73.98,-1686820,6098.969599620899,43,-,-,-,-
3700,74.0,-1686243,6219.764350490663,43,-,-,-,-
3701,74.02,-1686006,5935.490211363829,43,-,-,-,-
3702,74.04,-1686283,5281.776948099523,43,-,-,-,-
3703,74.06,-1686416,4331.061226026641,43,-,-,-,-
3704,74.08,-1682720,2981.74783644734,43,-,-,-,-
3705,74.1,-1683424,2031.4804309005085,43,-,-,-,-
3706,74.12,-1682427,1118.0408145932543,43,-,-,-,-
3707,74.14,-1679861,291.260021525477,43,-,-,-,-
3708,74.16,-1680175,-117.49531378497704,43,-,-,-,-
3709,74.18,-1687231,134.3480037008212,43,-,-,-,-
3710,74.2,-1681176,-538.5697717125877,43,-,-,-,-
3711,74.22,-1685195,-409.8982971893711,43,-,-,-,-
3712,74.24,-1684231,-665.8871254242276,43,-,-,-,-
3713,74.26,-1687704,-615.3373795965508,43,-,-,-,-
3714,74.28,-1692473,-528.7967734508402,43,-,-,-,-
3715,74.3,-1687491,-1270.84941051645,43,-,-,-,-
3716,74.32,-1671074,-2937.3255429437204,43,-,-,-,-
3717,74.34,-1663869,-3859.73856090329,43,-,-,-,-
3718,74.36,-1663605,-4106.641169045821,43,-,-,-,-
3719,74.38,-1670318,-3585.899024143214,43,-,-,-,-
3720,74.4,-1670572,-3263.6458978071705,43,-,-,-,-
3721,74.42,-1668808,-2773.5397091016202,43,-,-,-,-
3722,74.44,-1670465,-1732.2699914656405,43,-,-,-,-
3723,74.46,-1667899,-836.3283719296396,43,-,-,-,-
3724,74.48,-1667123,191.664173309121,43,-,-,-,-
3725,74.5,-1666321,987.5987968671575,43,-,-,-,-
3726,74.52,-1673724,1973.4289361495112,43,-,-,-,-
3727,74.54,-1676286,2047.6369765378458,43,-,-,-,-
3728,74.56,-1676203,1449.1389570072497,43,-,-,-,-
3729,74.58,-1671785,268.45162348843724,43,-,-,-,-
3730,74.6,-1670376,-678.4736778254132,43,-,-,-,-
3731,74.62,-1670938,-1300.301380894181,43,-,-,-,-
3732,74.64,-1663317,-2313.308584888113,43,-,-,-,-
3733,74.66,-1668126,-2152.7060804450584,43,-,-,-,-
3734,74.68,-1672610,-1839.542445757576,43,-,-,-,-
3735,74.7,-1675154,-1532.7380191689304,43,-,-,-,-
3736,74.72,-1679197,-986.6851951419494,43,-,-,-,-
3737,74.74,-1683006,-373.3428767088808,43,-,-,-,-
3738,74.76,-1694799,832.9345651223339,43,-,-,-,-
3739,74.78,-1698515,1242.0783036843604,43,-,-,-,-
3740,74.8,-1699904,1141.6324678222609,43,-,-,-,-
3741,74.82,-1705806,971.0464544050865,43,-,-,-,-
3742,74.84,-1707111,46.78409675604962,43,-,-,-,-
3743,74.86,-1705162,-1403.5941603168378,43,-,-,-,-
3744,74.88,-1702316,-2988.9989763531553,43,-,-,-,-
3745,74.9,-1703681,-4085.086988410955,43,-,-,-,-
3746,74.92,-1713426,-4189.382781645421,43,-,-,-,-
3747,74.94,-1708933,-4924.9391156952215,43,-,-,-,-
3748,74.96,-1707507,-4926.726665247876,43,-,-,-,-
3749,74.98,-1711331,-4072.996096756492,43,-,-,-,-
3750,75.0,-1713484,-3032.095989338991,15,35.0,-,-,-
3751,75.02,-1712652,-2089.891533699323,15,-,-,-,-
3752,75.04,-1717659,-755.4932368898899,15,-,-,-,-
3753,75.06,-1716121,-119.9941888922931,15,-,-,-,-
3754,75.08,-1709819,-102.23716375900585,15,-,-,-,-
3755,75.1,-1710520,235.01134041672412,15,-,-,-,-
3756,75.12,-1688768,-1245.7486621650205,15,-,-,-,-
3757,75.14,-1678962,-1742.2986424246992,15,-,-,-,-
3758,75.16,-1677314,-1393.6619496744242,15,-,-,-,-
3759,75.18,-1671377,-1051.0079901115969,15,-,-,-,-
3760,75.2,-1655478,-1063.913767466198,15,-,-,-,-
3761,75.22,-1643672,-296.1063846463949,15,-,-,-,-
3762,75.24,-1635828,1225.0899883685197,15,-,-,-,-
3763,75.26,-1627065,3006.336350527232,15,-,-,-,-
3764,75.28,-1624323,5369.313743633746,15,-,-,-,-
3765,75.3,-1628336,8098.376852639965,15,-,-,-,-
3766,75.32,-1638208,10840.497847983539,15,-,-,-,-
3767,75.34,-1657898,13647.807176561408,15,-,-,-,-
3768,75.36,-1677335,15555.505681913739,15,-,-,-,-
3769,75.38,-1687316,15726.886067362575,15,-,-,-,-
3770,75.4,-1690475,14285.947097245327,15,-,-,-,-
3771,75.42,-1690565,11502.36959054033,15,-,-,-,-
3772,75.44,-1688884,7570.2888744337615,15,-,-,-,-
3773,75.46,-1683988,2655.6004882926864,15,-,-,-,-
3774,75.48,-1681323,-2347.505781457696,15,-,-,-,-
3775,75.5,-1681393,-6784.546873906793,15,-,-,-,-
3776,75.52,-1681803,-10210.531008110574,15,-,-,-,-
3777,75.54,-1690615,-11536.302466740239,15,-,-,-,-
3778,75.56,-1699598,-11233.323028417915,15,-,-,-,-
3779,75.58,-1697334,-10384.169771877472,15,-,-,-,-
3780,75.6,-1698272,-8388.46615080641,15,-,-,-,-
3781,75.62,-1704748,-5726.642010120899,15,-,-,-,-
3782,75.64,-1708550,-3641.497077441172,15,-,-,-,-
3783,75.66,-1707253,-2703.1224428348114,15,-,-,-,-
3784,75.68,-1700271,-3026.038527875164,15,-,-,-,-
3785,75.7,-1681660,-4835.3912828647735,15,-,-,-,-
3786,75.72,-1666823,-6524.876675087664,15,-,-,-,-
3787,75.74,-1656735,-7548.85081401615,15,-,-,-,-
3788,75.76,-1653143,-7400.209752909039,15,-,-,-,-
3789,75.78,-1667571,-5024.506842793035,15,-,-,-,-
3790,75.8,-1671639,-2649.150526884596,15,-,-,-,-
3791,75.82,-1674374,189.38453787539947,15,-,-,-,-
3792,75.84,-1678560,3343.6862989692577,15,-,-,-,-
3793,75.86,-1680107,6037.488072619608,15,-,-,-,-
3794,75.88,-1684848,8217.858265962903,15,-,-,-,-
3795,75.9,-1686348,8984.696931381146,15,-,-,-,-
3796,75.92,-1676946,7593.626771900423,15,-,-,-,-
3797,75.94,-1671952,5410.699127935706,15,-,-,-,-
3798,75.96,-1664506,2416.631365442776,15,-,-,-,-
3799,75.98,-1656273,-595.0207388446033,15,-,-,-,-
3800,76.0,-1657293,-2251.11943632566,15,-,-,-,-
3801,76.02,-1656473,-3043.528419714812,15,-,-,-,-
3802,76.04,-1668008,-1848.3178992868206,15,-,-,-,-
3803,76.06,-1677210,-31.1300326630535,15,-,-,-,-
3804,76.08,-1671338,1036.5269910517773,15,-,-,-,-
3805,76.1,-1668851,2338.073586990703,15,-,-,-,-
3806,76.12,-1671265,3593.322657956259,15,-,-,-,-
3807,76.14,-1666946,3627.8591314771925,15,-,-,-,-
3808,76.16,-1673768,3715.3260255812593,15,-,-,-,-
3809,76.18,-1671839,2454.3513676209423,15,-,-,-,-
3810,76.2,-1686926,2105.115503688641,15,-,-,-,-
3811,76.22,-1687083,575.9969443187638,15,-,-,-,-
3812,76.24,-1691160,-387.15439410376166,15,-,-,-,-
3813,76.26,-1690812,-1274.4009152972412,15,-,-,-,-
3814,76.28,-1683961,-2287.1007885859544,15,-,-,-,-
3815,76.3,-1665430,-3965.9861115606054,15,-,-,-,-
3816,76.32,-1661417,-4433.490058304129,15,-,-,-,-
3817,76.34,-1662441,-4448.2213280287815,15,-,-,-,-
3818,76.36,-1655905,-4875.703936367485,15,-,-,-,-
3819,76.38,-1646239,-5170.792096340454,15,-,-,-,-
3820,76.4,-1644217,-4310.840749210223,15,-,-,-,-
3821,76.42,-1638872,-3069.4101715347897,15,-,-,-,-
3822,76.44,-1635676,-1150.8032678450145,15,-,-,-,-
3823,76.46,-1636858,1320.4249908206184,15,-,-,-,-
3824,76.48,-1631773,3151.390836538204,15,-,-,-,-
3825,76.5,-1633746,5030.727176863726,15,-,-,-,-
3826,76.52,-1643227,6790.975121494661,15,-,-,-,-
3827,76.54,-1645437,7259.3393379259505,15,-,-,-,-
3828,76.56,-1649978,7259.995923013419,15,-,-,-,-
3829,76.58,-1655731,6835.692186508448,15,-,-,-,-
3830,76.6,-1657913,5729.209503246686,15,-,-,-,-
3831,76.62,-1658036,4150.5205288874895,15,-,-,-,-
3832,76.64,-1658663,2396.2090817564113,15,-,-,-,-
3833,76.66,-1667486,1162.7980962131733,15,-,-,-,-
3834,76.68,-1673200,-299.26307588341297,15,-,-,-,-
3835,76.7,-1683105,-1311.0044281705123,15,-,-,-,-
3836,76.72,-1691210,-2228.0825044143567,15,-,-,-,-
3837,76.74,-1690532,-3524.4865505182206,15,-,-,-,-
3838,76.76,-1689671,-4538.196873697079,15,-,-,-,-
3839,76.78,-1694899,-4854.523530723298,15,-,-,-,-
3840,76.8,-1688099,-5953.756259571981,15,-,-,-,-
3841,76.82,-1675115,-7422.957385569605,15,-,-,-,-
3842,76.84,-1676880,-7603.975410567509,15,-,-,-,-
3843,76.86,-1673535,-7889.073284465088,15,-,-,-,-
3844,76.88,-1675937,-7287.294215413383,15,-,-,-,-
3845,76.9,-1677472,-6190.240374765186,15,-,-,-,-
3846,76.92,-1677108,-4684.697209412538,15,-,-,-,-
3847,76.94,-1676556,-2793.7738694445616,15,-,-,-,-
3848,76.96,-1680646,-427.08425019537117,15,-,-,-,-
3849,76.98,-1678965,1293.3314348862014,15,-,-,-,-
3850,77.0,-1678099,2598.909111250594,15,-,-,-,-
3851,77.02,-1675774,3167.3459096241513,15,-,-,-,-
3852,77.04,-1674105,3172.3375297828443,15,-,-,-,-
3853,77.06,-1672245,2713.8837779199202,15,-,-,-,-
3854,77.08,-1663142,1515.3289369272788,15,-,-,-,-
3855,77.1,-1653996,408.2990503803958,15,-,-,-,-
