muestra,tiempo,ppg,ppg filtrado,spi,spi_promedio,estado,tipo evento,evento,alarma
1,0.04,-960331,-799.6212885173736,nan,-,-,-,-,-
2,0.08,-961035,-1548.6625110181735,nan,-,-,-,-,-
3,0.12,-961338,-1585.9064706169202,nan,-,-,-,-,-
4,0.16,-961421,-1227.5042959409823,nan,-,-,-,-,-
5,0.2,-960119,-934.8631376873136,nan,-,-,-,-,-
6,0.24,-958225,-867.7282009757664,nan,-,-,-,-,-
7,0.28,-946666,-1215.6137609560974,nan,-,-,-,-,-
8,0.32,-942341,-1240.0458143292744,nan,-,-,-,-,-
9,0.36,-941918,-955.2383625211905,nan,-,-,-,-,-
10,0.4,-945239,-403.052195612514,nan,-,-,-,-,-
11,0.44,-948910,210.75566069351635,nan,-,-,-,-,-
12,0.48,-951261,736.2658677154895,nan,-,-,-,-,-
13,0.52,-950942,1091.3249279001475,nan,-,-,-,-,-
14,0.56,-951349,1438.0198577528636,nan,-,-,-,-,-
15,0.6,-954170,1893.0898662823784,nan,-,-,-,-,-
16,0.64,-955984,2238.781608495354,nan,-,-,-,-,-
17,0.68,-957897,2166.966183416197,nan,-,-,-,-,-
18,0.72,-958642,1336.8008167917455,nan,-,-,-,-,-
19,0.76,-958882,-52.4880959666134,nan,-,-,-,-,-
20,0.8,-960337,-1277.0791526062123,nan,-,-,-,-,-
21,0.84,-960307,-1829.3365221687343,nan,-,-,-,-,-
22,0.88,-960638,-1635.5574111856833,nan,-,-,-,-,-
23,0.92,-961177,-1166.741170881499,nan,-,-,-,-,-
24,0.96,-956297,-1042.5178271060122,nan,-,-,-,-,-
25,1.0,-946313,-1302.8215054218945,nan,-,-,-,-,-
26,1.04,-942093,-1346.9793921394667,nan,-,-,-,-,-
27,1.08,-941995,-1026.414937414599,nan,-,-,-,-,-
28,1.12,-944930,-423.8325244820609,nan,-,-,-,-,-
29,1.16,-948626,201.932925153445,nan,-,-,-,-,-
30,1.2,-951664,688.0954051715698,nan,-,-,-,-,-
31,1.24,-951144,976.2003138582913,nan,-,-,-,-,-
32,1.28,-951599,1332.692271333157,nan,-,-,-,-,-
33,1.32,-953722,1835.879935002713,nan,-,-,-,-,-
34,1.36,-954947,2229.9458253962603,nan,-,-,-,-,-
35,1.4,-955561,2124.4687316859913,nan,-,-,-,-,-
36,1.44,-958199,1322.2280200467767,nan,-,-,-,-,-
37,1.48,-960024,-21.857350652676814,nan,-,-,-,-,-
38,1.52,-959984,-1255.6805005893484,nan,-,-,-,-,-
39,1.56,-959920,-1772.0974930584682,nan,-,-,-,-,-
40,1.6,-960700,-1552.6659297465962,nan,-,-,-,-,-
41,1.64,-960660,-1083.9085847229287,nan,-,-,-,-,-
42,1.68,-958576,-822.0157151632011,nan,-,-,-,-,-
43,1.72,-948988,-1035.5197051677278,nan,-,-,-,-,-
44,1.76,-942498,-1207.356723093164,nan,-,-,-,-,-
45,1.8,-941683,-1070.589118159688,nan,-,-,-,-,-
46,1.84,-943663,-671.9855593067377,nan,-,-,-,-,-
47,1.88,-947292,-94.70621135069996,nan,-,-,-,-,-
48,1.92,-950280,498.02290745208757,nan,-,-,-,-,-
49,1.96,-952135,987.900836193362,nan,-,-,-,-,-
50,2.0,-950699,1290.3160026458104,nan,-,-,-,-,-
51,2.04,-953382,1734.4459262106502,nan,-,-,-,-,-
52,2.08,-955697,2161.239943091744,nan,-,-,-,-,-
53,2.12,-956683,2231.3146422851437,nan,-,-,-,-,-
54,2.16,-958313,1630.3495238408118,nan,-,-,-,-,-
55,2.2,-959069,353.46165604411044,nan,-,-,-,-,-
56,2.24,-960161,-972.5521734510888,nan,-,-,-,-,-
57,2.28,-960918,-1720.816126433049,nan,-,-,-,-,-
58,2.32,-961458,-1716.4270375203296,nan,-,-,-,-,-
59,2.36,-960738,-1327.683581400548,nan,-,-,-,-,-
60,2.4,-959856,-974.8480556383524,nan,-,-,-,-,-
61,2.44,-952116,-1068.8951185358646,nan,-,-,-,-,-
62,2.48,-943588,-1278.7271522315514,nan,-,-,-,-,-
63,2.52,-941063,-1158.1670351163993,nan,-,-,-,-,-
64,2.56,-942743,-708.5873027476468,nan,-,-,-,-,-
65,2.6,-946977,-100.14683091441566,nan,-,-,-,-,-
66,2.64,-949794,423.3416894638631,nan,-,-,-,-,-
67,2.68,-951266,844.7417163329101,nan,-,-,-,-,-
68,2.72,-950675,1195.011763967097,nan,-,-,-,-,-
69,2.76,-952737,1680.2173271350293,nan,-,-,-,-,-
70,2.8,-954602,2151.581652990769,nan,-,-,-,-,-
71,2.84,-957267,2373.9786334157952,nan,-,-,-,-,-
72,2.88,-957539,1883.0561185558004,nan,-,-,-,-,-
73,2.92,-959287,730.5333854551241,nan,-,-,-,-,-
74,2.96,-959306,-714.379859736717,nan,-,-,-,-,-
75,3.0,-960292,-1656.8786278117284,66,66.0,-,-,-,-
76,3.04,-960814,-1805.9119890121847,66,-,-,-,-,-
77,3.08,-960735,-1429.362765638222,66,-,-,-,-,-
78,3.12,-957382,-1124.1274126852768,66,-,-,-,-,-
79,3.16,-946569,-1290.8697675212152,66,-,-,-,-,-
80,3.2,-941683,-1377.8500820492027,66,-,-,-,-,-
81,3.24,-941766,-1161.7361789833185,66,-,-,-,-,-
82,3.28,-945083,-615.9303559001571,66,-,-,-,-,-
83,3.32,-948570,26.777868902587215,66,-,-,-,-,-
84,3.36,-951561,579.0149705641516,66,-,-,-,-,-
85,3.4,-950532,897.1664136362069,66,-,-,-,-,-
86,3.44,-950163,1240.9610418026468,66,-,-,-,-,-
87,3.48,-953104,1787.209279289451,66,-,-,-,-,-
88,3.52,-955426,2266.5907858674454,66,-,-,-,-,-
89,3.56,-957728,2285.298269813219,66,-,-,-,-,-
90,3.6,-959057,1480.2839198237662,66,-,-,-,-,-
91,3.64,-959237,57.6462877056224,66,-,-,-,-,-
92,3.68,-961150,-1172.6583887426968,66,-,-,-,-,-
93,3.72,-961223,-1713.170495347877,66,-,-,-,-,-
94,3.76,-961101,-1508.3809854035085,66,-,-,-,-,-
95,3.8,-960998,-1045.6481316457866,66,-,-,-,-,-
96,3.84,-959397,-851.0383166907891,66,-,-,-,-,-
97,3.88,-948117,-1253.380267936478,66,-,-,-,-,-
98,3.92,-940588,-1526.1508653282126,66,-,-,-,-,-
99,3.96,-941667,-1237.4600769132612,66,-,-,-,-,-
100,4.0,-944113,-633.8355648620907,66,-,-,-,-,-
101,4.04,-947671,63.40643294535448,66,-,-,-,-,-
102,4.08,-951798,672.5357470025956,66,-,-,-,-,-
103,4.12,-951263,1021.8976940243174,66,-,-,-,-,-
104,4.16,-951566,1386.7635091035645,66,-,-,-,-,-
105,4.2,-952865,1849.3585182212546,66,-,-,-,-,-
106,4.24,-955448,2321.9926413869944,66,-,-,-,-,-
107,4.28,-956952,2368.278339511344,66,-,-,-,-,-
108,4.32,-959686,1675.619296867113,66,-,-,-,-,-
109,4.36,-959342,202.39330199862388,66,-,-,-,-,-
110,4.4,-959914,-1223.0252136578715,66,-,-,-,-,-
111,4.44,-960680,-1909.346592238352,66,-,-,-,-,-
112,4.48,-961489,-1751.3797151103631,66,-,-,-,-,-
113,4.52,-962098,-1212.3240175497876,66,-,-,-,-,-
114,4.56,-961020,-857.6039477252734,66,-,-,-,-,-
115,4.6,-950020,-1122.2279713525277,66,-,-,-,-,-
116,4.64,-942136,-1387.4980184289197,66,-,-,-,-,-
117,4.68,-941318,-1242.8103251873636,66,-,-,-,-,-
118,4.72,-944818,-689.1723304774741,66,-,-,-,-,-
119,4.76,-950613,61.86354709227999,66,-,-,-,-,-
120,4.8,-951911,580.3496760914559,66,-,-,-,-,-
121,4.84,-951071,862.549317883931,66,-,-,-,-,-
122,4.88,-951696,1147.7957521385347,66,-,-,-,-,-
123,4.92,-952431,1578.1998109534443,66,-,-,-,-,-
124,4.96,-954994,2168.855522852402,66,-,-,-,-,-
125,5.0,-956170,2396.6897828354877,66,-,-,-,-,-
126,5.04,-957295,1798.661009032537,66,-,-,-,-,-
127,5.08,-959412,425.42116599529527,66,-,-,-,-,-
128,5.12,-959620,-1079.6092408328104,66,-,-,-,-,-
129,5.16,-960849,-1782.0975306366258,66,-,-,-,-,-
130,5.2,-961552,-1562.610227160271,66,-,-,-,-,-
131,5.24,-962376,-951.7013686595279,66,-,-,-,-,-
132,5.28,-960656,-657.4397561589617,66,-,-,-,-,-
133,5.32,-950094,-1016.4870227249266,66,-,-,-,-,-
134,5.36,-943659,-1319.4776873636256,66,-,-,-,-,-
135,5.4,-943010,-1225.7338733258584,66,-,-,-,-,-
136,5.44,-943996,-837.5450284083481,66,-,-,-,-,-
137,5.48,-946887,-284.79523047810176,66,-,-,-,-,-
138,5.52,-950442,265.12343468551535,66,-,-,-,-,-
139,5.56,-951453,677.7523691398055,66,-,-,-,-,-
140,5.6,-949335,1003.0992756884339,66,-,-,-,-,-
141,5.64,-952977,1617.1629871181876,66,-,-,-,-,-
142,5.68,-954936,2199.406568273429,66,-,-,-,-,-
143,5.72,-957353,2444.6189510517243,66,-,-,-,-,-
144,5.76,-958663,1895.8252871654877,66,-,-,-,-,-
145,5.8,-960182,650.2807526048564,66,-,-,-,-,-
146,5.84,-960258,-732.3985060714774,66,-,-,-,-,-
147,5.88,-961400,-1516.4685408183898,66,-,-,-,-,-
148,5.92,-961038,-1613.4732944807827,66,-,-,-,-,-
149,5.96,-960659,-1298.6630521466545,66,-,-,-,-,-
150,6.0,-957992,-1091.2686915559816,64,65.0,-,-,-,-
151,6.04,-944466,-1454.286734445188,64,-,-,-,-,-
152,6.08,-942315,-1505.844184959884,64,-,-,-,-,-
153,6.12,-944243,-1214.5642238984856,64,-,-,-,-,-
154,6.16,-946951,-631.376739161128,64,-,-,-,-,-
155,6.2,-950972,91.05063859182064,64,-,-,-,-,-
156,6.24,-951324,610.7461282795566,64,-,-,-,-,-
157,6.28,-950213,963.3823473298094,64,-,-,-,-,-
158,6.32,-951930,1388.1906393173217,64,-,-,-,-,-
159,6.36,-954367,1896.212718576142,64,-,-,-,-,-
160,6.4,-957225,2318.297137257863,64,-,-,-,-,-
161,6.44,-957849,2150.2180278456603,64,-,-,-,-,-
162,6.48,-958915,1196.7770464740038,64,-,-,-,-,-
163,6.52,-959483,-237.03920077743987,64,-,-,-,-,-
164,6.56,-960309,-1332.4666756268298,64,-,-,-,-,-
165,6.6,-961091,-1593.7924518502175,64,-,-,-,-,-
166,6.64,-959967,-1292.2135253401216,64,-,-,-,-,-
167,6.68,-960607,-891.6827462785814,64,-,-,-,-,-
168,6.72,-958392,-879.2898234602785,64,-,-,-,-,-
169,6.76,-946334,-1343.4196453614004,64,-,-,-,-,-
170,6.8,-942218,-1382.301811016645,64,-,-,-,-,-
171,6.84,-943398,-955.092088820903,64,-,-,-,-,-
172,6.88,-945947,-340.81365862112625,64,-,-,-,-,-
173,6.92,-950407,275.0775530526653,64,-,-,-,-,-
174,6.96,-951754,666.6325087148107,64,-,-,-,-,-
175,7.0,-951697,949.6571501023354,64,-,-,-,-,-
176,7.04,-951326,1251.2227307660214,64,-,-,-,-,-
177,7.08,-954430,1733.0865784311836,64,-,-,-,-,-
178,7.12,-955871,2102.34485175158,64,-,-,-,-,-
179,7.16,-957369,2053.985008909414,64,-,-,-,-,-
180,7.2,-958556,1255.6896164430204,64,-,-,-,-,-
181,7.24,-960200,-74.04000394330023,64,-,-,-,-,-
182,7.28,-960318,-1285.0367370514869,64,-,-,-,-,-
183,7.32,-960572,-1729.279828490354,64,-,-,-,-,-
184,7.36,-961521,-1432.982003677379,64,-,-,-,-,-
185,7.4,-961968,-949.1167329021057,64,-,-,-,-,-
186,7.44,-959236,-797.1664151409459,64,-,-,-,-,-
187,7.48,-948396,-1153.0440151357125,64,-,-,-,-,-
188,7.52,-942677,-1321.9350386881906,64,-,-,-,-,-
189,7.56,-942629,-1082.9371930394527,64,-,-,-,-,-
190,7.6,-945308,-559.5991624033754,64,-,-,-,-,-
191,7.64,-949542,62.575722334335296,64,-,-,-,-,-
192,7.68,-952271,572.0284819965191,64,-,-,-,-,-
193,7.72,-950558,851.9871444727787,64,-,-,-,-,-
194,7.76,-949981,1159.9488429688959,64,-,-,-,-,-
195,7.8,-953283,1689.3740328290742,64,-,-,-,-,-
196,7.84,-954855,2173.6401335569262,64,-,-,-,-,-
197,7.88,-957562,2304.879712366287,64,-,-,-,-,-
198,7.92,-959774,1631.2427547509196,64,-,-,-,-,-
199,7.96,-959914,233.72590279201768,64,-,-,-,-,-
200,8.0,-960961,-1079.571016121441,64,-,-,-,-,-
201,8.04,-961661,-1668.9127169255926,64,-,-,-,-,-
202,8.08,-961414,-1491.787655366366,64,-,-,-,-,-
203,8.12,-961181,-1021.4150432137935,64,-,-,-,-,-
204,8.16,-958179,-876.092893650879,64,-,-,-,-,-
205,8.2,-948152,-1281.8744317537003,64,-,-,-,-,-
206,8.24,-941196,-1596.6548963576752,64,-,-,-,-,-
207,8.28,-941407,-1377.5258962734833,64,-,-,-,-,-
208,8.32,-943018,-795.2083927999911,64,-,-,-,-,-
209,8.36,-946621,-39.14843401118287,64,-,-,-,-,-
210,8.4,-949755,613.2357287881732,64,-,-,-,-,-
211,8.44,-949918,1037.2048907445014,64,-,-,-,-,-
212,8.48,-951524,1469.9880079128752,64,-,-,-,-,-
213,8.52,-952852,1945.0607898526478,64,-,-,-,-,-
214,8.56,-954397,2369.2327269099924,64,-,-,-,-,-
215,8.6,-957123,2415.583358759088,64,-,-,-,-,-
216,8.64,-957039,1623.5476617556628,64,-,-,-,-,-
217,8.68,-958750,273.3384724082507,64,-,-,-,-,-
218,8.72,-959987,-1067.853621988307,64,-,-,-,-,-
219,8.76,-960629,-1782.136354632006,64,-,-,-,-,-
220,8.8,-959788,-1798.4586966110003,64,-,-,-,-,-
221,8.84,-960742,-1382.7272820936241,64,-,-,-,-,-
222,8.88,-958279,-1116.0107003768885,64,-,-,-,-,-
223,8.92,-947553,-1286.1342614812766,64,-,-,-,-,-
224,8.96,-942561,-1312.4059150849043,64,-,-,-,-,-
225,9.0,-942305,-1063.9629945389943,65,65.0,-,-,-,-
226,9.04,-950827,-388.5425993441313,65,-,-,-,-,-
227,9.08,-951417,79.31363598636608,65,-,-,-,-,-
228,9.12,-950586,459.44275389556697,65,-,-,-,-,-
229,9.16,-952165,866.2269735090417,65,-,-,-,-,-
230,9.2,-952823,1243.8588282259866,65,-,-,-,-,-
231,9.24,-955175,1719.6417833161595,65,-,-,-,-,-
232,9.28,-958745,2172.0546975188645,65,-,-,-,-,-
233,9.32,-959095,2102.941835081099,65,-,-,-,-,-
234,9.36,-960895,1319.7673515757556,65,-,-,-,-,-
235,9.4,-961959,-51.119475008552854,65,-,-,-,-,-
236,9.44,-961686,-1247.727577863065,65,-,-,-,-,-
237,9.48,-961749,-1585.9461821751977,65,-,-,-,-,-
238,9.52,-961179,-1260.00534153116,65,-,-,-,-,-
239,9.56,-956739,-1024.6046617387983,65,-,-,-,-,-
240,9.6,-944707,-1346.9067311789368,65,-,-,-,-,-
241,9.64,-941655,-1496.098273145115,65,-,-,-,-,-
242,9.68,-941919,-1316.6512861103593,65,-,-,-,-,-
243,9.72,-946530,-690.5651171154791,65,-,-,-,-,-
244,9.76,-950429,51.5602741320381,65,-,-,-,-,-
245,9.8,-950816,621.4284611935709,65,-,-,-,-,-
246,9.84,-950543,1056.1743722502279,65,-,-,-,-,-
247,9.88,-952293,1520.6017174850122,65,-,-,-,-,-
248,9.92,-954795,2030.8453137114384,65,-,-,-,-,-
249,9.96,-956880,2388.4017499774563,65,-,-,-,-,-
250,10.0,-958245,2184.762566237707,65,-,-,-,-,-
251,10.04,-959012,1160.998736663687,65,-,-,-,-,-
252,10.08,-960575,-311.20321715091814,65,-,-,-,-,-
253,10.12,-960507,-1521.68554165654,65,-,-,-,-,-
254,10.16,-961574,-1839.2426839807588,65,-,-,-,-,-
255,10.2,-961512,-1501.319496675268,65,-,-,-,-,-
256,10.24,-960812,-1078.0732336994156,65,-,-,-,-,-
257,10.28,-955683,-1068.4659663498342,65,-,-,-,-,-
258,10.32,-944837,-1412.1557360470833,65,-,-,-,-,-
259,10.36,-940915,-1397.8637769369216,65,-,-,-,-,-
260,10.4,-942211,-957.5747162207417,65,-,-,-,-,-
261,10.44,-944463,-351.03378589334784,65,-,-,-,-,-
262,10.48,-949091,298.52145590707096,65,-,-,-,-,-
263,10.52,-950220,738.8498262906742,65,-,-,-,-,-
264,10.56,-949603,1075.086525132262,65,-,-,-,-,-
265,10.6,-949976,1490.0505917850678,65,-,-,-,-,-
266,10.64,-952904,2050.1179844432763,65,-,-,-,-,-
267,10.68,-955378,2443.3334757525654,65,-,-,-,-,-
268,10.72,-958349,2287.81350916452,65,-,-,-,-,-
269,10.76,-959052,1266.1574739495509,65,-,-,-,-,-
270,10.8,-960189,-194.38483256065274,65,-,-,-,-,-
271,10.84,-960213,-1401.4388291477412,65,-,-,-,-,-
272,10.88,-961111,-1785.3643643588305,65,-,-,-,-,-
273,10.92,-962113,-1491.1925153568916,65,-,-,-,-,-
274,10.96,-961326,-1101.3822034025925,65,-,-,-,-,-
275,11.0,-957528,-1060.6968689285522,65,-,-,-,-,-
276,11.04,-946452,-1484.6250343786196,65,-,-,-,-,-
277,11.08,-16775411,496203.61847677454,65,-,-,-,-,-
278,11.12,-16775367,455830.02754531335,65,-,-,-,-,-
279,11.16,-16775464,368043.18575618323,65,-,-,-,-,-
280,11.2,-16775416,227932.05777624893,65,-,-,-,-,-
281,11.24,-16775368,47787.88794861571,65,-,-,-,-,-
282,11.28,-16775426,-143691.2756792428,65,-,-,-,-,-
283,11.32,-16775488,-342192.35780292423,65,-,-,-,-,-
284,11.36,-16775407,-614971.5567622348,65,-,-,-,-,-
285,11.4,-16775373,-1042477.7572377338,65,-,-,-,-,-
286,11.44,-16775465,-1513890.3634969005,65,-,-,-,-,-
287,11.48,-16775436,-1632026.219721198,65,-,-,-,-,-
288,11.52,-16775478,-1063930.191106421,65,-,-,-,-,-
289,11.56,-16775449,-37656.33956769132,65,-,-,-,-,-
290,11.6,-16775444,795855.8962601477,65,-,-,-,-,-
291,11.64,-16775413,1058782.194934046,65,-,-,-,-,-
292,11.68,-16775379,928855.5005186854,65,-,-,-,-,-
293,11.72,-16775460,749130.1935925789,65,-,-,-,-,-
294,11.76,-16775485,654128.5291989669,65,-,-,-,-,-
295,11.8,-16775421,593682.1064077733,65,-,-,-,-,-
296,11.84,-16775480,507405.95383905387,65,-,-,-,-,-
297,11.88,-16775502,394235.5651086373,65,-,-,-,-,-
298,11.92,-16775460,280327.92477355455,65,-,-,-,-,-
299,11.96,-16775506,181028.85388807068,65,-,-,-,-,-
301,12.04,-16775540,23118.84901003004,nan,-,-,-,-,-
302,12.08,-16775482,-39186.328553973464,nan,-,-,-,-,-
303,12.12,-16775429,-88950.35944553732,nan,-,-,-,-,-
304,12.16,-16775456,-125576.73212859244,nan,-,-,-,-,-
305,12.2,-16775432,-149993.68767212844,nan,-,-,-,-,-
306,12.24,-16775456,-163778.58671896043,nan,-,-,-,-,-
307,12.28,-16775453,-168490.6955760207,nan,-,-,-,-,-
308,12.32,-16775463,-165584.03241108372,nan,-,-,-,-,-
309,12.36,-16775386,-156542.31862925924,nan,-,-,-,-,-
310,12.4,-16775461,-142870.91160642946,nan,-,-,-,-,-
311,12.44,-16775453,-126024.96223321208,nan,-,-,-,-,-
312,12.48,-16775447,-107299.83904208719,nan,-,-,-,-,-
313,12.52,-16775426,-87814.06069973583,nan,-,-,-,-,-
314,12.56,-16775477,-68498.78775051067,nan,-,-,-,-,-
315,12.6,-16775516,-50105.27062486656,nan,-,-,-,-,-
316,12.64,-16775451,-33207.29411799737,nan,-,-,-,-,-
317,12.68,-16775447,-18202.05282745717,nan,-,-,-,-,-
318,12.72,-16775471,-5341.657820592809,nan,-,-,-,-,-
319,12.76,-16775444,5255.156059207191,nan,-,-,-,-,-
320,12.8,-16775475,13592.371743629774,nan,-,-,-,-,-
321,12.84,-16775515,19763.54048002996,nan,-,-,-,-,-
322,12.88,-16775451,23929.88482291068,nan,-,-,-,-,-
323,12.92,-16775471,26310.364275950735,nan,-,-,-,-,-
324,12.96,-16775452,27146.57987400704,nan,-,-,-,-,-
325,13.0,-16775433,26703.57795225364,nan,-,-,-,-,-
326,13.04,-16775473,25248.358859958305,nan,-,-,-,-,-
327,13.08,-16775471,23030.335640020072,nan,-,-,-,-,-
328,13.12,-16775467,20286.24179572794,nan,-,-,-,-,-
329,13.16,-16775445,17229.51935590443,nan,-,-,-,-,-
330,13.2,-16775484,14050.396438686566,nan,-,-,-,-,-
331,13.24,-16775466,10902.72382814527,nan,-,-,-,-,-
332,13.28,-16775464,7915.536372546587,nan,-,-,-,-,-
333,13.32,-16775412,5178.650498484243,nan,-,-,-,-,-
334,13.36,-16775410,2746.455491808978,nan,-,-,-,-,-
335,13.4,-16775447,644.0434902255693,nan,-,-,-,-,-
336,13.44,-16775384,-1094.67286994401,nan,-,-,-,-,-
337,13.48,-16775443,-2393.4056732110475,nan,-,-,-,-,-
338,13.52,-16775458,-3214.7863531724015,nan,-,-,-,-,-
339,13.56,-16775454,-3626.429551568519,nan,-,-,-,-,-
340,13.6,-16775465,-3780.240768412561,nan,-,-,-,-,-
341,13.64,-16775462,-3787.906459261947,nan,-,-,-,-,-
342,13.68,-16775433,-3669.145321453044,nan,-,-,-,-,-
343,13.72,-16775435,-3416.2578251451223,nan,-,-,-,-,-
344,13.76,-16775444,-3058.5197294867116,nan,-,-,-,-,-
345,13.8,-16775460,-2651.299734804054,nan,-,-,-,-,-
346,13.84,-16775403,-2248.3026106038715,nan,-,-,-,-,-
347,13.88,-16775420,-1881.159256504974,nan,-,-,-,-,-
348,13.92,-16775398,-1579.4207315706844,nan,-,-,-,-,-
349,13.96,-16775437,-1360.7486775041616,nan,-,-,-,-,-
350,14.0,-16775400,-1246.8921297176494,nan,-,-,-,-,-
351,14.04,-16775438,3.404579630402001,nan,-,-,-,-,-
352,14.08,-16775442,4.647078471408605,nan,-,-,-,-,-
353,14.12,-16775430,3.386260836711478,nan,-,-,-,-,-
354,14.16,-16775475,3.570128155881985,nan,-,-,-,-,-
355,14.2,-16775464,3.112607801263456,nan,-,-,-,-,-
356,14.24,-16775470,3.8045066306858057,nan,-,-,-,-,-
357,14.28,-16775417,1.2151770707962228,nan,-,-,-,-,-
358,14.32,-16775477,0.33310896410064395,nan,-,-,-,-,-
359,14.36,-16775427,-4.203068385013694,nan,-,-,-,-,-
360,14.4,-16775459,-4.556214648877897,nan,-,-,-,-,-
361,14.44,-16775458,-4.5656712636097225,nan,-,-,-,-,-
362,14.48,-16775411,-5.521899830834048,nan,-,-,-,-,-
363,14.52,-16775482,-2.4325584062656773,nan,-,-,-,-,-
364,14.56,-16775496,-0.5402185677483295,nan,-,-,-,-,-
365,14.6,-16775463,0.710454468023932,nan,-,-,-,-,-
366,14.64,-16775464,3.1087719368346374,nan,-,-,-,-,-
367,14.68,-16775450,3.46580603925813,nan,-,-,-,-,-
368,14.72,-16775502,3.8758151121394384,nan,-,-,-,-,-
369,14.76,-16775510,2.2565124458178616,nan,-,-,-,-,-
370,14.8,-16775481,0.2531490350682759,nan,-,-,-,-,-
371,14.84,-16775431,-1.9809958117086666,nan,-,-,-,-,-
372,14.88,-16775477,-1.7134961452340258,nan,-,-,-,-,-
373,14.92,-16775458,-3.564841045390077,nan,-,-,-,-,-
374,14.96,-16775432,-3.753008388445611,nan,-,-,-,-,-
375,15.0,-16775420,-1.3881920689930496,nan,65.0,-,-,-,Desconexión
376,15.04,-16775480,2.5534331619196777,nan,-,-,-,-,Desconexión
377,15.08,-16775461,1.2316285336561457,nan,-,-,-,-,Desconexión
378,15.12,-16775493,0.9271392449905349,nan,-,-,-,-,Desconexión
379,15.16,-16775428,0.1510260249970763,nan,-,-,-,-,Desconexión
380,15.2,-16775403,2.797860293447002,nan,-,-,-,-,Desconexión
381,15.24,-16775445,6.0157481656670715,nan,-,-,-,-,Desconexión
382,15.28,-16775455,4.91325022898636,nan,-,-,-,-,Desconexión
383,15.32,-16775378,-0.18644347535150274,nan,-,-,-,-,Desconexión
384,15.36,-16775498,1.7264990613073223,nan,-,-,-,-,Desconexión
385,15.4,-16775432,-2.1856605030136427,nan,-,-,-,-,Desconexión
386,15.44,-16775465,-2.709959993746363,nan,-,-,-,-,Desconexión
387,15.48,-16775447,-2.627122218596422,nan,-,-,-,-,Desconexión
388,15.52,-16775383,-1.2382641508551515,nan,-,-,-,-,Desconexión
389,15.56,-16775426,3.3075031806904724,nan,-,-,-,-,Desconexión
390,15.6,-16775467,4.158857923298644,nan,-,-,-,-,Desconexión
391,15.64,-16775460,0.4008885014419441,nan,-,-,-,-,Desconexión
392,15.68,-16775417,-4.132885725616436,nan,-,-,-,-,Desconexión
393,15.72,-16775402,-5.518715283435235,nan,-,-,-,-,Desconexión
394,15.76,-16775441,-3.5333666890459536,nan,-,-,-,-,Desconexión
395,15.8,-16775426,-2.0517646596232,nan,-,-,-,-,Desconexión
396,15.84,-16775447,1.6756335100278879,nan,-,-,-,-,Desconexión
397,15.88,-16775419,3.0685189444314283,nan,-,-,-,-,Desconexión
398,15.92,-16775477,4.000544506740237,nan,-,-,-,-,Desconexión
399,15.96,-16775442,-0.7527097409346786,nan,-,-,-,-,Desconexión
400,16.0,-16775461,-2.5270525910916373,nan,-,-,-,-,Desconexión
401,16.04,-16775503,0.45084420116994295,nan,-,-,-,-,Desconexión
402,16.08,-16775429,1.3181894394626532,nan,-,-,-,-,Desconexión
403,16.12,-16775484,3.385040848727511,nan,-,-,-,-,Desconexión
404,16.16,-16775473,-0.14943764654748737,nan,-,-,-,-,Desconexión
405,16.2,-16775476,-3.160686216412687,nan,-,-,-,-,Desconexión
406,16.24,-16775461,-4.252609013935821,nan,-,-,-,-,Desconexión
407,16.28,-16775537,-0.9952771350345948,nan,-,-,-,-,Desconexión
408,16.32,-16775470,-2.5904003593894664,nan,-,-,-,-,Desconexión
409,16.36,-16775521,-0.7213886275135373,nan,-,-,-,-,Desconexión
410,16.4,-16775486,-1.2320673298423372,nan,-,-,-,-,Desconexión
411,16.44,-16775493,0.09866847227070608,nan,-,-,-,-,Desconexión
412,16.48,-16775432,-0.9068194875881446,nan,-,-,-,-,Desconexión
413,16.52,-16775478,0.6400388972734259,nan,-,-,-,-,Desconexión
414,16.56,-16775466,-0.41966908910786493,nan,-,-,-,-,Desconexión
415,16.6,-16775431,-2.1074673233837125,nan,-,-,-,-,Desconexión
416,16.64,-16775464,-0.9812173635335366,nan,-,-,-,-,Desconexión
417,16.68,-16775463,-0.1126937724913244,nan,-,-,-,-,Desconexión
418,16.72,-16775412,0.22701303084959434,nan,-,-,-,-,Desconexión
419,16.76,-16775434,3.5904807145606967,nan,-,-,-,-,Desconexión
420,16.8,-16775444,6.1132077756910945,nan,-,-,-,-,Desconexión
421,16.84,-16775424,6.220787740118202,nan,-,-,-,-,Desconexión
422,16.88,-16775488,7.1136379478851595,nan,-,-,-,-,Desconexión
423,16.92,-16775524,5.710269670435217,nan,-,-,-,-,Desconexión
424,16.96,-16775447,0.7552047921122611,nan,-,-,-,-,Desconexión
425,17.0,-16775462,-0.13882327073320067,nan,-,-,-,-,Desconexión
426,17.04,-16775449,-1.0795443084490781,nan,-,-,-,-,Desconexión
427,17.08,-16775503,0.39442724521077466,nan,-,-,-,-,Desconexión
428,17.12,-16775467,-1.346238778985403,nan,-,-,-,-,Desconexión
429,17.16,-16775418,-4.650642146442905,nan,-,-,-,-,Desconexión
430,17.2,-16775379,-8.65454796254231,nan,-,-,-,-,Desconexión
431,17.24,-16775446,-8.515241601797946,nan,-,-,-,-,Desconexión
432,17.28,-16775503,-5.74991591432633,nan,-,-,-,-,Desconexión
433,17.32,-16775515,-0.9531083812903987,nan,-,-,-,-,Desconexión
434,17.36,-16775380,0.08369761054608915,nan,-,-,-,-,Desconexión
435,17.4,-16775380,2.438711725691739,nan,-,-,-,-,Desconexión
436,17.44,-16775442,3.1706539250436165,nan,-,-,-,-,Desconexión
437,17.48,-16775482,3.500204781569238,nan,-,-,-,-,Desconexión
438,17.52,-16775454,4.507285576023175,nan,-,-,-,-,Desconexión
439,17.56,-16775468,6.40387000293326,nan,-,-,-,-,Desconexión
440,17.6,-16775487,3.4009645048220847,nan,-,-,-,-,Desconexión
441,17.64,-16775506,-2.6863321627585215,nan,-,-,-,-,Desconexión
442,17.68,-16775456,-6.424448387582743,nan,-,-,-,-,Desconexión
443,17.72,-16775518,1.033212943114986,nan,-,-,-,-,Desconexión
444,17.76,-16775429,4.271978518916129,nan,-,-,-,-,Desconexión
445,17.8,-16775383,1.0464905936203763,nan,-,-,-,-,Desconexión
446,17.84,-16775420,-5.8761175717265,nan,-,-,-,-,Desconexión
447,17.88,-16775517,-8.051652009080868,nan,-,-,-,-,Desconexión
448,17.92,-16775441,-8.285360783209834,nan,-,-,-,-,Desconexión
449,17.96,-16775411,-3.6772603839897577,nan,-,-,-,-,Desconexión
450,18.0,-16775403,-0.17356728801267707,nan,64.5,-,-,-,Desconexión
451,18.04,-16775449,3.1552235390657515,nan,-,-,-,-,Desconexión
452,18.08,-16775466,6.023460495378224,nan,-,-,-,-,Desconexión
453,18.12,-16775507,10.22345008066219,nan,-,-,-,-,Desconexión
454,18.16,-16775431,8.544347007290101,nan,-,-,-,-,Desconexión
455,18.2,-16775421,4.385418970930964,nan,-,-,-,-,Desconexión
456,18.24,-16775439,-1.7056193385504006,nan,-,-,-,-,Desconexión
457,18.28,-16775387,-6.872572995845015,nan,-,-,-,-,Desconexión
458,18.32,-16775488,-0.8576502672805759,nan,-,-,-,-,Desconexión
459,18.36,-16775395,0.27240998453672205,nan,-,-,-,-,Desconexión
460,18.4,-16775353,-1.9828677222723243,nan,-,-,-,-,Desconexión
461,18.44,-16775458,-3.3616139998525156,nan,-,-,-,-,Desconexión
462,18.48,-16775399,-6.98933487788053,nan,-,-,-,-,Desconexión
463,18.52,-16775387,-2.8082241047028917,nan,-,-,-,-,Desconexión
464,18.56,-16775463,6.335415867573552,nan,-,-,-,-,Desconexión
465,18.6,-16775427,7.757854367843819,nan,-,-,-,-,Desconexión
466,18.64,-16775426,4.848882908550835,nan,-,-,-,-,Desconexión
467,18.68,-16775443,1.2160300449802488,nan,-,-,-,-,Desconexión
468,18.72,-16775428,-0.6279131402122036,nan,-,-,-,-,Desconexión
469,18.76,-16775428,0.4286548759226836,nan,-,-,-,-,Desconexión
470,18.8,-16775388,-0.8305392868757586,nan,-,-,-,-,Desconexión
471,18.84,-16775445,-1.4249605402306358,nan,-,-,-,-,Desconexión
472,18.88,-16775443,-4.041087493761896,nan,-,-,-,-,Desconexión
473,18.92,-16775419,-5.374481339459711,nan,-,-,-,-,Desconexión
474,18.96,-16775496,-1.8904120953536179,nan,-,-,-,-,Desconexión
475,19.0,-16775476,-0.9087177336739654,nan,-,-,-,-,Desconexión
476,19.04,-16775436,-0.42733354963006676,nan,-,-,-,-,Desconexión
477,19.08,-16775449,1.2867107585589643,nan,-,-,-,-,Desconexión
478,19.12,-16775478,2.6014654127054597,nan,-,-,-,-,Desconexión
479,19.16,-16775460,1.4234405016248202,nan,-,-,-,-,Desconexión
480,19.2,-16775427,-1.3478829672895571,nan,-,-,-,-,Desconexión
481,19.24,-16775412,-4.1124178139613505,nan,-,-,-,-,Desconexión
482,19.28,-16775455,-4.141552332662426,nan,-,-,-,-,Desconexión
483,19.32,-16775426,-4.526870781091807,nan,-,-,-,-,Desconexión
484,19.36,-16775438,-1.7494184101608332,nan,-,-,-,-,Desconexión
485,19.4,-16775394,0.22292781596672384,nan,-,-,-,-,Desconexión
486,19.44,-16775452,4.756558986932198,nan,-,-,-,-,Desconexión
487,19.48,-16775464,5.652071117557785,nan,-,-,-,-,Desconexión
488,19.52,-16775458,4.687220004312721,nan,-,-,-,-,Desconexión
489,19.56,-16775408,3.0714263391445478,nan,-,-,-,-,Desconexión
490,19.6,-16775418,3.798252215069983,nan,-,-,-,-,Desconexión
491,19.64,-16775479,4.54797650415108,nan,-,-,-,-,Desconexión
492,19.68,-16775445,0.8427352890799877,nan,-,-,-,-,Desconexión
493,19.72,-16775478,0.12846460226620593,nan,-,-,-,-,Desconexión
494,19.76,-16775505,0.45260563341865634,nan,-,-,-,-,Desconexión
495,19.8,-16775476,-1.5640376404394982,nan,-,-,-,-,Desconexión
496,19.84,-16775415,-5.305830232908917,nan,-,-,-,-,Desconexión
497,19.88,-16775481,-3.369181720732032,nan,-,-,-,-,Desconexión
498,19.92,-16775426,-2.8733681051497193,nan,-,-,-,-,Desconexión
499,19.96,-16775417,-1.2665465097445683,nan,-,-,-,-,Desconexión
500,20.0,-16775470,-0.7979235376787273,nan,-,-,-,-,Desconexión
501,20.04,-16775464,-3.8886744821518118,nan,-,-,-,-,Desconexión
502,20.08,-16775464,-4.7338683222258435,nan,-,-,-,-,Desconexión
503,20.12,-16775417,-3.651660588749486,nan,-,-,-,-,Desconexión
504,20.16,-16775461,2.164054862058138,nan,-,-,-,-,Desconexión
505,20.2,-16775554,8.887318177585598,nan,-,-,-,-,Desconexión
506,20.24,-16775469,7.204027970731051,nan,-,-,-,-,Desconexión
507,20.28,-16775520,6.698265149810506,nan,-,-,-,-,Desconexión
508,20.32,-16775518,2.7661270200131574,nan,-,-,-,-,Desconexión
509,20.36,-16775447,-3.143890555698988,nan,-,-,-,-,Desconexión
510,20.4,-16775526,-2.723781668731249,nan,-,-,-,-,Desconexión
511,20.44,-16775479,-4.1890043628321365,nan,-,-,-,-,Desconexión
512,20.48,-16775449,-3.947558671398852,nan,-,-,-,-,Desconexión
513,20.52,-16775485,-2.9788256153053636,nan,-,-,-,-,Desconexión
514,20.56,-16775478,-5.286093834804791,nan,-,-,-,-,Desconexión
515,20.6,-16775479,-5.918632747545189,nan,-,-,-,-,Desconexión
516,20.64,-16775428,-4.1634432857081975,nan,-,-,-,-,Desconexión
517,20.68,-16775505,3.647721040620919,nan,-,-,-,-,Desconexión
518,20.72,-16775442,4.9560393673344585,nan,-,-,-,-,Desconexión
519,20.76,-16775485,6.5624047080827275,nan,-,-,-,-,Desconexión
520,20.8,-16775477,5.0733819473264194,nan,-,-,-,-,Desconexión
521,20.84,-16775540,5.96413268066447,nan,-,-,-,-,Desconexión
522,20.88,-16775420,1.1090011826844872,nan,-,-,-,-,Desconexión
523,20.92,-16775451,0.7063967535976552,nan,-,-,-,-,Desconexión
524,20.96,-16775357,-3.5012537632030316,nan,-,-,-,-,Desconexión
525,21.0,-16775385,-2.6912258078861306,nan,65.0,-,-,-,Desconexión
526,21.04,-16775418,-1.2182494514463862,nan,-,-,-,-,Desconexión
527,21.08,-16775489,0.8705957139013663,nan,-,-,-,-,Desconexión
528,21.12,-16775408,-2.3211407974701777,nan,-,-,-,-,Desconexión
529,21.16,-16775412,-2.1305903727006874,nan,-,-,-,-,Desconexión
530,21.2,-16775414,-0.3255016049877879,nan,-,-,-,-,Desconexión
531,21.24,-16775380,2.561330034540152,nan,-,-,-,-,Desconexión
532,21.28,-16775413,8.331125857013433,nan,-,-,-,-,Desconexión
533,21.32,-16775452,11.01662521612893,nan,-,-,-,-,Desconexión
534,21.36,-16775419,5.3597671505327025,nan,-,-,-,-,Desconexión
535,21.4,-16775485,-1.0120840219951788,nan,-,-,-,-,Desconexión
536,21.44,-16775446,-8.672675704716216,nan,-,-,-,-,Desconexión
537,21.48,-16775450,-8.236756861798298,nan,-,-,-,-,Desconexión
538,21.52,-16775448,-2.747422895015184,nan,-,-,-,-,Desconexión
539,21.56,-16775465,2.3694225893924967,nan,-,-,-,-,Desconexión
540,21.6,-16775437,0.8766453742645233,nan,-,-,-,-,Desconexión
541,21.64,-16775460,-2.703207540236333,nan,-,-,-,-,Desconexión
542,21.68,-16775431,-7.6124399967554695,nan,-,-,-,-,Desconexión
543,21.72,-16775425,-8.784024238005657,nan,-,-,-,-,Desconexión
544,21.76,-16775418,-6.813753943461066,nan,-,-,-,-,Desconexión
545,21.8,-16775408,-3.253277311231514,nan,-,-,-,-,Desconexión
546,21.84,-16775412,0.5825678833387098,nan,-,-,-,-,Desconexión
547,21.88,-16775432,3.5058446697659384,nan,-,-,-,-,Desconexión
548,21.92,-16775433,4.194244963226913,nan,-,-,-,-,Desconexión
549,21.96,-16775449,4.61481485803515,nan,-,-,-,-,Desconexión
550,22.0,-16775414,3.714617007219439,nan,-,-,-,-,Desconexión
551,22.04,-16775442,5.232622415464782,nan,-,-,-,-,Desconexión
552,22.08,-16775403,4.28903345772358,nan,-,-,-,-,Desconexión
553,22.12,-16775448,5.070730617259645,nan,-,-,-,-,Desconexión
554,22.16,-16775454,3.424141991716297,nan,-,-,-,-,Desconexión
555,22.2,-16775420,-0.3281444465755632,nan,-,-,-,-,Desconexión
556,22.24,-16775462,-1.5922786609868922,nan,-,-,-,-,Desconexión
557,22.28,-16775476,-2.652765675739122,nan,-,-,-,-,Desconexión
558,22.32,-16775503,-1.536950601146188,nan,-,-,-,-,Desconexión
559,22.36,-16775408,-3.027723176737261,nan,-,-,-,-,Desconexión
560,22.4,-16775471,0.34670195941100634,nan,-,-,-,-,Desconexión
561,22.44,-16775486,0.6112772140608431,nan,-,-,-,-,Desconexión
562,22.48,-16775443,-2.380088174484655,nan,-,-,-,-,Desconexión
563,22.52,-16775442,-3.9185204139959424,nan,-,-,-,-,Desconexión
564,22.56,-16775445,-4.096553193992076,nan,-,-,-,-,Desconexión
565,22.6,-16775498,-1.833070269040853,nan,-,-,-,-,Desconexión
566,22.64,-16775520,-0.5253472915706432,nan,-,-,-,-,Desconexión
567,22.68,-16775494,-0.232959314721207,nan,-,-,-,-,Desconexión
568,22.72,-16775458,0.8147027519469106,nan,-,-,-,-,Desconexión
569,22.76,-16775495,3.754004982944136,nan,-,-,-,-,Desconexión
570,22.8,-16775496,3.3201308733772477,nan,-,-,-,-,Desconexión
571,22.84,-16775507,2.0562950766041332,nan,-,-,-,-,Desconexión
572,22.88,-16775490,0.5846782606265339,nan,-,-,-,-,Desconexión
573,22.92,-16775521,0.4998758964293124,nan,-,-,-,-,Desconexión
574,22.96,-16775490,-3.0665646812716165,nan,-,-,-,-,Desconexión
575,23.0,-16775422,-7.26089255740996,nan,-,-,-,-,Desconexión
576,23.04,-16775449,-4.668714969558,nan,-,-,-,-,Desconexión
577,23.08,-16775410,-1.2871729237658869,nan,-,-,-,-,Desconexión
578,23.12,-16775477,4.031650741065519,nan,-,-,-,-,Desconexión
579,23.16,-16775459,2.8522435473595777,nan,-,-,-,-,Desconexión
580,23.2,-16775444,0.3342389059329536,nan,-,-,-,-,Desconexión
581,23.24,-16775391,-1.4468865702972877,nan,-,-,-,-,Desconexión
582,23.28,-16775453,2.945135941183711,nan,-,-,-,-,Desconexión
583,23.32,-16775456,6.358976389837711,nan,-,-,-,-,Desconexión
584,23.36,-16775458,8.87164328627495,nan,-,-,-,-,Desconexión
585,23.4,-16775436,7.864293731152976,nan,-,-,-,-,Desconexión
586,23.44,-16775426,3.54183628123514,nan,-,-,-,-,Desconexión
587,23.48,-16775450,-1.3636256847313337,nan,-,-,-,-,Desconexión
588,23.52,-16775443,-4.842601837396872,nan,-,-,-,-,Desconexión
589,23.56,-16775436,-3.9543366399518303,nan,-,-,-,-,Desconexión
590,23.6,-16775479,0.22898613563885206,nan,-,-,-,-,Desconexión
591,23.64,-16775401,-1.9856893275866447,nan,-,-,-,-,Desconexión
592,23.68,-16775461,-2.767991453289275,nan,-,-,-,-,Desconexión
593,23.72,-16775416,-6.08537055988322,nan,-,-,-,-,Desconexión
594,23.76,-16775533,-0.7562036202773257,nan,-,-,-,-,Desconexión
595,23.8,-16775438,-0.8071631715369776,nan,-,-,-,-,Desconexión
596,23.84,-16775475,1.29178705185657,nan,-,-,-,-,Desconexión
597,23.88,-16775442,-1.2640890686399366,nan,-,-,-,-,Desconexión
598,23.92,-16775449,-2.5183949461575814,nan,-,-,-,-,Desconexión
599,23.96,-16775504,-0.4536571223138921,nan,-,-,-,-,Desconexión
600,24.0,-16775438,-1.1617162463774697,nan,nan,-,-,-,Desconexión
601,24.04,-16775499,1.3712098567049438,nan,-,-,-,-,Desconexión
602,24.08,-16775448,-1.6503187980182652,nan,-,-,-,-,Desconexión
603,24.12,-16775456,-3.3866183305012267,nan,-,-,-,-,Desconexión
604,24.16,-16775435,-3.817874929635476,nan,-,-,-,-,Desconexión
605,24.2,-16775453,-0.026082787342842195,nan,-,-,-,-,Desconexión
606,24.24,-16775478,4.047329329399593,nan,-,-,-,-,Desconexión
607,24.28,-16775412,2.1672634764156378,nan,-,-,-,-,Desconexión
608,24.32,-16775385,-0.8596481294814637,nan,-,-,-,-,Desconexión
609,24.36,-16775468,0.4351506251010697,nan,-,-,-,-,Desconexión
610,24.4,-16775437,0.5646321037516255,nan,-,-,-,-,Desconexión
611,24.44,-16775546,6.44464424796395,nan,-,-,-,-,Desconexión
612,24.48,-16775449,4.7131541620693955,nan,-,-,-,-,Desconexión
613,24.52,-16775441,3.729319920335783,nan,-,-,-,-,Desconexión
614,24.56,-16775455,1.9607767478034663,nan,-,-,-,-,Desconexión
615,24.6,-16775410,-1.2747077537212839,nan,-,-,-,-,Desconexión
616,24.64,-16775451,0.08823808237492958,nan,-,-,-,-,Desconexión
617,24.68,-16775416,-0.5157959114337114,nan,-,-,-,-,Desconexión
618,24.72,-16775436,-1.8423878163455756,nan,-,-,-,-,Desconexión
619,24.76,-16775392,-7.48427721328563,nan,-,-,-,-,Desconexión
620,24.8,-16775438,-7.913810783898722,nan,-,-,-,-,Desconexión
621,24.84,-16775398,-5.259172041367502,nan,-,-,-,-,Desconexión
622,24.88,-16775473,4.47566473966139,nan,-,-,-,-,Desconexión
623,24.92,-16775518,10.629041110407371,nan,-,-,-,-,Desconexión
624,24.96,-16775473,8.213851756466106,nan,-,-,-,-,Desconexión
625,25.0,-16775451,3.2554641450507695,nan,-,-,-,-,Desconexión
626,25.04,-16775443,-0.5040594445309132,nan,-,-,-,-,Desconexión
627,25.08,-16775486,-0.3607669469126087,nan,-,-,-,-,Desconexión
628,25.12,-16775464,-1.2562626492107007,nan,-,-,-,-,Desconexión
629,25.16,-16775414,-3.8487025305185867,nan,-,-,-,-,Desconexión
630,25.2,-16775436,-5.641992226913928,nan,-,-,-,-,Desconexión
631,25.24,-16775484,-6.967795500978831,nan,-,-,-,-,Desconexión
632,25.28,-16775503,-6.996168701332056,nan,-,-,-,-,Desconexión
633,25.32,-16775503,-3.4703326715121605,nan,-,-,-,-,Desconexión
634,25.36,-16775495,2.4335197652483704,nan,-,-,-,-,Desconexión
635,25.4,-16775435,4.628127823142982,nan,-,-,-,-,Desconexión
636,25.44,-16775487,5.713141844242585,nan,-,-,-,-,Desconexión
637,25.48,-16775468,2.3701405998350342,nan,-,-,-,-,Desconexión
638,25.52,-16775403,-1.009274556454102,nan,-,-,-,-,Desconexión
639,25.56,-16775429,-0.6080965187614353,nan,-,-,-,-,Desconexión
640,25.6,-16775410,-3.3203555398162443,nan,-,-,-,-,Desconexión
641,25.64,-16775441,-4.941832590004038,nan,-,-,-,-,Desconexión
642,25.68,-16775420,-4.7149120124267005,nan,-,-,-,-,Desconexión
643,25.72,-16775449,1.488593157323244,nan,-,-,-,-,Desconexión
644,25.76,-16775455,7.305349944999001,nan,-,-,-,-,Desconexión
645,25.8,-16775446,8.950414205890379,nan,-,-,-,-,Desconexión
646,25.84,-16775405,6.133107018894718,nan,-,-,-,-,Desconexión
647,25.88,-16775483,6.648088593508547,nan,-,-,-,-,Desconexión
648,25.92,-16775404,2.728973158194103,nan,-,-,-,-,Desconexión
649,25.96,-16775395,0.21937274137246376,nan,-,-,-,-,Desconexión
650,26.0,-16775460,-1.203886602400953,nan,-,-,-,-,Desconexión
651,26.04,-16775462,-4.095459314706343,nan,-,-,-,-,Desconexión
652,26.08,-16775450,-5.247487504322123,nan,-,-,-,-,Desconexión
653,26.12,-16775376,-6.4286329497599155,nan,-,-,-,-,Desconexión
654,26.16,-16775488,-0.7708913871620311,nan,-,-,-,-,Desconexión
655,26.2,-16775446,-0.2136487498818802,nan,-,-,-,-,Desconexión
656,26.24,-16775394,-0.820014594344066,nan,-,-,-,-,Desconexión
657,26.28,-16775472,1.813474369267329,nan,-,-,-,-,Desconexión
658,26.32,-16775429,-0.215621027373178,nan,-,-,-,-,Desconexión
659,26.36,-16775442,-1.3388858939041692,nan,-,-,-,-,Desconexión
660,26.4,-16775437,-3.0739697109565594,nan,-,-,-,-,Desconexión
661,26.44,-16775473,-1.4731422608355764,nan,-,-,-,-,Desconexión
662,26.48,-16775453,0.38532506286866886,nan,-,-,-,-,Desconexión
663,26.52,-16775458,2.1119846294908124,nan,-,-,-,-,Desconexión
664,26.56,-16775426,0.22538332771732428,nan,-,-,-,-,Desconexión
665,26.6,-16775424,-1.032424727859084,nan,-,-,-,-,Desconexión
666,26.64,-16775394,-1.8557202363847232,nan,-,-,-,-,Desconexión
667,26.68,-16775458,0.6304046181873417,nan,-,-,-,-,Desconexión
668,26.72,-16775456,0.42324746515957656,nan,-,-,-,-,Desconexión
669,26.76,-16775416,-1.1406270254489428,nan,-,-,-,-,Desconexión
670,26.8,-16775401,-1.5934395128740135,nan,-,-,-,-,Desconexión
671,26.84,-16775468,1.2054852678947334,nan,-,-,-,-,Desconexión
672,26.88,-16775475,3.176221171023176,nan,-,-,-,-,Desconexión
673,26.92,-16775482,5.607400383407963,nan,-,-,-,-,Desconexión
674,26.96,-16775407,3.9229142734923954,nan,-,-,-,-,Desconexión
675,27.0,-16775441,2.9153057629007044,nan,nan,-,-,-,Desconexión
676,27.04,-16775475,0.07257187894342465,nan,-,-,-,-,Desconexión
677,27.08,-16775384,-5.583729551463456,nan,-,-,-,-,Desconexión
678,27.12,-16775403,-4.4707082366597355,nan,-,-,-,-,Desconexión
679,27.16,-16775415,-2.06755576081826,nan,-,-,-,-,Desconexión
680,27.2,-16775419,-1.8005856150798198,nan,-,-,-,-,Desconexión
681,27.24,-16775425,-3.1552071856219133,nan,-,-,-,-,Desconexión
682,27.28,-16775434,-2.2817020888489843,nan,-,-,-,-,Desconexión
683,27.32,-16775489,3.4932048175996115,nan,-,-,-,-,Desconexión
684,27.36,-16775495,7.411571598683956,nan,-,-,-,-,Desconexión
685,27.4,-16775420,5.170757514042958,nan,-,-,-,-,Desconexión
686,27.44,-16775467,4.54916588602878,nan,-,-,-,-,Desconexión
687,27.48,-16775515,4.13367085469422,nan,-,-,-,-,Desconexión
688,27.52,-16775416,-1.1640390500437476,nan,-,-,-,-,Desconexión
689,27.56,-16775450,-3.324949066115334,nan,-,-,-,-,Desconexión
690,27.6,-16775497,-5.021287778491061,nan,-,-,-,-,Desconexión
691,27.64,-16775495,-6.660152543916366,nan,-,-,-,-,Desconexión
692,27.68,-16775458,-7.467277994853525,nan,-,-,-,-,Desconexión
693,27.72,-16775451,-5.412191103838467,nan,-,-,-,-,Desconexión
694,27.76,-16775439,-2.04313777056165,nan,-,-,-,-,Desconexión
695,27.8,-16775450,1.5754990862925826,nan,-,-,-,-,Desconexión
696,27.84,-16775465,3.0722041452178237,nan,-,-,-,-,Desconexión
697,27.88,-16775464,2.5985842591166186,nan,-,-,-,-,Desconexión
698,27.92,-16775442,1.4608401639216861,nan,-,-,-,-,Desconexión
699,27.96,-16775408,-0.3383288865521905,nan,-,-,-,-,Desconexión
700,28.0,-16775439,-0.09955557502316204,nan,-,-,-,-,Desconexión
701,28.04,-16775455,1.6147599049014687,nan,-,-,-,-,Desconexión
702,28.08,-16775412,3.3396872131112634,nan,-,-,-,-,Desconexión
703,28.12,-16775418,5.17829661560773,nan,-,-,-,-,Desconexión
704,28.16,-16775456,4.487537805467195,nan,-,-,-,-,Desconexión
705,28.2,-16775419,-0.06649988615103242,nan,-,-,-,-,Desconexión
706,28.24,-16775444,-0.6016538766218353,nan,-,-,-,-,Desconexión
707,28.28,-16775467,1.6240771211328564,nan,-,-,-,-,Desconexión
708,28.32,-16775501,4.5256667553744165,nan,-,-,-,-,Desconexión
709,28.36,-16775455,2.444007809530985,nan,-,-,-,-,Desconexión
710,28.4,-16775463,-0.08460330429986573,nan,-,-,-,-,Desconexión
711,28.44,-16775430,-3.480452080426609,nan,-,-,-,-,Desconexión
712,28.48,-16775454,-3.2174376977572328,nan,-,-,-,-,Desconexión
713,28.52,-16775501,-1.6664946038263118,nan,-,-,-,-,Desconexión
714,28.56,-16775501,-2.433846469557851,nan,-,-,-,-,Desconexión
715,28.6,-16775397,-6.934679291727434,nan,-,-,-,-,Desconexión
716,28.64,-16775446,-5.9634960310306155,nan,-,-,-,-,Desconexión
717,28.68,-16775480,-4.077220052522943,nan,-,-,-,-,Desconexión
718,28.72,-16775458,-1.8775097810421864,nan,-,-,-,-,Desconexión
719,28.76,-16775441,1.6927662038196836,nan,-,-,-,-,Desconexión
720,28.8,-16775459,4.562567539000261,nan,-,-,-,-,Desconexión
721,28.84,-16775441,2.5183997316248767,nan,-,-,-,-,Desconexión
722,28.88,-16775507,1.4692972911610909,nan,-,-,-,-,Desconexión
723,28.92,-16775432,-1.5866927773399873,nan,-,-,-,-,Desconexión
724,28.96,-16775429,1.3118451810363752,nan,-,-,-,-,Desconexión
725,29.0,-16775446,4.606220840665892,nan,-,-,-,-,Desconexión
726,29.04,-16775395,1.7013266105367038,nan,-,-,-,-,Desconexión
727,29.08,-16775456,0.2022275813267882,nan,-,-,-,-,Desconexión
728,29.12,-16775462,-0.8133926651534864,nan,-,-,-,-,Desconexión
729,29.16,-16775499,1.70175504182766,nan,-,-,-,-,Desconexión
730,29.2,-16775478,1.775408511386912,nan,-,-,-,-,Desconexión
731,29.24,-16775393,-1.6272583590299803,nan,-,-,-,-,Desconexión
732,29.28,-16775459,0.5414117835154455,nan,-,-,-,-,Desconexión
733,29.32,-16775447,1.8193333691858777,nan,-,-,-,-,Desconexión
734,29.36,-16775469,3.5939122639323635,nan,-,-,-,-,Desconexión
735,29.4,-16775413,0.05833690367166966,nan,-,-,-,-,Desconexión
736,29.44,-16775413,-3.8799826331403082,nan,-,-,-,-,Desconexión
737,29.48,-16775418,-7.036847516753233,nan,-,-,-,-,Desconexión
738,29.52,-16775512,-3.9452981731905794,nan,-,-,-,-,Desconexión
739,29.56,-16775395,-3.4999654097512085,nan,-,-,-,-,Desconexión
740,29.6,-16775481,4.753698077139234,nan,-,-,-,-,Desconexión
741,29.64,-16775431,5.3254601625232105,nan,-,-,-,-,Desconexión
742,29.68,-16775467,3.94484151889624,nan,-,-,-,-,Desconexión
743,29.72,-16775454,0.1060760319433498,nan,-,-,-,-,Desconexión
744,29.76,-16775411,-1.6471175219691645,nan,-,-,-,-,Desconexión
745,29.8,-16775492,2.3785981673951504,nan,-,-,-,-,Desconexión
746,29.84,-16775453,0.42090782869821364,nan,-,-,-,-,Desconexión
747,29.88,-16775464,-2.3246503197652593,nan,-,-,-,-,Desconexión
748,29.92,-16775482,-3.5421925516732866,nan,-,-,-,-,Desconexión
749,29.96,-16775420,-4.046865610567998,nan,-,-,-,-,Desconexión
750,30.0,-16775475,0.192565966012344,nan,nan,-,-,-,Desconexión
751,30.04,-16775415,-0.77530508088077,nan,-,-,-,-,Desconexión
752,30.08,-16775485,1.2941373384994819,nan,-,-,-,-,Desconexión
753,30.12,-16775419,-1.011450466784087,nan,-,-,-,-,Desconexión
754,30.16,-16775414,-1.5223768361992072,nan,-,-,-,-,Desconexión
755,30.2,-16775418,-1.9243573558874871,nan,-,-,-,-,Desconexión
756,30.24,-16775450,-0.4711064708859283,nan,-,-,-,-,Desconexión
757,30.28,-16775446,1.3775274221832596,nan,-,-,-,-,Desconexión
758,30.32,-16775407,2.3970344755519406,nan,-,-,-,-,Desconexión
759,30.36,-16775402,3.1061192490754213,nan,-,-,-,-,Desconexión
760,30.4,-16775439,3.4763228061369134,nan,-,-,-,-,Desconexión
761,30.44,-16775481,3.5822181534611914,nan,-,-,-,-,Desconexión
762,30.48,-16775443,2.081745836421014,nan,-,-,-,-,Desconexión
763,30.52,-16775403,1.2009311899788386,nan,-,-,-,-,Desconexión
764,30.56,-16775362,-0.791384199484483,nan,-,-,-,-,Desconexión
765,30.6,-16775447,-0.30493358832981343,nan,-,-,-,-,Desconexión
766,30.64,-16775412,-3.0293453424175,nan,-,-,-,-,Desconexión
767,30.68,-16775405,-2.3472567344843625,nan,-,-,-,-,Desconexión
768,30.72,-16775477,1.582588497034692,nan,-,-,-,-,Desconexión
769,30.76,-16775476,0.8193487329282725,nan,-,-,-,-,Desconexión
770,30.8,-16775458,-2.048228072898633,nan,-,-,-,-,Desconexión
771,30.84,-16775519,0.07324923824514684,nan,-,-,-,-,Desconexión
772,30.88,-16775453,1.5844017694986547,nan,-,-,-,-,Desconexión
773,30.92,-16775371,1.696462079427576,nan,-,-,-,-,Desconexión
774,30.96,-16775448,1.9106596618431038,nan,-,-,-,-,Desconexión
775,31.0,-16775386,-5.5822825433651175,nan,-,-,-,-,Desconexión
776,31.04,-16775454,-7.127488236194397,nan,-,-,-,-,Desconexión
777,31.08,-16775400,-8.860129428728168,nan,-,-,-,-,Desconexión
778,31.12,-16775430,-5.791944021964633,nan,-,-,-,-,Desconexión
779,31.16,-16775456,-1.8532267270288365,nan,-,-,-,-,Desconexión
780,31.2,-16775477,3.1820742806439206,nan,-,-,-,-,Desconexión
781,31.24,-16775421,6.459155651466345,nan,-,-,-,-,Desconexión
782,31.28,-16775471,11.599957937148686,nan,-,-,-,-,Desconexión
783,31.32,-16775432,9.656288590452709,nan,-,-,-,-,Desconexión
784,31.36,-16775431,4.496488415339689,nan,-,-,-,-,Desconexión
785,31.4,-16775452,-0.8351376653632601,nan,-,-,-,-,Desconexión
786,31.44,-16775499,-2.5037244985380696,nan,-,-,-,-,Desconexión
787,31.48,-16775431,-5.081751826467823,nan,-,-,-,-,Desconexión
788,31.52,-16775442,-4.533439631705985,nan,-,-,-,-,Desconexión
789,31.56,-16775451,-3.9638259797815856,nan,-,-,-,-,Desconexión
790,31.6,-16775473,-1.7370582648775343,nan,-,-,-,-,Desconexión
791,31.64,-16775506,1.8747674425311978,nan,-,-,-,-,Desconexión
792,31.68,-16775462,2.021301009397998,nan,-,-,-,-,Desconexión
793,31.72,-16775464,1.3611301659863315,nan,-,-,-,-,Desconexión
794,31.76,-16775473,-0.5422224402986586,nan,-,-,-,-,Desconexión
795,31.8,-16775432,-3.443068759174178,nan,-,-,-,-,Desconexión
796,31.84,-16775619,3.149239014869792,nan,-,-,-,-,Desconexión
797,31.88,-16775509,1.4687156001538795,nan,-,-,-,-,Desconexión
798,31.92,-16775482,0.7862519276347939,nan,-,-,-,-,Desconexión
799,31.96,-16775523,-0.49061699915588797,nan,-,-,-,-,Desconexión
800,32.0,-16775466,-4.875228362038328,nan,-,-,-,-,Desconexión
801,32.04,-16775448,-4.715559877432682,nan,-,-,-,-,Desconexión
802,32.08,-16775447,-1.5380434509632401,nan,-,-,-,-,Desconexión
803,32.12,-16775479,1.16366053940457,nan,-,-,-,-,Desconexión
804,32.16,-16775494,-0.4784896305933799,nan,-,-,-,-,Desconexión
805,32.2,-16775434,-5.759095100665554,nan,-,-,-,-,Desconexión
806,32.24,-16775470,-4.16069623216199,nan,-,-,-,-,Desconexión
807,32.28,-16775513,3.0782564757836752,nan,-,-,-,-,Desconexión
808,32.32,-16775501,9.591881613508466,nan,-,-,-,-,Desconexión
809,32.36,-16775433,9.888068210865388,nan,-,-,-,-,Desconexión
810,32.4,-16775454,8.029741692874882,nan,-,-,-,-,Desconexión
811,32.44,-16775472,3.95367241708135,nan,-,-,-,-,Desconexión
812,32.48,-16775448,-1.219988985471842,nan,-,-,-,-,Desconexión
813,32.52,-16775481,-2.8044990218726866,nan,-,-,-,-,Desconexión
814,32.56,-16775506,-2.1705576122768413,nan,-,-,-,-,Desconexión
815,32.6,-16775506,-1.3478815989409725,nan,-,-,-,-,Desconexión
816,32.64,-16775482,-2.146909127693716,nan,-,-,-,-,Desconexión
817,32.68,-16775444,-3.360523959096671,nan,-,-,-,-,Desconexión
818,32.72,-16775483,-0.21000738616819423,nan,-,-,-,-,Desconexión
819,32.76,-16775417,0.07742571767819584,nan,-,-,-,-,Desconexión
820,32.8,-16775390,-1.0890485712892541,nan,-,-,-,-,Desconexión
821,32.84,-16775515,-0.13250843141642576,nan,-,-,-,-,Desconexión
822,32.88,-16775462,-4.582293225768357,nan,-,-,-,-,Desconexión
823,32.92,-16775421,-6.071527388254058,nan,-,-,-,-,Desconexión
824,32.96,-16775451,-2.558360098950773,nan,-,-,-,-,Desconexión
825,33.0,-16775493,2.98225230523909,nan,nan,-,-,-,Desconexión
826,33.04,-16775463,5.92544613746677,nan,-,-,-,-,Desconexión
827,33.08,-16775449,6.966758311340981,nan,-,-,-,-,Desconexión
828,33.12,-16775426,4.675609071219149,nan,-,-,-,-,Desconexión
829,33.16,-16775447,1.6640959439418024,nan,-,-,-,-,Desconexión
830,33.2,-16775472,-1.770606432076029,nan,-,-,-,-,Desconexión
831,33.24,-16775444,-5.129398181947829,nan,-,-,-,-,Desconexión
832,33.28,-16775499,-2.379921019017811,nan,-,-,-,-,Desconexión
833,33.32,-16775521,0.847656708761825,nan,-,-,-,-,Desconexión
834,33.36,-16775429,-1.4600306135375263,nan,-,-,-,-,Desconexión
835,33.4,-16775430,-2.2528090707996,nan,-,-,-,-,Desconexión
836,33.44,-16775432,-1.5124500086283206,nan,-,-,-,-,Desconexión
837,33.48,-16775486,2.189531094677207,nan,-,-,-,-,Desconexión
838,33.52,-16775405,-0.22863008593590806,nan,-,-,-,-,Desconexión
839,33.56,-16775418,-2.2305680512977624,nan,-,-,-,-,Desconexión
840,33.6,-16775520,-1.4961301205925324,nan,-,-,-,-,Desconexión
841,33.64,-16775490,-2.6401378062505145,nan,-,-,-,-,Desconexión
842,33.68,-16775413,-2.4081498462878983,nan,-,-,-,-,Desconexión
843,33.72,-16775452,3.272476203529906,nan,-,-,-,-,Desconexión
844,33.76,-16775481,7.592032449369501,nan,-,-,-,-,Desconexión
845,33.8,-16775428,5.331491971516694,nan,-,-,-,-,Desconexión
846,33.84,-16775410,0.7319372096810817,nan,-,-,-,-,Desconexión
847,33.88,-16775460,-1.3821856159319061,nan,-,-,-,-,Desconexión
848,33.92,-16775402,-4.643689720940689,nan,-,-,-,-,Desconexión
849,33.96,-16775421,-4.336050473996538,nan,-,-,-,-,Desconexión
850,34.0,-16775425,-3.5707333367769953,nan,-,-,-,-,Desconexión
851,34.04,-16775444,0.010244436506219756,nan,-,-,-,-,Desconexión
852,34.08,-16775467,4.623262293086075,nan,-,-,-,-,Desconexión
853,34.12,-16775460,5.5633797500736115,nan,-,-,-,-,Desconexión
854,34.16,-16775464,4.035033011963385,nan,-,-,-,-,Desconexión
855,34.2,-16775431,1.4413882240771176,nan,-,-,-,-,Desconexión
856,34.24,-16775394,-0.2714394296167555,nan,-,-,-,-,Desconexión
857,34.28,-16775456,0.8808705096231684,nan,-,-,-,-,Desconexión
858,34.32,-16775371,-3.3278157614776305,nan,-,-,-,-,Desconexión
859,34.36,-16775375,-4.776924672430354,nan,-,-,-,-,Desconexión
860,34.4,-16775435,-4.177485855676782,nan,-,-,-,-,Desconexión
861,34.44,-16775414,-5.117862289106807,nan,-,-,-,-,Desconexión
862,34.48,-16775424,-2.8570282618805862,nan,-,-,-,-,Desconexión
863,34.52,-16775395,0.1818684154557122,nan,-,-,-,-,Desconexión
864,34.56,-16775443,5.794419553000143,nan,-,-,-,-,Desconexión
865,34.6,-16775428,7.266992273012235,nan,-,-,-,-,Desconexión
866,34.64,-16775388,5.133249498840577,nan,-,-,-,-,Desconexión
867,34.68,-16775455,4.8029191735402215,nan,-,-,-,-,Desconexión
868,34.72,-16775388,-0.1397599426290057,nan,-,-,-,-,Desconexión
869,34.76,-16775425,-1.8091491796671102,nan,-,-,-,-,Desconexión
870,34.8,-16775444,-3.5800967181534933,nan,-,-,-,-,Desconexión
871,34.84,-16775420,-4.792387013750919,nan,-,-,-,-,Desconexión
872,34.88,-16775397,-3.839862172157204,nan,-,-,-,-,Desconexión
873,34.92,-16775436,-0.7898110434005376,nan,-,-,-,-,Desconexión
874,34.96,-16775476,1.086078836808749,nan,-,-,-,-,Desconexión
875,35.0,-16775494,1.7748982386216845,nan,-,-,-,-,Desconexión
876,35.04,-16775404,-0.8846094825451445,nan,-,-,-,-,Desconexión
877,35.08,-16775388,-1.5504279808218726,nan,-,-,-,-,Desconexión
878,35.12,-16775408,-1.6241631398427536,nan,-,-,-,-,Desconexión
879,35.16,-16775371,-3.283696096322153,nan,-,-,-,-,Desconexión
880,35.2,-16775413,-1.3718042933003796,nan,-,-,-,-,Desconexión
881,35.24,-16775445,0.7028273642186491,nan,-,-,-,-,Desconexión
882,35.28,-16775398,-0.8943333331007457,nan,-,-,-,-,Desconexión
883,35.32,-16775465,-0.020401755695402812,nan,-,-,-,-,Desconexión
884,35.36,-16775394,-1.7777013002683635,nan,-,-,-,-,Desconexión
885,35.4,-16775453,4.562734324628909,nan,-,-,-,-,Desconexión
886,35.44,-16775422,8.84673724145216,nan,-,-,-,-,Desconexión
887,35.48,-16775424,9.468993325009622,nan,-,-,-,-,Desconexión
888,35.52,-16775443,4.731663400560677,nan,-,-,-,-,Desconexión
889,35.56,-16775376,-4.32576914442609,nan,-,-,-,-,Desconexión
890,35.6,-16775409,-7.081804498658912,nan,-,-,-,-,Desconexión
891,35.64,-16775452,-5.313805623669349,nan,-,-,-,-,Desconexión
892,35.68,-16775425,-3.377771964464819,nan,-,-,-,-,Desconexión
893,35.72,-16775387,-1.8514470933543627,nan,-,-,-,-,Desconexión
894,35.76,-16775412,0.2884655449342919,nan,-,-,-,-,Desconexión
895,35.8,-16775469,2.3369534567701677,nan,-,-,-,-,Desconexión
896,35.84,-16775432,1.3181098552783501,nan,-,-,-,-,Desconexión
897,35.88,-16775488,3.747396676510782,nan,-,-,-,-,Desconexión
898,35.92,-16775396,1.1490288791716239,nan,-,-,-,-,Desconexión
899,35.96,-16775394,-0.0019330663171501783,nan,-,-,-,-,Desconexión
900,36.0,-16775460,-0.18861319382266828,nan,nan,-,-,-,Desconexión
901,36.04,-16775469,-1.3427272691401129,nan,-,-,-,-,Desconexión
902,36.08,-16775427,-1.9933672583578392,nan,-,-,-,-,Desconexión
903,36.12,-16775426,-1.1492601758150798,nan,-,-,-,-,Desconexión
904,36.16,-16775388,-3.601128361109616,nan,-,-,-,-,Desconexión
905,36.2,-16775417,-4.281332828726458,nan,-,-,-,-,Desconexión
906,36.24,-16775415,-2.726842994036662,nan,-,-,-,-,Desconexión
907,36.28,-16775486,4.066508124425916,nan,-,-,-,-,Desconexión
908,36.32,-16775427,5.039223185877406,nan,-,-,-,-,Desconexión
909,36.36,-16775479,4.822197951482313,nan,-,-,-,-,Desconexión
910,36.4,-16775483,0.8141135076844002,nan,-,-,-,-,Desconexión
911,36.44,-16775454,-1.2581655480766436,nan,-,-,-,-,Desconexión
912,36.48,-16775436,1.112551826740944,nan,-,-,-,-,Desconexión
913,36.52,-16775415,3.0051298564658353,nan,-,-,-,-,Desconexión
914,36.56,-16775394,0.5282257290551584,nan,-,-,-,-,Desconexión
915,36.6,-16775407,-3.9999422745856243,nan,-,-,-,-,Desconexión
916,36.64,-16775429,-6.996571477986416,nan,-,-,-,-,Desconexión
917,36.68,-16775388,-7.965268824744767,nan,-,-,-,-,Desconexión
918,36.72,-16775447,-2.523370834849885,nan,-,-,-,-,Desconexión
919,36.76,-16775467,2.259766882985069,nan,-,-,-,-,Desconexión
920,36.8,-16775331,1.3359355168214293,nan,-,-,-,-,Desconexión
921,36.84,-16775442,7.670466024760582,nan,-,-,-,-,Desconexión
922,36.88,-16775411,8.046194485098003,nan,-,-,-,-,Desconexión
923,36.92,-16775378,5.718020987641685,nan,-,-,-,-,Desconexión
924,36.96,-16775465,4.809196288957423,nan,-,-,-,-,Desconexión
925,37.0,-16775374,-2.2923181579607927,nan,-,-,-,-,Desconexión
926,37.04,-16775360,-5.329455321252819,nan,-,-,-,-,Desconexión
927,37.08,-16775416,-3.735756492693646,nan,-,-,-,-,Desconexión
928,37.12,-16775449,-0.8776132830749503,nan,-,-,-,-,Desconexión
929,37.16,-16775495,3.2656110931212226,nan,-,-,-,-,Desconexión
930,37.2,-16775458,3.4720573215754893,nan,-,-,-,-,Desconexión
931,37.24,-16775443,1.4124026806896222,nan,-,-,-,-,Desconexión
932,37.28,-16775421,-2.4315536977593624,nan,-,-,-,-,Desconexión
933,37.32,-16775492,-1.6033837128803405,nan,-,-,-,-,Desconexión
934,37.36,-16775443,-2.1163646436501757,nan,-,-,-,-,Desconexión
935,37.4,-16775410,-2.1433870370083525,nan,-,-,-,-,Desconexión
936,37.44,-16775456,-2.6126773511002837,nan,-,-,-,-,Desconexión
937,37.48,-16775416,-8.33994210900299,nan,-,-,-,-,Desconexión
938,37.52,-16775434,-9.960079243418328,nan,-,-,-,-,Desconexión
939,37.56,-16775464,-5.15747907792813,nan,-,-,-,-,Desconexión
940,37.6,-16775456,2.032491459391447,nan,-,-,-,-,Desconexión
941,37.64,-16775428,6.042953824881565,nan,-,-,-,-,Desconexión
942,37.68,-16775403,4.924444313038119,nan,-,-,-,-,Desconexión
943,37.72,-16775364,1.3490162349880492,nan,-,-,-,-,Desconexión
944,37.76,-16775604,8.520869335858151,nan,-,-,-,-,Desconexión
945,37.8,-16775119,-6.079315381865371,nan,-,-,-,-,Desconexión
946,37.84,-16775516,6.461776160765339,nan,-,-,-,-,Desconexión
947,37.88,-16775483,3.445787304312276,nan,-,-,-,-,Desconexión
948,37.92,-16775452,0.6598319565462205,nan,-,-,-,-,Desconexión
949,37.96,-16775438,0.5035230393878853,nan,-,-,-,-,Desconexión
950,38.0,-821355,-501604.2728855256,nan,-,-,-,-,Desconexión
951,38.04,-1094446,-451992.1722702263,nan,-,-,-,-,Desconexión
952,38.08,-573255,-380008.6434866446,nan,-,-,-,-,Desconexión
953,38.12,-383089,-244349.29681554792,nan,-,-,-,-,Desconexión
954,38.16,-247953,-65606.85056684702,nan,-,-,-,-,Desconexión
955,38.2,-188172,128763.83961079642,nan,-,-,-,-,Desconexión
956,38.24,-4603,328667.5366568635,nan,-,-,-,-,Desconexión
957,38.28,-16775383,1138432.6158218626,nan,-,-,-,-,Desconexión
958,38.32,-16775444,1533831.38728692,nan,-,-,-,-,Desconexión
959,38.36,-16775394,1923204.8898568358,nan,-,-,-,-,Desconexión
960,38.4,-16775417,1906199.2665377823,nan,-,-,-,-,Desconexión
961,38.44,-16775482,1165184.4822634012,nan,-,-,-,-,Desconexión
962,38.48,-16774810,-46849.41817697766,nan,-,-,-,-,Desconexión
963,38.52,-16669892,-1091981.6980048134,nan,-,-,-,-,Desconexión
964,38.56,-16673648,-1664576.4567023884,nan,-,-,-,-,Desconexión
965,38.6,-973196,-2514156.400457669,nan,-,-,-,-,Desconexión
966,38.64,-973747,-2821510.480480628,nan,-,-,-,-,Desconexión
967,38.68,-964683,-2781149.237504443,nan,-,-,-,-,Desconexión
968,38.72,-960073,-1987974.18340764,nan,-,-,-,-,Desconexión
969,38.76,-960194,-637657.6145397376,nan,-,-,-,-,Desconexión
970,38.8,-964956,552738.8401227864,nan,-,-,-,-,Desconexión
971,38.84,-951291,1150486.9066495823,nan,-,-,-,-,Desconexión
972,38.88,-955682,1393041.9378120522,nan,-,-,-,-,Desconexión
973,38.92,-953799,1718598.9664555183,nan,-,-,-,-,Desconexión
974,38.96,-954561,2160970.126067573,nan,-,-,-,-,Desconexión
975,39.0,-956158,2274991.557630316,nan,nan,-,-,-,-
976,39.04,-960180,1669428.4420316052,nan,-,-,-,-,-
977,39.08,-961770,570976.769291474,nan,-,-,-,-,-
978,39.12,-961621,-347574.7256188968,nan,-,-,-,-,-
979,39.16,-963028,-695916.7329982712,nan,-,-,-,-,-
980,39.2,-963975,-649348.5128704703,nan,-,-,-,-,-
981,39.24,-964702,-549727.564446114,nan,-,-,-,-,-
982,39.28,-963213,-529141.6596061857,nan,-,-,-,-,-
983,39.32,-961801,-534741.914576098,nan,-,-,-,-,-
984,39.36,-950313,-504794.5639700695,nan,-,-,-,-,-
985,39.4,-943817,-437156.3108112548,nan,-,-,-,-,-
986,39.44,-943891,-358069.29295170994,nan,-,-,-,-,-
987,39.48,-948222,-283515.2742372486,nan,-,-,-,-,-
988,39.52,-950694,-214697.0325435002,nan,-,-,-,-,-
989,39.56,-953105,-149329.08541079308,nan,-,-,-,-,-
990,39.6,-953334,-88394.81228670233,nan,-,-,-,-,-
991,39.64,-953976,-34445.594692968065,nan,-,-,-,-,-
992,39.68,-956465,10865.67587486934,nan,-,-,-,-,-
993,39.72,-957584,47067.42078523524,nan,-,-,-,-,-
994,39.76,-949198,74011.70095204707,nan,-,-,-,-,-
995,39.8,-963800,92995.15480188868,nan,-,-,-,-,-
996,39.84,-1009289,105043.32979123539,nan,-,-,-,-,-
997,39.88,-1007982,109128.06741475317,nan,-,-,-,-,-
998,39.92,-980488,107513.85027871878,nan,-,-,-,-,-
999,39.96,-971547,102725.20582380856,nan,-,-,-,-,-
1000,40.0,-964417,94855.71837855008,nan,-,-,-,-,-
1001,40.04,-956961,84517.00994951549,nan,-,-,-,-,-
1002,40.08,-947534,72488.8334365285,nan,-,-,-,-,-
1003,40.12,-941392,59550.081204627015,nan,-,-,-,-,-
1004,40.16,-918259,45481.03702334674,nan,-,-,-,-,-
1005,40.2,-947954,33601.161910824856,nan,-,-,-,-,-
1006,40.24,-956866,23550.49459830165,nan,-,-,-,-,-
1007,40.28,-958300,16947.721955870016,nan,-,-,-,-,-
1008,40.32,-956458,12394.92050708094,nan,-,-,-,-,-
1009,40.36,-956344,7102.682657591387,nan,-,-,-,-,-
1010,40.4,-932977,-693.1313466060383,nan,-,-,-,-,-
1011,40.44,-936355,-7667.600444474956,nan,-,-,-,-,-
1012,40.48,-936768,-12996.563744097977,nan,-,-,-,-,-
1013,40.52,-916040,-17312.04502438428,nan,-,-,-,-,-
1014,40.56,-914630,-20247.04135320952,nan,-,-,-,-,-
1015,40.6,-937593,-21588.496776667198,nan,-,-,-,-,-
1016,40.64,-936993,-21627.31223190717,nan,-,-,-,-,-
1017,40.68,-915494,-19537.276122351657,nan,-,-,-,-,-
1018,40.72,-912654,-15088.600296328084,nan,-,-,-,-,-
1019,40.76,-907056,-10889.362713476812,nan,-,-,-,-,-
1020,40.8,-899902,-8025.235093819561,nan,-,-,-,-,-
1021,40.84,-897227,-6146.055290778237,nan,-,-,-,-,-
1022,40.88,-918191,-3947.8601597894694,nan,-,-,-,-,-
1023,40.92,-920656,-2478.849499315481,nan,-,-,-,-,-
1024,40.96,-955051,-1490.0611595427795,nan,-,-,-,-,-
1025,41.0,-955453,-377.56952038417603,nan,-,-,-,-,-
1026,41.04,-1013438,3067.4729415604343,nan,-,-,-,-,-
1027,41.08,-1024658,5192.823021936505,nan,-,-,-,-,-
1028,41.12,-1034646,5989.705133006552,nan,-,-,-,-,-
1029,41.16,-950682,1716.853123575158,nan,-,-,-,-,-
1030,41.2,-948329,-1316.1384138324065,nan,-,-,-,-,-
1031,41.24,-1074685,840.724365625003,nan,-,-,-,-,-
1032,41.28,-1096161,-1195.1973295150965,nan,-,-,-,-,-
1033,41.32,-1023242,-5473.045665653266,nan,-,-,-,-,-
1034,41.36,-994766,-7450.583763297567,nan,-,-,-,-,-
1035,41.4,-981477,-7810.047392475382,nan,-,-,-,-,-
1036,41.44,-979734,-5681.63063885165,nan,-,-,-,-,-
1037,41.48,-968514,-980.3434459336349,nan,-,-,-,-,-
1038,41.52,-888298,2506.6817772922877,nan,-,-,-,-,-
1039,41.56,-794971,852.9234801746352,nan,-,-,-,-,-
1040,41.6,-842184,-523.3242882178565,nan,-,-,-,-,-
1041,41.64,-891745,-2119.1652219743773,nan,-,-,-,-,-
1042,41.68,-801488,-1214.6073407765193,nan,-,-,-,-,-
1043,41.72,-844186,10260.690900489833,nan,-,-,-,-,-
1044,41.76,-843735,18002.703974962504,nan,-,-,-,-,-
1045,41.8,-928088,20794.14929782199,nan,-,-,-,-,-
1046,41.84,-928531,17045.912692758473,nan,-,-,-,-,-
1047,41.88,-1081618,19818.304433952755,nan,-,-,-,-,-
1048,41.92,-1103197,18827.36689880032,nan,-,-,-,-,-
1049,41.96,-1105265,12461.713916115426,nan,-,-,-,-,-
1050,42.0,-1022762,-1793.0133480636869,nan,nan,-,-,-,-
1051,42.04,-1024975,-12458.587526760064,nan,-,-,-,-,-
1052,42.08,-918160,-21213.99026444988,nan,-,-,-,-,-
1053,42.12,-909192,-23693.418830570285,nan,-,-,-,-,-
1054,42.16,-1106104,-20450.98971969269,nan,-,-,-,-,-
1055,42.2,-1098061,-24157.54826707795,nan,-,-,-,-,-
1056,42.24,-1121122,-23398.74229258452,nan,-,-,-,-,-
1057,42.28,-1125330,-16865.011559592363,nan,-,-,-,-,-
1058,42.32,-1024005,-7327.910679415596,nan,-,-,-,-,-
1059,42.36,-1027686,8225.335073718103,nan,-,-,-,-,-
1060,42.4,-988784,18333.216252908227,nan,-,-,-,-,-
1061,42.44,-969231,19334.6636576373,nan,-,-,-,-,-
1062,42.48,-969593,10608.4454752276,nan,-,-,-,-,-
1063,42.52,-967934,-3312.419834339569,nan,-,-,-,-,-
1064,42.56,-998527,-11974.849004759144,nan,-,-,-,-,-
1065,42.6,-973112,-10514.753835597154,nan,-,-,-,-,-
1066,42.64,-974458,2455.014557256596,nan,-,-,-,-,-
1067,42.68,-886352,13673.686129091748,nan,-,-,-,-,-
1068,42.72,-887399,20282.232336242992,nan,-,-,-,-,-
1069,42.76,-769081,14368.416774951758,nan,-,-,-,-,-
1070,42.8,-819802,9481.838000424545,nan,-,-,-,-,-
1071,42.84,-816021,3077.0906913476283,nan,-,-,-,-,-
1072,42.88,-806340,-1253.0119521245724,nan,-,-,-,-,-
1073,42.92,-892371,-42.64833815577731,nan,-,-,-,-,-
1074,42.96,-891584,964.5149820246879,nan,-,-,-,-,-
1075,43.0,-1087367,10627.757691194769,nan,-,-,-,-,-
1076,43.04,-1095506,14783.066618953628,nan,-,-,-,-,-
1077,43.08,-1134095,17224.660333432985,nan,-,-,-,-,-
1078,43.12,-1028503,9752.355966823117,nan,-,-,-,-,-
1079,43.16,-986499,-1038.6094208670838,nan,-,-,-,-,-
1080,43.2,-991103,-12809.714696820942,nan,-,-,-,-,-
1081,43.24,-973054,-23695.72811771794,nan,-,-,-,-,-
1082,43.28,-968357,-30283.382335339804,nan,-,-,-,-,-
1083,43.32,-880175,-36056.42684709924,nan,-,-,-,-,-
1084,43.36,-756767,-39309.56247825184,nan,-,-,-,-,-
1085,43.4,-804686,-30424.450963985844,nan,-,-,-,-,-
1086,43.44,-904010,-10885.945922002265,nan,-,-,-,-,-
1087,43.48,-898761,10408.381708497247,nan,-,-,-,-,-
1088,43.52,-801296,24175.375501887953,nan,-,-,-,-,-
1089,43.56,-892961,32106.456045565523,nan,-,-,-,-,-
1090,43.6,-1080837,33236.401380766125,nan,-,-,-,-,-
1091,43.64,-1117344,28175.14770171471,nan,-,-,-,-,-
1092,43.68,-1118692,25800.334601308292,nan,-,-,-,-,-
1093,43.72,-1020856,20244.906679318603,nan,-,-,-,-,-
1094,43.76,-1020872,10760.122372915699,nan,-,-,-,-,-
1095,43.8,-985372,-6602.962503657036,nan,-,-,-,-,-
1096,43.84,-982787,-20294.337339495018,nan,-,-,-,-,-
1097,43.88,-966075,-25005.239192728033,nan,-,-,-,-,-
1098,43.92,-968951,-24276.765995868,nan,-,-,-,-,-
1099,43.96,-968204,-26115.225618582208,nan,-,-,-,-,-
1100,44.0,-989099,-26173.30134080734,nan,-,-,-,-,-
1101,44.04,-990405,-16258.145435210088,nan,-,-,-,-,-
1102,44.08,-990626,3523.516292741685,nan,-,-,-,-,-
1103,44.12,-991905,20488.89547577713,nan,-,-,-,-,-
1104,44.16,-976418,24087.64584447838,nan,-,-,-,-,-
1105,44.2,-976200,17651.316392929722,nan,-,-,-,-,-
1106,44.24,-969207,9064.493125509334,nan,-,-,-,-,-
1107,44.28,-873659,788.0158476433862,nan,-,-,-,-,-
1108,44.32,-736045,-5963.230255547605,nan,-,-,-,-,-
1109,44.36,-735374,-6961.318311359602,nan,-,-,-,-,-
1110,44.4,-738125,-6483.055309731939,nan,-,-,-,-,-
1111,44.44,-783176,-2639.1858036167832,nan,-,-,-,-,-
1112,44.48,-749011,239.89963496122073,nan,-,-,-,-,-
1113,44.52,-746836,4351.379282073096,nan,-,-,-,-,-
1114,44.56,-748011,8154.408935018197,nan,-,-,-,-,-
1115,44.6,-788835,13672.702182299938,nan,-,-,-,-,-
1116,44.64,-885249,21852.070861673128,nan,-,-,-,-,-
1117,44.68,-1072947,30811.470538528432,nan,-,-,-,-,-
1118,44.72,-1073101,25963.884802586952,nan,-,-,-,-,-
1119,44.76,-1132353,13440.168536032972,nan,-,-,-,-,-
1120,44.8,-1133808,-4217.915792207863,nan,-,-,-,-,-
1121,44.84,-1029814,-19478.04068081107,nan,-,-,-,-,-
1122,44.88,-1030751,-23138.738542509906,nan,-,-,-,-,-
1123,44.92,-792459,-31628.168738656794,nan,-,-,-,-,-
1124,44.96,-785868,-35624.0183280748,nan,-,-,-,-,-
1125,45.0,-777677,-42107.25380489472,nan,nan,-,-,-,Movimiento
1126,45.04,-869356,-41419.081610213434,nan,-,-,-,-,Movimiento
1127,45.08,-1053337,-27243.404736046374,nan,-,-,-,-,Movimiento
1128,45.12,-1121157,-5917.163983819832,nan,-,-,-,-,Movimiento
1129,45.16,-1124808,17374.785862637946,nan,-,-,-,-,Movimiento
1130,45.2,-1020709,33046.5820844325,nan,-,-,-,-,Movimiento
1131,45.24,-982728,42576.45638791011,nan,-,-,-,-,Movimiento
1132,45.28,-964742,43495.09537222315,nan,-,-,-,-,Movimiento
1133,45.32,-969396,34579.50250385504,nan,-,-,-,-,Movimiento
1134,45.36,-964445,14258.370895696495,nan,-,-,-,-,Movimiento
1135,45.4,-965886,-11868.9858958135,nan,-,-,-,-,Movimiento
1136,45.44,-891976,-34808.42015229619,nan,-,-,-,-,Movimiento
1137,45.48,-760296,-42539.37557687319,nan,-,-,-,-,Movimiento
1138,45.52,-892525,-22469.509859011192,nan,-,-,-,-,Movimiento
1139,45.56,-894093,2824.6617501818255,nan,-,-,-,-,Movimiento
1140,45.6,-758799,17841.557388289693,nan,-,-,-,-,Movimiento
1141,45.64,-779407,22949.519772878924,nan,-,-,-,-,Movimiento
1142,45.68,-773191,15582.971198567033,nan,-,-,-,-,Movimiento
1143,45.72,-761889,6938.29098720882,nan,-,-,-,-,Movimiento
1144,45.76,-763822,5225.2908563336605,nan,-,-,-,-,Movimiento
1145,45.8,-853160,11954.79206732269,nan,-,-,-,-,Movimiento
1146,45.84,-1044022,20612.629972796305,nan,-,-,-,-,Movimiento
1147,45.88,-1138756,19123.215318242932,nan,-,-,-,-,Movimiento
1148,45.92,-1139755,9475.918676813293,nan,-,-,-,-,Movimiento
1149,45.96,-1022632,-1755.978426581707,nan,-,-,-,-,Movimiento
1150,46.0,-1024610,-4249.222717590972,nan,-,-,-,-,Movimiento
1151,46.04,-981420,-8306.984975260624,nan,-,-,-,-,Movimiento
1152,46.08,-985855,-15358.685333881556,nan,-,-,-,-,Movimiento
1153,46.12,-966097,-26166.926055965174,nan,-,-,-,-,Movimiento
1154,46.16,-961256,-36094.1069061929,nan,-,-,-,-,Movimiento
1155,46.2,-893775,-44222.02612974556,nan,-,-,-,-,Movimiento
1156,46.24,-893674,-40563.2996459984,nan,-,-,-,-,Movimiento
1157,46.28,-748400,-27333.674349162902,nan,-,-,-,-,Movimiento
1158,46.32,-765761,417.99467466889473,nan,-,-,-,-,Movimiento
1159,46.36,-863001,26262.42412025255,nan,-,-,-,-,Movimiento
1160,46.4,-1036092,39652.01608746569,nan,-,-,-,-,Movimiento
1161,46.44,-1134253,37673.39480351831,nan,-,-,-,-,Movimiento
1162,46.48,-1025516,25582.3310493603,nan,-,-,-,-,Movimiento
1163,46.52,-1141936,23870.227326825698,nan,-,-,-,-,Movimiento
1164,46.56,-1144314,21758.42304665636,nan,-,-,-,-,Movimiento
1165,46.6,-978347,14384.137700337073,nan,-,-,-,-,Movimiento
1166,46.64,-977450,8942.653534459037,nan,-,-,-,-,Movimiento
1167,46.68,-964036,-3366.171229541782,nan,-,-,-,-,Movimiento
1168,46.72,-962118,-21532.91675547231,nan,-,-,-,-,Movimiento
1169,46.76,-957422,-38612.93379927272,nan,-,-,-,-,Movimiento
1170,46.8,-958938,-42832.871691811975,nan,-,-,-,-,Movimiento
1171,46.84,-902034,-31761.553765469107,nan,-,-,-,-,Movimiento
1172,46.88,-901782,-9876.401033790175,nan,-,-,-,-,Movimiento
1173,46.92,-902653,9028.816164478105,nan,-,-,-,-,Movimiento
1174,46.96,-962257,22043.933073935208,nan,-,-,-,-,Movimiento
1175,47.0,-964954,26355.12451495904,nan,-,-,-,-,Movimiento
1176,47.04,-903466,21830.84114074792,nan,-,-,-,-,Movimiento
1177,47.08,-896175,13414.006654748931,nan,-,-,-,-,Movimiento
1178,47.12,-733307,-136.94813021834125,nan,-,-,-,-,Movimiento
1179,47.16,-738244,-3239.7095131789465,nan,-,-,-,-,Movimiento
1180,47.2,-845659,1512.394598966086,nan,-,-,-,-,Movimiento
1181,47.24,-849314,2933.0856004546367,nan,-,-,-,-,Movimiento
1182,47.28,-1023938,6445.842174917401,nan,-,-,-,-,Movimiento
1183,47.32,-1024574,2064.1330908027594,nan,-,-,-,-,Movimiento
1184,47.36,-1148889,3765.3911977395474,nan,-,-,-,-,Movimiento
1185,47.4,-1150561,6678.850783845395,nan,-,-,-,-,Movimiento
1186,47.44,-853269,2942.063388864597,nan,-,-,-,-,Movimiento
1187,47.48,-1029195,10919.504249745558,nan,-,-,-,-,Movimiento
1188,47.52,-1029085,4108.567990242191,nan,-,-,-,-,Movimiento
1189,47.56,-1159892,-7458.363372324784,nan,-,-,-,-,Movimiento
1190,47.6,-1035343,-28918.656065106334,nan,-,-,-,-,Movimiento
1191,47.64,-986151,-40313.02442221322,nan,-,-,-,-,Movimiento
1192,47.68,-971271,-38309.92456815757,nan,-,-,-,-,Movimiento
1193,47.72,-969112,-24910.309146692234,nan,-,-,-,-,Movimiento
1194,47.76,-960660,-5244.040838652043,nan,-,-,-,-,Movimiento
1195,47.8,-898603,11685.965713043857,nan,-,-,-,-,Movimiento
1196,47.84,-895426,19747.87155633555,nan,-,-,-,-,Movimiento
1197,47.88,-735367,8465.945396131821,nan,-,-,-,-,Movimiento
1198,47.92,-896139,3415.2590556163123,nan,-,-,-,-,Movimiento
1199,47.96,-743991,-1183.4959173264724,nan,-,-,-,-,Movimiento
1200,48.0,-746304,10864.259357229155,nan,nan,-,-,-,-
1201,48.04,-748205,21840.957641846748,nan,-,-,-,-,-
1202,48.08,-743617,22005.809699243982,nan,-,-,-,-,-
1203,48.12,-853215,19016.21255122505,nan,-,-,-,-,-
1204,48.16,-1021311,19850.135626206466,nan,-,-,-,-,-
1205,48.2,-1022609,19330.103785302606,nan,-,-,-,-,-
1206,48.24,-1160804,22104.39595092926,nan,-,-,-,-,-
1207,48.28,-1037760,11249.032133597488,nan,-,-,-,-,-
1208,48.32,-1164410,4934.122900610957,nan,-,-,-,-,-
1209,48.36,-1035331,-8666.158051842212,nan,-,-,-,-,-
1210,48.4,-981200,-18290.158658559158,nan,-,-,-,-,-
1211,48.44,-969641,-27947.369573109827,nan,-,-,-,-,-
1212,48.48,-945658,-39719.134013652394,nan,-,-,-,-,-
1213,48.52,-946576,-47112.91287155678,nan,-,-,-,-,-
1214,48.56,-938365,-44478.21842267556,nan,-,-,-,-,-
1215,48.6,-942399,-29435.092956512955,nan,-,-,-,-,-
1216,48.64,-896038,-9567.610866049923,nan,-,-,-,-,-
1217,48.68,-729359,4831.824560469628,nan,-,-,-,-,-
1218,48.72,-725873,18488.540539482783,nan,-,-,-,-,-
1219,48.76,-729801,26195.47156902093,nan,-,-,-,-,-
1220,48.8,-950180,34936.42926950738,nan,-,-,-,-,-
1221,48.84,-741888,24219.95910226235,nan,-,-,-,-,-
1222,48.88,-712319,16160.721769009528,nan,-,-,-,-,-
1223,48.92,-722332,10839.30003037697,nan,-,-,-,-,-
1224,48.96,-703634,9245.935022768608,nan,-,-,-,-,-
1225,49.0,-810598,16150.500975516508,nan,-,-,-,-,-
1226,49.04,-805371,19711.95315944923,nan,-,-,-,-,-
1227,49.08,-1152055,27688.946777527453,nan,-,-,-,-,-
1228,49.12,-1152847,14094.431454042759,nan,-,-,-,-,-
1229,49.16,-1588690,10451.065629432444,nan,-,-,-,-,-
1230,49.2,-945108,-19690.73853769296,nan,-,-,-,-,-
1231,49.24,-944534,-17734.64560959849,nan,-,-,-,-,-
1232,49.28,-949540,-14489.33168405338,nan,-,-,-,-,-
1233,49.32,-953122,-20809.388851679047,nan,-,-,-,-,-
1234,49.36,-953641,-35024.125995670576,nan,-,-,-,-,-
1235,49.4,-953425,-48388.267963851235,nan,-,-,-,-,-
1236,49.44,-954677,-54664.22922933471,nan,-,-,-,-,-
1237,49.48,-956474,-48792.7461908764,nan,-,-,-,-,-
1238,49.52,-958701,-24399.399734642415,nan,-,-,-,-,-
1239,49.56,-959847,16924.442457861667,nan,-,-,-,-,-
1240,49.6,-962292,55841.64036923598,nan,-,-,-,-,-
1241,49.64,-962522,66698.14367045865,nan,-,-,-,-,-
1242,49.68,-963489,45658.13140244158,nan,-,-,-,-,-
1243,49.72,-968282,16041.527610514779,nan,-,-,-,-,-
1244,49.76,-984030,850.7660605817291,nan,-,-,-,-,-
1245,49.8,-986898,210.7998875695921,nan,-,-,-,-,-
1246,49.84,-983722,2715.034115379887,nan,-,-,-,-,-
1247,49.88,-993614,2209.591287219784,nan,-,-,-,-,-
1248,49.92,-1007593,-421.60979182881783,nan,-,-,-,-,-
1249,49.96,-1026896,-2253.1162739112406,nan,-,-,-,-,-
1250,50.0,-1041165,-2921.399376094396,nan,-,-,-,-,-
1251,50.04,-1054933,-3197.8082580451774,nan,-,-,-,-,-
1252,50.08,-1035034,-4899.287566638126,nan,-,-,-,-,-
1253,50.12,-1044191,-5794.4601812925775,nan,-,-,-,-,-
1254,50.16,-1058813,-5952.94644131221,nan,-,-,-,-,-
1255,50.2,-1057542,-5792.500305104415,nan,-,-,-,-,-
1256,50.24,-1072787,-4841.55460608632,nan,-,-,-,-,-
1257,50.28,-1080228,-4697.746343357449,nan,-,-,-,-,-
1258,50.32,-1084585,-5045.363790973392,nan,-,-,-,-,-
1259,50.36,-1087757,-4749.762917100103,nan,-,-,-,-,-
1260,50.4,-1090280,-3017.625672364864,nan,-,-,-,-,-
1261,50.44,-1092337,-327.132500674059,nan,-,-,-,-,-
1262,50.48,-1089680,1587.8871111107183,nan,-,-,-,-,-
1263,50.52,-1076944,1478.4317322854004,nan,-,-,-,-,-
1264,50.56,-1052016,-279.10332192062924,nan,-,-,-,-,-
1265,50.6,-1069141,-484.44176990046617,nan,-,-,-,-,-
1266,50.64,-1061009,-459.01174774462925,nan,-,-,-,-,-
1267,50.68,-1061138,643.1630059952399,nan,-,-,-,-,-
1268,50.72,-1056758,1805.344126167522,nan,-,-,-,-,-
1269,50.76,-1049949,2684.827365143199,nan,-,-,-,-,-
1270,50.8,-1044540,3370.7410803124094,nan,-,-,-,-,-
1271,50.84,-1041348,4094.4760245165253,nan,-,-,-,-,-
1272,50.88,-1044306,5054.385387722543,nan,-,-,-,-,-
1273,50.92,-1043795,5337.75730376643,nan,-,-,-,-,-
1274,50.96,-1041984,4339.466181230078,nan,-,-,-,-,-
1275,51.0,-1035666,2134.187760776851,nan,nan,-,-,-,-
1276,51.04,-1038947,411.73493127231086,nan,-,-,-,-,-
1277,51.08,-1040662,-199.37723214167272,nan,-,-,-,-,-
1278,51.12,-1048277,233.89992433320003,nan,-,-,-,-,-
1279,51.16,-1051600,386.40684332024284,nan,-,-,-,-,-
1280,51.2,-1016988,-1310.4755404050684,nan,-,-,-,-,-
1281,51.24,-1060523,-914.42427682376,nan,-,-,-,-,-
1282,51.28,-1045241,-2181.7244729580416,nan,-,-,-,-,-
1283,51.32,-1048310,-2277.2330956283095,nan,-,-,-,-,-
1284,51.36,-1054214,-1843.1723826024818,nan,-,-,-,-,-
1285,51.4,-1056830,-1643.8171055634475,nan,-,-,-,-,-
1286,51.44,-1056135,-1950.3445200685042,nan,-,-,-,-,-
1287,51.48,-1058939,-2131.2693838056243,nan,-,-,-,-,-
1288,51.52,-1061163,-1755.889836744917,nan,-,-,-,-,-
1289,51.56,-1063475,-952.8210929057022,nan,-,-,-,-,-
1290,51.6,-1067628,-498.84400059301197,nan,-,-,-,-,-
1291,51.64,-1067204,-944.9203026319983,nan,-,-,-,-,-
1292,51.68,-1068328,-1346.3878767662982,nan,-,-,-,-,-
1293,51.72,-1067017,-1150.6205578945019,nan,-,-,-,-,-
1294,51.76,-1058604,-760.6003801016468,nan,-,-,-,-,-
1295,51.8,-1049591,-556.3634956069309,nan,-,-,-,-,-
1296,51.84,-1036397,-662.9506159092052,nan,-,-,-,-,-
1297,51.88,-1021089,-857.6395565965322,nan,-,-,-,-,-
1298,51.92,-1006275,-970.2696002215962,nan,-,-,-,-,-
1299,51.96,-999727,-643.3147858759421,nan,-,-,-,-,-
1300,52.0,-1002634,245.79323995928624,nan,-,-,-,-,-
1301,52.04,-1005215,1416.9400113783686,nan,-,-,-,-,-
1302,52.08,-1007482,2702.765454309394,nan,-,-,-,-,-
1303,52.12,-1006696,3918.009366057355,nan,-,-,-,-,-
1304,52.16,-1006263,4865.290550926335,nan,-,-,-,-,-
1305,52.2,-1009053,5516.73489464177,nan,-,-,-,-,-
1306,52.24,-1009047,5355.097532357018,nan,-,-,-,-,-
1307,52.28,-1007177,4202.430751964774,nan,-,-,-,-,-
1308,52.32,-1000788,1963.728739737122,nan,-,-,-,-,-
1309,52.36,-1012369,-256.1533989776617,nan,-,-,-,-,-
1310,52.4,-1014826,-2517.4300782388163,nan,-,-,-,-,-
1311,52.44,-1015795,-3780.8001798642317,nan,-,-,-,-,-
1312,52.48,-1014600,-3907.9827908088837,nan,-,-,-,-,-
1313,52.52,-1012068,-3414.650435153637,nan,-,-,-,-,-
1314,52.56,-1008400,-2926.172636417399,nan,-,-,-,-,-
1315,52.6,-995124,-2888.534263582984,nan,-,-,-,-,-
1316,52.64,-993535,-2463.6227562624863,nan,-,-,-,-,-
1317,52.68,-994357,-1949.1461577409445,nan,-,-,-,-,-
1318,52.72,-997486,-1552.588085418833,nan,-,-,-,-,-
1319,52.76,-1002116,-1253.9596086545166,nan,-,-,-,-,-
1320,52.8,-1002986,-787.6217306613648,nan,-,-,-,-,-
1321,52.84,-1002532,198.5594243505397,nan,-,-,-,-,-
1322,52.88,-1002542,1465.4217572046514,nan,-,-,-,-,-
1323,52.92,-1004926,2536.906128541448,nan,-,-,-,-,-
1324,52.96,-1006503,2965.6608022250075,nan,-,-,-,-,-
1325,53.0,-1008728,2648.6210186055646,nan,-,-,-,-,-
1326,53.04,-1009334,1539.749469377622,nan,-,-,-,-,-
1327,53.08,-1007549,28.767089826522124,nan,-,-,-,-,-
1328,53.12,-1007947,-1045.0190267571854,nan,-,-,-,-,-
1329,53.16,-1007841,-1329.1491483008592,nan,-,-,-,-,-
1330,53.2,-1010454,-881.7381188818869,nan,-,-,-,-,-
1331,53.24,-1012492,-344.8108221773537,nan,-,-,-,-,-
1332,53.28,-1005141,-397.9360930693165,nan,-,-,-,-,-
1333,53.32,-995798,-777.0147628568266,nan,-,-,-,-,-
1334,53.36,-993230,-890.8612542891387,nan,-,-,-,-,-
1335,53.4,-996181,-547.4575144944115,nan,-,-,-,-,-
1336,53.44,-998569,1.2146898207568029,nan,-,-,-,-,-
1337,53.48,-1001348,521.8286145380589,nan,-,-,-,-,-
1338,53.52,-1001546,705.9582752382266,nan,-,-,-,-,-
1339,53.56,-999346,624.3550594872054,nan,-,-,-,-,-
1340,53.6,-1001612,797.8539252944615,nan,-,-,-,-,-
1341,53.64,-1005328,1341.2994639472136,nan,-,-,-,-,-
1342,53.68,-1007581,1904.1461193440464,nan,-,-,-,-,-
1343,53.72,-1008519,1872.1055459175868,nan,-,-,-,-,-
1344,53.76,-1010674,1000.5387522674305,nan,-,-,-,-,-
1345,53.8,-1009568,-401.23788305714095,nan,-,-,-,-,-
1346,53.84,-1010370,-1323.2274986884322,nan,-,-,-,-,-
1347,53.88,-1010978,-1434.6620893071026,nan,-,-,-,-,-
1348,53.92,-1011150,-1072.4826620600488,nan,-,-,-,-,-
1349,53.96,-1005631,-983.8456144738302,nan,-,-,-,-,-
1350,54.0,-995684,-1353.8606241514117,51,51.0,-,-,-,-
1351,54.04,-993100,-1551.739916488028,51,-,-,-,-,-
1352,54.08,-994836,-1312.5520955900083,51,-,-,-,-,-
1353,54.12,-998742,-642.2924364629214,51,-,-,-,-,-
1354,54.16,-1001312,98.81195780036524,51,-,-,-,-,-
1355,54.2,-1000540,597.4985464063761,51,-,-,-,-,-
1356,54.24,-999033,883.6427488948691,51,-,-,-,-,-
1357,54.28,-1001808,1278.249823238818,51,-,-,-,-,-
1358,54.32,-1006708,1836.2659044237753,51,-,-,-,-,-
1359,54.36,-1009190,2235.4905731002427,51,-,-,-,-,-
1360,54.4,-1010708,2070.420138018617,51,-,-,-,-,-
1361,54.44,-1011859,1112.2666288070577,51,-,-,-,-,-
1362,54.48,-1012288,-258.71585927501155,51,-,-,-,-,-
1363,54.52,-1013284,-1225.0526217207243,51,-,-,-,-,-
1364,54.56,-1013744,-1409.3445681960616,51,-,-,-,-,-
1365,54.6,-1014179,-1101.3577026477155,51,-,-,-,-,-
1366,54.64,-1010997,-1015.4368648326072,51,-,-,-,-,-
1367,54.68,-1000666,-1490.5077396981196,51,-,-,-,-,-
1368,54.72,-992750,-1903.2945153536857,51,-,-,-,-,-
1369,54.76,-991322,-1713.1384746290041,51,-,-,-,-,-
1370,54.8,-994224,-960.4730245820192,51,-,-,-,-,-
1371,54.84,-997922,-74.49934042226414,51,-,-,-,-,-
1372,54.88,-1002021,647.3027243209408,51,-,-,-,-,-
1373,54.92,-1001904,1034.9348313197288,51,-,-,-,-,-
1374,54.96,-1001566,1389.6773829833364,51,-,-,-,-,-
1375,55.0,-1005118,1989.103704033132,51,-,-,-,-,-
1376,55.04,-1006768,2537.5777897115313,51,-,-,-,-,-
1377,55.08,-1008299,2668.349977508604,51,-,-,-,-,-
1378,55.12,-1009285,1942.6702176487142,51,-,-,-,-,-
1379,55.16,-1011273,492.78688802769193,51,-,-,-,-,-
1380,55.2,-1010669,-1101.2959991608202,51,-,-,-,-,-
1381,55.24,-1012464,-1921.9930847817768,51,-,-,-,-,-
1382,55.28,-1013053,-1895.9269337448436,51,-,-,-,-,-
1383,55.32,-1013123,-1422.2370848622093,51,-,-,-,-,-
1384,55.36,-1009679,-1140.0506885909062,51,-,-,-,-,-
1385,55.4,-1000690,-1294.7306614344816,51,-,-,-,-,-
1386,55.44,-992031,-1489.7369386498976,51,-,-,-,-,-
1387,55.48,-990217,-1272.4554128539912,51,-,-,-,-,-
1388,55.52,-991911,-739.8460680961111,51,-,-,-,-,-
1389,55.56,-994690,-121.176639594157,51,-,-,-,-,-
1390,55.6,-1000078,515.1084276344,51,-,-,-,-,-
1391,55.64,-1001641,957.7204333881191,51,-,-,-,-,-
1392,55.68,-1001483,1367.139250515872,51,-,-,-,-,-
1393,55.72,-1002652,1922.583918211918,51,-,-,-,-,-
1394,55.76,-1004728,2491.2954785957763,51,-,-,-,-,-
1395,55.8,-1006181,2637.6395006178227,51,-,-,-,-,-
1396,55.84,-1008457,2020.4793781447188,51,-,-,-,-,-
1397,55.88,-1010135,644.7203104842374,51,-,-,-,-,-
1398,55.92,-1011282,-893.7504878748192,51,-,-,-,-,-
1399,55.96,-1010977,-1922.3569237940494,51,-,-,-,-,-
1400,56.0,-1011298,-2093.233579807911,51,-,-,-,-,-
1401,56.04,-1012369,-1650.069945168952,51,-,-,-,-,-
1402,56.08,-1009914,-1207.95925199363,51,-,-,-,-,-
1403,56.12,-1004511,-1077.108414732942,51,-,-,-,-,-
1404,56.16,-993198,-1342.5906136428184,51,-,-,-,-,-
1405,56.2,-990277,-1317.9075413493338,51,-,-,-,-,-
1406,56.24,-993020,-913.4477877345944,51,-,-,-,-,-
1407,56.28,-996354,-296.03923516245754,51,-,-,-,-,-
1408,56.32,-1000679,416.5792644342082,51,-,-,-,-,-
1409,56.36,-1001251,932.3378118513574,51,-,-,-,-,-
1410,56.4,-1001334,1319.8195995564756,51,-,-,-,-,-
1411,56.44,-1001417,1690.1485522281678,51,-,-,-,-,-
1412,56.48,-1003873,2175.7216967206914,51,-,-,-,-,-
1413,56.52,-1006489,2480.974023834393,51,-,-,-,-,-
1414,56.56,-1005949,2058.5846423695775,51,-,-,-,-,-
1415,56.6,-1006627,870.6055063490139,51,-,-,-,-,-
1416,56.64,-1005979,-699.948466090309,51,-,-,-,-,-
1417,56.68,-1006612,-1756.7477885488295,51,-,-,-,-,-
1418,56.72,-1006873,-1915.0498569082185,51,-,-,-,-,-
1419,56.76,-1008743,-1375.454512917156,51,-,-,-,-,-
1420,56.8,-1014875,-651.8934215054569,51,-,-,-,-,-
1421,56.84,-1013229,-497.4656205278524,51,-,-,-,-,-
1422,56.88,-999769,-952.2089539737754,51,-,-,-,-,-
1423,56.92,-993384,-1098.416448464759,51,-,-,-,-,-
1424,56.96,-994226,-774.2350110537291,51,-,-,-,-,-
1425,57.0,-996801,-276.352213817097,60,55.5,-,-,-,-
1426,57.04,-1001405,186.59202418108043,60,-,-,-,-,-
1427,57.08,-1000739,273.8428879217472,60,-,-,-,-,-
1428,57.12,-1000058,228.03985366581264,60,-,-,-,-,-
1429,57.16,-1001757,369.67696783953943,60,-,-,-,-,-
1430,57.2,-1003506,905.465104086029,60,-,-,-,-,-
1431,57.24,-1005848,1809.1923388467158,60,-,-,-,-,-
1432,57.28,-1007577,2420.9955913654394,60,-,-,-,-,-
1433,57.32,-1010066,2051.155218834122,60,-,-,-,-,-
1434,57.36,-1010487,647.6681873198677,60,-,-,-,-,-
1435,57.4,-1011065,-795.5651808805926,60,-,-,-,-,-
1436,57.44,-1009579,-1483.9051616943868,60,-,-,-,-,-
1437,57.48,-1008917,-1319.8334353736755,60,-,-,-,-,-
1438,57.52,-1006647,-1005.6513947432154,60,-,-,-,-,-
1439,57.56,-996859,-1198.2730717965605,60,-,-,-,-,-
1440,57.6,-990878,-1466.1505355371537,60,-,-,-,-,-
1441,57.64,-990911,-1412.0756492075107,60,-,-,-,-,-
1442,57.68,-994653,-939.6135995960219,60,-,-,-,-,-
1443,57.72,-998336,-246.50085754884458,60,-,-,-,-,-
1444,57.76,-1001159,470.78126912580865,60,-,-,-,-,-
1445,57.8,-1001349,1025.8817781262442,60,-,-,-,-,-
1446,57.84,-1000554,1433.840193784898,60,-,-,-,-,-
1447,57.88,-1002527,1842.7310929061027,60,-,-,-,-,-
1448,57.92,-1003978,2106.9622177565766,60,-,-,-,-,-
1449,57.96,-1004948,1990.006276245139,60,-,-,-,-,-
1450,58.0,-1006595,1252.7761114551267,60,-,-,-,-,-
1451,58.04,-1008544,-9.686427173058291,60,-,-,-,-,-
1452,58.08,-1010039,-1212.6661655157518,60,-,-,-,-,-
1453,58.12,-1010780,-1744.8855144766765,60,-,-,-,-,-
1454,58.16,-1011237,-1515.6955470357625,60,-,-,-,-,-
1455,58.2,-1010285,-1010.5739754696856,60,-,-,-,-,-
1456,58.24,-1006065,-776.909874091104,60,-,-,-,-,-
1457,58.28,-997587,-976.3085509995472,60,-,-,-,-,-
1458,58.32,-989646,-1250.6934061258708,60,-,-,-,-,-
1459,58.36,-987131,-1208.5700387738234,60,-,-,-,-,-
1460,58.4,-990188,-791.0966951481337,60,-,-,-,-,-
1461,58.44,-993327,-248.32293279973146,60,-,-,-,-,-
1462,58.48,-996443,349.06745013198724,60,-,-,-,-,-
1463,58.52,-998271,937.2380072521028,60,-,-,-,-,-
1464,58.56,-996748,1447.7557123979404,60,-,-,-,-,-
1465,58.6,-998671,2072.709008191787,60,-,-,-,-,-
1466,58.64,-1000452,2550.931802642719,60,-,-,-,-,-
1467,58.68,-1002651,2585.357675749212,60,-,-,-,-,-
1468,58.72,-1005112,1883.729006847453,60,-,-,-,-,-
1469,58.76,-1005437,470.39759804942514,60,-,-,-,-,-
1470,58.8,-1006990,-962.493337813432,60,-,-,-,-,-
1471,58.84,-1008032,-1809.984247231234,60,-,-,-,-,-
1472,58.88,-1008241,-1868.193994808416,60,-,-,-,-,-
1473,58.92,-1008100,-1448.7422955144325,60,-,-,-,-,-
1474,58.96,-1008432,-1027.310053292987,60,-,-,-,-,-
1475,59.0,-1003651,-1042.0351348799131,60,-,-,-,-,-
1476,59.04,-992086,-1435.3134086356495,60,-,-,-,-,-
1477,59.08,-987603,-1486.1907547438404,60,-,-,-,-,-
1478,59.12,-988802,-1094.698540893086,60,-,-,-,-,-
1479,59.16,-993051,-423.9504994703494,60,-,-,-,-,-
1480,59.2,-997328,257.45688423686533,60,-,-,-,-,-
1481,59.24,-997718,722.4628632028698,60,-,-,-,-,-
1482,59.28,-996733,1071.6869288263078,60,-,-,-,-,-
1483,59.32,-998691,1532.6972265276545,60,-,-,-,-,-
1484,59.36,-1000779,2056.955043676695,60,-,-,-,-,-
1485,59.4,-1002413,2450.975306624211,60,-,-,-,-,-
1486,59.44,-1003838,2301.6993454935327,60,-,-,-,-,-
1487,59.48,-1006069,1341.4837694076632,60,-,-,-,-,-
1488,59.52,-1007045,-185.48972379457246,60,-,-,-,-,-
1489,59.56,-1008127,-1415.2482416917526,60,-,-,-,-,-
1490,59.6,-1008350,-1787.5189950980716,60,-,-,-,-,-
1491,59.64,-1009053,-1414.1967911902477,60,-,-,-,-,-
1492,59.68,-1008753,-962.9866711590362,60,-,-,-,-,-
1493,59.72,-1005220,-920.2219715719311,60,-,-,-,-,-
1494,59.76,-992950,-1372.0105385433235,60,-,-,-,-,-
1495,59.8,-988019,-1487.7639418041363,60,-,-,-,-,-
1496,59.84,-988716,-1173.0348107871032,60,-,-,-,-,-
1497,59.88,-992600,-580.4202973574841,60,-,-,-,-,-
1498,59.92,-996017,42.04358374808953,60,-,-,-,-,-
1499,59.96,-998021,580.7959731890996,60,-,-,-,-,-
1500,60.0,-997038,968.1168576850987,58,56.333333333333336,-,-,-,Maximo
1501,60.04,-1001728,1538.2159816358717,58,-,-,-,-,Maximo
1502,60.08,-1004702,2109.6111792698885,58,-,-,-,-,Maximo
1503,60.12,-1006416,2546.341756202937,58,-,-,-,-,Maximo
1504,60.16,-1007159,2429.948883382834,58,-,-,-,-,Maximo
1505,60.2,-1007945,1455.1780665669366,58,-,-,-,-,Maximo
1506,60.24,-1008731,-109.73733427115098,58,-,-,-,-,Maximo
1507,60.28,-1008601,-1486.4921779449298,58,-,-,-,-,Maximo
1508,60.32,-1008806,-2019.657726021592,58,-,-,-,-,Maximo
1509,60.36,-1008086,-1851.355532381915,58,-,-,-,-,Maximo
1510,60.4,-999949,-1729.307993669262,58,-,-,-,-,Maximo
1511,60.44,-989831,-1804.945065027303,58,-,-,-,-,Maximo
1512,60.48,-988214,-1619.6883231851134,58,-,-,-,-,Maximo
1513,60.52,-989267,-1126.9225047123473,58,-,-,-,-,Maximo
1514,60.56,-992372,-366.9347934159887,58,-,-,-,-,Maximo
1515,60.6,-996018,386.1685880158002,58,-,-,-,-,Maximo
1516,60.64,-997144,890.3315633135089,58,-,-,-,-,Maximo
1517,60.68,-997004,1247.914706559669,58,-,-,-,-,Maximo
1518,60.72,-997040,1654.6548399702328,58,-,-,-,-,Maximo
1519,60.76,-999790,2205.430689265676,58,-,-,-,-,Maximo
1520,60.8,-1002658,2533.4130206678983,58,-,-,-,-,Maximo
1521,60.84,-1004382,2156.6696375443535,58,-,-,-,-,Maximo
1522,60.88,-1006251,993.5044381223233,58,-,-,-,-,Maximo
1523,60.92,-1007225,-492.866254535023,58,-,-,-,-,Maximo
1524,60.96,-1007413,-1543.9509925285943,58,-,-,-,-,Maximo
1525,61.0,-1008492,-1748.0593815530844,58,-,-,-,-,Maximo
1526,61.04,-1007230,-1456.5788665819368,58,-,-,-,-,Maximo
1527,61.08,-1007616,-1050.3317448096327,58,-,-,-,-,Maximo
1528,61.12,-1002016,-1091.5619644104827,58,-,-,-,-,Maximo
1529,61.16,-989310,-1549.5905419618666,58,-,-,-,-,Maximo
1530,61.2,-986396,-1590.2020899694508,58,-,-,-,-,Maximo
1531,61.24,-987628,-1197.812410042362,58,-,-,-,-,Maximo
1532,61.28,-991626,-473.77271240160815,58,-,-,-,-,Maximo
1533,61.32,-995372,284.1288847903579,58,-,-,-,-,Maximo
1534,61.36,-16775467,496949.1064521838,58,-,-,-,-,Maximo
1535,61.4,-16775375,456782.4574012784,58,-,-,-,-,Maximo
1536,61.44,-16775366,369083.634386417,58,-,-,-,-,Maximo
1537,61.48,-16775427,229261.69037016932,58,-,-,-,-,Maximo
1538,61.52,-16775443,49541.93085631216,58,-,-,-,-,Maximo
1539,61.56,-16775415,-141934.1399870976,58,-,-,-,-,Maximo
1540,61.6,-16775470,-341277.42548980005,58,-,-,-,-,Maximo
1541,61.64,-16775390,-615221.4977070736,58,-,-,-,-,Maximo
1542,61.68,-16775398,-1042917.1006986052,58,-,-,-,-,Maximo
1543,61.72,-16775429,-1512974.7650385713,58,-,-,-,-,Maximo
1544,61.76,-16775442,-1629492.6174160116,58,-,-,-,-,Maximo
1545,61.8,-16775414,-1061518.5804742035,58,-,-,-,-,Maximo
1546,61.84,-16775210,-37362.090902387165,58,-,-,-,-,Maximo
1547,61.88,-16775393,793869.5083335254,58,-,-,-,-,Maximo
1548,61.92,-16774833,1055903.8688626825,58,-,-,-,-,Maximo
1549,61.96,-16775250,926367.6570228701,58,-,-,-,-,Maximo
1550,62.0,-16775466,747273.0390522868,58,-,-,-,-,Maximo
1551,62.04,-16775482,652629.2158010063,58,-,-,-,-,Maximo
1552,62.08,-16775490,592372.9438669748,58,-,-,-,-,Maximo
1553,62.12,-16775437,506318.1582062314,58,-,-,-,-,Maximo
1554,62.16,-16775509,393448.4914049953,58,-,-,-,-,Maximo
1555,62.2,-16775484,279842.22881698795,58,-,-,-,-,Maximo
1556,62.24,-16775425,180788.83317429596,58,-,-,-,-,Maximo
1557,62.28,-16775558,96381.49964955612,58,-,-,-,-,Maximo
1558,62.32,-16775540,23217.799352429574,58,-,-,-,-,Maximo
1559,62.36,-16775408,-38978.30711091729,58,-,-,-,-,Maximo
1560,62.4,-16775437,-88648.58382463641,58,-,-,-,-,Maximo
1561,62.44,-16775317,-125198.6734615335,58,-,-,-,-,Maximo
1562,62.48,-16775455,-149546.17664896738,58,-,-,-,-,Maximo
1563,62.52,-16775439,-163299.69965477078,58,-,-,-,-,Maximo
1564,62.56,-16775403,-168015.82999276416,58,-,-,-,-,Maximo
1565,62.6,-16775466,-165136.15889502256,58,-,-,-,-,Maximo
1566,62.64,-16775523,-156131.71807476945,58,-,-,-,-,Maximo
1567,62.68,-16775471,-142511.5357986634,58,-,-,-,-,Maximo
1568,62.72,-16775449,-125716.74311090609,58,-,-,-,-,Maximo
1569,62.76,-16775497,-107043.08270378952,58,-,-,-,-,Maximo
1570,62.8,-16775454,-87614.33735813759,58,-,-,-,-,Maximo
1571,62.84,-16775365,-68360.49535328092,58,-,-,-,-,Maximo
1572,62.88,-16775354,-50021.83122678453,58,-,-,-,-,Maximo
1573,62.92,-16775300,-33167.98392736638,58,-,-,-,-,Maximo
1574,62.96,-16775367,-18196.050381490146,58,-,-,-,-,Maximo
1575,63.0,-16775333,-5364.532835717051,nan,56.333333333333336,-,-,-,Movimiento
1576,63.04,-16775591,5223.101990074647,nan,-,-,-,-,Movimiento
1577,63.08,-16775700,13552.752898731502,nan,-,-,-,-,Movimiento
1578,63.12,-16775929,19723.6423656735,nan,-,-,-,-,Movimiento
1579,63.16,-16776010,23888.293580016805,nan,-,-,-,-,Movimiento
1580,63.2,-76,-501184.0623372514,nan,-,-,-,-,Movimiento
1581,63.24,-336185,-446647.6000883542,nan,-,-,-,-,Movimiento
1582,63.28,-333869,-354374.5772781195,nan,-,-,-,-,Movimiento
1583,63.32,-322760,-208934.32446233314,nan,-,-,-,-,Movimiento
1584,63.36,-331428,-22442.78103545541,nan,-,-,-,-,Movimiento
1585,63.4,-330618,174288.83828183962,nan,-,-,-,-,Movimiento
1586,63.44,-331358,378032.02840045094,nan,-,-,-,-,Movimiento
1587,63.48,-330736,660311.2941050488,nan,-,-,-,-,Movimiento
1588,63.52,-331231,1104968.1724307751,nan,-,-,-,-,Movimiento
1589,63.56,-433415,1595735.514482806,nan,-,-,-,-,Movimiento
1590,63.6,-329656,1704062.8473893707,nan,-,-,-,-,Movimiento
1591,63.64,-328084,1095866.0231696046,nan,-,-,-,-,Movimiento
1592,63.68,-16775994,534340.4178435616,nan,-,-,-,-,Movimiento
1593,63.72,-8234,-899167.3649909631,nan,-,-,-,-,Movimiento
1594,63.76,-440146,-1197134.4003484664,nan,-,-,-,-,Movimiento
1595,63.8,-443004,-1108761.5036351741,nan,-,-,-,-,Movimiento
1596,63.84,-397612,-964409.6201580574,nan,-,-,-,-,Movimiento
1597,63.88,-323118,-882463.1178203076,nan,-,-,-,-,Movimiento
1598,63.92,-302538,-828966.4324213569,nan,-,-,-,-,Movimiento
1599,63.96,-181338,-817655.4580126218,nan,-,-,-,-,Movimiento
1600,64.0,-378065,-847557.3465382366,nan,-,-,-,-,Movimiento
1601,64.04,-267377,-771558.4316688954,nan,-,-,-,-,Movimiento
1602,64.08,-168996,-305157.6894534214,nan,-,-,-,-,Movimiento
1603,64.12,-179287,484640.021670843,nan,-,-,-,-,Movimiento
1604,64.16,-305221,1026817.4520651514,nan,-,-,-,-,Movimiento
1605,64.2,-307202,889933.207788839,nan,-,-,-,-,Movimiento
1606,64.24,-311651,364816.00085346145,nan,-,-,-,-,Movimiento
1607,64.28,-302434,12828.093044816778,nan,-,-,-,-,Movimiento
1608,64.32,-299693,-8380.46771211701,nan,-,-,-,-,Movimiento
1609,64.36,-313176,84288.15162537186,nan,-,-,-,-,Movimiento
1610,64.4,-975485,135060.8942750555,nan,-,-,-,-,Movimiento
1611,64.44,-34049,70960.85840219504,nan,-,-,-,-,Movimiento
1612,64.48,-6657,31676.815111711214,nan,-,-,-,-,Movimiento
1613,64.52,-16679964,535238.5917068031,nan,-,-,-,-,Movimiento
1614,64.56,-1946,-41958.863329168875,nan,-,-,-,-,Movimiento
1615,64.6,-16766935,431218.91865968425,nan,-,-,-,-,Movimiento
1616,64.64,-16771295,334535.23102336563,nan,-,-,-,-,Movimiento
1617,64.68,-1001796,-296314.0242781332,nan,-,-,-,-,Movimiento
1618,64.72,-990829,-420638.58315843064,nan,-,-,-,-,Movimiento
1619,64.76,-986904,-529733.4208696866,nan,-,-,-,-,Movimiento
1620,64.8,-986938,-650993.2783363545,nan,-,-,-,-,Movimiento
1621,64.84,-990625,-814435.8907839335,nan,-,-,-,-,Movimiento
1622,64.88,-994955,-949133.2053442359,nan,-,-,-,-,Movimiento
1623,64.92,-998354,-858344.0088234805,nan,-,-,-,-,Movimiento
1624,64.96,-997327,-402644.9768514974,nan,-,-,-,-,Movimiento
1625,65.0,-998758,359146.83625655784,nan,-,-,-,-,Movimiento
1626,65.04,-1000308,1228181.697883389,nan,-,-,-,-,Movimiento
1627,65.08,-1003459,1839685.0598877422,nan,-,-,-,-,Movimiento
1628,65.12,-1005013,1746660.0925758914,nan,-,-,-,-,Movimiento
1629,65.16,-1006704,950436.3927538369,nan,-,-,-,-,Movimiento
1630,65.2,-1007382,71894.99963895185,nan,-,-,-,-,Movimiento
1631,65.24,-1008295,-341989.29294826323,nan,-,-,-,-,Movimiento
1632,65.28,-1009079,-337057.969634793,nan,-,-,-,-,Movimiento
1633,65.32,-1009178,-246689.98288705514,nan,-,-,-,-,Movimiento
1634,65.36,-1011881,-240718.55188590195,nan,-,-,-,-,Movimiento
1635,65.4,-999517,-282522.85831384495,nan,-,-,-,-,Movimiento
1636,65.44,-992033,-299662.159491871,nan,-,-,-,-,Movimiento
1637,65.48,-989489,-278310.27466838574,nan,-,-,-,-,Movimiento
1638,65.52,-991606,-240963.5202171445,nan,-,-,-,-,Movimiento
1639,65.56,-994771,-204731.24139560136,nan,-,-,-,-,Movimiento
1640,65.6,-998482,-171243.24144603388,nan,-,-,-,-,Movimiento
1641,65.64,-999260,-137362.69060485432,nan,-,-,-,-,Movimiento
1642,65.68,-996828,-102756.05339724838,nan,-,-,-,-,Movimiento
1643,65.72,-998263,-69346.67994575435,nan,-,-,-,-,Movimiento
1644,65.76,-999449,-39251.06607203203,nan,-,-,-,-,Movimiento
1645,65.8,-1002640,-13441.044571459875,nan,-,-,-,-,Movimiento
1646,65.84,-1005256,7452.387079449196,nan,-,-,-,-,Movimiento
1647,65.88,-1005861,23302.493177397875,nan,-,-,-,-,Movimiento
1648,65.92,-1006401,34802.71086834403,nan,-,-,-,-,Movimiento
1649,65.96,-1007959,42994.57630553181,nan,-,-,-,-,Movimiento
1650,66.0,-1008645,48519.173286104095,nan,59.0,-,-,-,-
1651,66.04,-1007446,51517.61065055549,nan,-,-,-,-,-
1652,66.08,-1003676,51938.855657694934,nan,-,-,-,-,-
1653,66.12,-991433,49763.95534650898,nan,-,-,-,-,-
1654,66.16,-988307,44759.88611552204,nan,-,-,-,-,-
1655,66.2,-989551,40069.22353402614,nan,-,-,-,-,-
1656,66.24,-993321,34942.00986294662,nan,-,-,-,-,-
1657,66.28,-996014,29647.242814432662,nan,-,-,-,-,-
1658,66.32,-997995,24283.677894661174,nan,-,-,-,-,-
1659,66.36,-997212,18887.033278852687,nan,-,-,-,-,-
1660,66.4,-998848,13903.688785726292,nan,-,-,-,-,-
1661,66.44,-999765,9485.296794350405,nan,-,-,-,-,-
1662,66.48,-1003053,5646.409843091555,nan,-,-,-,-,-
1663,66.52,-1005101,1878.8096728509627,nan,-,-,-,-,-
1664,66.56,-1006074,-2081.9715830907226,nan,-,-,-,-,-
1665,66.6,-1006812,-5832.226582797244,nan,-,-,-,-,-
1666,66.64,-1008022,-7308.33818855846,nan,-,-,-,-,-
1667,66.68,-1008037,-9906.561218036622,nan,-,-,-,-,-
1668,66.72,-1007985,-9988.397635886402,nan,-,-,-,-,-
1669,66.76,-1006551,-9597.738546070008,nan,-,-,-,-,-
1670,66.8,-992214,-9511.53166592922,nan,-,-,-,-,-
1671,66.84,-987643,-9033.098761324181,nan,-,-,-,-,-
1672,66.88,-987835,-8112.5679438936,nan,-,-,-,-,-
1673,66.92,-991277,-6671.063998177537,nan,-,-,-,-,-
1674,66.96,-995733,-4846.603616214857,nan,-,-,-,-,-
1675,67.0,-997247,-3077.628140025444,nan,-,-,-,-,-
1676,67.04,-997102,-1499.483219553218,nan,-,-,-,-,-
1677,67.08,-997326,-69.49853500656263,nan,-,-,-,-,-
1678,67.12,-1000445,1309.8620388481058,nan,-,-,-,-,-
1679,67.16,-1001460,2338.2752502329195,nan,-,-,-,-,-
1680,67.2,-1004432,2813.4988404864416,nan,-,-,-,-,-
1681,67.24,-1004738,2262.3197530127363,nan,-,-,-,-,-
1682,67.28,-1006587,1010.4584084174066,nan,-,-,-,-,-
1683,67.32,-1007326,-257.3488173342739,nan,-,-,-,-,-
1684,67.36,-1007106,-795.754853934427,nan,-,-,-,-,-
1685,67.4,-1006886,-744.8318220472947,nan,-,-,-,-,-
1686,67.44,-1006387,-460.9954812216429,nan,-,-,-,-,-
1687,67.48,-999273,635.4980406909572,nan,-,-,-,-,-
1688,67.52,-989374,-1153.7747371025598,nan,-,-,-,-,-
1689,67.56,-988104,-26.132912965744026,nan,-,-,-,-,-
1690,67.6,-990172,236.91934445742845,nan,-,-,-,-,-
1691,67.64,-992862,-407.6643508851548,nan,-,-,-,-,-
1692,67.68,-996980,271.3719392688872,nan,-,-,-,-,-
1693,67.72,-997883,775.2504100392161,nan,-,-,-,-,-
1694,67.76,-997954,1184.7591565932416,nan,-,-,-,-,-
1695,67.8,-998825,1617.736263988057,nan,-,-,-,-,-
1696,67.84,-1001259,2091.228022646418,nan,-,-,-,-,-
1697,67.88,-1003504,2322.0083931430863,nan,-,-,-,-,-
1698,67.92,-1005283,1926.1758677655216,nan,-,-,-,-,-
1699,67.96,-1005984,775.1508663202221,nan,-,-,-,-,-
1700,68.0,-1005825,-658.7935150451596,nan,-,-,-,-,-
1701,68.04,-1007878,-1557.1297059385906,nan,-,-,-,-,-
1702,68.08,-1007511,-1735.8086974436344,nan,-,-,-,-,-
1703,68.12,-1007720,-1359.2849504818143,nan,-,-,-,-,-
1704,68.16,-1006013,-1003.3056276313964,nan,-,-,-,-,-
1705,68.2,-991622,-1288.2258665272984,nan,-,-,-,-,-
1706,68.24,-988755,-1342.5434496277576,nan,-,-,-,-,-
1707,68.28,-986824,-1241.5585680298636,nan,-,-,-,-,-
1708,68.32,-990347,-708.628167275453,nan,-,-,-,-,-
1709,68.36,-994837,-0.8955636460973437,nan,-,-,-,-,-
1710,68.4,-997127,575.4386227134382,nan,-,-,-,-,-
1711,68.44,-996318,918.4164924895549,nan,-,-,-,-,-
1712,68.48,-996915,1293.2324312110532,nan,-,-,-,-,-
1713,68.52,-998136,1807.7826953970189,nan,-,-,-,-,-
1714,68.56,-1001847,2393.5730448808445,nan,-,-,-,-,-
1715,68.6,-1004797,2494.812113358257,nan,-,-,-,-,-
1716,68.64,-1005629,1671.4119867952204,nan,-,-,-,-,-
1717,68.68,-1006514,182.08484799641428,nan,-,-,-,-,-
1718,68.72,-1006152,-1250.0450937188625,nan,-,-,-,-,-
1719,68.76,-1007632,-1842.2192497002977,nan,-,-,-,-,-
1720,68.8,-1007640,-1661.5566827655362,nan,-,-,-,-,-
1721,68.84,-1007290,-1181.9024981241237,nan,-,-,-,-,-
1722,68.88,-1004969,-976.2199147352094,nan,-,-,-,-,-
1723,68.92,-993198,-1384.0543333744608,nan,-,-,-,-,-
1724,68.96,-987470,-1607.9371913264804,nan,-,-,-,-,-
1725,69.0,-987178,-1346.488572012523,63,60.5,-,-,-,-
1726,69.04,-992652,-569.4634467105354,63,-,-,-,-,-
1727,69.08,-997155,252.0350769554425,63,-,-,-,-,-
1728,69.12,-996444,733.7434379125652,63,-,-,-,-,-
1729,69.16,-995734,1020.5096896724717,63,-,-,-,-,-
1730,69.2,-998030,1384.8485479872625,63,-,-,-,-,-
1731,69.24,-1000020,1866.6723270729563,63,-,-,-,-,-
1732,69.28,-1002492,2358.6192601646653,63,-,-,-,-,-
1733,69.32,-1004720,2389.999464956698,63,-,-,-,-,-
1734,69.36,-1006674,1566.4258462300736,63,-,-,-,-,-
1735,69.4,-1007216,47.72164229319014,63,-,-,-,-,-
1736,69.44,-1008064,-1300.373822658426,63,-,-,-,-,-
1737,69.48,-1007798,-1813.6498079906191,63,-,-,-,-,-
1738,69.52,-1007986,-1504.2359243684282,63,-,-,-,-,-
1739,69.56,-1006258,-1100.9465968396762,63,-,-,-,-,-
1740,69.6,-998336,-1218.2372381902223,63,-,-,-,-,-
1741,69.64,-989357,-1589.239962383028,63,-,-,-,-,-
1742,69.68,-987324,-1585.2341677667246,63,-,-,-,-,-
1743,69.72,-988387,-1153.1148261860571,63,-,-,-,-,-
1744,69.76,-992021,-418.09905475887354,63,-,-,-,-,-
1745,69.8,-996133,352.15234555441566,63,-,-,-,-,-
1746,69.84,-997041,911.737667769462,63,-,-,-,-,-
1747,69.88,-995751,1300.583025471482,63,-,-,-,-,-
1748,69.92,-998368,1804.3884960783362,63,-,-,-,-,-
1749,69.96,-1000992,2296.3298947712356,63,-,-,-,-,-
1750,70.0,-1002296,2478.939847256548,63,-,-,-,-,-
1751,70.04,-1003930,2020.4794369103174,63,-,-,-,-,-
1752,70.08,-1004813,806.7030103329744,63,-,-,-,-,-
1753,70.12,-1006845,-616.0245068612733,63,-,-,-,-,-
1754,70.16,-1006762,-1634.418894250963,63,-,-,-,-,-
1755,70.2,-1007747,-1803.4301082410302,63,-,-,-,-,-
1756,70.24,-1007517,-1449.5226403298009,63,-,-,-,-,-
1757,70.28,-1006660,-1076.0561507900015,63,-,-,-,-,-
1758,70.32,-1002177,-1072.6928519543462,63,-,-,-,-,-
1759,70.36,-989516,-1462.238110534201,63,-,-,-,-,-
1760,70.4,-987148,-1375.222311794776,63,-,-,-,-,-
1761,70.44,-988029,-951.4023082014219,63,-,-,-,-,-
1762,70.48,-991181,-344.58038672169016,63,-,-,-,-,-
1763,70.52,-995951,294.17244455128366,63,-,-,-,-,-
1764,70.56,-997167,760.1074492199987,63,-,-,-,-,-
1765,70.6,-997442,1164.1489943607257,63,-,-,-,-,-
1766,70.64,-997638,1590.7460732822801,63,-,-,-,-,-
1767,70.68,-999619,2105.442622923484,63,-,-,-,-,-
1768,70.72,-1002053,2464.035776827105,63,-,-,-,-,-
1769,70.76,-1004038,2229.756413229453,63,-,-,-,-,-
1770,70.8,-1005191,1160.3947472036007,63,-,-,-,-,-
1771,70.84,-1006165,-358.4907289461137,63,-,-,-,-,-
1772,70.88,-1006841,-1551.997650486273,63,-,-,-,-,-
1773,70.92,-1006638,-1926.149443662405,63,-,-,-,-,-
1774,70.96,-1007716,-1554.9353016323425,63,-,-,-,-,-
1775,71.0,-1006743,-1081.5235555924332,63,-,-,-,-,-
1776,71.04,-1003233,-931.3442536815246,63,-,-,-,-,-
1777,71.08,-992288,-1267.3348941626755,63,-,-,-,-,-
1778,71.12,-986828,-1405.5126293614212,63,-,-,-,-,-
1779,71.16,-987073,-1118.5358386022608,63,-,-,-,-,-
1780,71.2,-990211,-507.6836204111976,63,-,-,-,-,-
1781,71.24,-994917,211.03470165619365,63,-,-,-,-,-
1782,71.28,-996962,750.332587638577,63,-,-,-,-,-
1783,71.32,-995696,1070.0353708192297,63,-,-,-,-,-
1784,71.36,-997795,1485.4318031368866,63,-,-,-,-,-
1785,71.4,-999807,1969.8534800004873,63,-,-,-,-,-
1786,71.44,-1001718,2383.5599537061426,63,-,-,-,-,-
1787,71.48,-1003469,2318.076771591105,63,-,-,-,-,-
1788,71.52,-1005644,1463.5033132930566,63,-,-,-,-,-
1789,71.56,-1007030,-0.3442752070568531,63,-,-,-,-,-
1790,71.6,-1007026,-1355.2529059114677,63,-,-,-,-,-
1791,71.64,-1007128,-1920.855913069236,63,-,-,-,-,-
1792,71.68,-1007835,-1687.028046676221,63,-,-,-,-,-
1793,71.72,-1007578,-1221.5219807694602,63,-,-,-,-,-
1794,71.76,-1005072,-1029.3952884681466,63,-,-,-,-,-
1795,71.8,-994238,-1338.819632962237,63,-,-,-,-,-
1796,71.84,-987991,-1473.8211089746528,63,-,-,-,-,-
1797,71.88,-987041,-1217.4019011250612,63,-,-,-,-,-
1798,71.92,-988978,-660.5292340806132,63,-,-,-,-,-
1799,71.96,-993222,53.98372501519543,63,-,-,-,-,-
1800,72.0,-995905,673.7096084515733,59,61.0,-,-,-,-
1801,72.04,-997015,1127.1841446875897,59,-,-,-,-,-
1802,72.08,-1000574,1588.436214806744,59,-,-,-,-,-
1803,72.12,-1001656,2007.3006123405157,59,-,-,-,-,-
1804,72.16,-1003934,2443.544481332524,59,-,-,-,-,-
1805,72.2,-1005766,2481.772176047767,59,-,-,-,-,-
1806,72.24,-1005016,1670.5697199136166,59,-,-,-,-,-
1807,72.28,-1006282,258.2778624739599,59,-,-,-,-,-
1808,72.32,-1006749,-1192.7870936891266,59,-,-,-,-,-
1809,72.36,-1007196,-2001.851487631471,59,-,-,-,-,-
1810,72.4,-1005634,-2103.9928594501434,59,-,-,-,-,-
1811,72.44,-1002481,-1832.9060586226897,59,-,-,-,-,-
1812,72.48,-990390,-1795.660545695393,59,-,-,-,-,-
1813,72.52,-986814,-1531.5435256659457,59,-,-,-,-,-
1814,72.56,-988278,-1061.5016725890137,59,-,-,-,-,-
1815,72.6,-991525,-438.1439334158399,59,-,-,-,-,-
1816,72.64,-995591,230.67045069895266,59,-,-,-,-,-
1817,72.68,-997321,729.6510432206933,59,-,-,-,-,-
1818,72.72,-996965,1060.6170637065325,59,-,-,-,-,-
1819,72.76,-997193,1425.6713783908308,59,-,-,-,-,-
1820,72.8,-998847,1915.631111626633,59,-,-,-,-,-
1821,72.84,-1001507,2322.0524620710894,59,-,-,-,-,-
1822,72.88,-1003806,2179.8817003763943,59,-,-,-,-,-
1823,72.92,-1004958,1205.8930549321572,59,-,-,-,-,-
1824,72.96,-1006046,-244.2765799108929,59,-,-,-,-,-
1825,73.0,-1006322,-1433.9557847762208,59,-,-,-,-,-
1826,73.04,-1007433,-1773.9234972183192,59,-,-,-,-,-
1827,73.08,-1008079,-1425.4269687191231,59,-,-,-,-,-
1828,73.12,-1006799,-974.9468230275033,59,-,-,-,-,-
1829,73.16,-1004369,-821.0135490646999,59,-,-,-,-,-
1830,73.2,-992016,-1255.5071944815627,59,-,-,-,-,-
1831,73.24,-987892,-1410.3861798695125,59,-,-,-,-,-
1832,73.28,-985953,-1230.5849073150885,59,-,-,-,-,-
1833,73.32,-990745,-571.5471430188204,59,-,-,-,-,-
1834,73.36,-995298,153.49458664897884,59,-,-,-,-,-
1835,73.4,-997691,707.3227929895775,59,-,-,-,-,-
1836,73.44,-996541,1031.9587581015767,59,-,-,-,-,-
1837,73.48,-996917,1413.1759457116377,59,-,-,-,-,-
1838,73.52,-999478,1956.670232540856,59,-,-,-,-,-
1839,73.56,-999937,2366.6682640936397,59,-,-,-,-,-
1840,73.6,-1003244,2384.26477068418,59,-,-,-,-,-
1841,73.64,-1003848,1495.6286609463305,59,-,-,-,-,-
1842,73.68,-1005753,33.27480224598003,59,-,-,-,-,-
1843,73.72,-1006080,-1352.8822664589243,59,-,-,-,-,-
1844,73.76,-1006454,-1930.9020446287323,59,-,-,-,-,-
1845,73.8,-1006980,-1654.548636403631,59,-,-,-,-,-
1846,73.84,-1006870,-1085.7557187936527,59,-,-,-,-,-
1847,73.88,-1005309,-796.5747424346569,59,-,-,-,-,-
1848,73.92,-995899,-1089.2189981829306,59,-,-,-,-,-
1849,73.96,-988682,-1362.4438902702968,59,-,-,-,-,-
1850,74.0,-988152,-1206.8587469708364,59,-,-,-,-,-
1851,74.04,-990010,-731.6677398454785,59,-,-,-,-,-
1852,74.08,-994106,-74.62448772071912,59,-,-,-,-,-
1853,74.12,-996778,502.07399972436633,59,-,-,-,-,-
1854,74.16,-997515,918.4853829841277,59,-,-,-,-,-
1855,74.2,-996596,1232.0580232876846,59,-,-,-,-,-
1856,74.24,-997676,1655.896031469999,59,-,-,-,-,-
1857,74.28,-1000453,2137.505350062487,59,-,-,-,-,-
1858,74.32,-1002568,2284.5214595779844,59,-,-,-,-,-
1859,74.36,-1004838,1740.1796712184241,59,-,-,-,-,-
1860,74.4,-1005531,474.24253982220944,59,-,-,-,-,-
1861,74.44,-1005819,-887.3431005681417,59,-,-,-,-,-
1862,74.48,-1007959,-1592.0679471058208,59,-,-,-,-,-
1863,74.52,-1007375,-1597.3180544953168,59,-,-,-,-,-
1864,74.56,-1008189,-1137.319353334918,59,-,-,-,-,-
1865,74.6,-1005207,-885.5436990771032,59,-,-,-,-,-
1866,74.64,-994838,-1170.9085520595781,59,-,-,-,-,-
1867,74.68,-988229,-1458.6422276182311,59,-,-,-,-,-
1868,74.72,-986997,-1386.5440687805476,59,-,-,-,-,-
1869,74.76,-989212,-894.5587990039512,59,-,-,-,-,-
1870,74.8,-994112,-147.4971270037836,59,-,-,-,-,-
1871,74.84,-997539,502.0314369425787,59,-,-,-,-,-
1872,74.88,-997266,904.4520287187688,59,-,-,-,-,-
1873,74.92,-995481,1234.6029936382124,59,-,-,-,-,-
1874,74.96,-996770,1757.9300136568963,59,-,-,-,-,-
1875,75.0,-999142,2306.967288264751,64,62.0,-,-,-,Maximo
1876,75.04,-1003669,2523.6021651747405,64,-,-,-,-,Maximo
1877,75.08,-1005151,1850.800952217788,64,-,-,-,-,Maximo
1878,75.12,-1006943,483.1366477914762,64,-,-,-,-,Maximo
1879,75.16,-1007870,-959.4389043932315,64,-,-,-,-,Maximo
1880,75.2,-1007119,-1780.5578536820371,64,-,-,-,-,Maximo
1881,75.24,-1007861,-1679.439887302838,64,-,-,-,-,Maximo
1882,75.28,-1005562,-1215.4533001441655,64,-,-,-,-,Maximo
1883,75.32,-1001112,-961.6328951232354,64,-,-,-,-,Maximo
1884,75.36,-989615,-1341.9665790778326,64,-,-,-,-,Maximo
1885,75.4,-985823,-1647.9010846698638,64,-,-,-,-,Maximo
1886,75.44,-987902,-1511.3709268263083,64,-,-,-,-,Maximo
1887,75.48,-991564,-884.4194931533382,64,-,-,-,-,Maximo
1888,75.52,-994342,-24.704988027442596,64,-,-,-,-,Maximo
1889,75.56,-997499,805.3957454910915,64,-,-,-,-,Maximo
1890,75.6,-996983,1331.9365231343545,64,-,-,-,-,Maximo
1891,75.64,-996586,1744.5616466014508,64,-,-,-,-,Maximo
1892,75.68,-998938,2212.963011699885,64,-,-,-,-,Maximo
1893,75.72,-1001313,2501.097262770456,64,-,-,-,-,Maximo
1894,75.76,-1002722,2196.4116183815095,64,-,-,-,-,Maximo
1895,75.8,-1004307,1122.931072015666,64,-,-,-,-,Maximo
1896,75.84,-1005130,-383.4787242032303,64,-,-,-,-,Maximo
1897,75.88,-1005827,-1539.0970562910713,64,-,-,-,-,Maximo
1898,75.92,-1006833,-1840.5758133746397,64,-,-,-,-,Maximo
1899,75.96,-1006783,-1491.9535843864282,64,-,-,-,-,Maximo
1900,76.0,-1006376,-1001.7113355288975,64,-,-,-,-,Maximo
1901,76.04,-1003109,-848.3374924124873,64,-,-,-,-,Maximo
1902,76.08,-992737,-1180.8959485144333,64,-,-,-,-,Maximo
1903,76.12,-986284,-1381.8130409526075,64,-,-,-,-,Maximo
1904,76.16,-987276,-1109.0512976439868,64,-,-,-,-,Maximo
1905,76.2,-991597,-501.8866528115457,64,-,-,-,-,Maximo
1906,76.24,-994931,129.8819803973838,64,-,-,-,-,Maximo
1907,76.28,-997708,663.2685793157871,64,-,-,-,-,Maximo
1908,76.32,-996958,998.6632880889656,64,-,-,-,-,Maximo
1909,76.36,-996170,1342.6228055447732,64,-,-,-,-,Maximo
1910,76.4,-998833,1867.8566509371203,64,-,-,-,-,Maximo
1911,76.44,-1000490,2284.660602784231,64,-,-,-,-,Maximo
1912,76.48,-1002080,2233.0762090755265,64,-,-,-,-,Maximo
1913,76.52,-1003539,1387.2314011376893,64,-,-,-,-,Maximo
1914,76.56,-1004631,-53.229839235184045,64,-,-,-,-,Maximo
1915,76.6,-1005522,-1338.330772808695,64,-,-,-,-,Maximo
1916,76.64,-1006364,-1809.0446728733573,64,-,-,-,-,Maximo
1917,76.68,-1007025,-1481.9159957990296,64,-,-,-,-,Maximo
1918,76.72,-1006883,-932.1764324109088,64,-,-,-,-,Maximo
1919,76.76,-1004838,-705.8842344708387,64,-,-,-,-,Maximo
1920,76.8,-994752,-1061.8042879504137,64,-,-,-,-,Maximo
1921,76.84,-988325,-1331.2903691499596,64,-,-,-,-,Maximo
1922,76.88,-987393,-1190.6918877647431,64,-,-,-,-,Maximo
1923,76.92,-989443,-714.6715656294687,64,-,-,-,-,Maximo
1924,76.96,-994148,-75.21195784375732,64,-,-,-,-,Maximo
1925,77.0,-996788,444.6351666176033,64,-,-,-,-,Maximo
1926,77.04,-996826,814.1312651285762,64,-,-,-,-,Maximo
1927,77.08,-996701,1190.646057032106,64,-,-,-,-,Maximo
1928,77.12,-997627,1683.7607407864616,64,-,-,-,-,Maximo
1929,77.16,-1000525,2218.1181397295213,64,-,-,-,-,Maximo
1930,77.2,-1002969,2357.2215375265832,64,-,-,-,-,Maximo
1931,77.24,-1003272,1681.9636436107212,64,-,-,-,-,Maximo
1932,77.28,-1004692,377.7344478861928,64,-,-,-,-,Maximo
1933,77.32,-1006394,-955.7441546096436,64,-,-,-,-,Maximo
1934,77.36,-1007252,-1675.5833998791745,64,-,-,-,-,Maximo
1935,77.4,-1007197,-1618.6132929675691,64,-,-,-,-,Maximo
1936,77.44,-1006449,-1175.0180291084057,64,-,-,-,-,Maximo
1937,77.48,-1004636,-878.3077855476117,64,-,-,-,-,Maximo
1938,77.52,-996222,-1096.904254517527,64,-,-,-,-,Maximo
1939,77.56,-987330,-1426.2468337147202,64,-,-,-,-,Maximo
1940,77.6,-987133,-1277.4299194889809,64,-,-,-,-,Maximo
1941,77.64,-989088,-795.6466783130722,64,-,-,-,-,Maximo
1942,77.68,-989423,-260.3683820379737,64,-,-,-,-,Maximo
1943,77.72,-986498,133.71406360173728,64,-,-,-,-,Maximo
1944,77.76,-973096,169.8426568278237,64,-,-,-,-,Maximo
1945,77.8,-903003,-1496.352253286852,64,-,-,-,-,Maximo
1946,77.84,-763774,-5048.264346319309,64,-,-,-,-,Maximo
1947,77.88,-610008,-8495.902769023553,64,-,-,-,-,Maximo
1948,77.92,-658498,-4855.631676260717,64,-,-,-,-,Maximo
1949,77.96,-752838,554.102453217376,64,-,-,-,-,Maximo
1950,78.0,-767461,3407.382440818663,nan,62.0,-,-,-,-
1951,78.04,-708653,4048.657321985287,nan,-,-,-,-,-
1952,78.08,-749040,8667.471332897665,nan,-,-,-,-,-
1953,78.12,-907296,18728.526874256873,nan,-,-,-,-,-
1954,78.16,-949802,26772.376517151482,nan,-,-,-,-,-
1955,78.2,-963339,32623.610101521306,nan,-,-,-,-,-
1956,78.24,-948916,29730.288716867435,nan,-,-,-,-,-
1957,78.28,-944336,14233.715076630595,nan,-,-,-,-,-
1958,78.32,-944774,-9612.112736470815,nan,-,-,-,-,-
1959,78.36,-947641,-28748.78331801694,nan,-,-,-,-,-
1960,78.4,-952164,-34313.32978556411,nan,-,-,-,-,-
1961,78.44,-955428,-31194.97818022436,nan,-,-,-,-,-
1962,78.48,-955295,-29401.28867416035,nan,-,-,-,-,-
1963,78.52,-956365,-29372.12465626208,nan,-,-,-,-,-
1964,78.56,-958189,-23540.41406830668,nan,-,-,-,-,-
1965,78.6,-960131,-9693.24345666937,nan,-,-,-,-,-
1966,78.64,-962457,4736.665544655414,nan,-,-,-,-,-
1967,78.68,-964603,12090.338539681376,nan,-,-,-,-,-
1968,78.72,-966602,12261.262227575331,nan,-,-,-,-,-
1969,78.76,-966298,9936.194367565793,nan,-,-,-,-,-
1970,78.8,-967958,8719.607149832815,nan,-,-,-,-,-
1971,78.84,-968240,8706.717508670696,nan,-,-,-,-,-
1972,78.88,-968806,8722.062941141307,nan,-,-,-,-,-
1973,78.92,-967446,7956.803275227128,nan,-,-,-,-,-
1974,78.96,-956592,6304.754482258356,nan,-,-,-,-,-
1975,79.0,-950655,4711.354503258443,nan,-,-,-,-,-
1976,79.04,-949116,3493.058606765112,nan,-,-,-,-,-
1977,79.08,-952452,2731.466185195053,nan,-,-,-,-,-
1978,79.12,-955903,2187.427668180764,nan,-,-,-,-,-
1979,79.16,-958065,1699.3308292702131,nan,-,-,-,-,-
1980,79.2,-959588,1231.5104976208895,nan,-,-,-,-,-
1981,79.24,-952399,596.7616007190845,nan,-,-,-,-,-
1982,79.28,-945456,219.55308314932608,nan,-,-,-,-,-
1983,79.32,-942967,202.02760277890684,nan,-,-,-,-,-
1984,79.36,-927672,-356.65303334427495,nan,-,-,-,-,-
1985,79.4,-853349,-3296.2494527544623,nan,-,-,-,-,-
1986,79.44,-711287,-8666.29107161262,nan,-,-,-,-,-
1987,79.48,-617801,-11793.191992359963,nan,-,-,-,-,-
1988,79.52,-581169,-11408.09323367689,nan,-,-,-,-,-
1989,79.56,-855336,756.9430126187217,nan,-,-,-,-,-
1990,79.6,-928312,7289.374081921356,nan,-,-,-,-,-
1991,79.64,-936485,11208.129134629125,nan,-,-,-,-,-
1992,79.68,-853924,11167.90210490011,nan,-,-,-,-,-
1993,79.72,-684724,8412.657109784035,nan,-,-,-,-,-
1994,79.76,-801650,16338.681920355817,nan,-,-,-,-,-
1995,79.8,-869912,22429.178551178877,nan,-,-,-,-,-
1996,79.84,-905684,20629.353594728906,nan,-,-,-,-,-
1997,79.88,-914590,4898.255513385935,nan,-,-,-,-,-
1998,79.92,-916402,-20574.405601425282,nan,-,-,-,-,-
1999,79.96,-920049,-39663.005069858526,nan,-,-,-,-,-
2000,80.0,-922843,-36863.66749123058,nan,-,-,-,-,-
2001,80.04,-909279,-14587.186983336993,nan,-,-,-,-,-
2002,80.08,-912687,8129.7812973728505,nan,-,-,-,-,-
2003,80.12,-914910,12036.184821214192,nan,-,-,-,-,-
2004,80.16,-918323,-1808.0701934681565,nan,-,-,-,-,-
2005,80.2,-919772,-16230.047129533225,nan,-,-,-,-,-
2006,80.24,-920033,-17268.921133289616,nan,-,-,-,-,-
2007,80.28,-938910,-6261.487942494245,nan,-,-,-,-,-
2008,80.32,-940046,4611.036048878572,nan,-,-,-,-,-
2009,80.36,-940194,9339.573440201597,nan,-,-,-,-,-
2010,80.4,-933974,9074.307827276445,nan,-,-,-,-,-
2011,80.44,-918546,7263.987000064579,nan,-,-,-,-,-
2012,80.48,-895942,5425.275908199699,nan,-,-,-,-,-
2013,80.52,-894164,4323.3376236320255,nan,-,-,-,-,-
2014,80.56,-893235,3256.3597997045654,nan,-,-,-,-,-
2015,80.6,-894183,2441.3952536420775,nan,-,-,-,-,-
2016,80.64,-894372,1878.3853445437835,nan,-,-,-,-,-
2017,80.68,-909985,2261.939317885346,nan,-,-,-,-,-
2018,80.72,-908008,2865.4339192625994,nan,-,-,-,-,-
2019,80.76,-909149,4296.611038406161,nan,-,-,-,-,-
2020,80.8,-898642,5304.727457683219,nan,-,-,-,-,-
2021,80.84,-862161,4394.848214682774,nan,-,-,-,-,-
2022,80.88,-763697,-64.80964446932921,nan,-,-,-,-,-
2023,80.92,-628351,-6682.2950374965,nan,-,-,-,-,-
2024,80.96,-700968,-6207.907110714856,nan,-,-,-,-,-
2025,81.0,-799781,-3360.3503288130596,nan,61.5,-,-,-,Movimiento
2026,81.04,-650055,-6778.86439863273,nan,-,-,-,-,Movimiento
2027,81.08,-843422,1994.0433751462988,nan,-,-,-,-,Movimiento
2028,81.12,-844747,5312.403450855607,nan,-,-,-,-,Movimiento
2029,81.16,-745319,6282.755526717185,nan,-,-,-,-,Movimiento
2030,81.2,-612247,7350.140357932047,nan,-,-,-,-,Movimiento
2031,81.24,-591619,11726.93535246358,nan,-,-,-,-,Movimiento
2032,81.28,-646881,14047.363554555677,nan,-,-,-,-,Movimiento
2033,81.32,-669881,7162.453528360136,nan,-,-,-,-,Movimiento
2034,81.36,-680189,-5822.87126863173,nan,-,-,-,-,Movimiento
2035,81.4,-684651,-16353.531980914711,nan,-,-,-,-,Movimiento
2036,81.44,-681128,-18271.218743662925,nan,-,-,-,-,Movimiento
2037,81.48,-692549,-11125.325404179868,nan,-,-,-,-,Movimiento
2038,81.52,-696525,1023.2990619708871,nan,-,-,-,-,Movimiento
2039,81.56,-699321,13072.613229418896,nan,-,-,-,-,Movimiento
2040,81.6,-702406,16699.084233410802,nan,-,-,-,-,Movimiento
2041,81.64,-703959,7387.632010361182,nan,-,-,-,-,Movimiento
2042,81.68,-705878,-7766.129421307573,nan,-,-,-,-,Movimiento
2043,81.72,-707690,-16663.233626151497,nan,-,-,-,-,Movimiento
2044,81.76,-709205,-15004.159250962199,nan,-,-,-,-,Movimiento
2045,81.8,-709852,-8377.966765596917,nan,-,-,-,-,Movimiento
2046,81.84,-704266,-3747.5899418879853,nan,-,-,-,-,Movimiento
2047,81.88,-701442,-2415.7946892698637,nan,-,-,-,-,Movimiento
2048,81.92,-701512,-2167.9194368397657,nan,-,-,-,-,Movimiento
2049,81.96,-705248,-1117.8355745232493,nan,-,-,-,-,Movimiento
2050,82.0,-708696,551.6658772879127,nan,-,-,-,-,Movimiento
2051,82.04,-712040,1991.874621678403,nan,-,-,-,-,Movimiento
2052,82.08,-712159,2723.6606523709634,nan,-,-,-,-,Movimiento
2053,82.12,-708103,2940.945142856779,nan,-,-,-,-,Movimiento
2054,82.16,-697224,2890.7056146152463,nan,-,-,-,-,Movimiento
2055,82.2,-692472,3059.0279018165966,nan,-,-,-,-,Movimiento
2056,82.24,-687081,3002.932821777844,nan,-,-,-,-,Movimiento
2057,82.28,-682927,2511.780534194416,nan,-,-,-,-,Movimiento
2058,82.32,-685773,1806.4464745596217,nan,-,-,-,-,Movimiento
2059,82.36,-687559,1055.8212418604244,nan,-,-,-,-,Movimiento
2060,82.4,-686114,694.5603748493368,nan,-,-,-,-,Movimiento
2061,82.44,-684720,1024.3027766951473,nan,-,-,-,-,Movimiento
2062,82.48,-683534,1815.413770454953,nan,-,-,-,-,Movimiento
2063,82.52,-679978,2504.7489031334335,nan,-,-,-,-,Movimiento
2064,82.56,-670578,2435.327229647959,nan,-,-,-,-,Movimiento
2065,82.6,-667478,1778.5204307733754,nan,-,-,-,-,Movimiento
2066,82.64,-669795,706.6909752402489,nan,-,-,-,-,Movimiento
2067,82.68,-673603,-417.54799520135384,nan,-,-,-,-,Movimiento
2068,82.72,-676456,-1176.9621003003504,nan,-,-,-,-,Movimiento
2069,82.76,-680087,-1310.6483454727932,nan,-,-,-,-,Movimiento
2070,82.8,-686574,-832.824777582111,nan,-,-,-,-,Movimiento
2071,82.84,-690704,-218.16001794141812,nan,-,-,-,-,Movimiento
2072,82.88,-697765,401.36155469202095,nan,-,-,-,-,Movimiento
2073,82.92,-707108,805.3261883703235,nan,-,-,-,-,Movimiento
2074,82.96,-709242,497.82877938689035,nan,-,-,-,-,Movimiento
2075,83.0,-710255,-429.43134562969635,nan,-,-,-,-,Movimiento
2076,83.04,-714731,-1567.4235396977379,nan,-,-,-,-,Movimiento
2077,83.08,-721721,-2391.833859498107,nan,-,-,-,-,Movimiento
2078,83.12,-732447,-2511.4020230358033,nan,-,-,-,-,Movimiento
2079,83.16,-744198,-2151.2651077374694,nan,-,-,-,-,Movimiento
2080,83.2,-753062,-1781.9701310652283,nan,-,-,-,-,Movimiento
2081,83.24,-756589,-1630.991584284845,nan,-,-,-,-,Movimiento
2082,83.28,-759799,-1429.550175885226,nan,-,-,-,-,Movimiento
2083,83.32,-771364,-748.7585123446815,nan,-,-,-,-,Movimiento
2084,83.36,-787197,194.99970095753815,nan,-,-,-,-,Movimiento
2085,83.4,-798813,747.3448079884431,nan,-,-,-,-,Movimiento
2086,83.44,-808277,623.0660916223353,nan,-,-,-,-,Movimiento
2087,83.48,-811390,-198.301384617449,nan,-,-,-,-,Movimiento
2088,83.52,-814737,-939.7985671726674,nan,-,-,-,-,Movimiento
2089,83.56,-821959,-957.5714465119836,nan,-,-,-,-,Movimiento
2090,83.6,-830304,-339.9906644445646,nan,-,-,-,-,Movimiento
2091,83.64,-837639,286.2166943172451,nan,-,-,-,-,Movimiento
2092,83.68,-842225,247.30655479607321,nan,-,-,-,-,Movimiento
2093,83.72,-844616,-449.5472086679929,nan,-,-,-,-,Movimiento
2094,83.76,-842667,-1173.8625280162469,nan,-,-,-,-,Movimiento
2095,83.8,-834956,-1248.9566364161128,nan,-,-,-,-,Movimiento
2096,83.84,-813610,-937.4380104068696,nan,-,-,-,-,Movimiento
2097,83.88,-820088,386.74219681440263,nan,-,-,-,-,Movimiento
2098,83.92,-816689,862.6576849404464,nan,-,-,-,-,Movimiento
2099,83.96,-807783,594.727996152501,nan,-,-,-,-,Movimiento
2100,84.0,-803811,434.5121727312817,76,70.0,-,-,-,-
2101,84.04,-808469,1060.391226618318,76,-,-,-,-,-
2102,84.08,-811093,2176.920398281485,76,-,-,-,-,-
2103,84.12,-811812,3518.1781077709456,76,-,-,-,-,-
2104,84.16,-811676,4680.325721361187,76,-,-,-,-,-
2105,84.2,-813441,5218.471256366021,76,-,-,-,-,-
2106,84.24,-815115,4626.333772271117,76,-,-,-,-,-
2107,84.28,-816504,3042.570543493588,76,-,-,-,-,-
2108,84.32,-817847,1272.9541604249716,76,-,-,-,-,-
2109,84.36,-819060,-63.219689599871344,76,-,-,-,-,-
2110,84.4,-819489,-1108.1889884345146,76,-,-,-,-,-
2111,84.44,-819741,-2110.189102097266,76,-,-,-,-,-
2112,84.48,-820497,-2825.3691695229713,76,-,-,-,-,-
2113,84.52,-820129,-2980.1184266332134,76,-,-,-,-,-
2114,84.56,-819028,-2706.8541880742323,76,-,-,-,-,-
2115,84.6,-811051,-2599.0318527188274,76,-,-,-,-,-
2116,84.64,-804885,-2518.6959588255377,76,-,-,-,-,-
2117,84.68,-804521,-2197.3487508392145,76,-,-,-,-,-
2118,84.72,-805991,-1645.4332994805995,76,-,-,-,-,-
2119,84.76,-808817,-929.3474005544917,76,-,-,-,-,-
2120,84.8,-811578,-225.33110728209977,76,-,-,-,-,-
2121,84.84,-811755,307.134719191582,76,-,-,-,-,-
2122,84.88,-811197,756.8350812501498,76,-,-,-,-,-
2123,84.92,-812603,1290.500980120395,76,-,-,-,-,-
2124,84.96,-814952,1835.6801994149805,76,-,-,-,-,-
2125,85.0,-815840,2043.4263117003313,76,-,-,-,-,-
2126,85.04,-816914,1645.5975518753576,76,-,-,-,-,-
2127,85.08,-818392,675.22964412244,76,-,-,-,-,-
2128,85.12,-818898,-417.6774824609133,76,-,-,-,-,-
2129,85.16,-819917,-1020.0529790131882,76,-,-,-,-,-
2130,85.2,-820459,-1009.960982420524,76,-,-,-,-,-
2131,85.24,-820228,-694.7401508361554,76,-,-,-,-,-
2132,85.28,-819376,-469.6599834972949,76,-,-,-,-,-
2133,85.32,-814866,-588.866587655446,76,-,-,-,-,-
2134,85.36,-805645,-939.9313209275351,76,-,-,-,-,-
2135,85.4,-804050,-909.9175297711217,76,-,-,-,-,-
2136,85.44,-805044,-608.0091185708893,76,-,-,-,-,-
2137,85.48,-807933,-158.2293625706361,76,-,-,-,-,-
2138,85.52,-810853,278.340711637019,76,-,-,-,-,-
2139,85.56,-811768,613.2195710314772,76,-,-,-,-,-
2140,85.6,-810961,890.2319957253549,76,-,-,-,-,-
2141,85.64,-811818,1265.8464131402116,76,-,-,-,-,-
2142,85.68,-813730,1695.8569830947567,76,-,-,-,-,-
2143,85.72,-815540,1943.4925239397653,76,-,-,-,-,-
2144,85.76,-816952,1679.5431818174534,76,-,-,-,-,-
2145,85.8,-818284,789.7600813406707,76,-,-,-,-,-
2146,85.84,-819057,-394.9237968992036,76,-,-,-,-,-
2147,85.88,-819117,-1267.1725742476806,76,-,-,-,-,-
2148,85.92,-819685,-1447.0612331260554,76,-,-,-,-,-
2149,85.96,-819768,-1149.234849401822,76,-,-,-,-,-
2150,86.0,-819308,-819.5628545500967,76,-,-,-,-,-
2151,86.04,-816538,-792.6789825297656,76,-,-,-,-,-
2152,86.08,-807369,-1131.8104796664938,76,-,-,-,-,-
2153,86.12,-803486,-1216.96479264329,76,-,-,-,-,-
2154,86.16,-803653,-944.7442707332775,76,-,-,-,-,-
2155,86.2,-806192,-424.05529313036425,76,-,-,-,-,-
2156,86.24,-809771,157.26777751996724,76,-,-,-,-,-
2157,86.28,-812262,624.1485736946543,76,-,-,-,-,-
2158,86.32,-811455,894.2252355078394,76,-,-,-,-,-
2159,86.36,-811365,1172.2798096804863,76,-,-,-,-,-
2160,86.4,-813496,1571.7496150746897,76,-,-,-,-,-
2161,86.44,-815098,1893.6086285768624,76,-,-,-,-,-
2162,86.48,-816651,1833.3234826312314,76,-,-,-,-,-
2163,86.52,-817952,1128.1153942575074,76,-,-,-,-,-
2164,86.56,-818239,-67.74082134746936,76,-,-,-,-,-
2165,86.6,-818944,-1120.2947589527723,76,-,-,-,-,-
2166,86.64,-819857,-1531.368258220826,76,-,-,-,-,-
2167,86.68,-820409,-1311.3709824932685,76,-,-,-,-,-
2168,86.72,-820454,-873.835595517319,76,-,-,-,-,-
2169,86.76,-817806,-697.7636032591267,76,-,-,-,-,-
2170,86.8,-808270,-993.9704516974307,76,-,-,-,-,-
2171,86.84,-804079,-1140.0475788697895,76,-,-,-,-,-
2172,86.88,-804121,-950.6170334988656,76,-,-,-,-,-
2173,86.92,-806506,-482.33516717478244,76,-,-,-,-,-
2174,86.96,-809586,55.65366750887915,76,-,-,-,-,-
2175,87.0,-811837,481.4339602640903,67,71.5,-,-,-,-
2176,87.04,-811719,747.5081862239854,67,-,-,-,-,-
2177,87.08,-813149,1092.369867502735,67,-,-,-,-,-
2178,87.12,-814843,1550.92848397545,67,-,-,-,-,-
2179,87.16,-816365,1969.6956461086065,67,-,-,-,-,-
2180,87.2,-817663,1978.999979358437,67,-,-,-,-,-
2181,87.24,-818463,1281.6923601755266,67,-,-,-,-,-
2182,87.28,-819133,72.62733006135863,67,-,-,-,-,-
2183,87.32,-819772,-1033.1576790960073,67,-,-,-,-,-
2184,87.36,-819862,-1538.64703802041,67,-,-,-,-,-
2185,87.4,-819708,-1429.434725911083,67,-,-,-,-,-
2186,87.44,-818690,-1103.5802071868052,67,-,-,-,-,-
2187,87.48,-812305,-1042.8067795946326,67,-,-,-,-,-
2188,87.52,-804948,-1147.0217495011366,67,-,-,-,-,-
2189,87.56,-803398,-1037.7005728442919,67,-,-,-,-,-
2190,87.6,-804676,-692.1872620694598,67,-,-,-,-,-
2191,87.64,-808155,-167.31692647223667,67,-,-,-,-,-
2192,87.68,-811113,337.93789971831666,67,-,-,-,-,-
2193,87.72,-812305,719.112773336471,67,-,-,-,-,-
2194,87.76,-811509,996.1259996270778,67,-,-,-,-,-
2195,87.8,-812802,1365.9557411243627,67,-,-,-,-,-
2196,87.84,-814388,1748.7322055425393,67,-,-,-,-,-
2197,87.88,-815844,1911.1463999406624,67,-,-,-,-,-
2198,87.92,-817448,1547.2114645243696,67,-,-,-,-,-
2199,87.96,-818354,565.4206398778538,67,-,-,-,-,-
2200,88.0,-819162,-612.3832795501071,67,-,-,-,-,-
2201,88.04,-819709,-1394.3938540929746,67,-,-,-,-,-
2202,88.08,-820238,-1490.6672780936356,67,-,-,-,-,-
2203,88.12,-820253,-1134.5910278828908,67,-,-,-,-,-
2204,88.16,-820014,-757.3621409126058,67,-,-,-,-,-
2205,88.2,-817218,-694.4228313316671,67,-,-,-,-,-
2206,88.24,-808066,-997.7569618931557,67,-,-,-,-,-
2207,88.28,-803951,-1073.7697417103682,67,-,-,-,-,-
2208,88.32,-804268,-814.9083059164968,67,-,-,-,-,-
2209,88.36,-806801,-341.43678333600195,67,-,-,-,-,-
2210,88.4,-809774,166.7018495565162,67,-,-,-,-,-
2211,88.44,-811492,573.298472251683,67,-,-,-,-,-
2212,88.48,-810872,846.0926455884273,67,-,-,-,-,-
2213,88.52,-810854,1148.1463481799628,67,-,-,-,-,-
2214,88.56,-812899,1571.799394049538,67,-,-,-,-,-
2215,88.6,-814967,1930.6086671858475,67,-,-,-,-,-
2216,88.64,-816505,1886.7484009240811,67,-,-,-,-,-
2217,88.68,-817839,1195.772697611069,67,-,-,-,-,-
2218,88.72,-819041,42.09271718324908,67,-,-,-,-,-
2219,88.76,-819781,-993.6995345480282,67,-,-,-,-,-
2220,88.8,-820331,-1411.2879094034854,67,-,-,-,-,-
2221,88.84,-820907,-1225.572515724626,67,-,-,-,-,-
2222,88.88,-820921,-872.2634029821222,67,-,-,-,-,-
2223,88.92,-818276,-790.2275730634487,67,-,-,-,-,-
2224,88.96,-810057,-1102.2888083538237,67,-,-,-,-,-
2225,89.0,-804673,-1303.058853805791,67,-,-,-,-,-
2226,89.04,-803811,-1136.9189120063784,67,-,-,-,-,-
2227,89.08,-806041,-660.0710170882089,67,-,-,-,-,-
2228,89.12,-808912,-97.07178007151106,67,-,-,-,-,-
2229,89.16,-811533,405.4914486613461,67,-,-,-,-,-
2230,89.2,-811928,767.9622451900877,67,-,-,-,-,-
2231,89.24,-811277,1094.57554803957,67,-,-,-,-,-
2232,89.28,-812917,1551.7323043328565,67,-,-,-,-,-
2233,89.32,-814664,1973.3929164969504,67,-,-,-,-,-
2234,89.36,-815936,2031.9014380935205,67,-,-,-,-,-
2235,89.4,-817211,1451.1495067749984,67,-,-,-,-,-
2236,89.44,-818047,318.0937592114742,67,-,-,-,-,-
2237,89.48,-818680,-820.6980083012394,67,-,-,-,-,-
2238,89.52,-819747,-1400.0930192082049,67,-,-,-,-,-
2239,89.56,-820489,-1336.6018869111188,67,-,-,-,-,-
2240,89.6,-820906,-958.0292221618297,67,-,-,-,-,-
2241,89.64,-819370,-720.6159664128054,67,-,-,-,-,-
2242,89.68,-812773,-871.8333670962984,67,-,-,-,-,-
2243,89.72,-805307,-1129.4575202667002,67,-,-,-,-,-
2244,89.76,-803750,-1061.9722849445807,67,-,-,-,-,-
2245,89.8,-805102,-708.5206472032219,67,-,-,-,-,-
2246,89.84,-807917,-220.33978532193146,67,-,-,-,-,-
2247,89.88,-811325,253.8675947091342,67,-,-,-,-,-
2248,89.92,-811234,555.2313183264819,67,-,-,-,-,-
2249,89.96,-810574,849.3009720437449,67,-,-,-,-,-
2250,90.0,-812203,1309.510251727882,71,71.33333333333333,-,-,-,Maximo
2251,90.04,-815134,1845.3551280709362,71,-,-,-,-,Maximo
2252,90.08,-771145,652.7899820068415,71,-,-,-,-,Maximo
2253,90.12,-743973,-495.1309261127535,71,-,-,-,-,Maximo
2254,90.16,-730702,-1633.4920805381335,71,-,-,-,-,Maximo
2255,90.2,-673559,-4064.87287979923,71,-,-,-,-,Maximo
2256,90.24,-515769,-8832.956342193036,71,-,-,-,-,Maximo
2257,90.28,-520358,-7077.960543833935,71,-,-,-,-,Maximo
2258,90.32,-624101,-1041.564368910258,71,-,-,-,-,Maximo
2259,90.36,-367318,-5736.147117681292,71,-,-,-,-,Maximo
2260,90.4,-405425,-45.35717667542849,71,-,-,-,-,Maximo
2261,90.44,-363155,3942.265564705549,71,-,-,-,-,Maximo
2262,90.48,-389445,10350.696828993445,71,-,-,-,-,Maximo
2263,90.52,-603620,22112.587725789286,71,-,-,-,-,Maximo
2264,90.56,-629292,26373.259764697315,71,-,-,-,-,Maximo
2265,90.6,-697955,29028.47979154627,71,-,-,-,-,Maximo
2266,90.64,-765259,26233.707464377396,71,-,-,-,-,Maximo
2267,90.68,-837247,18452.52501212996,71,-,-,-,-,Maximo
2268,90.72,-804985,7039.674758610519,71,-,-,-,-,Maximo
2269,90.76,-800903,-886.9759717513189,71,-,-,-,-,Maximo
2270,90.8,-787150,-11068.353810982546,71,-,-,-,-,Maximo
2271,90.84,-780496,-27543.30645372627,71,-,-,-,-,Maximo
2272,90.88,-777312,-45584.442811943794,71,-,-,-,-,Maximo
2273,90.92,-776674,-54514.26112746967,71,-,-,-,-,Maximo
2274,90.96,-774606,-49017.24735341765,71,-,-,-,-,Maximo
2275,91.0,-721637,-35045.731030238996,71,-,-,-,-,Maximo
2276,91.04,-742643,-16808.28666992602,71,-,-,-,-,Maximo
2277,91.08,-780351,-414.1878730774333,71,-,-,-,-,Maximo
2278,91.12,-817340,13182.683447197629,71,-,-,-,-,Maximo
2279,91.16,-814482,21655.946230935057,71,-,-,-,-,Maximo
2280,91.2,-772602,23306.061581523194,71,-,-,-,-,Maximo
2281,91.24,-775569,21627.99619460741,71,-,-,-,-,Maximo
2282,91.28,-759613,17763.976994433804,71,-,-,-,-,Maximo
2283,91.32,-762780,15378.929296921446,71,-,-,-,-,Maximo
2284,91.36,-756611,13288.531517216627,71,-,-,-,-,Maximo
2285,91.4,-752883,9792.107873035144,71,-,-,-,-,Maximo
2286,91.44,-748466,3986.6854931364014,71,-,-,-,-,Maximo
2287,91.48,-749767,-1236.7227463349882,71,-,-,-,-,Maximo
2288,91.52,-698617,-3741.072706486385,71,-,-,-,-,Maximo
2289,91.56,-694556,113.52641191665953,71,-,-,-,-,Maximo
2290,91.6,-727696,5810.791532524556,71,-,-,-,-,Maximo
2291,91.64,-775531,8348.251428706062,71,-,-,-,-,Maximo
2292,91.68,-821163,7025.99827652589,71,-,-,-,-,Maximo
2293,91.72,-781935,2073.9447284713897,71,-,-,-,-,Maximo
2294,91.76,-765574,-825.9270172303559,71,-,-,-,-,Maximo
2295,91.8,-763076,-1759.050126590966,71,-,-,-,-,Maximo
2296,91.84,-749595,-2193.7762432386953,71,-,-,-,-,Maximo
2297,91.88,-741741,-2463.1297980088966,71,-,-,-,-,Maximo
2298,91.92,-741930,-3919.711494662595,71,-,-,-,-,Maximo
2299,91.96,-745269,-7785.9939389133015,71,-,-,-,-,Maximo
2300,92.0,-736984,-12850.166939975665,71,-,-,-,-,Maximo
2301,92.04,-738953,-14061.002863799393,71,-,-,-,-,Maximo
2302,92.08,-736038,-9208.050159993032,71,-,-,-,-,Maximo
2303,92.12,-685465,-2238.4718513947155,71,-,-,-,-,Maximo
2304,92.16,-686803,4418.627344409393,71,-,-,-,-,Maximo
2305,92.2,-688693,6088.582203352664,71,-,-,-,-,Maximo
2306,92.24,-690049,4401.753921494557,71,-,-,-,-,Maximo
2307,92.28,-811631,6307.411429894142,71,-,-,-,-,Maximo
2308,92.32,-775400,4105.44937755922,71,-,-,-,-,Maximo
2309,92.36,-760784,3219.4966631713887,71,-,-,-,-,Maximo
2310,92.4,-761221,3114.50267742128,71,-,-,-,-,Maximo
2311,92.44,-755516,3131.1760948309693,71,-,-,-,-,Maximo
2312,92.48,-755716,3357.9852857020633,71,-,-,-,-,Maximo
2313,92.52,-752378,2270.8401925922353,71,-,-,-,-,Maximo
2314,92.56,-723135,-2236.6235498129827,71,-,-,-,-,Maximo
2315,92.6,-668458,-9667.69111704667,71,-,-,-,-,Maximo
2316,92.64,-667874,-14190.070436964641,71,-,-,-,-,Maximo
2317,92.68,-673556,-13324.693585956775,71,-,-,-,-,Maximo
2318,92.72,-676505,-6552.5283016163075,71,-,-,-,-,Maximo
2319,92.76,-714655,3174.025818741724,71,-,-,-,-,Maximo
2320,92.8,-715195,8150.942003126089,71,-,-,-,-,Maximo
2321,92.84,-779793,10582.740712858023,71,-,-,-,-,Maximo
2322,92.88,-781063,9598.271655648321,71,-,-,-,-,Maximo
2323,92.92,-800198,10392.824750545551,71,-,-,-,-,Maximo
2324,92.96,-765612,9716.790529231583,71,-,-,-,-,Maximo
2325,93.0,-752678,7167.450792439769,nan,71.33333333333333,-,-,-,-
2326,93.04,-747704,1200.6799409769847,nan,-,-,-,-,-
2327,93.08,-720712,-6957.619663237754,nan,-,-,-,-,-
2328,93.12,-668928,-13994.624833193338,nan,-,-,-,-,-
2329,93.16,-665589,-15926.102559719671,nan,-,-,-,-,-
2330,93.2,-665729,-14565.430190164068,nan,-,-,-,-,-
2331,93.24,-711477,-9167.596250019225,nan,-,-,-,-,-
2332,93.28,-776229,-980.2414355716683,nan,-,-,-,-,-
2333,93.32,-784991,6251.365126919714,nan,-,-,-,-,-
2334,93.36,-784889,11623.193547847066,nan,-,-,-,-,-
2335,93.4,-747629,12420.497291054227,nan,-,-,-,-,-
2336,93.44,-750694,11597.438670093794,nan,-,-,-,-,-
2337,93.48,-737558,8785.037075626758,nan,-,-,-,-,-
2338,93.52,-736988,4936.596312181655,nan,-,-,-,-,-
2339,93.56,-730371,-1463.7454096691454,nan,-,-,-,-,-
2340,93.6,-689724,-10399.548194843497,nan,-,-,-,-,-
2341,93.64,-688717,-15749.437374769248,nan,-,-,-,-,-
2342,93.68,-688255,-14954.68187477318,nan,-,-,-,-,-
2343,93.72,-632709,-9558.156489866858,nan,-,-,-,-,-
2344,93.76,-629296,-235.48483519132787,nan,-,-,-,-,-
2345,93.8,-652120,6981.186222519436,nan,-,-,-,-,-
2346,93.84,-649558,8451.473099256316,nan,-,-,-,-,-
2347,93.88,-729571,9708.64408179745,nan,-,-,-,-,-
2348,93.92,-730441,8586.590865111175,nan,-,-,-,-,-
2349,93.96,-797369,10588.493559140057,nan,-,-,-,-,-
2350,94.0,-790545,9930.049537390158,nan,-,-,-,-,-
2351,94.04,-776431,7537.209802960211,nan,-,-,-,-,-
2352,94.08,-775407,4230.433286691536,nan,-,-,-,-,-
2353,94.12,-776400,55.26093463523284,nan,-,-,-,-,-
2354,94.16,-735562,-6649.700265265681,nan,-,-,-,-,-
2355,94.2,-723454,-13220.466406795262,nan,-,-,-,-,-
2356,94.24,-715938,-18337.40682849071,nan,-,-,-,-,-
2357,94.28,-714918,-19491.5590633893,nan,-,-,-,-,-
2358,94.32,-713424,-15971.90402275719,nan,-,-,-,-,-
2359,94.36,-643376,-10949.651385893412,nan,-,-,-,-,-
2360,94.4,-603339,-3583.7698463686174,nan,-,-,-,-,-
2361,94.44,-604006,3868.0788164756486,nan,-,-,-,-,-
2362,94.48,-646959,9965.32532040606,nan,-,-,-,-,-
2363,94.52,-752525,15557.980514375173,nan,-,-,-,-,-
2364,94.56,-810414,17726.315186732332,nan,-,-,-,-,-
2365,94.6,-811027,16104.929100679015,nan,-,-,-,-,-
2366,94.64,-776076,11753.683252757794,nan,-,-,-,-,-
2367,94.68,-773003,8614.80435387773,nan,-,-,-,-,-
2368,94.72,-727903,5643.334843053999,nan,-,-,-,-,-
2369,94.76,-709534,3309.0297783409915,nan,-,-,-,-,-
2370,94.8,-701903,-2574.083517878178,nan,-,-,-,-,-
2371,94.84,-618123,-15613.550952711375,nan,-,-,-,-,-
2372,94.88,-593931,-26504.955363498608,nan,-,-,-,-,-
2373,94.92,-746554,-24066.109024860212,nan,-,-,-,-,-
2374,94.96,-805890,-13769.486275833318,nan,-,-,-,-,-
2375,95.0,-758311,-455.75216896682105,nan,-,-,-,-,-
2376,95.04,-759691,12366.396874114109,nan,-,-,-,-,-
2377,95.08,-727910,16609.13360129087,nan,-,-,-,-,-
2378,95.12,-717604,15087.472633733545,nan,-,-,-,-,-
2379,95.16,-718635,11613.280431251978,nan,-,-,-,-,-
2380,95.2,-713322,7386.112642578779,nan,-,-,-,-,-
2381,95.24,-710838,887.345641299089,nan,-,-,-,-,-
2382,95.28,-620589,-11683.26939931741,nan,-,-,-,-,-
2383,95.32,-603059,-20138.992639012788,nan,-,-,-,-,-
2384,95.36,-604001,-18520.121469275302,nan,-,-,-,-,-
2385,95.4,-651120,-5414.086814329639,nan,-,-,-,-,-
2386,95.44,-740020,10084.880470179924,nan,-,-,-,-,-
2387,95.48,-804531,17250.687735383297,nan,-,-,-,-,-
2388,95.52,-746111,12889.25683628639,nan,-,-,-,-,-
2389,95.56,-748382,8621.325185647669,nan,-,-,-,-,-
2390,95.6,-751093,6939.349884045196,nan,-,-,-,-,-
2391,95.64,-723941,6642.313329504836,nan,-,-,-,-,-
2392,95.68,-722789,5638.088640928883,nan,-,-,-,-,-
2393,95.72,-710680,-1025.53383152475,nan,-,-,-,-,-
2394,95.76,-705526,-12055.286372546212,nan,-,-,-,-,-
2395,95.8,-704264,-21534.380215350913,nan,-,-,-,-,-
2396,95.84,-642005,-24730.769823622075,nan,-,-,-,-,-
2397,95.88,-729944,-13263.677659329273,nan,-,-,-,-,-
2398,95.92,-730757,-296.83284949942026,nan,-,-,-,-,-
2399,95.96,-730339,8990.421701881478,nan,-,-,-,-,-
2400,96.0,-729447,11305.577942449525,nan,69.0,-,-,-,-
2401,96.04,-644968,6702.189931981207,nan,-,-,-,-,-
2402,96.08,-725962,7087.83487570139,nan,-,-,-,-,-
2403,96.12,-808279,8478.160044995224,nan,-,-,-,-,-
2404,96.16,-735380,5067.586190266095,nan,-,-,-,-,-
2405,96.2,-706662,2051.3315687998547,nan,-,-,-,-,-
2406,96.24,-699808,-1851.989503171193,nan,-,-,-,-,-
2407,96.28,-697815,-5681.166589218992,nan,-,-,-,-,-
2408,96.32,-696334,-6357.716889679599,nan,-,-,-,-,-
2409,96.36,-602558,-5825.904980389561,nan,-,-,-,-,-
2410,96.4,-603521,-1751.9364995019569,nan,-,-,-,-,-
2411,96.44,-593147,-1980.7555862237386,nan,-,-,-,-,-
2412,96.48,-647214,-3059.017889066141,nan,-,-,-,-,-
2413,96.52,-728546,-269.7195729959785,nan,-,-,-,-,-
2414,96.56,-729371,5604.036075020806,nan,-,-,-,-,-
2415,96.6,-820105,14975.444257915718,nan,-,-,-,-,-
2416,96.64,-820175,15964.130075242225,nan,-,-,-,-,-
2417,96.68,-751675,10053.55259364822,nan,-,-,-,-,-
2418,96.72,-724886,5400.154787400599,nan,-,-,-,-,-
2419,96.76,-710431,1715.6985178318573,nan,-,-,-,-,-
2420,96.8,-707090,-4310.912426677343,nan,-,-,-,-,-
2421,96.84,-687923,-14245.297390551452,nan,-,-,-,-,-
2422,96.88,-682911,-22699.91237851655,nan,-,-,-,-,-
2423,96.92,-595954,-27365.704553873744,nan,-,-,-,-,-
2424,96.96,-590601,-21380.638110253705,nan,-,-,-,-,-
2425,97.0,-644350,-7834.912627024276,nan,-,-,-,-,-
2426,97.04,-646524,5603.319621459788,nan,-,-,-,-,-
2427,97.08,-729689,18512.163738964577,nan,-,-,-,-,-
2428,97.12,-729400,21817.3835335279,nan,-,-,-,-,-
2429,97.16,-733278,18529.536415410286,nan,-,-,-,-,-
2430,97.2,-807832,15318.676146080266,nan,-,-,-,-,-
2431,97.24,-808291,11755.753829911017,nan,-,-,-,-,-
2432,97.28,-809064,9898.189776377385,nan,-,-,-,-,-
2433,97.32,-809328,5884.699649081638,nan,-,-,-,-,-
2434,97.36,-747330,-4642.365805896297,nan,-,-,-,-,-
2435,97.4,-747584,-15013.108751918822,nan,-,-,-,-,-
2436,97.44,-723972,-22288.387718540274,nan,-,-,-,-,-
2437,97.48,-723672,-21862.63293726174,nan,-,-,-,-,-
2438,97.52,-708941,-16974.12613841465,nan,-,-,-,-,-
2439,97.56,-700788,-11012.993571575847,nan,-,-,-,-,-
2440,97.6,-695032,-5833.539096938945,nan,-,-,-,-,-
2441,97.64,-694294,-104.66357076269378,nan,-,-,-,-,-
2442,97.68,-696452,6965.567463700373,nan,-,-,-,-,-
2443,97.72,-594702,10144.014924280556,nan,-,-,-,-,-
2444,97.76,-596447,13319.485094071031,nan,-,-,-,-,-
2445,97.8,-595414,12270.923929451375,nan,-,-,-,-,-
2446,97.84,-647732,10607.158860399708,nan,-,-,-,-,-
2447,97.88,-744048,10535.223772858197,nan,-,-,-,-,-
2448,97.92,-728597,8002.198751047181,nan,-,-,-,-,-
2449,97.96,-778554,8030.424052010203,nan,-,-,-,-,-
2450,98.0,-786080,6673.158168580529,nan,-,-,-,-,-
2451,98.04,-728761,3798.245022364992,nan,-,-,-,-,-
2452,98.08,-674877,1719.2945805151685,nan,-,-,-,-,-
2453,98.12,-660419,-625.3838121147346,nan,-,-,-,-,-
2454,98.16,-821667,-1763.1493023789226,nan,-,-,-,-,-
2455,98.2,-821526,-11725.583044566214,nan,-,-,-,-,-
2456,98.24,-820469,-19948.305448247687,nan,-,-,-,-,-
2457,98.28,-812340,-21284.28711131817,nan,-,-,-,-,-
2458,98.32,-806464,-14968.607118890159,nan,-,-,-,-,-
2459,98.36,-805250,-4810.253807839901,nan,-,-,-,-,-
2460,98.4,-807043,4488.213533233913,nan,-,-,-,-,-
2461,98.44,-809759,9053.629045679925,nan,-,-,-,-,-
2462,98.48,-812676,6134.786100238889,nan,-,-,-,-,-
2463,98.52,-812963,-3035.983962979204,nan,-,-,-,-,-
2464,98.56,-811967,-10973.589139521293,nan,-,-,-,-,-
2465,98.6,-812869,-9906.679440086067,nan,-,-,-,-,-
2466,98.64,-814029,-759.4468559770539,nan,-,-,-,-,-
2467,98.68,-815829,8144.0289239379035,nan,-,-,-,-,-
2468,98.72,-817929,10801.97199675427,nan,-,-,-,-,-
2469,98.76,-819106,8420.734442619678,nan,-,-,-,-,-
2470,98.8,-819927,5296.433849983762,nan,-,-,-,-,-
2471,98.84,-820282,3685.619916259834,nan,-,-,-,-,-
2472,98.88,-820586,3252.7472638900217,nan,-,-,-,-,-
2473,98.92,-819972,2957.3876135613064,nan,-,-,-,-,-
2474,98.96,-818751,2309.649787055755,nan,-,-,-,-,-
2475,99.0,-812437,1215.7679077515645,nan,71.0,-,-,-,Movimiento
2476,99.04,-805002,95.10549864014831,nan,-,-,-,-,Movimiento
2477,99.08,-804055,-579.1234442331411,nan,-,-,-,-,Movimiento
2478,99.12,-805869,-841.7842542081971,nan,-,-,-,-,Movimiento
2479,99.16,-808855,-781.1655638784996,nan,-,-,-,-,Movimiento
2480,99.2,-811639,-573.5101832593773,nan,-,-,-,-,Movimiento
2481,99.24,-812473,-387.1718882892983,nan,-,-,-,-,Movimiento
2482,99.28,-812491,-206.63766803751514,nan,-,-,-,-,Movimiento
2483,99.32,-815326,122.14289944700522,nan,-,-,-,-,Movimiento
2484,99.36,-816382,438.4384840440389,nan,-,-,-,-,Movimiento
2485,99.4,-816915,552.8423144625785,nan,-,-,-,-,Movimiento
2486,99.44,-817740,192.18231197025898,nan,-,-,-,-,Movimiento
2487,99.48,-818757,-688.8753141347252,nan,-,-,-,-,Movimiento
2488,99.52,-819584,-1692.9241389141732,nan,-,-,-,-,Movimiento
2489,99.56,-819819,-2254.1202656350433,nan,-,-,-,-,Movimiento
2490,99.6,-819829,-2167.078802076746,nan,-,-,-,-,Movimiento
2491,99.64,-819628,-1696.2635015844035,nan,-,-,-,-,Movimiento
2492,99.68,-813447,-1410.9142462265454,nan,-,-,-,-,Movimiento
2493,99.72,-806017,-1313.8465175408928,nan,-,-,-,-,Movimiento
2494,99.76,-804178,-1078.6021385590957,nan,-,-,-,-,Movimiento
2495,99.8,-805385,-667.7143950609216,nan,-,-,-,-,Movimiento
2496,99.84,-807920,-155.5729801199967,nan,-,-,-,-,Movimiento
2497,99.88,-810710,329.05279514691756,nan,-,-,-,-,Movimiento
2498,99.92,-811291,692.2608906965888,nan,-,-,-,-,Movimiento
2499,99.96,-810738,1011.5454235486272,nan,-,-,-,-,Movimiento
2500,100.0,-813223,1465.8329717670954,nan,-,-,-,-,Movimiento
2501,100.04,-815834,1939.6665585100236,nan,-,-,-,-,Movimiento
2502,100.08,-817380,2168.877370973114,nan,-,-,-,-,Movimiento
2503,100.12,-818499,1860.4777284521288,nan,-,-,-,-,Movimiento
2504,100.16,-819346,931.0412376982049,nan,-,-,-,-,Movimiento
2505,100.2,-820130,-247.6526775158685,nan,-,-,-,-,Movimiento
2506,100.24,-820448,-1091.5217127479855,nan,-,-,-,-,Movimiento
2507,100.28,-820792,-1300.2199599224027,nan,-,-,-,-,Movimiento
2508,100.32,-820599,-1107.3397487478387,nan,-,-,-,-,Movimiento
2509,100.36,-818570,-949.476755729831,nan,-,-,-,-,Movimiento
2510,100.4,-810336,-1158.3110232333056,nan,-,-,-,-,Movimiento
2511,100.44,-804135,-1324.9636372015957,nan,-,-,-,-,Movimiento
2512,100.48,-805552,-1058.8372758942305,nan,-,-,-,-,Movimiento
2513,100.52,-807307,-571.3547819169551,nan,-,-,-,-,Movimiento
2514,100.56,-810154,5.606949338087816,nan,-,-,-,-,Movimiento
2515,100.6,-812022,467.66277948541574,nan,-,-,-,-,Movimiento
2516,100.64,-811826,769.2378462865859,nan,-,-,-,-,Movimiento
2517,100.68,-812707,1087.1337393227836,nan,-,-,-,-,Movimiento
2518,100.72,-814652,1506.0034482445799,nan,-,-,-,-,Movimiento
2519,100.76,-815848,1868.8112271927098,nan,-,-,-,-,Movimiento
2520,100.8,-817143,1900.260964120252,nan,-,-,-,-,Movimiento
2521,100.84,-818620,1309.9427415290656,nan,-,-,-,-,Movimiento
2522,100.88,-817640,121.67830860851882,nan,-,-,-,-,Movimiento
2523,100.92,-817694,-964.5781378503262,nan,-,-,-,-,Movimiento
2524,100.96,-818194,-1446.762901118776,nan,-,-,-,-,Movimiento
2525,101.0,-818919,-1312.1248561503303,nan,-,-,-,-,Movimiento
2526,101.04,-818774,-975.3160645776327,nan,-,-,-,-,Movimiento
2527,101.08,-813281,-921.4270652510222,nan,-,-,-,-,Movimiento
2528,101.12,-806010,-1059.5202551288585,nan,-,-,-,-,Movimiento
2529,101.16,-804891,-982.2457228635776,nan,-,-,-,-,Movimiento
2530,101.2,-806320,-654.6484111245363,nan,-,-,-,-,Movimiento
2531,101.24,-794385,-610.3988505715515,nan,-,-,-,-,Movimiento
2532,101.28,-795590,-127.0388106635155,nan,-,-,-,-,Movimiento
2533,101.32,-803424,473.5802366241369,nan,-,-,-,-,Movimiento
2534,101.36,-801793,692.2694772587392,nan,-,-,-,-,Movimiento
2535,101.4,-802936,1059.28720938911,nan,-,-,-,-,Movimiento
2536,101.44,-803707,1528.5620588680667,nan,-,-,-,-,Movimiento
2537,101.48,-804232,1902.4819015458952,nan,-,-,-,-,Movimiento
2538,101.52,-804952,1887.9058433837927,nan,-,-,-,-,Movimiento
2539,101.56,-805305,1411.0547180852295,nan,-,-,-,-,Movimiento
2540,101.6,-805484,724.2934590454083,nan,-,-,-,-,Movimiento
2541,101.64,-806409,36.29365323728507,nan,-,-,-,-,Movimiento
2542,101.68,-806144,-734.436340372302,nan,-,-,-,-,Movimiento
2543,101.72,-806311,-1399.4247743255596,nan,-,-,-,-,Movimiento
2544,101.76,-804571,-1686.2763634407283,nan,-,-,-,-,Movimiento
2545,101.8,-795542,-1693.2457370823495,nan,-,-,-,-,Movimiento
2546,101.84,-789185,-1433.6401222797958,nan,-,-,-,-,Movimiento
2547,101.88,-790673,-1029.2996836614393,nan,-,-,-,-,Movimiento
2548,101.92,-793598,-670.2381835329379,nan,-,-,-,-,Movimiento
2549,101.96,-794613,-347.2213272340575,nan,-,-,-,-,Movimiento
2550,102.0,-796636,50.57449952120396,74,74.0,-,-,-,-
2551,102.04,-797511,414.0245258856676,74,-,-,-,-,-
2552,102.08,-798638,803.8705392081292,74,-,-,-,-,-
2553,102.12,-800354,1280.9223816862223,74,-,-,-,-,-
2554,102.16,-802508,1752.6753130631732,74,-,-,-,-,-
2555,102.2,-800688,1754.7884967939415,74,-,-,-,-,-
2556,102.24,-802506,1213.403881882135,74,-,-,-,-,-
2557,102.28,-805547,175.73621589394202,74,-,-,-,-,-
2558,102.32,-802496,-984.6058996879294,74,-,-,-,-,-
2559,102.36,-807088,-1297.5712119388158,74,-,-,-,-,-
2560,102.4,-826682,-568.2586041259565,74,-,-,-,-,-
2561,102.44,-850630,426.8869270840405,74,-,-,-,-,-
2562,102.48,-858241,694.2070307458089,74,-,-,-,-,-
2563,102.52,-898735,1755.5655818914965,74,-,-,-,-,-
2564,102.56,-908478,1616.6591901030588,74,-,-,-,-,-
2565,102.6,-905043,845.9758120071292,74,-,-,-,-,-
2566,102.64,-913104,193.83461969876498,74,-,-,-,-,-
2567,102.68,-944746,-30.94761167750994,74,-,-,-,-,-
2568,102.72,-956347,-1347.2659565895678,74,-,-,-,-,-
2569,102.76,-956788,-3468.3772435301908,74,-,-,-,-,-
2570,102.8,-1024160,-3491.3361124279327,74,-,-,-,-,-
2571,102.84,-1113053,-2183.650390069306,74,-,-,-,-,-
2572,102.88,-1175907,-639.5946943651579,74,-,-,-,-,-
2573,102.92,-1242403,1896.8748139089366,74,-,-,-,-,-
2574,102.96,-1257132,2866.5381786520793,74,-,-,-,-,-
2575,103.0,-1254822,2247.4252963797735,74,-,-,-,-,-
2576,103.04,-1250531,-244.52790261972405,74,-,-,-,-,-
2577,103.08,-1244517,-4195.054718459534,74,-,-,-,-,-
2578,103.12,-1234583,-8723.337653864262,74,-,-,-,-,-
2579,103.16,-1227797,-13331.835040491336,74,-,-,-,-,-
2580,103.2,-1224839,-17512.507170955796,74,-,-,-,-,-
2581,103.24,-1221158,-18981.54582491547,74,-,-,-,-,-
2582,103.28,-1227125,-14465.509477632215,74,-,-,-,-,-
2583,103.32,-1238282,-4194.132040940105,74,-,-,-,-,-
2584,103.36,-1243013,7627.4440483435665,74,-,-,-,-,-
2585,103.4,-1240406,16354.09660591402,74,-,-,-,-,-
2586,103.44,-1239793,20020.405445480767,74,-,-,-,-,-
2587,103.48,-1236575,19240.135040007313,74,-,-,-,-,-
2588,103.52,-1244593,16602.195448965867,74,-,-,-,-,-
2589,103.56,-1251970,13287.694909103226,74,-,-,-,-,-
2590,103.6,-1255779,9674.482051054561,74,-,-,-,-,-
2591,103.64,-1232841,5142.24086296094,74,-,-,-,-,-
2592,103.68,-1227981,1567.416485410009,74,-,-,-,-,-
2593,103.72,-1226763,-820.2793187339012,74,-,-,-,-,-
2594,103.76,-1225454,-1792.3915575620304,74,-,-,-,-,-
2595,103.8,-1224969,-1802.74480590842,74,-,-,-,-,-
2596,103.84,-1223662,-1899.591098206427,74,-,-,-,-,-
2597,103.88,-1220704,-2639.2413427284464,74,-,-,-,-,-
2598,103.92,-1209362,-3727.941783161463,74,-,-,-,-,-
2599,103.96,-1201342,-3785.1706727406404,74,-,-,-,-,-
2600,104.0,-1199145,-2438.9105653835813,74,-,-,-,-,-
2601,104.04,-1202449,-693.8811726782023,74,-,-,-,-,-
2602,104.08,-1205843,-64.91276198988271,74,-,-,-,-,-
2603,104.12,-1209605,-736.7276771266424,74,-,-,-,-,-
2604,104.16,-1209127,-1772.1196815947933,74,-,-,-,-,-
2605,104.2,-1207996,-2011.9866348834603,74,-,-,-,-,-
2606,104.24,-1209874,-1268.5720516106871,74,-,-,-,-,-
2607,104.28,-1211995,-265.3571136575865,74,-,-,-,-,-
2608,104.32,-1213273,250.235650555549,74,-,-,-,-,-
2609,104.36,-1215718,-65.85104155293959,74,-,-,-,-,-
2610,104.4,-1217737,-1117.8183542031102,74,-,-,-,-,-
2611,104.44,-1220864,-2166.7448332546746,74,-,-,-,-,-
2612,104.48,-1219623,-2664.5585625746735,74,-,-,-,-,-
2613,104.52,-1220440,-2238.399358575206,74,-,-,-,-,-
2614,104.56,-1220566,-1423.599534172291,74,-,-,-,-,-
2615,104.6,-1217211,-890.474516882221,74,-,-,-,-,-
2616,104.64,-1205598,-1010.7279338367043,74,-,-,-,-,-
2617,104.68,-1196760,-1220.5872931178128,74,-,-,-,-,-
2618,104.72,-1195988,-1044.1255480152777,74,-,-,-,-,-
2619,104.76,-1198542,-526.2145810953025,74,-,-,-,-,-
2620,104.8,-1201737,174.6341669762379,74,-,-,-,-,-
2621,104.84,-1205721,957.1717176003795,74,-,-,-,-,-
2622,104.88,-1205800,1588.1092532013618,74,-,-,-,-,-
2623,104.92,-1206372,2173.0592115789896,74,-,-,-,-,-
2624,104.96,-1209592,2803.8984298687274,74,-,-,-,-,-
2625,105.0,-1212070,3302.6252132160926,38,56.0,-,-,-,-
2626,105.04,-1214598,3345.905279694607,38,-,-,-,-,-
2627,105.08,-1216355,2491.584808724492,38,-,-,-,-,-
2628,105.12,-1216978,811.6115719486979,38,-,-,-,-,-
2629,105.16,-1217447,-923.8885461155146,38,-,-,-,-,-
2630,105.2,-1219215,-1880.7405337701932,38,-,-,-,-,-
2631,105.24,-1218857,-2001.0815423291776,38,-,-,-,-,-
2632,105.28,-1218782,-1649.4734309327955,38,-,-,-,-,-
2633,105.32,-1212450,-1550.3739497351016,38,-,-,-,-,-
2634,105.36,-1197772,-1915.1617478750122,38,-,-,-,-,-
2635,105.4,-1193492,-1925.3872953622922,38,-,-,-,-,-
2636,105.44,-1194977,-1491.8526800394147,38,-,-,-,-,-
2637,105.48,-1200242,-679.7406381593566,38,-,-,-,-,-
2638,105.52,-1203825,126.46676564578956,38,-,-,-,-,-
2639,105.56,-1206255,765.3896991662814,38,-,-,-,-,-
2640,105.6,-1203560,1122.3430219089269,38,-,-,-,-,-
2641,105.64,-1204446,1644.8151030442555,38,-,-,-,-,-
2642,105.68,-1207550,2366.5507698272913,38,-,-,-,-,-
2643,105.72,-1210267,2928.42768698869,38,-,-,-,-,-
2644,105.76,-1212646,2760.0330394223865,38,-,-,-,-,-
2645,105.8,-1214238,1513.6077821747476,38,-,-,-,-,-
2646,105.84,-1215974,-319.31326766825487,38,-,-,-,-,-
2647,105.88,-1217268,-1737.4434222242662,38,-,-,-,-,-
2648,105.92,-1217677,-2100.6393009742915,38,-,-,-,-,-
2649,105.96,-1218973,-1586.9321844724218,38,-,-,-,-,-
2650,106.0,-1218558,-1033.8763381497943,38,-,-,-,-,-
2651,106.04,-1213199,-1059.175829854492,38,-,-,-,-,-
2652,106.08,-1200622,-1640.2723128991656,38,-,-,-,-,-
2653,106.12,-1193332,-1935.0974993952077,38,-,-,-,-,-
2654,106.16,-1193773,-1590.7778378083349,38,-,-,-,-,-
2655,106.2,-1197781,-831.7059857507513,38,-,-,-,-,-
2656,106.24,-1201630,-25.25664080992601,38,-,-,-,-,-
2657,106.28,-1204255,642.4511290236387,38,-,-,-,-,-
2658,106.32,-1204834,1159.605853486065,38,-,-,-,-,-
2659,106.36,-1202685,1623.421977029714,38,-,-,-,-,-
2660,106.4,-1206548,2381.6583314432264,38,-,-,-,-,-
2661,106.44,-1208844,2982.565879934995,38,-,-,-,-,-
2662,106.48,-1210942,2959.793387508649,38,-,-,-,-,-
2663,106.52,-1212811,1927.2165967105748,38,-,-,-,-,-
2664,106.56,-1213754,155.8268546994027,38,-,-,-,-,-
2665,106.6,-1215135,-1413.1953819797156,38,-,-,-,-,-
2666,106.64,-1217768,-2009.1042863453126,38,-,-,-,-,-
2667,106.68,-1217990,-1769.0657453505896,38,-,-,-,-,-
2668,106.72,-1217075,-1255.7092430351622,38,-,-,-,-,-
2669,106.76,-1213781,-1068.86693125304,38,-,-,-,-,-
2670,106.8,-1201559,-1503.7082407939433,38,-,-,-,-,-
2671,106.84,-1193404,-1822.7508338562202,38,-,-,-,-,-
2672,106.88,-1192419,-1614.3826134433093,38,-,-,-,-,-
2673,106.92,-1195849,-964.7672198051923,38,-,-,-,-,-
2674,106.96,-1199286,-234.5722396556248,38,-,-,-,-,-
2675,107.0,-1202784,418.30078497135946,38,-,-,-,-,-
2676,107.04,-1202964,919.380547484513,38,-,-,-,-,-
2677,107.08,-1202687,1494.9146902306975,38,-,-,-,-,-
2678,107.12,-1207549,2353.8819362087424,38,-,-,-,-,-
2679,107.16,-1208917,2983.544003545574,38,-,-,-,-,-
2680,107.2,-1211695,3070.8216494045782,38,-,-,-,-,-
2681,107.24,-1213822,2180.7604710175638,38,-,-,-,-,-
2682,107.28,-1214861,495.76454214133173,38,-,-,-,-,-
2683,107.32,-1215342,-1175.156131823262,38,-,-,-,-,-
2684,107.36,-1215064,-2073.4722452864744,38,-,-,-,-,-
2685,107.4,-1215773,-2033.194911077179,38,-,-,-,-,-
2686,107.44,-1215840,-1602.8342877625037,38,-,-,-,-,-
2687,107.48,-1213487,-1368.0795158370556,38,-,-,-,-,-
2688,107.52,-1200958,-1689.125359169344,38,-,-,-,-,-
2689,107.56,-1193180,-1833.3776230809872,38,-,-,-,-,-
2690,107.6,-1190422,-1551.3014971895755,38,-,-,-,-,-
2691,107.64,-1192607,-850.5942433969485,38,-,-,-,-,-
2692,107.68,-1197872,35.45904748791827,38,-,-,-,-,-
2693,107.72,-1202220,804.119880217675,38,-,-,-,-,-
2694,107.76,-1202741,1289.2157535673205,38,-,-,-,-,-
2695,107.8,-1203149,1685.960776165557,38,-,-,-,-,-
2696,107.84,-1205178,2197.7448856711508,38,-,-,-,-,-
2697,107.88,-1208237,2768.9098981060606,38,-,-,-,-,-
2698,107.92,-1210374,2931.8240336906247,38,-,-,-,-,-
2699,107.96,-1213643,2255.628673231169,38,-,-,-,-,-
2700,108.0,-1213472,605.648310904518,55,55.666666666666664,-,-,-,-
2701,108.04,-1216000,-1111.1893357007903,55,-,-,-,-,-
2702,108.08,-1216526,-2192.909581800006,55,-,-,-,-,-
2703,108.12,-1213583,-2388.643817314499,55,-,-,-,-,-
2704,108.16,-1205129,-2144.9849967968185,55,-,-,-,-,-
2705,108.2,-1192105,-2026.0420336661755,55,-,-,-,-,-
2706,108.24,-1190116,-1804.8694194791096,55,-,-,-,-,-
2707,108.28,-1191352,-1570.6187355417396,55,-,-,-,-,-
2708,108.32,-1196410,-1025.6861004301873,55,-,-,-,-,-
2709,108.36,-1200363,-264.38706342362275,55,-,-,-,-,-
2710,108.4,-1203146,559.5723001633687,55,-,-,-,-,-
2711,108.44,-1202932,1267.8065427852662,55,-,-,-,-,-
2712,108.48,-1204284,2033.7971365216754,55,-,-,-,-,-
2713,108.52,-1206455,2802.4991987502863,55,-,-,-,-,-
2714,108.56,-1209435,3221.2039743264513,55,-,-,-,-,-
2715,108.6,-1211417,2717.1089407865848,55,-,-,-,-,-
2716,108.64,-1212250,1186.4237984180854,55,-,-,-,-,-
2717,108.68,-1214605,-643.4886953355581,55,-,-,-,-,-
2718,108.72,-1214658,-1962.8946698108641,55,-,-,-,-,-
2719,108.76,-1215192,-2236.5588892886344,55,-,-,-,-,-
2720,108.8,-1215756,-1774.1856555561235,55,-,-,-,-,-
2721,108.84,-1214651,-1248.7702566102998,55,-,-,-,-,-
2722,108.88,-1208256,-1166.6883587203347,55,-,-,-,-,-
2723,108.92,-1193582,-1574.99363168741,55,-,-,-,-,-
2724,108.96,-1189390,-1581.1048881997303,55,-,-,-,-,-
2725,109.0,-1190710,-1150.3699528467723,55,-,-,-,-,-
2726,109.04,-1195088,-411.5854515295607,55,-,-,-,-,-
2727,109.08,-1201213,416.22176029603816,55,-,-,-,-,-
2728,109.12,-1202804,1006.5692271966682,55,-,-,-,-,-
2729,109.16,-1203448,1481.9804285713035,55,-,-,-,-,-
2730,109.2,-1203499,1960.188043663441,55,-,-,-,-,-
2731,109.24,-1205134,2558.0383478562335,55,-,-,-,-,-
2732,109.28,-1207551,3000.285275472489,55,-,-,-,-,-
2733,109.32,-1210086,2729.3342999933484,55,-,-,-,-,-
2734,109.36,-1211868,1406.8163467027052,55,-,-,-,-,-
2735,109.4,-1213241,-505.9391561401983,55,-,-,-,-,-
2736,109.44,-1213742,-2034.47899381575,55,-,-,-,-,-
2737,109.48,-1213806,-2493.31573020253,55,-,-,-,-,-
2738,109.52,-1214496,-2006.8664144280726,55,-,-,-,-,-
2739,109.56,-1214343,-1302.2851987501876,55,-,-,-,-,-
2740,109.6,-1209752,-1039.8741656058255,55,-,-,-,-,-
2741,109.64,-1195546,-1437.3181776465935,55,-,-,-,-,-
2742,109.68,-1190852,-1577.846852352075,55,-,-,-,-,-
2743,109.72,-1192243,-1283.321991489457,55,-,-,-,-,-
2744,109.76,-1196208,-620.5675391368947,55,-,-,-,-,-
2745,109.8,-1200364,174.38060980642422,55,-,-,-,-,-
2746,109.84,-1202193,824.9118521922937,55,-,-,-,-,-
2747,109.88,-1201226,1245.7567466435594,55,-,-,-,-,-
2748,109.92,-1202182,1690.4041806114283,55,-,-,-,-,-
2749,109.96,-1204717,2267.8957323863897,55,-,-,-,-,-
2750,110.0,-1206974,2759.707086966361,55,-,-,-,-,-
2751,110.04,-1209722,2682.122761403407,55,-,-,-,-,-
2752,110.08,-1212978,1650.8092826884795,55,-,-,-,-,-
2753,110.12,-1213275,-107.65562933163301,55,-,-,-,-,-
2754,110.16,-1214534,-1536.33673049609,55,-,-,-,-,-
2755,110.2,-1214783,-2026.68752082246,55,-,-,-,-,-
2756,110.24,-1214540,-1705.98745107465,55,-,-,-,-,-
2757,110.28,-1214602,-1199.3109375728932,55,-,-,-,-,-
2758,110.32,-1209623,-1156.5796138202413,55,-,-,-,-,-
2759,110.36,-1195223,-1689.5121845917838,55,-,-,-,-,-
2760,110.4,-1189821,-1871.1469129263241,55,-,-,-,-,-
2761,110.44,-1191229,-1518.7363509767838,55,-,-,-,-,-
2762,110.48,-1194685,-791.2917791959724,55,-,-,-,-,-
2763,110.52,-1199073,94.82885846605768,55,-,-,-,-,-
2764,110.56,-1202310,872.5037317961924,55,-,-,-,-,-
2765,110.6,-1202026,1385.517710689528,55,-,-,-,-,-
2766,110.64,-1202440,1858.3860981685857,55,-,-,-,-,-
2767,110.68,-1205008,2447.683350922318,55,-,-,-,-,-
2768,110.72,-1207888,2937.7503796471647,55,-,-,-,-,-
2769,110.76,-1209393,2781.987450003887,55,-,-,-,-,-
2770,110.8,-1211452,1664.5681162256788,55,-,-,-,-,-
2771,110.84,-1212952,-124.14282224892713,55,-,-,-,-,-
2772,110.88,-1213278,-1680.4262217280661,55,-,-,-,-,-
2773,110.92,-1213798,-2259.4365212770067,55,-,-,-,-,-
2774,110.96,-1213942,-1962.3158101137224,55,-,-,-,-,-
2775,111.0,-1213759,-1394.581795995573,56,55.75,-,-,-,-
2776,111.04,-1198311,-1536.7805181028962,56,-,-,-,-,-
2777,111.08,-1191399,-1667.6552819487006,56,-,-,-,-,-
2778,111.12,-1190268,-1591.1427400009416,56,-,-,-,-,-
2779,111.16,-1192737,-1139.1398782315932,56,-,-,-,-,-
2780,111.2,-1198624,-340.5662908311442,56,-,-,-,-,-
2781,111.24,-1202450,435.7569576892811,56,-,-,-,-,-
2782,111.28,-1201791,971.1510701836833,56,-,-,-,-,-
2783,111.32,-1200007,1401.2223367720912,56,-,-,-,-,-
2784,111.36,-1203138,2044.812530358141,56,-,-,-,-,-
2785,111.4,-1205455,2679.156788660278,56,-,-,-,-,-
2786,111.44,-1209230,2956.451030617528,56,-,-,-,-,-
2787,111.48,-1210972,2231.851767926313,56,-,-,-,-,-
2788,111.52,-1213715,636.5523630885159,56,-,-,-,-,-
2789,111.56,-1213662,-1136.0068997643934,56,-,-,-,-,-
2790,111.6,-1214544,-2049.9311542665605,56,-,-,-,-,-
2791,111.64,-1215317,-1919.4423068746955,56,-,-,-,-,-
2792,111.68,-1214174,-1343.5480434198244,56,-,-,-,-,-
2793,111.72,-1212855,-971.3840852311487,56,-,-,-,-,-
2794,111.76,-1200344,-1405.761275699515,56,-,-,-,-,-
2795,111.8,-1191180,-1870.8454021677371,56,-,-,-,-,-
2796,111.84,-1189181,-1808.3310178721622,56,-,-,-,-,-
2797,111.88,-1191594,-1179.5524358161515,56,-,-,-,-,-
2798,111.92,-1197144,-222.50458696193618,56,-,-,-,-,-
2799,111.96,-1201747,663.4120490275482,56,-,-,-,-,-
2800,112.0,-1201772,1234.9561973715308,56,-,-,-,-,-
2801,112.04,-1201224,1686.0574672976782,56,-,-,-,-,-
2802,112.08,-1203516,2264.1286266912666,56,-,-,-,-,-
2803,112.12,-1206167,2845.0983951444878,56,-,-,-,-,-
2804,112.16,-1209352,3041.368839664202,56,-,-,-,-,-
2805,112.2,-1211005,2299.5282156072135,56,-,-,-,-,-
2806,112.24,-1212735,673.9517740459792,56,-,-,-,-,-
2807,112.28,-1212831,-1164.9144027734017,56,-,-,-,-,-
2808,112.32,-1213762,-2233.1195638623226,56,-,-,-,-,-
2809,112.36,-1213014,-2292.0891814566385,56,-,-,-,-,-
2810,112.4,-1213692,-1680.8091841274204,56,-,-,-,-,-
2811,112.44,-1212149,-1205.158939450248,56,-,-,-,-,-
2812,112.48,-1203490,-1341.0683799364178,56,-,-,-,-,-
2813,112.52,-1190680,-1779.2956354153484,56,-,-,-,-,-
2814,112.56,-1189927,-1615.821895834315,56,-,-,-,-,-
2815,112.6,-1191572,-1023.1910187891926,56,-,-,-,-,-
2816,112.64,-1198379,-76.2392967241467,56,-,-,-,-,-
2817,112.68,-1202400,723.9026423808637,56,-,-,-,-,-
2818,112.72,-1201806,1194.0119912154078,56,-,-,-,-,-
2819,112.76,-1201542,1548.076617566955,56,-,-,-,-,-
2820,112.8,-1203021,1984.3244555997571,56,-,-,-,-,-
2821,112.84,-1205265,2504.2630084912835,56,-,-,-,-,-
2822,112.88,-1208532,2803.9715992611973,56,-,-,-,-,-
2823,112.92,-1210029,2264.780411647307,56,-,-,-,-,-
2824,112.96,-1212394,817.6016453607535,56,-,-,-,-,-
2825,113.0,-1213092,-984.6557735889833,56,-,-,-,-,-
2826,113.04,-1213470,-2119.383374424716,56,-,-,-,-,-
2827,113.08,-1214466,-2125.496246943432,56,-,-,-,-,-
2828,113.12,-1213908,-1507.8239875462268,56,-,-,-,-,-
2829,113.16,-1212939,-990.6600868258506,56,-,-,-,-,-
2830,113.2,-1206733,-1088.9211205344518,56,-,-,-,-,-
2831,113.24,-1192995,-1651.137170772694,56,-,-,-,-,-
2832,113.28,-1188243,-1733.8477949205535,56,-,-,-,-,-
2833,113.32,-1189848,-1250.221530371652,56,-,-,-,-,-
2834,113.36,-1196226,-378.7248856957199,56,-,-,-,-,-
2835,113.4,-1201569,469.95802131203345,56,-,-,-,-,-
2836,113.44,-1202412,1047.3712080377645,56,-,-,-,-,-
2837,113.48,-1200777,1431.9990383921759,56,-,-,-,-,-
2838,113.52,-1201761,1906.9067137107431,56,-,-,-,-,-
2839,113.56,-1205019,2512.9707190499084,56,-,-,-,-,-
2840,113.6,-1207159,2899.730189564886,56,-,-,-,-,-
2841,113.64,-1209413,2594.0215106329097,56,-,-,-,-,-
2842,113.68,-1211304,1281.3635860474487,56,-,-,-,-,-
2843,113.72,-1211903,-621.8417297191911,56,-,-,-,-,-
2844,113.76,-1212604,-2062.9668629404705,56,-,-,-,-,-
2845,113.8,-1213706,-2345.155370719916,56,-,-,-,-,-
2846,113.84,-1213788,-1747.623415153355,56,-,-,-,-,-
2847,113.88,-1213014,-1078.1680973007797,56,-,-,-,-,-
2848,113.92,-1208595,-987.876652191716,56,-,-,-,-,-
2849,113.96,-1195516,-1527.2131061397467,56,-,-,-,-,-
2850,114.0,-1187929,-1777.908161735695,55,51.0,-,-,-,-
2851,114.04,-1192681,-1254.6670563636535,55,-,-,-,-,-
2852,114.08,-1197084,-474.3365801073635,55,-,-,-,-,-
2853,114.12,-1200488,287.6847122251729,55,-,-,-,-,-
2854,114.16,-1200689,807.558913362649,55,-,-,-,-,-
2855,114.2,-1199949,1183.0585898421605,55,-,-,-,-,-
2856,114.24,-1202706,1699.2212190121018,55,-,-,-,-,-
2857,114.28,-1204719,2296.913415153893,55,-,-,-,-,-
2858,114.32,-1207114,2792.112355253077,55,-,-,-,-,-
2859,114.36,-1208391,2615.026341647532,55,-,-,-,-,-
2860,114.4,-1211301,1499.4264102726438,55,-,-,-,-,-
2861,114.44,-1213450,-239.84973092719156,55,-,-,-,-,-
2862,114.48,-1214117,-1631.7168806205273,55,-,-,-,-,-
2863,114.52,-1215166,-1955.2032685543822,55,-,-,-,-,-
2864,114.56,-1214091,-1567.227112303417,55,-,-,-,-,-
2865,114.6,-1212005,-1184.3220675796774,55,-,-,-,-,-
2866,114.64,-1201822,-1418.486169232101,55,-,-,-,-,-
2867,114.68,-1190763,-1836.8024730311663,55,-,-,-,-,-
2868,114.72,-1189148,-1760.506252766756,55,-,-,-,-,-
2869,114.76,-1192575,-1234.4572922726325,55,-,-,-,-,-
2870,114.8,-1195840,-548.230634947287,55,-,-,-,-,-
2871,114.84,-1199787,204.2555808856796,55,-,-,-,-,-
2872,114.88,-1200729,864.7976215770841,55,-,-,-,-,-
2873,114.92,-1198650,1438.4950895686611,55,-,-,-,-,-
2874,114.96,-1200389,2151.29186372214,55,-,-,-,-,-
2875,115.0,-1203800,2828.8413735796103,55,-,-,-,-,-
2876,115.04,-1206639,3052.3186625068665,55,-,-,-,-,-
2877,115.08,-1208217,2375.824610303981,55,-,-,-,-,-
2878,115.12,-1211141,887.2614257940795,55,-,-,-,-,-
2879,115.16,-1213075,-805.0961808541606,55,-,-,-,-,-
2880,115.2,-1213257,-1859.3197310031392,55,-,-,-,-,-
2881,115.24,-1212848,-1944.240479875741,55,-,-,-,-,-
2882,115.28,-1213524,-1438.0955195909687,55,-,-,-,-,-
2883,115.32,-1211301,-1112.9247697156152,55,-,-,-,-,-
2884,115.36,-1201636,-1399.7490535733596,55,-,-,-,-,-
2885,115.4,-1190887,-1883.464162816732,55,-,-,-,-,-
2886,115.44,-1188381,-1882.1195154362977,55,-,-,-,-,-
2887,115.48,-1189573,-1386.2707663202364,55,-,-,-,-,-
2888,115.52,-1195084,-508.52456768150114,55,-,-,-,-,-
2889,115.56,-1198337,336.00262102391207,55,-,-,-,-,-
2890,115.6,-1201194,1089.5107443658462,55,-,-,-,-,-
2891,115.64,-1200541,1634.4879093577547,55,-,-,-,-,-
2892,115.68,-1201219,2182.28956237683,55,-,-,-,-,-
2893,115.72,-1205115,2787.197172848345,55,-,-,-,-,-
2894,115.76,-1207281,3011.096121060882,55,-,-,-,-,-
2895,115.8,-1208819,2434.556060310385,55,-,-,-,-,-
2896,115.84,-1211040,994.8298763920543,55,-,-,-,-,-
2897,115.88,-1211349,-806.4603309210516,55,-,-,-,-,-
2898,115.92,-1212850,-1996.9235728720191,55,-,-,-,-,-
2899,115.96,-1212574,-2252.5480975208393,55,-,-,-,-,-
2900,116.0,-1213221,-1780.092869534451,55,-,-,-,-,-
2901,116.04,-1211422,-1301.0085682589997,55,-,-,-,-,-
2902,116.08,-1206933,-1202.8765773509012,55,-,-,-,-,-
2903,116.12,-1191903,-1654.948923249296,55,-,-,-,-,-
2904,116.16,-1187100,-1666.8790589767814,55,-,-,-,-,-
2905,116.2,-1188924,-1171.1828835690121,55,-,-,-,-,-
2906,116.24,-1192746,-408.4928444947293,55,-,-,-,-,-
2907,116.28,-1197169,377.7723677664035,55,-,-,-,-,-
2908,116.32,-1200949,1033.6422365940562,55,-,-,-,-,-
2909,116.36,-1198927,1414.0174817912493,55,-,-,-,-,-
2910,116.4,-1202673,1993.3666862229484,55,-,-,-,-,-
2911,116.44,-1205199,2588.5363481133045,55,-,-,-,-,-
2912,116.48,-1207111,2992.590571829961,55,-,-,-,-,-
2913,116.52,-1208112,2700.1245472240043,55,-,-,-,-,-
2914,116.56,-1209501,1436.8791258217352,55,-,-,-,-,-
2915,116.6,-1211067,-408.27047767389945,55,-,-,-,-,-
2916,116.64,-1212616,-1898.3134873674594,55,-,-,-,-,-
2917,116.68,-1213385,-2398.926836861566,55,-,-,-,-,-
2918,116.72,-1212131,-2100.219819749943,55,-,-,-,-,-
2919,116.76,-1212383,-1526.441945422111,55,-,-,-,-,-
2920,116.8,-1207863,-1332.1323934593065,55,-,-,-,-,-
2921,116.84,-1192721,-1665.0095343610046,55,-,-,-,-,-
2922,116.88,-1188797,-1545.4204496497186,55,-,-,-,-,-
2923,116.92,-1191587,-1006.2422834896679,55,-,-,-,-,-
2924,116.96,-1194992,-359.79312517554473,55,-,-,-,-,-
2925,117.0,-1198650,260.0663099994117,60,56.5,-,-,-,-
2926,117.04,-1201129,800.8839553253019,60,-,-,-,-,-
2927,117.08,-1201033,1267.8415094348356,60,-,-,-,-,-
2928,117.12,-1203813,1871.04568508595,60,-,-,-,-,-
2929,117.16,-1206188,2477.9124551057957,60,-,-,-,-,-
2930,117.2,-1209027,2899.418931760286,60,-,-,-,-,-
2931,117.24,-1210025,2613.577963485416,60,-,-,-,-,-
2932,117.28,-1211853,1413.495477409458,60,-,-,-,-,-
2933,117.32,-1211652,-395.34879456228407,60,-,-,-,-,-
2934,117.36,-1212070,-1801.8850827243343,60,-,-,-,-,-
2935,117.4,-1212304,-2235.3770934017257,60,-,-,-,-,-
2936,117.44,-1213190,-1882.8678698377935,60,-,-,-,-,-
2937,117.48,-1208919,-1541.968085406058,60,-,-,-,-,-
2938,117.52,-1195954,-1680.2675153183645,60,-,-,-,-,-
2939,117.56,-1189005,-1732.7348686126606,60,-,-,-,-,-
2940,117.6,-1189030,-1411.4274974397267,60,-,-,-,-,-
2941,117.64,-1193458,-705.693670943739,60,-,-,-,-,-
2942,117.68,-1198481,128.5785355561611,60,-,-,-,-,-
2943,117.72,-1200416,777.1463055412942,60,-,-,-,-,-
2944,117.76,-1197928,1124.011749786444,60,-,-,-,-,-
2945,117.8,-1198925,1533.0384416711681,60,-,-,-,-,-
2946,117.84,-1202762,2137.7249653995723,60,-,-,-,-,-
2947,117.88,-1204909,2690.0717807848887,60,-,-,-,-,-
2948,117.92,-1208073,2783.107282333499,60,-,-,-,-,-
2949,117.96,-1210432,1881.0239698455725,60,-,-,-,-,-
2950,118.0,-1211798,175.57901840156,60,-,-,-,-,-
2951,118.04,-1212311,-1421.1635900847425,60,-,-,-,-,-
2952,118.08,-1213755,-2034.4908224701085,60,-,-,-,-,-
2953,118.12,-1213983,-1740.9078849556,60,-,-,-,-,-
2954,118.16,-1213107,-1228.0793150752525,60,-,-,-,-,-
2955,118.2,-1210006,-1139.741911812147,60,-,-,-,-,-
2956,118.24,-1197382,-1701.8079978057758,60,-,-,-,-,-
2957,118.28,-1189926,-2008.4707923537499,60,-,-,-,-,-
2958,118.32,-1189160,-1702.458893925208,60,-,-,-,-,-
2959,118.36,-1192354,-933.4941101703703,60,-,-,-,-,-
2960,118.4,-1196343,-52.46696083125789,60,-,-,-,-,-
2961,118.44,-1199170,687.7863941879923,60,-,-,-,-,-
2962,118.48,-1200490,1248.2026132114324,60,-,-,-,-,-
2963,118.52,-1199707,1716.0061468669064,60,-,-,-,-,-
2964,118.56,-1202789,2373.612726599941,60,-,-,-,-,-
2965,118.6,-1204584,2909.026743588831,60,-,-,-,-,-
2966,118.64,-1206853,2939.213780545092,60,-,-,-,-,-
2967,118.68,-1209164,2057.959155615061,60,-,-,-,-,-
2968,118.72,-1209563,377.09585482444345,60,-,-,-,-,-
2969,118.76,-1210745,-1232.1796274173416,60,-,-,-,-,-
2970,118.8,-1212295,-2029.847234552084,60,-,-,-,-,-
2971,118.84,-1212320,-1973.7010955224541,60,-,-,-,-,-
2972,118.88,-1212539,-1491.5429153191517,60,-,-,-,-,-
2973,118.92,-1211497,-1158.9258807830142,60,-,-,-,-,-
2974,118.96,-1202872,-1336.4750513697363,60,-,-,-,-,-
2975,119.0,-1191480,-1666.8267373645776,60,-,-,-,-,-
2976,119.04,-1188245,-1541.8413323111618,60,-,-,-,-,-
2977,119.08,-1190817,-980.0239733136259,60,-,-,-,-,-
2978,119.12,-1194924,-252.05234517537724,60,-,-,-,-,-
2979,119.16,-1198896,427.48626966349,60,-,-,-,-,-
2980,119.2,-1201015,949.1735488097993,60,-,-,-,-,-
2981,119.24,-1199481,1326.702011750389,60,-,-,-,-,-
2982,119.28,-1200468,1862.9795227362538,60,-,-,-,-,-
2983,119.32,-1203648,2511.6218132062895,60,-,-,-,-,-
2984,119.36,-1206197,2858.4772854125877,60,-,-,-,-,-
2985,119.4,-1206876,2379.8757313610795,60,-,-,-,-,-
2986,119.44,-1209391,1050.3813303020593,60,-,-,-,-,-
2987,119.48,-1212577,-611.6724317501066,60,-,-,-,-,-
2988,119.52,-1212508,-1838.6511891459568,60,-,-,-,-,-
2989,119.56,-1213840,-2028.326055587831,60,-,-,-,-,-
2990,119.6,-1213950,-1566.0000982178415,60,-,-,-,-,-
2991,119.64,-1212123,-1119.293161544078,60,-,-,-,-,-
2992,119.68,-1207195,-1111.5729381074825,60,-,-,-,-,-
2993,119.72,-1190451,-1712.6901928008083,60,-,-,-,-,-
2994,119.76,-1187954,-1740.0407553417772,60,-,-,-,-,-
2995,119.8,-1189330,-1349.4289316463382,60,-,-,-,-,-
2996,119.84,-1193942,-648.6632886940305,60,-,-,-,-,-
2997,119.88,-1198312,103.06580095623485,60,-,-,-,-,-
2998,119.92,-1199439,744.0709964716289,60,-,-,-,-,-
2999,119.96,-1198906,1320.3368643209396,60,-,-,-,-,-
3000,120.0,-1199341,1945.354799940179,57,57.0,-,-,-,Maximo
3001,120.04,-1207843,2833.4711161976866,57,-,-,-,-,Maximo
3002,120.08,-1209944,3264.018975779225,57,-,-,-,-,Maximo
3003,120.12,-1210862,2893.9489705943743,57,-,-,-,-,Maximo
3004,120.16,-1211484,1479.295670789175,57,-,-,-,-,Maximo
3005,120.2,-1212206,-468.00058415186436,57,-,-,-,-,Maximo
3006,120.24,-1212975,-1934.2320493817163,57,-,-,-,-,Maximo
3007,120.28,-1211871,-2371.2256684470603,57,-,-,-,-,Maximo
3008,120.32,-1208727,-2072.7673703398996,57,-,-,-,-,Maximo
3009,120.36,-1196222,-2006.8422162001007,57,-,-,-,-,Maximo
3010,120.4,-1188323,-2115.1604374832095,57,-,-,-,-,Maximo
3011,120.44,-1188481,-2041.429516680586,57,-,-,-,-,Maximo
3012,120.48,-1190300,-1534.1444335556644,57,-,-,-,-,Maximo
3013,120.52,-1194872,-496.8855492232469,57,-,-,-,-,Maximo
3014,120.56,-1199184,586.4136903558283,57,-,-,-,-,Maximo
3015,120.6,-1199180,1260.3929625381907,57,-,-,-,-,Maximo
3016,120.64,-1198548,1715.6409458918824,57,-,-,-,-,Maximo
3017,120.68,-1202499,2348.1916453599833,57,-,-,-,-,Maximo
3018,120.72,-1205432,2917.1475712074507,57,-,-,-,-,Maximo
3019,120.76,-1207425,2967.632553596911,57,-,-,-,-,Maximo
3020,120.8,-1208462,2063.962714290268,57,-,-,-,-,Maximo
3021,120.84,-1210682,433.9589451194024,57,-,-,-,-,Maximo
3022,120.88,-1211745,-1209.6549502987427,57,-,-,-,-,Maximo
3023,120.92,-1212652,-2068.286795471201,57,-,-,-,-,Maximo
3024,120.96,-1212452,-2042.100469156,57,-,-,-,-,Maximo
3025,121.0,-1212320,-1566.2140824369003,57,-,-,-,-,Maximo
3026,121.04,-1209094,-1299.2483601676358,57,-,-,-,-,Maximo
3027,121.08,-1197063,-1591.6255097002613,57,-,-,-,-,Maximo
3028,121.12,-1190801,-1723.3077355052392,57,-,-,-,-,Maximo
3029,121.16,-1189106,-1450.5019419314049,57,-,-,-,-,Maximo
3030,121.2,-1191859,-783.19679450275,57,-,-,-,-,Maximo
3031,121.24,-1196934,12.869211579709827,57,-,-,-,-,Maximo
3032,121.28,-1199601,653.9417572330385,57,-,-,-,-,Maximo
3033,121.32,-1200096,1158.4976389447193,57,-,-,-,-,Maximo
3034,121.36,-1198551,1604.0431848413077,57,-,-,-,-,Maximo
3035,121.4,-1202087,2252.1345387398587,57,-,-,-,-,Maximo
3036,121.44,-1204512,2763.988278142816,57,-,-,-,-,Maximo
3037,121.48,-1206396,2777.106873781908,57,-,-,-,-,Maximo
3038,121.52,-1208010,1940.5260225825978,57,-,-,-,-,Maximo
3039,121.56,-1211148,448.3672726938753,57,-,-,-,-,Maximo
3040,121.6,-1211742,-1114.5318254307767,57,-,-,-,-,Maximo
3041,121.64,-1211962,-1943.3162003229647,57,-,-,-,-,Maximo
3042,121.68,-1212785,-1859.1517620653408,57,-,-,-,-,Maximo
3043,121.72,-1213607,-1346.971219622776,57,-,-,-,-,Maximo
3044,121.76,-1211560,-1072.4538735973638,57,-,-,-,-,Maximo
3045,121.8,-1202279,-1354.919783148689,57,-,-,-,-,Maximo
3046,121.84,-1191306,-1761.3367340935547,57,-,-,-,-,Maximo
3047,121.88,-1188894,-1655.0161349998198,57,-,-,-,-,Maximo
3048,121.92,-1189559,-1159.3491237892313,57,-,-,-,-,Maximo
3049,121.96,-1194659,-371.9424943977749,57,-,-,-,-,Maximo
3050,122.0,-1199259,403.2275331556939,57,-,-,-,-,Maximo
3051,122.04,-1201542,1024.8429042884654,57,-,-,-,-,Maximo
3052,122.08,-1198850,1415.1141918770645,57,-,-,-,-,Maximo
3053,122.12,-1201143,1992.3776816808286,57,-,-,-,-,Maximo
3054,122.16,-1204237,2629.988548763985,57,-,-,-,-,Maximo
3055,122.2,-1204940,2905.41620916802,57,-,-,-,-,Maximo
3056,122.24,-1207319,2444.5169067195284,57,-,-,-,-,Maximo
3057,122.28,-1209527,1058.3509728246313,57,-,-,-,-,Maximo
3058,122.32,-1210304,-713.468628213956,57,-,-,-,-,Maximo
3059,122.36,-1211864,-1912.9947697719203,57,-,-,-,-,Maximo
3060,122.4,-1212894,-2126.704136590689,57,-,-,-,-,Maximo
3061,122.44,-1212351,-1660.9978701289092,57,-,-,-,-,Maximo
3062,122.48,-1210299,-1161.3272202713188,57,-,-,-,-,Maximo
3063,122.52,-1201097,-1230.1402266839887,57,-,-,-,-,Maximo
3064,122.56,-1188002,-1668.2199512902935,57,-,-,-,-,Maximo
3065,122.6,-1187095,-1606.3457959270163,57,-,-,-,-,Maximo
3066,122.64,-1191010,-1104.4067063642747,57,-,-,-,-,Maximo
3067,122.68,-1194256,-434.59865854379495,57,-,-,-,-,Maximo
3068,122.72,-1199403,322.797902804763,57,-,-,-,-,Maximo
3069,122.76,-1200321,895.2697068892894,57,-,-,-,-,Maximo
3070,122.8,-1198922,1384.8923969537318,57,-,-,-,-,Maximo
3071,122.84,-1202458,2101.370322382867,57,-,-,-,-,Maximo
3072,122.88,-1203471,2726.964617440938,57,-,-,-,-,Maximo
3073,122.92,-1205493,2988.3960773947456,57,-,-,-,-,Maximo
3074,122.96,-1208463,2387.9699137766374,57,-,-,-,-,Maximo
3075,123.0,-1210056,810.7606780865322,57,57.25,-,-,-,Maximo
3076,123.04,-1211983,-975.840196695309,57,-,-,-,-,Maximo
3077,123.08,-1213155,-2063.6402430945764,57,-,-,-,-,Maximo
3078,123.12,-1212623,-2147.166635043659,57,-,-,-,-,Maximo
3079,123.16,-1212236,-1610.282231742523,57,-,-,-,-,Maximo
3080,123.2,-1206448,-1286.9474010356862,57,-,-,-,-,Maximo
3081,123.24,-1191586,-1577.8352425561916,57,-,-,-,-,Maximo
3082,123.28,-1187465,-1674.2979456311114,57,-,-,-,-,Maximo
3083,123.32,-1188492,-1462.8156605475906,57,-,-,-,-,Maximo
3084,123.36,-1193680,-864.8126085434515,57,-,-,-,-,Maximo
3085,123.4,-1197554,-138.3357523873883,57,-,-,-,-,Maximo
3086,123.44,-1199133,558.8876564741249,57,-,-,-,-,Maximo
3087,123.48,-1197721,1146.2621885905428,57,-,-,-,-,Maximo
3088,123.52,-1198729,1823.1511136312592,57,-,-,-,-,Maximo
3089,123.56,-1201941,2579.6244852216532,57,-,-,-,-,Maximo
3090,123.6,-1205913,3130.0456569914422,57,-,-,-,-,Maximo
3091,123.64,-1207105,2870.8636380447024,57,-,-,-,-,Maximo
3092,123.68,-1209095,1623.797712956417,57,-,-,-,-,Maximo
3093,123.72,-1209774,-243.00102248708004,57,-,-,-,-,Maximo
3094,123.76,-1211177,-1685.057006368882,57,-,-,-,-,Maximo
3095,123.8,-1211381,-2110.3666420053814,57,-,-,-,-,Maximo
3096,123.84,-1213412,-1639.7955507573806,57,-,-,-,-,Maximo
3097,123.88,-1213098,-1137.049557052459,57,-,-,-,-,Maximo
3098,123.92,-1206596,-1213.26488609437,57,-,-,-,-,Maximo
3099,123.96,-1190618,-1858.936922351746,57,-,-,-,-,Maximo
3100,124.0,-1187801,-1914.018027524795,57,-,-,-,-,Maximo
3101,124.04,-1190544,-1385.4776072042187,57,-,-,-,-,Maximo
3102,124.08,-1193553,-585.9958001521006,57,-,-,-,-,Maximo
3103,124.12,-1197963,229.36571718891628,57,-,-,-,-,Maximo
3104,124.16,-1199089,759.9299230569932,57,-,-,-,-,Maximo
3105,124.2,-1197869,1112.631160194188,57,-,-,-,-,Maximo
3106,124.24,-1200316,1681.865838840482,57,-,-,-,-,Maximo
3107,124.28,-1202015,2408.917988222249,57,-,-,-,-,Maximo
3108,124.32,-1207284,3115.788939630721,57,-,-,-,-,Maximo
3109,124.36,-1208557,2912.316169468735,57,-,-,-,-,Maximo
3110,124.4,-1210474,1610.159487980408,57,-,-,-,-,Maximo
3111,124.44,-1212139,-269.66980627098883,57,-,-,-,-,Maximo
3112,124.48,-1212526,-1698.222399931574,57,-,-,-,-,Maximo
3113,124.52,-1213822,-2027.0266986709837,57,-,-,-,-,Maximo
3114,124.56,-1214322,-1632.7102886790883,57,-,-,-,-,Maximo
3115,124.6,-1211085,-1314.1664938829072,57,-,-,-,-,Maximo
3116,124.64,-1206627,-1376.1640558442905,57,-,-,-,-,Maximo
3117,124.68,-1192298,-1944.3003279401673,57,-,-,-,-,Maximo
3118,124.72,-1187501,-2008.393247856564,57,-,-,-,-,Maximo
3119,124.76,-1188854,-1481.0786928011094,57,-,-,-,-,Maximo
3120,124.8,-1192937,-606.5611135667411,57,-,-,-,-,Maximo
3121,124.84,-1196991,263.67595461585097,57,-,-,-,-,Maximo
3122,124.88,-1199972,955.4812028759061,57,-,-,-,-,Maximo
3123,124.92,-1197825,1391.7382085425443,57,-,-,-,-,Maximo
3124,124.96,-1198756,1967.0578939156494,57,-,-,-,-,Maximo
3125,125.0,-1204374,2738.8135044473056,57,-,-,-,-,Maximo
3126,125.04,-1206136,3147.4039886794244,57,-,-,-,-,Maximo
3127,125.08,-1208989,2865.6486885505674,57,-,-,-,-,Maximo
3128,125.12,-1210655,1577.6196283980025,57,-,-,-,-,Maximo
3129,125.16,-1210884,-292.3367221109429,57,-,-,-,-,Maximo
3130,125.2,-1212567,-1739.0990342060309,57,-,-,-,-,Maximo
