muestra,tiempo,ppg,ppg filtrado,spi,spi_promedio,estado,tipo evento,evento,alarma
1,0.04,-991189,-1380.662028838323,nan,-,-,-,-,-
2,0.08,-991560,-1806.5850374963018,nan,-,-,-,-,-
3,0.12,-991418,-1525.705613483712,nan,-,-,-,-,-
4,0.16,-990868,-1052.0965965568548,nan,-,-,-,-,-
5,0.2,-988723,-876.4674180959846,nan,-,-,-,-,-
6,0.24,-977857,-1264.9579803204906,nan,-,-,-,-,-
7,0.28,-971584,-1488.1984287160012,nan,-,-,-,-,-
8,0.32,-970434,-1276.4914211679425,nan,-,-,-,-,-
9,0.36,-972914,-713.8104727057826,nan,-,-,-,-,-
10,0.4,-976197,-79.09465862680645,nan,-,-,-,-,-
11,0.44,-979905,513.5987761567621,nan,-,-,-,-,-
12,0.48,-980334,970.0871167460009,nan,-,-,-,-,-
13,0.52,-979655,1412.7554811642012,nan,-,-,-,-,-
14,0.56,-983188,2014.3154429528286,nan,-,-,-,-,-
15,0.6,-985505,2471.6000827062526,nan,-,-,-,-,-
16,0.64,-986751,2471.0484410509916,nan,-,-,-,-,-
17,0.68,-988320,1741.5261431030249,nan,-,-,-,-,-
18,0.72,-989619,366.0746852029579,nan,-,-,-,-,-
19,0.76,-990482,-1038.3327028629055,nan,-,-,-,-,-
20,0.8,-991128,-1809.1936825444068,nan,-,-,-,-,-
21,0.84,-991585,-1800.1213507642008,nan,-,-,-,-,-
22,0.88,-990885,-1422.1805501418212,nan,-,-,-,-,-
23,0.92,-989024,-1147.9007379499071,nan,-,-,-,-,-
24,0.96,-982190,-1256.5820617672143,nan,-,-,-,-,-
25,1.0,-972684,-1482.4536614823228,nan,-,-,-,-,-
26,1.04,-970698,-1271.1321571198878,nan,-,-,-,-,-
27,1.08,-972735,-729.497966735612,nan,-,-,-,-,-
28,1.12,-976578,-77.02836073211142,nan,-,-,-,-,-
29,1.16,-978862,470.3575423267039,nan,-,-,-,-,-
30,1.2,-980900,946.2572711874445,nan,-,-,-,-,-
31,1.24,-979451,1294.9579119912783,nan,-,-,-,-,-
32,1.28,-980575,1757.0616911312381,nan,-,-,-,-,-
33,1.32,-982731,2224.4435528213426,nan,-,-,-,-,-
34,1.36,-985232,2412.7267634300315,nan,-,-,-,-,-
35,1.4,-986353,1917.5843267721384,nan,-,-,-,-,-
36,1.44,-987293,723.1057195851577,nan,-,-,-,-,-
37,1.48,-988534,-670.6575102856102,nan,-,-,-,-,-
38,1.52,-990394,-1550.9759436480717,nan,-,-,-,-,-
39,1.56,-991423,-1652.1778921027421,nan,-,-,-,-,-
40,1.6,-991720,-1256.3537745362532,nan,-,-,-,-,-
41,1.64,-991196,-887.3349874254395,nan,-,-,-,-,-
42,1.68,-985776,-958.577474498753,nan,-,-,-,-,-
43,1.72,-973839,-1408.4764613833686,nan,-,-,-,-,-
44,1.76,-971206,-1436.8817983533027,nan,-,-,-,-,-
45,1.8,-971893,-1094.6026918557272,nan,-,-,-,-,-
46,1.84,-975511,-501.2680518769125,nan,-,-,-,-,-
47,1.88,-978918,66.4327188201828,nan,-,-,-,-,-
48,1.92,-981275,530.2178546886544,nan,-,-,-,-,-
49,1.96,-980361,903.6345444397202,nan,-,-,-,-,-
50,2.0,-979853,1402.8534524699544,nan,-,-,-,-,-
51,2.04,-983015,2095.1075462873696,nan,-,-,-,-,-
52,2.08,-985106,2546.7193764101476,nan,-,-,-,-,-
53,2.12,-986768,2338.558797202819,nan,-,-,-,-,-
54,2.16,-987741,1263.6179500766007,nan,-,-,-,-,-
55,2.2,-989826,-214.10641036266315,nan,-,-,-,-,-
56,2.24,-989962,-1406.6243352774532,nan,-,-,-,-,-
57,2.28,-990191,-1754.3673749342322,nan,-,-,-,-,-
58,2.32,-990299,-1423.1919481676427,nan,-,-,-,-,-
59,2.36,-990437,-950.2326648187391,nan,-,-,-,-,-
60,2.4,-987000,-860.3672689185832,nan,-,-,-,-,-
61,2.44,-976841,-1243.9941109469983,nan,-,-,-,-,-
62,2.48,-971238,-1437.1302616471385,nan,-,-,-,-,-
63,2.52,-971713,-1162.3323726152757,nan,-,-,-,-,-
64,2.56,-975088,-563.5748885282101,nan,-,-,-,-,-
65,2.6,-978154,77.01569342627135,nan,-,-,-,-,-
66,2.64,-980514,623.6419449378336,nan,-,-,-,-,-
67,2.68,-979781,983.4074519642318,nan,-,-,-,-,-
68,2.72,-981645,1399.13290184367,nan,-,-,-,-,-
69,2.76,-979874,1738.4277887820244,nan,-,-,-,-,-
70,2.8,-983326,2188.422441984957,nan,-,-,-,-,-
71,2.84,-983455,2119.890892556276,nan,-,-,-,-,-
72,2.88,-987104,1427.1779242164785,nan,-,-,-,-,-
73,2.92,-989657,138.64331479294833,nan,-,-,-,-,-
74,2.96,-989911,-1099.7210116513968,nan,-,-,-,-,-
75,3.0,-990584,-1605.9966655884855,65,65.0,-,-,-,-
76,3.04,-992567,-1353.2157547752613,65,-,-,-,-,-
77,3.08,-989414,-1007.1667549524591,65,-,-,-,-,-
78,3.12,-980301,-1011.5916650882555,65,-,-,-,-,-
79,3.16,-971728,-1246.7042948058734,65,-,-,-,-,-
80,3.2,-970359,-1337.021300929273,65,-,-,-,-,-
81,3.24,-972699,-1189.9317490494868,65,-,-,-,-,-
82,3.28,-976877,-756.6761929998543,65,-,-,-,-,-
83,3.32,-979521,-167.19630010549372,65,-,-,-,-,-
84,3.36,-981521,495.64130480631593,65,-,-,-,-,-
85,3.4,-980144,1052.9258911414486,65,-,-,-,-,-
86,3.44,-981803,1710.1064448197258,65,-,-,-,-,-
87,3.48,-983881,2334.3740269764585,65,-,-,-,-,-
88,3.52,-984588,2554.428251911442,65,-,-,-,-,-
89,3.56,-986914,2043.245103609161,65,-,-,-,-,-
90,3.6,-988072,711.215039853018,65,-,-,-,-,-
91,3.64,-988574,-791.3537529314635,65,-,-,-,-,-
92,3.68,-988627,-1690.5803501667688,65,-,-,-,-,-
93,3.72,-991601,-1632.2532882279068,65,-,-,-,-,-
94,3.76,-991367,-1178.3289697010248,65,-,-,-,-,-
95,3.8,-992986,-700.4127664480112,65,-,-,-,-,-
96,3.84,-988820,-699.8651175993464,65,-,-,-,-,-
97,3.88,-973416,-1233.5511165389507,65,-,-,-,-,-
98,3.92,-970096,-1292.6509410873696,65,-,-,-,-,-
99,3.96,-971744,-973.6633396221514,65,-,-,-,-,-
100,4.0,-975852,-415.5535785378818,65,-,-,-,-,-
101,4.04,-978984,125.42242294455264,65,-,-,-,-,-
102,4.08,-980360,515.0885253743672,65,-,-,-,-,-
103,4.12,-979985,785.2361811971095,65,-,-,-,-,-
104,4.16,-980830,1205.4200072869317,65,-,-,-,-,-
105,4.2,-982513,1872.7130239664584,65,-,-,-,-,-
106,4.24,-985337,2549.4165743396943,65,-,-,-,-,-
107,4.28,-985966,2529.9394908463278,65,-,-,-,-,-
108,4.32,-988832,1552.5280515167738,65,-,-,-,-,-
109,4.36,-988794,-155.37244793807304,65,-,-,-,-,-
110,4.4,-989341,-1502.9652819017,65,-,-,-,-,-
111,4.44,-990614,-1847.9459412479214,65,-,-,-,-,-
112,4.48,-990284,-1482.4541218686627,65,-,-,-,-,-
113,4.52,-988989,-1039.9083033324978,65,-,-,-,-,-
114,4.56,-987056,-916.3809450540784,65,-,-,-,-,-
115,4.6,-975650,-1322.4580341751753,65,-,-,-,-,-
116,4.64,-971774,-1414.1621697144874,65,-,-,-,-,-
117,4.68,-971624,-1133.5795223612213,65,-,-,-,-,-
118,4.72,-976529,-486.74343676020555,65,-,-,-,-,-
119,4.76,-978470,108.2336128029051,65,-,-,-,-,-
120,4.8,-981188,649.0199108979104,65,-,-,-,-,-
121,4.84,-980911,1002.8915866734014,65,-,-,-,-,-
122,4.88,-980170,1333.7399051160583,65,-,-,-,-,-
123,4.92,-982964,1823.606032943113,65,-,-,-,-,-
124,4.96,-985149,2196.1552118072477,65,-,-,-,-,-
125,5.0,-986214,2079.2794165024015,65,-,-,-,-,-
126,5.04,-988040,1263.8719062004961,65,-,-,-,-,-
127,5.08,-990298,-36.6613779989998,65,-,-,-,-,-
128,5.12,-990139,-1227.8079472588083,65,-,-,-,-,-
129,5.16,-990452,-1657.986351063802,65,-,-,-,-,-
130,5.2,-989747,-1427.0800527722015,65,-,-,-,-,-
131,5.24,-990572,-952.7374901475587,65,-,-,-,-,-
132,5.28,-987728,-820.8861408775438,65,-,-,-,-,-
133,5.32,-979323,-1116.8421488489603,65,-,-,-,-,-
134,5.36,-971779,-1376.4369522768848,65,-,-,-,-,-
135,5.4,-972695,-1140.800340009163,65,-,-,-,-,-
136,5.44,-975765,-613.7635348755393,65,-,-,-,-,-
137,5.48,-979137,18.421856500813647,65,-,-,-,-,-
138,5.52,-981084,584.552829784714,65,-,-,-,-,-
139,5.56,-981532,1012.3221981906572,65,-,-,-,-,-
140,5.6,-980337,1301.0104976158123,65,-,-,-,-,-
141,5.64,-981656,1661.349263358703,65,-,-,-,-,-
142,5.68,-985424,2075.7810420067744,65,-,-,-,-,-
143,5.72,-985693,2068.6443267076793,65,-,-,-,-,-
144,5.76,-987837,1455.6039302201093,65,-,-,-,-,-
145,5.8,-989065,210.9854814197024,65,-,-,-,-,-
146,5.84,-990280,-1010.9168942815393,65,-,-,-,-,-
147,5.88,-990436,-1593.3074988738547,65,-,-,-,-,-
148,5.92,-990783,-1416.3732765083296,65,-,-,-,-,-
149,5.96,-989936,-984.267100978393,65,-,-,-,-,-
150,6.0,-990057,-712.7208626934553,66,65.5,-,-,-,-
151,6.04,-973902,-1257.9579947796283,66,-,-,-,-,-
152,6.08,-971690,-1397.6395022471497,66,-,-,-,-,-
153,6.12,-971740,-1233.3194865551386,66,-,-,-,-,-
154,6.16,-975084,-700.5252280487352,66,-,-,-,-,-
155,6.2,-978558,-59.13636657497773,66,-,-,-,-,-
156,6.24,-980059,477.7202346468421,66,-,-,-,-,-
157,6.28,-979443,872.4777040074987,66,-,-,-,-,-
158,6.32,-980023,1293.2609428380133,66,-,-,-,-,-
159,6.36,-981973,1816.0613433322533,66,-,-,-,-,-
160,6.4,-984690,2313.9860572355774,66,-,-,-,-,-
161,6.44,-988115,2382.053331886301,66,-,-,-,-,-
162,6.48,-989433,1551.3766591155982,66,-,-,-,-,-
163,6.52,-990573,96.7796259357442,66,-,-,-,-,-
164,6.56,-991290,-1194.0578144925398,66,-,-,-,-,-
165,6.6,-991787,-1679.7929826881546,66,-,-,-,-,-
166,6.64,-990910,-1477.2909526220997,66,-,-,-,-,-
167,6.68,-990449,-1083.0968438706009,66,-,-,-,-,-
168,6.72,-987177,-1031.911874139072,66,-,-,-,-,-
169,6.76,-974818,-1516.4842303728747,66,-,-,-,-,-
170,6.8,-971651,-1646.555928400856,66,-,-,-,-,-
171,6.84,-971627,-1364.6579867232958,66,-,-,-,-,-
172,6.88,-974811,-674.0206164792725,66,-,-,-,-,-
173,6.92,-978323,128.42555385873084,66,-,-,-,-,-
174,6.96,-980480,788.5602308478383,66,-,-,-,-,-
175,7.0,-979814,1209.899813852414,66,-,-,-,-,-
176,7.04,-980402,1610.677409938634,66,-,-,-,-,-
177,7.08,-982521,2072.7738364665047,66,-,-,-,-,-
178,7.12,-986559,2477.1820214759964,66,-,-,-,-,-
179,7.16,-987638,2301.8803155952774,66,-,-,-,-,-
180,7.2,-988637,1366.9213074951836,66,-,-,-,-,-
181,7.24,-988979,-89.20453488700787,66,-,-,-,-,-
182,7.28,-990595,-1288.9627073638496,66,-,-,-,-,-
183,7.32,-992129,-1727.4562039475452,66,-,-,-,-,-
184,7.36,-990534,-1568.9889996080824,66,-,-,-,-,-
185,7.4,-990312,-1167.0437599954134,66,-,-,-,-,-
186,7.44,-986656,-1090.4759494958125,66,-,-,-,-,-
187,7.48,-975832,-1461.4682496683126,66,-,-,-,-,-
188,7.52,-971032,-1555.2131030361033,66,-,-,-,-,-
189,7.56,-971885,-1162.9746410238859,66,-,-,-,-,-
190,7.6,-975783,-454.8910845656342,66,-,-,-,-,-
191,7.64,-980458,250.19347698932233,66,-,-,-,-,-
192,7.68,-981354,690.1027274163898,66,-,-,-,-,-
193,7.72,-980913,1027.4364301336263,66,-,-,-,-,-
194,7.76,-980929,1442.0385466272478,66,-,-,-,-,-
195,7.8,-982622,1961.2636280654615,66,-,-,-,-,-
196,7.84,-985061,2344.237599049091,66,-,-,-,-,-
197,7.88,-986619,2179.4791989699297,66,-,-,-,-,-
198,7.92,-988865,1280.796838081565,66,-,-,-,-,-
199,7.96,-989716,-156.27556361690085,66,-,-,-,-,-
200,8.0,-990586,-1361.58963154579,66,-,-,-,-,-
201,8.04,-990463,-1780.4739290176979,66,-,-,-,-,-
202,8.08,-991413,-1412.1021979993343,66,-,-,-,-,-
203,8.12,-991376,-887.0693853220573,66,-,-,-,-,-
204,8.16,-987759,-767.5167443971795,66,-,-,-,-,-
205,8.2,-978711,-1130.952979005253,66,-,-,-,-,-
206,8.24,-971796,-1426.2167962351268,66,-,-,-,-,-
207,8.28,-972043,-1233.4877555371286,66,-,-,-,-,-
208,8.32,-974037,-716.89037038729,66,-,-,-,-,-
209,8.36,-978565,-10.407127374803622,66,-,-,-,-,-
210,8.4,-981501,591.000388704023,66,-,-,-,-,-
211,8.44,-981304,979.784442594897,66,-,-,-,-,-
212,8.48,-980058,1293.6416148809672,66,-,-,-,-,-
213,8.52,-982419,1781.3610763354136,66,-,-,-,-,-
214,8.56,-984542,2232.240738279602,66,-,-,-,-,-
215,8.6,-986699,2289.968463473111,66,-,-,-,-,-
216,8.64,-988002,1574.052804428978,66,-,-,-,-,-
217,8.68,-989090,230.1175445603394,66,-,-,-,-,-
218,8.72,-989993,-1088.3326699196336,66,-,-,-,-,-
219,8.76,-990134,-1748.259423309453,66,-,-,-,-,-
220,8.8,-990926,-1590.4203583448254,66,-,-,-,-,-
221,8.84,-990599,-1100.8251980147106,66,-,-,-,-,-
222,8.88,-989156,-802.2101721495078,66,-,-,-,-,-
223,8.92,-981696,-1024.2146626112662,66,-,-,-,-,-
224,8.96,-972458,-1395.6698544814699,66,-,-,-,-,-
225,9.0,-971098,-1297.1109496939298,64,65.0,-,-,-,-
226,9.04,-978905,-621.1017872294337,64,-,-,-,-,-
227,9.08,-981043,-14.513448676391363,64,-,-,-,-,-
228,9.12,-980097,424.7391529810484,64,-,-,-,-,-
229,9.16,-980624,792.3205010436968,64,-,-,-,-,-
230,9.2,-982899,1171.6003863282076,64,-,-,-,-,-
231,9.24,-985842,1632.574933720647,64,-,-,-,-,-
232,9.28,-987193,2062.8151051254454,64,-,-,-,-,-
233,9.32,-989396,2219.294737985134,64,-,-,-,-,-
234,9.36,-990474,1624.6609534031372,64,-,-,-,-,-
235,9.4,-991033,313.61060236862954,64,-,-,-,-,-
236,9.44,-991173,-1031.7494100206316,64,-,-,-,-,-
237,9.48,-991983,-1612.4479091049823,64,-,-,-,-,-
238,9.52,-990659,-1467.2701879413448,64,-,-,-,-,-
239,9.56,-985599,-1248.4536318339278,64,-,-,-,-,-
240,9.6,-975799,-1432.1742684841847,64,-,-,-,-,-
241,9.64,-970863,-1580.8400233070224,64,-,-,-,-,-
242,9.68,-971885,-1330.0784384395402,64,-,-,-,-,-
243,9.72,-974695,-736.8546170566497,64,-,-,-,-,-
244,9.76,-978711,7.052496212015285,64,-,-,-,-,-
245,9.8,-980418,606.7912235097237,64,-,-,-,-,-
246,9.84,-16775861,497663.0386761166,64,-,-,-,-,-
247,9.88,-16775435,457450.65266229026,64,-,-,-,-,-
248,9.92,-16775379,369718.0528522134,64,-,-,-,-,-
249,9.96,-16775467,229630.04315370866,64,-,-,-,-,-
250,10.0,-16775452,49221.15015809308,64,-,-,-,-,-
251,10.04,-16775454,-143131.67098216712,64,-,-,-,-,-
252,10.08,-16775469,-342976.0659873169,64,-,-,-,-,-
253,10.12,-16775489,-616786.6704392699,64,-,-,-,-,-
254,10.16,-16775419,-1044122.379801881,64,-,-,-,-,-
255,10.2,-16775426,-1514063.35750636,64,-,-,-,-,-
256,10.24,-16775456,-1630576.8051782832,64,-,-,-,-,-
257,10.28,-16775617,-1062207.6440918134,64,-,-,-,-,-
258,10.32,-16775458,-37219.49377156468,64,-,-,-,-,-
259,10.36,-16776108,794778.7206317263,64,-,-,-,-,-
260,10.4,-16775750,1057079.150651726,64,-,-,-,-,-
261,10.44,-16774780,927371.3256239875,64,-,-,-,-,-
262,10.48,-16774497,748065.5057131354,64,-,-,-,-,-
263,10.52,-16774506,653305.2497096696,64,-,-,-,-,-
264,10.56,-16775404,593003.9332325928,64,-,-,-,-,-
265,10.6,-16775455,506858.1760844027,64,-,-,-,-,-
266,10.64,-16775314,393855.315536879,64,-,-,-,-,-
267,10.68,-16775348,280119.1969208296,64,-,-,-,-,-
268,10.72,-16775316,180962.51245284965,64,-,-,-,-,-
269,10.76,-16775424,96501.70503871934,64,-,-,-,-,-
270,10.8,-16775364,23330.45449986332,64,-,-,-,-,-
271,10.84,-16775428,-38872.311033426435,64,-,-,-,-,-
272,10.88,-16775995,-88611.86373695976,64,-,-,-,-,-
273,10.92,-16776036,-125316.02392764937,64,-,-,-,-,-
274,10.96,-16775744,-149819.4617926707,64,-,-,-,-,-
275,11.0,-16775706,-163615.16640372883,64,-,-,-,-,-
276,11.04,-16775627,-168285.4451272642,64,-,-,-,-,-
277,11.08,-16775659,-165347.46529526368,64,-,-,-,-,-
278,11.12,-16774902,-156344.8981049254,64,-,-,-,-,-
279,11.16,-16774576,-142734.22081017424,64,-,-,-,-,-
280,11.2,-16774583,-125937.02033866436,64,-,-,-,-,-
281,11.24,-16774473,-107249.64813124621,64,-,-,-,-,-
282,11.28,-16775445,-87740.70257616369,64,-,-,-,-,-
283,11.32,-16775533,-68402.44818006922,64,-,-,-,-,-
284,11.36,-16775492,-49979.30825467891,64,-,-,-,-,-
285,11.4,-16775505,-33066.323942373594,64,-,-,-,-,-
286,11.44,-16775582,-18073.033613948908,64,-,-,-,-,-
287,11.48,-16775726,-5231.939136628469,64,-,-,-,-,-
288,11.52,-16775680,5337.53307637581,64,-,-,-,-,-
289,11.56,-16775806,13625.505320979835,64,-,-,-,-,-
290,11.6,-16775751,19703.37501921873,64,-,-,-,-,-
291,11.64,-16775565,23768.874152855235,64,-,-,-,-,-
292,11.68,-16775290,26091.17492769775,64,-,-,-,-,-
293,11.72,-16775129,26948.117695110326,64,-,-,-,-,-
294,11.76,-16775336,26581.882410846716,64,-,-,-,-,-
295,11.8,-16775507,25190.45598752995,64,-,-,-,-,-
296,11.84,-16775443,22996.521394822543,64,-,-,-,-,-
297,11.88,-16775500,20263.619137164802,64,-,-,-,-,-
298,11.92,-16775640,17228.26077091054,64,-,-,-,-,-
299,11.96,-16775582,14073.6698723948,64,-,-,-,-,-
301,12.04,-16775400,7978.970225070221,nan,-,-,-,-,-
302,12.08,-16776000,5254.718565755618,nan,-,-,-,-,-
303,12.12,-16776004,2789.580380164254,nan,-,-,-,-,-
304,12.16,-16776145,649.3781140125866,nan,-,-,-,-,-
305,12.2,-16776002,-1117.984540009813,nan,-,-,-,-,-
306,12.24,-16775531,-2436.376701178415,nan,-,-,-,-,-
307,12.28,-16775260,-3256.7513109521224,nan,-,-,-,-,-
308,12.32,-16775272,-3657.068595922501,nan,-,-,-,-,-
309,12.36,-16775130,-3808.5211579481384,nan,-,-,-,-,-
310,12.4,-16775275,-3811.5345202354474,nan,-,-,-,-,-
311,12.44,-16775300,-3700.6386506444496,nan,-,-,-,-,-
312,12.48,-16775224,-3455.629576753934,nan,-,-,-,-,-
313,12.52,-16775353,-3071.951426201461,nan,-,-,-,-,-
314,12.56,-16775428,-2608.8365619199326,nan,-,-,-,-,-
315,12.6,-16775460,-2143.6784409672537,nan,-,-,-,-,-
316,12.64,-16775649,-1743.63755611726,nan,-,-,-,-,-
317,12.68,-16775720,-1461.2639759443955,nan,-,-,-,-,-
318,12.72,-16775749,-1300.5387511101999,nan,-,-,-,-,-
319,12.76,-16775394,-1256.3127231672152,nan,-,-,-,-,-
320,12.8,-16775424,-45.97882319588746,nan,-,-,-,-,-
321,12.84,-16775417,-56.320655341896966,nan,-,-,-,-,-
322,12.88,-16775348,-57.34357218503982,nan,-,-,-,-,-
323,12.92,-16775351,-55.56853139443963,nan,-,-,-,-,-
324,12.96,-16775365,-54.33440179217509,nan,-,-,-,-,-
325,13.0,-16775409,-47.60659413461921,nan,-,-,-,-,-
326,13.04,-16775378,-33.16368818999706,nan,-,-,-,-,-
327,13.08,-16775331,-7.836220484405459,nan,-,-,-,-,-
328,13.12,-16775433,26.64870156194982,nan,-,-,-,-,-
329,13.16,-16775384,45.55931464508767,nan,-,-,-,-,-
330,13.2,-16775416,45.16475086472356,nan,-,-,-,-,-
331,13.24,-16775511,30.319598151215942,nan,-,-,-,-,-
332,13.28,-16775442,9.476913372137398,nan,-,-,-,-,-
333,13.32,-16775429,-1.2185807248320302,nan,-,-,-,-,-
334,13.36,-16775419,-5.326426663183195,nan,-,-,-,-,-
335,13.4,-16775383,-7.430102303226789,nan,-,-,-,-,-
336,13.44,-16775415,-6.065912396559062,nan,-,-,-,-,-
337,13.48,-16775378,-7.330264867487561,nan,-,-,-,-,-
338,13.52,-16775360,-9.348756070290701,nan,-,-,-,-,-
339,13.56,-16775363,-10.607554814649504,nan,-,-,-,-,-
340,13.6,-16775408,-7.85387145127536,nan,-,-,-,-,-
341,13.64,-16775346,-4.801998566499947,nan,-,-,-,-,-
342,13.68,-16775463,6.2747185756588095,nan,-,-,-,-,-
343,13.72,-16775502,13.333066583909101,nan,-,-,-,-,-
344,13.76,-16775400,10.949553017214775,nan,-,-,-,-,-
345,13.8,-16775486,10.27192756837728,nan,-,-,-,-,-
346,13.84,-16775383,2.7409961202978153,nan,-,-,-,-,-
347,13.88,-16775412,0.8218018258956477,nan,-,-,-,-,-
348,13.92,-16775428,-0.8441907148201544,nan,-,-,-,-,-
349,13.96,-16775390,-5.016065801389967,nan,-,-,-,-,-
350,14.0,-16775429,-7.307781355779529,nan,-,-,-,-,-
351,14.04,-16775420,-10.026452591150873,nan,-,-,-,-,-
352,14.08,-16775437,-8.920739094417499,nan,-,-,-,-,-
353,14.12,-16775475,-3.0031491158990065,nan,-,-,-,-,-
354,14.16,-16775398,1.6387766793865985,nan,-,-,-,-,-
355,14.2,-16775442,8.175518688431106,nan,-,-,-,-,-
356,14.24,-16775374,6.326100792303642,nan,-,-,-,-,-
357,14.28,-16775384,3.3280216645242504,nan,-,-,-,-,-
358,14.32,-16775435,1.3131004915310491,nan,-,-,-,-,-
359,14.36,-16775381,-2.4587030226418776,nan,-,-,-,-,-
360,14.4,-16775425,-1.6585562110934724,nan,-,-,-,-,-
361,14.44,-16775385,-2.817915802053439,nan,-,-,-,-,-
362,14.48,-16775421,-0.5204091958027561,nan,-,-,-,-,-
363,14.52,-16775357,0.14354866027257884,nan,-,-,-,-,-
364,14.56,-16775458,6.596743422597065,nan,-,-,-,-,-
365,14.6,-16775433,7.116988073096966,nan,-,-,-,-,-
366,14.64,-16775367,3.074509165122276,nan,-,-,-,-,-
367,14.68,-16775385,-0.25487749771531476,nan,-,-,-,-,-
368,14.72,-16775408,-2.5836477240172577,nan,-,-,-,-,-
369,14.76,-16775375,-4.044076100618362,nan,-,-,-,-,-
370,14.8,-16775330,-3.9207371632999255,nan,-,-,-,-,-
371,14.84,-16775329,-2.531196252008691,nan,-,-,-,-,-
372,14.88,-16775369,-1.2127312050710657,nan,-,-,-,-,-
373,14.92,-16775379,-1.5795112506427849,nan,-,-,-,-,-
374,14.96,-16775436,0.7294958643368261,nan,-,-,-,-,-
375,15.0,-16775376,1.43017115856067,nan,65.0,-,-,-,Desconexión
376,15.04,-16775335,3.1321555784507247,nan,-,-,-,-,Desconexión
377,15.08,-16775441,7.083643740034169,nan,-,-,-,-,Desconexión
378,15.12,-16775447,5.691865758315437,nan,-,-,-,-,Desconexión
379,15.16,-16775387,2.330400340094835,nan,-,-,-,-,Desconexión
380,15.2,-16775466,3.225171910582045,nan,-,-,-,-,Desconexión
381,15.24,-16775014,-15.05790913636497,nan,-,-,-,-,Desconexión
382,15.28,-16774999,-19.828078628509928,nan,-,-,-,-,Desconexión
383,15.32,-16775046,-18.26337850219454,nan,-,-,-,-,Desconexión
384,15.36,-16775358,-1.9545408292514423,nan,-,-,-,-,Desconexión
385,15.4,-16775350,5.9853446808023705,nan,-,-,-,-,Desconexión
386,15.44,-16775329,9.408594951732042,nan,-,-,-,-,Desconexión
387,15.48,-16774908,-3.9373939970133165,nan,-,-,-,-,Desconexión
388,15.52,-16775322,12.544373102217804,nan,-,-,-,-,Desconexión
389,15.56,-16775395,26.12831237353862,nan,-,-,-,-,Desconexión
390,15.6,-16775394,39.502167112901176,nan,-,-,-,-,Desconexión
391,15.64,-16775442,41.159094376820136,nan,-,-,-,-,Desconexión
392,15.68,-16775358,14.435769202199737,nan,-,-,-,-,Desconexión
393,15.72,-16775387,-22.146084673984927,nan,-,-,-,-,Desconexión
394,15.76,-16775364,-45.16049659303265,nan,-,-,-,-,Desconexión
395,15.8,-16775412,-33.776037565714724,nan,-,-,-,-,Desconexión
396,15.84,-16775441,-7.427143595021283,nan,-,-,-,-,Desconexión
397,15.88,-16775429,1.4284284531290723,nan,-,-,-,-,Desconexión
398,15.92,-16776219,10.830143022603522,nan,-,-,-,-,Desconexión
399,15.96,-16776239,-7.232368335247429,nan,-,-,-,-,Desconexión
400,16.0,-16775454,-31.40352413938433,nan,-,-,-,-,Desconexión
401,16.04,-16775227,-22.262111352309148,nan,-,-,-,-,Desconexión
402,16.08,-16774997,-16.858219942354367,nan,-,-,-,-,Desconexión
403,16.12,-16775010,-15.330660267670396,nan,-,-,-,-,Desconexión
404,16.16,-16775369,-8.778508022763205,nan,-,-,-,-,Desconexión
405,16.2,-16775393,-14.398579662817127,nan,-,-,-,-,Desconexión
406,16.24,-16775277,-26.662118647978286,nan,-,-,-,-,Desconexión
407,16.28,-16775336,-29.066123168395954,nan,-,-,-,-,Desconexión
408,16.32,-16775483,-3.589212452978501,nan,-,-,-,-,Desconexión
409,16.36,-16775521,55.2219284861377,nan,-,-,-,-,Desconexión
410,16.4,-16775527,119.24739038001812,nan,-,-,-,-,Desconexión
411,16.44,-16775418,129.3363415047254,nan,-,-,-,-,Desconexión
412,16.48,-16775492,75.49531252088704,nan,-,-,-,-,Desconexión
413,16.52,-16775456,-9.190988578013634,nan,-,-,-,-,Desconexión
414,16.56,-16775411,-63.195531514626786,nan,-,-,-,-,Desconexión
415,16.6,-16775646,-58.03012047601777,nan,-,-,-,-,Desconexión
416,16.64,-16775591,-37.20301192395572,nan,-,-,-,-,Desconexión
417,16.68,-16775599,-22.23802330622806,nan,-,-,-,-,Desconexión
418,16.72,-16775646,-20.700839399083836,nan,-,-,-,-,Desconexión
419,16.76,-16775531,-23.88235224566597,nan,-,-,-,-,Desconexión
420,16.8,-16775501,-14.636314931902987,nan,-,-,-,-,Desconexión
421,16.84,-16775408,-5.392998555952744,nan,-,-,-,-,Desconexión
422,16.88,-16775275,-5.867189470042007,nan,-,-,-,-,Desconexión
423,16.92,-16775295,-9.948259431240956,nan,-,-,-,-,Desconexión
424,16.96,-16775382,-12.84377030095175,nan,-,-,-,-,Desconexión
425,17.0,-16775388,-12.090715671112875,nan,-,-,-,-,Desconexión
426,17.04,-16775408,-1.9610523340199322,nan,-,-,-,-,Desconexión
427,17.08,-16775318,10.24276946815431,nan,-,-,-,-,Desconexión
428,17.12,-16775275,22.95525628193728,nan,-,-,-,-,Desconexión
429,17.16,-16775413,36.136360466049354,nan,-,-,-,-,Desconexión
430,17.2,-16775344,36.215322573268786,nan,-,-,-,-,Desconexión
431,17.24,-16775393,32.704224404017964,nan,-,-,-,-,Desconexión
432,17.28,-16775426,20.45161666002798,nan,-,-,-,-,Desconexión
433,17.32,-16775333,-0.8860660802642418,nan,-,-,-,-,Desconexión
434,17.36,-16775417,-12.856875931336319,nan,-,-,-,-,Desconexión
435,17.4,-16775536,-12.32350448661586,nan,-,-,-,-,Desconexión
436,17.44,-16775547,-5.768600580022891,nan,-,-,-,-,Desconexión
437,17.48,-16775506,-1.6863321322930833,nan,-,-,-,-,Desconexión
438,17.52,-16775519,-4.164609501102984,nan,-,-,-,-,Desconexión
439,17.56,-16775318,-18.688755863413775,nan,-,-,-,-,Desconexión
440,17.6,-16775461,-18.592406853368374,nan,-,-,-,-,Desconexión
441,17.64,-16775285,-21.528108206143145,nan,-,-,-,-,Desconexión
442,17.68,-16775306,-15.337863847778095,nan,-,-,-,-,Desconexión
443,17.72,-16775206,-15.9674293781341,nan,-,-,-,-,Desconexión
444,17.76,-16775273,-14.379513146552924,nan,-,-,-,-,Desconexión
445,17.8,-16775377,-8.708805345909298,nan,-,-,-,-,Desconexión
446,17.84,-16775344,0.9443376977372253,nan,-,-,-,-,Desconexión
447,17.88,-16775412,19.323141413183336,nan,-,-,-,-,Desconexión
448,17.92,-16775339,29.134519316035945,nan,-,-,-,-,Desconexión
449,17.96,-16775431,33.8131877727094,nan,-,-,-,-,Desconexión
450,18.0,-16775432,27.248887528161504,nan,65.0,-,-,-,Desconexión
451,18.04,-16775189,10.58425408301322,nan,-,-,-,-,Desconexión
452,18.08,-16775216,2.765457279430123,nan,-,-,-,-,Desconexión
453,18.12,-16775238,-6.653088080933742,nan,-,-,-,-,Desconexión
454,18.16,-16775177,-19.16685773706455,nan,-,-,-,-,Desconexión
455,18.2,-16775193,-23.7809354017605,nan,-,-,-,-,Desconexión
456,18.24,-16775454,-11.303283326328682,nan,-,-,-,-,Desconexión
457,18.28,-16775431,-2.4984544694329713,nan,-,-,-,-,Desconexión
458,18.32,-16775393,5.01125281992141,nan,-,-,-,-,Desconexión
459,18.36,-16775391,11.266695939107722,nan,-,-,-,-,Desconexión
460,18.4,-16775365,15.764413641317695,nan,-,-,-,-,Desconexión
461,18.44,-16775427,19.605853562627573,nan,-,-,-,-,Desconexión
462,18.48,-16775463,14.010419131042351,nan,-,-,-,-,Desconexión
463,18.52,-16775428,-2.245174555189781,nan,-,-,-,-,Desconexión
464,18.56,-16775421,-19.051061018718123,nan,-,-,-,-,Desconexión
465,18.6,-16775391,-31.069550642557445,nan,-,-,-,-,Desconexión
466,18.64,-16775454,-29.91587220878728,nan,-,-,-,-,Desconexión
467,18.68,-16775552,-15.900706594997054,nan,-,-,-,-,Desconexión
468,18.72,-16775552,0.37237586782383403,nan,-,-,-,-,Desconexión
469,18.76,-16775464,7.531608812719263,nan,-,-,-,-,Desconexión
470,18.8,-16775254,-0.3480742927447409,nan,-,-,-,-,Desconexión
471,18.84,-16775244,-6.06227967495866,nan,-,-,-,-,Desconexión
472,18.88,-16775175,-8.590365505397827,nan,-,-,-,-,Desconexión
473,18.92,-16775399,4.427103271600529,nan,-,-,-,-,Desconexión
474,18.96,-16775365,8.623039601710275,nan,-,-,-,-,Desconexión
475,19.0,-16775412,9.347945074077742,nan,-,-,-,-,Desconexión
476,19.04,-16775382,4.267928165356267,nan,-,-,-,-,Desconexión
477,19.08,-16775422,6.91591154162689,nan,-,-,-,-,Desconexión
478,19.12,-16775364,16.536276482103496,nan,-,-,-,-,Desconexión
479,19.16,-16775503,35.191648327246355,nan,-,-,-,-,Desconexión
480,19.2,-16775555,39.12834799205129,nan,-,-,-,-,Desconexión
481,19.24,-16775557,22.075004987129077,nan,-,-,-,-,Desconexión
482,19.28,-16775433,-9.66567897224467,nan,-,-,-,-,Desconexión
483,19.32,-16775360,-32.59154232921922,nan,-,-,-,-,Desconexión
484,19.36,-16775447,-32.42881611985788,nan,-,-,-,-,Desconexión
485,19.4,-16775250,-27.91252655297876,nan,-,-,-,-,Desconexión
486,19.44,-16775426,-10.679361425079192,nan,-,-,-,-,Desconexión
487,19.48,-16775232,-12.79322159224047,nan,-,-,-,-,Desconexión
488,19.52,-16775407,-9.065532798082657,nan,-,-,-,-,Desconexión
489,19.56,-16775402,-9.664856351931391,nan,-,-,-,-,Desconexión
490,19.6,-16775368,-3.212269665402413,nan,-,-,-,-,Desconexión
491,19.64,-16775357,11.275740349452924,nan,-,-,-,-,Desconexión
492,19.68,-16775514,29.18733864318662,nan,-,-,-,-,Desconexión
493,19.72,-16775534,31.551673280282515,nan,-,-,-,-,Desconexión
494,19.76,-16775625,25.392844016767853,nan,-,-,-,-,Desconexión
495,19.8,-16775537,10.174180228210748,nan,-,-,-,-,Desconexión
496,19.84,-16775514,-1.0208953682310948,nan,-,-,-,-,Desconexión
497,19.88,-16775503,-9.446317181786917,nan,-,-,-,-,Desconexión
498,19.92,-16775499,-15.211839692314996,nan,-,-,-,-,Desconexión
499,19.96,-16775623,-13.344888684569657,nan,-,-,-,-,Desconexión
500,20.0,-16775445,-18.850308442924813,nan,-,-,-,-,Desconexión
501,20.04,-16775469,-19.056628883134195,nan,-,-,-,-,Desconexión
502,20.08,-16775385,-23.420885823799523,nan,-,-,-,-,Desconexión
503,20.12,-16775352,-20.594894205519424,nan,-,-,-,-,Desconexión
504,20.16,-16775393,-6.415209084634121,nan,-,-,-,-,Desconexión
505,20.2,-16775410,9.895458403941905,nan,-,-,-,-,Desconexión
506,20.24,-16775254,13.698435295939305,nan,-,-,-,-,Desconexión
507,20.28,-16775243,12.3009312261145,nan,-,-,-,-,Desconexión
508,20.32,-16775306,10.11361025716014,nan,-,-,-,-,Desconexión
509,20.36,-16775366,12.961501357897987,nan,-,-,-,-,Desconexión
510,20.4,-16775311,17.806233842188206,nan,-,-,-,-,Desconexión
511,20.44,-16775341,23.559210200288234,nan,-,-,-,-,Desconexión
512,20.48,-16775295,18.709237865786193,nan,-,-,-,-,Desconexión
513,20.52,-16775313,9.896883266392948,nan,-,-,-,-,Desconexión
514,20.56,-16775370,4.0140323182770175,nan,-,-,-,-,Desconexión
515,20.6,-16775415,3.5153468911760797,nan,-,-,-,-,Desconexión
516,20.64,-16775413,3.1910883673620276,nan,-,-,-,-,Desconexión
517,20.68,-16775383,-3.2489853559732254,nan,-,-,-,-,Desconexión
518,20.72,-16775426,-11.917985044989859,nan,-,-,-,-,Desconexión
519,20.76,-16775445,-17.53199212963151,nan,-,-,-,-,Desconexión
520,20.8,-16775391,-16.897262627507097,nan,-,-,-,-,Desconexión
521,20.84,-16775585,-4.856503920393251,nan,-,-,-,-,Desconexión
522,20.88,-16775405,-9.054155578708858,nan,-,-,-,-,Desconexión
523,20.92,-16775675,-4.242090759649031,nan,-,-,-,-,Desconexión
524,20.96,-16775579,-11.49880576746186,nan,-,-,-,-,Desconexión
525,21.0,-16775340,-18.50578537188548,nan,64.0,-,-,-,Desconexión
526,21.04,-16775410,-10.752036586024417,nan,-,-,-,-,Desconexión
527,21.08,-16775431,-4.424629867585068,nan,-,-,-,-,Desconexión
528,21.12,-16775401,-3.184069218748604,nan,-,-,-,-,Desconexión
529,21.16,-16775446,-2.245623654065488,nan,-,-,-,-,Desconexión
530,21.2,-16775411,-4.021854087409697,nan,-,-,-,-,Desconexión
531,21.24,-16775479,-0.9185807070510386,nan,-,-,-,-,Desconexión
532,21.28,-16775548,5.40444376624346,nan,-,-,-,-,Desconexión
533,21.32,-16775532,13.636579130478559,nan,-,-,-,-,Desconexión
534,21.36,-16775425,21.412489795882713,nan,-,-,-,-,Desconexión
535,21.4,-16775476,28.616779523272086,nan,-,-,-,-,Desconexión
536,21.44,-16775426,19.911877526522513,nan,-,-,-,-,Desconexión
537,21.48,-16775371,2.801077595521093,nan,-,-,-,-,Desconexión
538,21.52,-16775434,-6.957644204833873,nan,-,-,-,-,Desconexión
539,21.56,-16775358,-12.714695860988211,nan,-,-,-,-,Desconexión
540,21.6,-16775290,-14.013815462181192,nan,-,-,-,-,Desconexión
541,21.64,-16775299,-11.981564045968293,nan,-,-,-,-,Desconexión
542,21.68,-16775356,-5.55483140336019,nan,-,-,-,-,Desconexión
543,21.72,-16775432,5.597282113059563,nan,-,-,-,-,Desconexión
544,21.76,-16775435,14.057861833135448,nan,-,-,-,-,Desconexión
545,21.8,-16775468,17.427522998913943,nan,-,-,-,-,Desconexión
546,21.84,-16775529,15.485399533686746,nan,-,-,-,-,Desconexión
547,21.88,-16775540,10.288734576643819,nan,-,-,-,-,Desconexión
548,21.92,-16775573,7.455394546235944,nan,-,-,-,-,Desconexión
549,21.96,-16775425,-0.16699061914427205,nan,-,-,-,-,Desconexión
550,22.0,-16775616,0.5836453480217827,nan,-,-,-,-,Desconexión
551,22.04,-16775637,-8.629403037849421,nan,-,-,-,-,Desconexión
552,22.08,-16775575,-21.33076151165848,nan,-,-,-,-,Desconexión
553,22.12,-16775463,-29.73446137290395,nan,-,-,-,-,Desconexión
554,22.16,-16775405,-28.355775189302193,nan,-,-,-,-,Desconexión
555,22.2,-16775460,-19.052779153381294,nan,-,-,-,-,Desconexión
556,22.24,-16775323,-15.277410803358677,nan,-,-,-,-,Desconexión
557,22.28,-16775276,-8.451228231291054,nan,-,-,-,-,Desconexión
558,22.32,-16775334,1.0226443037742854,nan,-,-,-,-,Desconexión
559,22.36,-16775378,6.6579881831313585,nan,-,-,-,-,Desconexión
560,22.4,-16775413,9.553738392832571,nan,-,-,-,-,Desconexión
561,22.44,-16775289,10.764562310334451,nan,-,-,-,-,Desconexión
562,22.48,-16775328,22.74334153318038,nan,-,-,-,-,Desconexión
563,22.52,-16775473,36.00080207593746,nan,-,-,-,-,Desconexión
564,22.56,-16775437,33.27218395441618,nan,-,-,-,-,Desconexión
565,22.6,-16775458,23.929393485397355,nan,-,-,-,-,Desconexión
566,22.64,-16775566,15.501932893938516,nan,-,-,-,-,Desconexión
567,22.68,-16775453,0.24536056589109378,nan,-,-,-,-,Desconexión
568,22.72,-16775330,-14.851596896864578,nan,-,-,-,-,Desconexión
569,22.76,-16775375,-20.15738484699581,nan,-,-,-,-,Desconexión
570,22.8,-16775434,-17.62284763396159,nan,-,-,-,-,Desconexión
571,22.84,-16775408,-15.046559609821749,nan,-,-,-,-,Desconexión
572,22.88,-16775390,-16.159814012758083,nan,-,-,-,-,Desconexión
573,22.92,-16775439,-17.855674259269826,nan,-,-,-,-,Desconexión
574,22.96,-16775425,-17.046593951435987,nan,-,-,-,-,Desconexión
575,23.0,-16775420,-8.155946754294998,nan,-,-,-,-,Desconexión
576,23.04,-16775551,8.945444158390416,nan,-,-,-,-,Desconexión
577,23.08,-16775587,20.024049241160682,nan,-,-,-,-,Desconexión
578,23.12,-16775484,17.64652417590125,nan,-,-,-,-,Desconexión
579,23.16,-16775438,7.346242280796204,nan,-,-,-,-,Desconexión
580,23.2,-16775404,-4.923870643108003,nan,-,-,-,-,Desconexión
581,23.24,-16775380,-10.553097071052605,nan,-,-,-,-,Desconexión
582,23.28,-16775234,-13.30551209952364,nan,-,-,-,-,Desconexión
583,23.32,-16775311,-7.990322282305833,nan,-,-,-,-,Desconexión
584,23.36,-16775325,-7.386408062727195,nan,-,-,-,-,Desconexión
585,23.4,-16775394,-5.810270660837375,nan,-,-,-,-,Desconexión
586,23.44,-16775416,-1.885113877412877,nan,-,-,-,-,Desconexión
587,23.48,-16775398,7.34843202123615,nan,-,-,-,-,Desconexión
588,23.52,-16775468,22.33553221439567,nan,-,-,-,-,Desconexión
589,23.56,-16775490,30.43742578886524,nan,-,-,-,-,Desconexión
590,23.6,-16775569,30.483806016233515,nan,-,-,-,-,Desconexión
591,23.64,-16775592,21.31584641537563,nan,-,-,-,-,Desconexión
592,23.68,-16775507,5.1987815805169255,nan,-,-,-,-,Desconexión
593,23.72,-16775449,-11.21002064780123,nan,-,-,-,-,Desconexión
594,23.76,-16775276,-28.566493846706294,nan,-,-,-,-,Desconexión
595,23.8,-16775254,-33.2274811685659,nan,-,-,-,-,Desconexión
596,23.84,-16775469,-22.075633540522638,nan,-,-,-,-,Desconexión
597,23.88,-16775485,-14.504766242472613,nan,-,-,-,-,Desconexión
598,23.92,-16775325,-14.731274993640326,nan,-,-,-,-,Desconexión
599,23.96,-16775388,-9.005534591768573,nan,-,-,-,-,Desconexión
600,24.0,-16775374,-2.1638950745566166,nan,nan,-,-,-,Desconexión
601,24.04,-16775241,6.860374356510377,nan,-,-,-,-,Desconexión
602,24.08,-16775228,21.557840534065278,nan,-,-,-,-,Desconexión
603,24.12,-16775316,31.894021995281186,nan,-,-,-,-,Desconexión
604,24.16,-16775251,22.527497509495706,nan,-,-,-,-,Desconexión
605,24.2,-16775287,5.190968729206858,nan,-,-,-,-,Desconexión
606,24.24,-16775387,-6.983032515891537,nan,-,-,-,-,Desconexión
607,24.28,-16775391,-6.961373621814062,nan,-,-,-,-,Desconexión
608,24.32,-16775371,4.218571009996097,nan,-,-,-,-,Desconexión
609,24.36,-16775374,14.093667316708778,nan,-,-,-,-,Desconexión
610,24.4,-16775408,15.076418609806893,nan,-,-,-,-,Desconexión
611,24.44,-16775330,5.342581476846483,nan,-,-,-,-,Desconexión
612,24.48,-16775359,-3.362307353378995,nan,-,-,-,-,Desconexión
613,24.52,-16775348,-12.907564252459231,nan,-,-,-,-,Desconexión
614,24.56,-16775387,-17.843924703212164,nan,-,-,-,-,Desconexión
615,24.6,-16775445,-17.86110224080903,nan,-,-,-,-,Desconexión
616,24.64,-16775609,-10.493235020081471,nan,-,-,-,-,Desconexión
617,24.68,-16775574,-6.201501357875756,nan,-,-,-,-,Desconexión
618,24.72,-16775381,-5.650235740313704,nan,-,-,-,-,Desconexión
619,24.76,-16775366,-1.282378868524006,nan,-,-,-,-,Desconexión
620,24.8,-16775430,2.3390805718000323,nan,-,-,-,-,Desconexión
621,24.84,-16775400,0.6319537222181353,nan,-,-,-,-,Desconexión
622,24.88,-16775433,-0.9359414657489324,nan,-,-,-,-,Desconexión
623,24.92,-16775419,-6.327021961213202,nan,-,-,-,-,Desconexión
624,24.96,-16775385,-12.892054556038708,nan,-,-,-,-,Desconexión
625,25.0,-16775415,-12.722751577757375,nan,-,-,-,-,Desconexión
626,25.04,-16775390,-4.360546224592827,nan,-,-,-,-,Desconexión
627,25.08,-16775476,15.520144499118992,nan,-,-,-,-,Desconexión
628,25.12,-16775532,30.504373160635495,nan,-,-,-,-,Desconexión
629,25.16,-16775494,27.323280473807287,nan,-,-,-,-,Desconexión
630,25.2,-16775467,12.204562898125179,nan,-,-,-,-,Desconexión
631,25.24,-16775293,-6.2320450156352365,nan,-,-,-,-,Desconexión
632,25.28,-16775315,-8.592499972453496,nan,-,-,-,-,Desconexión
633,25.32,-16775438,-1.4130926321116206,nan,-,-,-,-,Desconexión
634,25.36,-16775354,-2.0591518367727293,nan,-,-,-,-,Desconexión
635,25.4,-16775300,-6.074723878096137,nan,-,-,-,-,Desconexión
636,25.44,-16775383,-7.6814864743715745,nan,-,-,-,-,Desconexión
637,25.48,-16775377,-9.055650892564152,nan,-,-,-,-,Desconexión
638,25.52,-16775375,-3.1189941922158013,nan,-,-,-,-,Desconexión
639,25.56,-16775446,11.105922645422368,nan,-,-,-,-,Desconexión
640,25.6,-16775400,19.567903863836218,nan,-,-,-,-,Desconexión
641,25.64,-16775408,19.08466814233509,nan,-,-,-,-,Desconexión
642,25.68,-16775490,10.228253182395633,nan,-,-,-,-,Desconexión
643,25.72,-16775507,-1.7561173349879766,nan,-,-,-,-,Desconexión
644,25.76,-16775421,-9.442255493046687,nan,-,-,-,-,Desconexión
645,25.8,-16775213,-15.262137161490756,nan,-,-,-,-,Desconexión
646,25.84,-16775241,-14.440356057932973,nan,-,-,-,-,Desconexión
647,25.88,-16775401,-11.183445491050868,nan,-,-,-,-,Desconexión
648,25.92,-16775402,-10.75013378843203,nan,-,-,-,-,Desconexión
649,25.96,-16775392,-7.160852147254488,nan,-,-,-,-,Desconexión
650,26.0,-16775402,-2.4280826386628185,nan,-,-,-,-,Desconexión
651,26.04,-16775358,-1.018001369043402,nan,-,-,-,-,Desconexión
652,26.08,-16775416,4.579781581189163,nan,-,-,-,-,Desconexión
653,26.12,-16775417,12.767224148807717,nan,-,-,-,-,Desconexión
654,26.16,-16775469,23.302374162477435,nan,-,-,-,-,Desconexión
655,26.2,-16775412,20.255224914209037,nan,-,-,-,-,Desconexión
656,26.24,-16775615,10.930166561581885,nan,-,-,-,-,Desconexión
657,26.28,-16775557,-10.165376572432809,nan,-,-,-,-,Desconexión
658,26.32,-16775506,-18.845289080902155,nan,-,-,-,-,Desconexión
659,26.36,-16775549,-10.635381062889362,nan,-,-,-,-,Desconexión
660,26.4,-16775361,-7.8318625744031465,nan,-,-,-,-,Desconexión
661,26.44,-16775346,-6.673975565416313,nan,-,-,-,-,Desconexión
662,26.48,-16775296,-12.091490718143703,nan,-,-,-,-,Desconexión
663,26.52,-16775239,-16.752608242824394,nan,-,-,-,-,Desconexión
664,26.56,-16775353,-11.979301388387544,nan,-,-,-,-,Desconexión
665,26.6,-16775383,-6.951838319367376,nan,-,-,-,-,Desconexión
666,26.64,-16775408,0.5544895078123346,nan,-,-,-,-,Desconexión
667,26.68,-16775424,11.506412369462609,nan,-,-,-,-,Desconexión
668,26.72,-16775431,24.014867605594354,nan,-,-,-,-,Desconexión
669,26.76,-16775571,36.97793085228312,nan,-,-,-,-,Desconexión
670,26.8,-16775393,31.260724534545133,nan,-,-,-,-,Desconexión
671,26.84,-16775405,22.45372992338827,nan,-,-,-,-,Desconexión
672,26.88,-16775505,9.898459092842991,nan,-,-,-,-,Desconexión
673,26.92,-16775481,-8.181113736847543,nan,-,-,-,-,Desconexión
674,26.96,-16775565,-18.34798231286416,nan,-,-,-,-,Desconexión
675,27.0,-16775606,-21.515150803687725,nan,nan,-,-,-,Desconexión
676,27.04,-16775445,-23.681847646543133,nan,-,-,-,-,Desconexión
677,27.08,-16775429,-18.291697370483647,nan,-,-,-,-,Desconexión
678,27.12,-16775451,-11.871585218394749,nan,-,-,-,-,Desconexión
679,27.16,-16775412,-7.130672384639247,nan,-,-,-,-,Desconexión
680,27.2,-16775325,-4.264835432391294,nan,-,-,-,-,Desconexión
681,27.24,-16775359,-1.6883154830434748,nan,-,-,-,-,Desconexión
682,27.28,-16775412,-3.4029534719702426,nan,-,-,-,-,Desconexión
683,27.32,-16775350,-7.363048548693436,nan,-,-,-,-,Desconexión
684,27.36,-16775384,-0.32205158255298016,nan,-,-,-,-,Desconexión
685,27.4,-16775410,12.885181689800199,nan,-,-,-,-,Desconexión
686,27.44,-16775399,23.051435009453847,nan,-,-,-,-,Desconexión
687,27.48,-16775432,25.70130481113395,nan,-,-,-,-,Desconexión
688,27.52,-16775388,17.799658191932863,nan,-,-,-,-,Desconexión
689,27.56,-16775433,11.002515300088305,nan,-,-,-,-,Desconexión
690,27.6,-16775376,2.6410715259396227,nan,-,-,-,-,Desconexión
691,27.64,-16775335,-4.492621933596684,nan,-,-,-,-,Desconexión
692,27.68,-16775472,-5.140206984057087,nan,-,-,-,-,Desconexión
693,27.72,-16775504,-6.555713756992972,nan,-,-,-,-,Desconexión
694,27.76,-16775259,-14.346307858914756,nan,-,-,-,-,Desconexión
695,27.8,-16775388,-9.230265896762168,nan,-,-,-,-,Desconexión
696,27.84,-16775419,-6.6362802581545814,nan,-,-,-,-,Desconexión
697,27.88,-16775364,-5.589581779899264,nan,-,-,-,-,Desconexión
698,27.92,-16775529,3.1416030883679156,nan,-,-,-,-,Desconexión
699,27.96,-16775411,1.5199651155445242,nan,-,-,-,-,Desconexión
700,28.0,-16775446,1.8247871566855323,nan,-,-,-,-,Desconexión
701,28.04,-16775448,-1.2872875370664545,nan,-,-,-,-,Desconexión
702,28.08,-16775444,-2.988968177592536,nan,-,-,-,-,Desconexión
703,28.12,-16775414,-0.6631632499286013,nan,-,-,-,-,Desconexión
704,28.16,-16775348,1.6174430139204077,nan,-,-,-,-,Desconexión
705,28.2,-16775387,1.136858896395971,nan,-,-,-,-,Desconexión
706,28.24,-16775119,-14.613483499338116,nan,-,-,-,-,Desconexión
707,28.28,-16775174,-16.63018717224962,nan,-,-,-,-,Desconexión
708,28.32,-16775153,-12.515207814017728,nan,-,-,-,-,Desconexión
709,28.36,-16775108,-3.997381838801221,nan,-,-,-,-,Desconexión
710,28.4,-16775445,15.52589737569511,nan,-,-,-,-,Desconexión
711,28.44,-16775094,8.938225174366593,nan,-,-,-,-,Desconexión
712,28.48,-16775420,21.94786376616267,nan,-,-,-,-,Desconexión
713,28.52,-16775382,23.615473129329033,nan,-,-,-,-,Desconexión
714,28.56,-16775360,25.771252663488468,nan,-,-,-,-,Desconexión
715,28.6,-16775388,26.79544196302978,nan,-,-,-,-,Desconexión
716,28.64,-16775485,23.415485740271947,nan,-,-,-,-,Desconexión
717,28.68,-16775397,5.318889275309072,nan,-,-,-,-,Desconexión
718,28.72,-16775383,-15.314170895183246,nan,-,-,-,-,Desconexión
719,28.76,-16775567,-25.42773384846889,nan,-,-,-,-,Desconexión
720,28.8,-16775480,-33.382304864954406,nan,-,-,-,-,Desconexión
721,28.84,-16775480,-29.290357115698534,nan,-,-,-,-,Desconexión
722,28.88,-16775466,-23.01304166856808,nan,-,-,-,-,Desconexión
723,28.92,-16775544,-14.750915142097583,nan,-,-,-,-,Desconexión
724,28.96,-16775513,-10.167716763815797,nan,-,-,-,-,Desconexión
725,29.0,-16775446,-6.758439496065748,nan,-,-,-,-,Desconexión
726,29.04,-16775361,-5.176202984123563,nan,-,-,-,-,Desconexión
727,29.08,-16775306,-4.320948725469208,nan,-,-,-,-,Desconexión
728,29.12,-16775087,-9.863463091700538,nan,-,-,-,-,Desconexión
729,29.16,-16775118,-6.3589422286530635,nan,-,-,-,-,Desconexión
730,29.2,-16775168,1.471358471275508,nan,-,-,-,-,Desconexión
731,29.24,-16775316,14.520836417968326,nan,-,-,-,-,Desconexión
732,29.28,-16775275,19.011859201750894,nan,-,-,-,-,Desconexión
733,29.32,-16775362,24.859911326027117,nan,-,-,-,-,Desconexión
734,29.36,-16775382,29.83282243648182,nan,-,-,-,-,Desconexión
735,29.4,-16775212,30.77703727665416,nan,-,-,-,-,Desconexión
736,29.44,-16775203,34.053412382848244,nan,-,-,-,-,Desconexión
737,29.48,-16775297,32.04596809826239,nan,-,-,-,-,Desconexión
738,29.52,-16775416,19.827796580489263,nan,-,-,-,-,Desconexión
739,29.56,-16775366,-5.841492697350574,nan,-,-,-,-,Desconexión
740,29.6,-16775805,-14.726910830687132,nan,-,-,-,-,Desconexión
741,29.64,-16775360,-40.1136886367666,nan,-,-,-,-,Desconexión
742,29.68,-16775437,-33.32840183781697,nan,-,-,-,-,Desconexión
743,29.72,-16775814,-7.96528581859144,nan,-,-,-,-,Desconexión
744,29.76,-16776163,14.908305020349587,nan,-,-,-,-,Desconexión
745,29.8,-16776200,17.657979036129348,nan,-,-,-,-,Desconexión
746,29.84,-16776095,1.9834512216321087,nan,-,-,-,-,Desconexión
747,29.88,-16775940,-24.153273556344658,nan,-,-,-,-,Desconexión
748,29.92,-16775332,-60.179496466224805,nan,-,-,-,-,Desconexión
749,29.96,-16774710,-79.87009504021603,nan,-,-,-,-,Desconexión
750,30.0,-16775330,-43.617742129908294,nan,nan,-,-,-,Desconexión
751,30.04,-16775349,-25.65113264322669,nan,-,-,-,-,Desconexión
752,30.08,-16775326,-23.810139324237404,nan,-,-,-,-,Desconexión
753,30.12,-16775393,-28.552927717200177,nan,-,-,-,-,Desconexión
754,30.16,-16775455,-15.417194705863096,nan,-,-,-,-,Desconexión
755,30.2,-16775428,31.356029036775993,nan,-,-,-,-,Desconexión
756,30.24,-16775492,101.14046546750643,nan,-,-,-,-,Desconexión
757,30.28,-16775570,152.1132603784634,nan,-,-,-,-,Desconexión
758,30.32,-16775950,159.93597849956035,nan,-,-,-,-,Desconexión
759,30.36,-16775937,96.31438770591501,nan,-,-,-,-,Desconexión
760,30.4,-16776077,11.065701635436909,nan,-,-,-,-,Desconexión
761,30.44,-16775787,-62.215446294863284,nan,-,-,-,-,Desconexión
762,30.48,-16775242,-92.25180839788209,nan,-,-,-,-,Desconexión
763,30.52,-16774561,-95.37737571847276,nan,-,-,-,-,Desconexión
764,30.56,-16774981,-64.26034393296146,nan,-,-,-,-,Desconexión
765,30.6,-16775288,-48.81719773285903,nan,-,-,-,-,Desconexión
766,30.64,-16775410,-45.05225121262828,nan,-,-,-,-,Desconexión
767,30.68,-16776299,-14.073032871538317,nan,-,-,-,-,Desconexión
768,30.72,-16775361,-30.22564481222973,nan,-,-,-,-,Desconexión
769,30.76,-16775405,5.394694147868719,nan,-,-,-,-,Desconexión
770,30.8,-16775391,57.50203828998508,nan,-,-,-,-,Desconexión
771,30.84,-16775444,108.48304144298376,nan,-,-,-,-,Desconexión
772,30.88,-16775429,118.59128003771771,nan,-,-,-,-,Desconexión
773,30.92,-16775375,64.72811586427977,nan,-,-,-,-,Desconexión
774,30.96,-16774850,-47.778290985229035,nan,-,-,-,-,Desconexión
775,31.0,-16775244,-113.75153952602267,nan,-,-,-,-,Desconexión
776,31.04,-16775151,-124.61083182418075,nan,-,-,-,-,Desconexión
777,31.08,-16775208,-60.0110779498215,nan,-,-,-,-,Desconexión
778,31.12,-16775210,21.59901246448085,nan,-,-,-,-,Desconexión
779,31.16,-16775949,86.83343181172688,nan,-,-,-,-,Desconexión
780,31.2,-16775616,62.65217104050339,nan,-,-,-,-,Desconexión
781,31.24,-16774930,8.493324148569513,nan,-,-,-,-,Desconexión
782,31.28,-16774490,-16.791159263219015,nan,-,-,-,-,Desconexión
783,31.32,-16775290,18.07025789147653,nan,-,-,-,-,Desconexión
784,31.36,-16775361,22.180646485393993,nan,-,-,-,-,Desconexión
785,31.4,-16775411,4.045769345423224,nan,-,-,-,-,Desconexión
786,31.44,-16775376,-25.688403027555722,nan,-,-,-,-,Desconexión
787,31.48,-16775365,-44.77732775299877,nan,-,-,-,-,Desconexión
788,31.52,-16775326,-43.843454277613645,nan,-,-,-,-,Desconexión
789,31.56,-16775517,-7.275305162000649,nan,-,-,-,-,Desconexión
790,31.6,-16775966,58.03759991102987,nan,-,-,-,-,Desconexión
791,31.64,-16775403,70.27136882416733,nan,-,-,-,-,Desconexión
792,31.68,-16775364,37.01778247878113,nan,-,-,-,-,Desconexión
793,31.72,-16775912,-20.852834805452062,nan,-,-,-,-,Desconexión
794,31.76,-16775882,-71.33926982123751,nan,-,-,-,-,Desconexión
795,31.8,-16776023,-53.52214393179267,nan,-,-,-,-,Desconexión
796,31.84,-16775953,-13.562050943835587,nan,-,-,-,-,Desconexión
797,31.88,-16775940,5.68430066511057,nan,-,-,-,-,Desconexión
798,31.92,-16775922,-7.755276988236574,nan,-,-,-,-,Desconexión
799,31.96,-16775494,-38.00135576479994,nan,-,-,-,-,Desconexión
800,32.0,-16775672,-26.64781490245531,nan,-,-,-,-,Desconexión
801,32.04,-16775277,-18.986312181005815,nan,-,-,-,-,Desconexión
802,32.08,-16774704,-29.541940479528535,nan,-,-,-,-,Desconexión
803,32.12,-16775570,-11.77897647349019,nan,-,-,-,-,Desconexión
804,32.16,-16775210,-24.72412228934163,nan,-,-,-,-,Desconexión
805,32.2,-16774854,-9.244804766516083,nan,-,-,-,-,Desconexión
806,32.24,-16774842,32.341560210349854,nan,-,-,-,-,Desconexión
807,32.28,-16775169,75.78470807965158,nan,-,-,-,-,Desconexión
808,32.32,-16775278,95.12507511093185,nan,-,-,-,-,Desconexión
809,32.36,-16775351,100.47899693005758,nan,-,-,-,-,Desconexión
810,32.4,-16775426,94.60122844771234,nan,-,-,-,-,Desconexión
811,32.44,-16775382,69.18149696823846,nan,-,-,-,-,Desconexión
812,32.48,-16775331,27.721735670230828,nan,-,-,-,-,Desconexión
813,32.52,-16775609,-3.259020579437106,nan,-,-,-,-,Desconexión
814,32.56,-16775735,-18.56469922169623,nan,-,-,-,-,Desconexión
815,32.6,-16775380,-33.69855074482359,nan,-,-,-,-,Desconexión
816,32.64,-16775323,-50.325564963887786,nan,-,-,-,-,Desconexión
817,32.68,-16427056,-11030.299938691373,nan,-,-,-,-,Desconexión
818,32.72,-16441840,-9686.686875492538,nan,-,-,-,-,Desconexión
819,32.76,-16442545,-7741.605652309991,nan,-,-,-,-,Desconexión
820,32.8,-16675895,2641.411462431366,nan,-,-,-,-,Desconexión
821,32.84,-16677322,5950.306099237292,nan,-,-,-,-,Desconexión
822,32.88,-16677371,8699.473574852047,nan,-,-,-,-,Desconexión
823,32.92,-16664455,10405.032188644866,nan,-,-,-,-,Desconexión
824,32.96,-16663942,13583.279148219517,nan,-,-,-,-,Desconexión
825,33.0,-16592808,17752.39920600778,nan,nan,-,-,-,Desconexión
826,33.04,-16449641,20572.323442010995,nan,-,-,-,-,Desconexión
827,33.08,-16450517,19581.853795359122,nan,-,-,-,-,Desconexión
828,33.12,-16673024,9162.040297088155,nan,-,-,-,-,Desconexión
829,33.16,-16672360,-18253.781286658166,nan,-,-,-,-,Desconexión
830,33.2,-16671989,-35924.42280598368,nan,-,-,-,-,Desconexión
831,33.24,-16732493,-29598.18137572948,nan,-,-,-,-,Desconexión
832,33.28,-16673757,-12382.5956645983,nan,-,-,-,-,Desconexión
833,33.32,-16665974,5223.3903881023725,nan,-,-,-,-,Desconexión
834,33.36,-16733144,15743.049728131857,nan,-,-,-,-,Desconexión
835,33.4,-16733574,14883.989375284646,nan,-,-,-,-,Desconexión
836,33.44,-16767978,6539.308583190263,nan,-,-,-,-,Desconexión
837,33.48,-16767499,-9744.459547710012,nan,-,-,-,-,Desconexión
838,33.52,-16669906,-27016.04578791937,nan,-,-,-,-,Desconexión
839,33.56,-16666600,-28217.232849864886,nan,-,-,-,-,Desconexión
840,33.6,-16668152,-16092.646295047045,nan,-,-,-,-,Desconexión
841,33.64,-16767884,1413.2317077428197,nan,-,-,-,-,Desconexión
842,33.68,-16768305,8475.25042107656,nan,-,-,-,-,Desconexión
843,33.72,-16748052,6894.351588947649,nan,-,-,-,-,Desconexión
844,33.76,-16710503,1956.0716455794245,nan,-,-,-,-,Desconexión
845,33.8,-16680924,230.03471950086532,nan,-,-,-,-,Desconexión
846,33.84,-16680832,4707.222364356137,nan,-,-,-,-,Desconexión
847,33.88,-16438783,3879.9861449735763,nan,-,-,-,-,Desconexión
848,33.92,-16445930,7745.275795764042,nan,-,-,-,-,Desconexión
849,33.96,-16771589,14712.42948219832,nan,-,-,-,-,Desconexión
850,34.0,-16669413,3450.9511740033777,nan,-,-,-,-,Desconexión
851,34.04,-16669895,-1349.1413299171982,nan,-,-,-,-,Desconexión
852,34.08,-16669973,1914.7321991322751,nan,-,-,-,-,Desconexión
853,34.12,-16670856,10363.604145530924,nan,-,-,-,-,Desconexión
854,34.16,-16649023,16769.786819997076,nan,-,-,-,-,Desconexión
855,34.2,-16709803,21066.279021042094,nan,-,-,-,-,Desconexión
856,34.24,-16734454,18484.153571236704,nan,-,-,-,-,Desconexión
857,34.28,-16768409,8202.278262581225,nan,-,-,-,-,Desconexión
858,34.32,-16763334,-10768.20968112036,nan,-,-,-,-,Desconexión
859,34.36,-16715962,-28075.570393691727,nan,-,-,-,-,Desconexión
860,34.4,-16671525,-29738.599113973163,nan,-,-,-,-,Desconexión
861,34.44,-16760347,-13618.670305382815,nan,-,-,-,-,Desconexión
862,34.48,-16758295,-1716.5263566908811,nan,-,-,-,-,Desconexión
863,34.52,-16574094,-5919.857273630594,nan,-,-,-,-,Desconexión
864,34.56,-16569941,-10653.9465721499,nan,-,-,-,-,Desconexión
865,34.6,-16422552,-18335.50413648915,nan,-,-,-,-,Desconexión
866,34.64,-16671812,-7408.985192638203,nan,-,-,-,-,Desconexión
867,34.68,-16670780,926.6996381871868,nan,-,-,-,-,Desconexión
868,34.72,-16668388,10566.85775623707,nan,-,-,-,-,Desconexión
869,34.76,-16668926,16318.245232301073,nan,-,-,-,-,Desconexión
870,34.8,-16670192,16186.695259495464,nan,-,-,-,-,Desconexión
871,34.84,-16669577,14408.658238667504,nan,-,-,-,-,Desconexión
872,34.88,-16670827,16446.26694314548,nan,-,-,-,-,Desconexión
873,34.92,-16665442,19378.004544654115,nan,-,-,-,-,Desconexión
874,34.96,-16665393,14111.654061063682,nan,-,-,-,-,Desconexión
875,35.0,-16667024,-2616.887619915931,nan,-,-,-,-,Desconexión
876,35.04,-16667157,-20432.834516656054,nan,-,-,-,-,Desconexión
877,35.08,-16668972,-25563.090893223824,nan,-,-,-,-,Desconexión
878,35.12,-16668942,-16607.24061542836,nan,-,-,-,-,Desconexión
879,35.16,-16670903,-4344.80975336277,nan,-,-,-,-,Desconexión
880,35.2,-16694654,2309.2124712371033,nan,-,-,-,-,Desconexión
881,35.24,-16749968,3810.1628666521865,nan,-,-,-,-,Desconexión
882,35.28,-16749822,2229.2745736184734,nan,-,-,-,-,Desconexión
883,35.32,-16746849,1675.5082260323973,nan,-,-,-,-,Desconexión
884,35.36,-16775336,2522.056424667345,nan,-,-,-,-,Desconexión
885,35.4,-16775795,1836.7346323703323,nan,-,-,-,-,Desconexión
886,35.44,-16775570,561.1117192407473,nan,-,-,-,-,Desconexión
887,35.48,-16775363,-907.9393842634599,nan,-,-,-,-,Desconexión
888,35.52,-16775307,-2721.8739587213204,nan,-,-,-,-,Desconexión
889,35.56,-16775227,-5074.6734105864925,nan,-,-,-,-,Desconexión
890,35.6,-16775090,-7097.780206423191,nan,-,-,-,-,Desconexión
891,35.64,-16775029,-7073.269596963113,nan,-,-,-,-,Desconexión
892,35.68,-16775619,-4275.881042030163,nan,-,-,-,-,Desconexión
893,35.72,-16775343,-420.4471347938688,nan,-,-,-,-,Desconexión
894,35.76,-16775287,2398.3463162210637,nan,-,-,-,-,Desconexión
895,35.8,-16775276,3779.2544282179388,nan,-,-,-,-,Desconexión
896,35.84,-16775365,4612.259918257021,nan,-,-,-,-,Desconexión
897,35.88,-16774201,5137.758495942284,nan,-,-,-,-,Desconexión
898,35.92,-16774268,5094.371687249015,nan,-,-,-,-,Desconexión
899,35.96,-16775066,4445.00530455967,nan,-,-,-,-,Desconexión
900,36.0,-16775162,3537.943674891965,nan,nan,-,-,-,Desconexión
901,36.04,-16776380,2752.076845517562,nan,-,-,-,-,Desconexión
902,36.08,-16776210,2059.764368710372,nan,-,-,-,-,Desconexión
903,36.12,-16776287,1426.9127372815674,nan,-,-,-,-,Desconexión
904,36.16,-16775902,824.7424611113111,nan,-,-,-,-,Desconexión
905,36.2,-16775852,298.37699214101576,nan,-,-,-,-,Desconexión
906,36.24,-16775330,-176.83556416137162,nan,-,-,-,-,Desconexión
907,36.28,-16775830,-552.7172058535825,nan,-,-,-,-,Desconexión
908,36.32,-16775527,-906.706737483616,nan,-,-,-,-,Desconexión
909,36.36,-16775511,-1193.150401046642,nan,-,-,-,-,Desconexión
910,36.4,-16775381,-1354.5753597735265,nan,-,-,-,-,Desconexión
911,36.44,-16775285,-1355.1473210563513,nan,-,-,-,-,Desconexión
912,36.48,-16775495,-1225.0999179577755,nan,-,-,-,-,Desconexión
913,36.52,-16775482,-1045.3311977107896,nan,-,-,-,-,Desconexión
914,36.56,-16775316,-888.5931401110336,nan,-,-,-,-,Desconexión
915,36.6,-16775394,-759.1070787699025,nan,-,-,-,-,Desconexión
916,36.64,-16775215,-671.8565145620321,nan,-,-,-,-,Desconexión
917,36.68,-16775668,-562.2537802663516,nan,-,-,-,-,Desconexión
918,36.72,-16775766,-444.8373532266846,nan,-,-,-,-,Desconexión
919,36.76,-16775732,-320.0334941375979,nan,-,-,-,-,Desconexión
920,36.8,-16775726,-206.17255246616605,nan,-,-,-,-,Desconexión
921,36.84,-16775776,-136.91671245016414,nan,-,-,-,-,Desconexión
922,36.88,-16775414,-80.01651865289068,nan,-,-,-,-,Desconexión
923,36.92,-16775672,17.887105068716437,nan,-,-,-,-,Desconexión
924,36.96,-16774396,28.733139000611118,nan,-,-,-,-,Desconexión
925,37.0,-16775623,107.43727604721573,nan,-,-,-,-,Desconexión
926,37.04,-16775729,124.66701862362976,nan,-,-,-,-,Desconexión
927,37.08,-16775615,125.98973650056627,nan,-,-,-,-,Desconexión
928,37.12,-16775859,148.4953894354157,nan,-,-,-,-,Desconexión
929,37.16,-16775610,173.48397156862487,nan,-,-,-,-,Desconexión
930,37.2,-16775557,197.53828560451436,nan,-,-,-,-,Desconexión
931,37.24,-16776129,225.84169415884134,nan,-,-,-,-,Desconexión
932,37.28,-16776064,212.63670194071977,nan,-,-,-,-,Desconexión
933,37.32,-16775811,167.41780627749415,nan,-,-,-,-,Desconexión
934,37.36,-16775075,76.66829583629539,nan,-,-,-,-,Desconexión
935,37.4,-16775682,24.115865906640295,nan,-,-,-,-,Desconexión
936,37.44,-16775037,-46.28376657920684,nan,-,-,-,-,Desconexión
937,37.48,-16775531,-36.87879990603929,nan,-,-,-,-,Desconexión
938,37.52,-16775119,-12.17940176384124,nan,-,-,-,-,Desconexión
939,37.56,-16775259,0.998206113930511,nan,-,-,-,-,Desconexión
940,37.6,-16775283,10.276407316584738,nan,-,-,-,-,Desconexión
941,37.64,-16775341,1.849746646393669,nan,-,-,-,-,Desconexión
942,37.68,-16775382,23.513052893384668,nan,-,-,-,-,Desconexión
943,37.72,-16775368,61.62473679263138,nan,-,-,-,-,Desconexión
944,37.76,-16775379,75.15624416803306,nan,-,-,-,-,Desconexión
945,37.8,-16776205,69.7894663463278,nan,-,-,-,-,Desconexión
946,37.84,-16776266,21.803578067936144,nan,-,-,-,-,Desconexión
947,37.88,-16776063,-19.35955841997503,nan,-,-,-,-,Desconexión
948,37.92,-16775503,-51.452837028301076,nan,-,-,-,-,Desconexión
949,37.96,-16775543,-59.20168467439811,nan,-,-,-,-,Desconexión
950,38.0,-16776165,-50.6521577466109,nan,-,-,-,-,Desconexión
951,38.04,-16776243,-56.606220741294635,nan,-,-,-,-,Desconexión
952,38.08,-16776897,-40.31160793254145,nan,-,-,-,-,Desconexión
953,38.12,-16776318,-68.4659139884175,nan,-,-,-,-,Desconexión
954,38.16,-16775496,-107.96172125449834,nan,-,-,-,-,Desconexión
955,38.2,-16774938,-117.64506302913514,nan,-,-,-,-,Desconexión
956,38.24,-16774881,-72.11793471763974,nan,-,-,-,-,Desconexión
957,38.28,-16774902,0.8018044026407551,nan,-,-,-,-,Desconexión
958,38.32,-16775396,59.16299691926747,nan,-,-,-,-,Desconexión
959,38.36,-16775659,43.655476775611646,nan,-,-,-,-,Desconexión
960,38.4,-16774828,-32.85039834779677,nan,-,-,-,-,Desconexión
961,38.44,-16775307,-21.07767556442903,nan,-,-,-,-,Desconexión
962,38.48,-16775607,61.13831642591231,nan,-,-,-,-,Desconexión
963,38.52,-16775563,165.08414043013528,nan,-,-,-,-,Desconexión
964,38.56,-16775610,223.45142930780645,nan,-,-,-,-,Desconexión
965,38.6,-16775574,178.70926406254182,nan,-,-,-,-,Desconexión
966,38.64,-16775533,56.44142763938511,nan,-,-,-,-,Desconexión
967,38.68,-16775547,-62.83707514093663,nan,-,-,-,-,Desconexión
968,38.72,-16775627,-112.39862846330466,nan,-,-,-,-,Desconexión
969,38.76,-16776220,-75.69442638039277,nan,-,-,-,-,Desconexión
970,38.8,-16776176,-42.37475574726881,nan,-,-,-,-,Desconexión
971,38.84,-16775896,-47.2825037940805,nan,-,-,-,-,Desconexión
972,38.88,-16775852,-68.20002044723154,nan,-,-,-,-,Desconexión
973,38.92,-16775360,-87.34307079603866,nan,-,-,-,-,Desconexión
974,38.96,-16774514,-87.88459924951007,nan,-,-,-,-,Desconexión
975,39.0,-16774805,-45.58117249556443,nan,nan,-,-,-,Desconexión
976,39.04,-16776081,9.30983076890027,nan,-,-,-,-,Desconexión
977,39.08,-16776156,4.829324743861548,nan,-,-,-,-,Desconexión
978,39.12,-16776083,-7.6883258386596935,nan,-,-,-,-,Desconexión
979,39.16,-16776133,3.501574168664348,nan,-,-,-,-,Desconexión
980,39.2,-16776113,42.637154341819304,nan,-,-,-,-,Desconexión
981,39.24,-16775608,81.73884858485752,nan,-,-,-,-,Desconexión
982,39.28,-16774851,95.43339025072976,nan,-,-,-,-,Desconexión
983,39.32,-16775663,110.47700318352699,nan,-,-,-,-,Desconexión
984,39.36,-16775676,37.025015685461526,nan,-,-,-,-,Desconexión
985,39.4,-16775632,-74.9234963060149,nan,-,-,-,-,Desconexión
986,39.44,-16775623,-151.2257117011842,nan,-,-,-,-,Desconexión
987,39.48,-16775638,-131.91112652592986,nan,-,-,-,-,Desconexión
988,39.52,-16775534,-38.97721379240903,nan,-,-,-,-,Desconexión
989,39.56,-16775578,62.01850358657288,nan,-,-,-,-,Desconexión
990,39.6,-16776367,137.64530609844735,nan,-,-,-,-,Desconexión
991,39.64,-16775582,106.67373566734096,nan,-,-,-,-,Desconexión
992,39.68,-16775633,57.624352280745896,nan,-,-,-,-,Desconexión
993,39.72,-16775357,-20.944725958137184,nan,-,-,-,-,Desconexión
994,39.76,-16775330,-66.41101866432692,nan,-,-,-,-,Desconexión
995,39.8,-16774766,-78.20096621048162,nan,-,-,-,-,Desconexión
996,39.84,-16774871,-40.448718477588784,nan,-,-,-,-,Desconexión
997,39.88,-16775699,7.782820685886634,nan,-,-,-,-,Desconexión
998,39.92,-16776026,14.075140573613794,nan,-,-,-,-,Desconexión
999,39.96,-16774960,-28.89154149465321,nan,-,-,-,-,Desconexión
1000,40.0,-16774903,-16.63571961724412,nan,-,-,-,-,Desconexión
1001,40.04,-16774971,25.72119280165593,nan,-,-,-,-,Desconexión
1002,40.08,-16775698,87.47829268803213,nan,-,-,-,-,Desconexión
1003,40.12,-16775694,94.64607140789587,nan,-,-,-,-,Desconexión
1004,40.16,-16775695,65.59821610472613,nan,-,-,-,-,Desconexión
1005,40.2,-16775682,10.05588492378007,nan,-,-,-,-,Desconexión
1006,40.24,-16775689,-51.289788308659865,nan,-,-,-,-,Desconexión
1007,40.28,-16775606,-83.55668131748713,nan,-,-,-,-,Desconexión
1008,40.32,-16775567,-53.18916382681769,nan,-,-,-,-,Desconexión
1009,40.36,-16775557,6.5538976158534865,nan,-,-,-,-,Desconexión
1010,40.4,-16775587,21.12168041380957,nan,-,-,-,-,Desconexión
1011,40.44,-16775580,-33.17735553941928,nan,-,-,-,-,Desconexión
1012,40.48,-16775608,-90.41498699311222,nan,-,-,-,-,Desconexión
1013,40.52,-16775595,-87.29524547451015,nan,-,-,-,-,Desconexión
1014,40.56,-16775550,-31.974987080040194,nan,-,-,-,-,Desconexión
1015,40.6,-16775506,21.504571018629022,nan,-,-,-,-,Desconexión
1016,40.64,-16775852,53.305742055181184,nan,-,-,-,-,Desconexión
1017,40.68,-16775570,39.469542062599494,nan,-,-,-,-,Desconexión
1018,40.72,-16775502,26.454763515983927,nan,-,-,-,-,Desconexión
1019,40.76,-16775413,14.884598056686116,nan,-,-,-,-,Desconexión
1020,40.8,-16775206,2.147869108929001,nan,-,-,-,-,Desconexión
1021,40.84,-16775461,7.840303824325034,nan,-,-,-,-,Desconexión
1022,40.88,-16678936,-3025.5638750228172,nan,-,-,-,-,Desconexión
1023,40.92,-16684479,-2600.8893458790844,nan,-,-,-,-,Desconexión
1024,40.96,-16695638,-1726.679758329994,nan,-,-,-,-,Desconexión
1025,41.0,-16717237,-252.9732222560233,nan,-,-,-,-,Desconexión
1026,41.04,-16748653,1670.783800633566,nan,-,-,-,-,Desconexión
1027,41.08,-16762155,2913.0747539423246,nan,-,-,-,-,Desconexión
1028,41.12,-16768993,3756.2161759809387,nan,-,-,-,-,Desconexión
1029,41.16,-980998,-491790.0252953116,nan,-,-,-,-,Desconexión
1030,41.2,-981279,-449611.77036336344,nan,-,-,-,-,Desconexión
1031,41.24,-984401,-359729.9357479438,nan,-,-,-,-,Desconexión
1032,41.28,-986259,-220104.14083998118,nan,-,-,-,-,Desconexión
1033,41.32,-988683,-45142.135245788144,nan,-,-,-,-,Desconexión
1034,41.36,-989991,138219.80872527603,nan,-,-,-,-,Desconexión
1035,41.4,-991719,330664.83607967617,nan,-,-,-,-,Desconexión
1036,41.44,-992732,602526.7562252069,nan,-,-,-,-,Desconexión
1037,41.48,-993152,1032911.7859260887,nan,-,-,-,-,Desconexión
1038,41.52,-993620,1507721.2157672937,nan,-,-,-,-,Desconexión
1039,41.56,-993083,1628149.2281573955,nan,-,-,-,-,Desconexión
1040,41.6,-988558,1061829.787445065,nan,-,-,-,-,Desconexión
1041,41.64,-976384,37434.52622917085,nan,-,-,-,-,Desconexión
1042,41.68,-973921,-794069.5591162946,nan,-,-,-,-,Desconexión
1043,41.72,-975097,-1055827.3464025774,nan,-,-,-,-,Desconexión
1044,41.76,-979616,-925472.7464596806,nan,-,-,-,-,Desconexión
1045,41.8,-982668,-745615.4126824358,nan,-,-,-,-,Desconexión
1046,41.84,-985064,-650456.433377839,nan,-,-,-,-,Desconexión
1047,41.88,-981287,-590049.9628492609,nan,-,-,-,-,Desconexión
1048,41.92,-984514,-503634.3715978293,nan,-,-,-,-,Desconexión
1049,41.96,-986880,-390380.2448342624,nan,-,-,-,-,Desconexión
1050,42.0,-989068,-276554.60852001095,nan,nan,-,-,-,-
1051,42.04,-990899,-177881.97072757035,nan,-,-,-,-,-
1052,42.08,-992987,-94673.0374175231,nan,-,-,-,-,-
1053,42.12,-993449,-23211.992324640043,nan,-,-,-,-,-
1054,42.16,-994044,37663.47746519651,nan,-,-,-,-,-
1055,42.2,-993683,86904.70590985939,nan,-,-,-,-,-
1056,42.24,-992812,123720.89214944979,nan,-,-,-,-,-
1057,42.28,-988779,148329.18614964205,nan,-,-,-,-,-
1058,42.32,-976408,161757.30868903676,nan,-,-,-,-,-
1059,42.36,-973318,166262.64170402155,nan,-,-,-,-,-
1060,42.4,-973906,163485.42992420733,nan,-,-,-,-,-
1061,42.44,-977901,155045.2665610492,nan,-,-,-,-,-
1062,42.48,-980705,142156.04575776556,nan,-,-,-,-,-
1063,42.52,-982820,126064.11351296579,nan,-,-,-,-,-
1064,42.56,-981815,107898.70916812531,nan,-,-,-,-,-
1065,42.6,-982931,88988.65086552865,nan,-,-,-,-,-
1066,42.64,-987260,70344.06431903038,nan,-,-,-,-,-
1067,42.68,-988431,52352.56952514319,nan,-,-,-,-,-
1068,42.72,-990379,35327.919404195796,nan,-,-,-,-,-
1069,42.76,-991352,19368.268110449193,nan,-,-,-,-,-
1070,42.8,-992693,5091.608570377226,nan,-,-,-,-,-
1071,42.84,-993389,-6655.064366136881,nan,-,-,-,-,-
1072,42.88,-993612,-15347.11327677287,nan,-,-,-,-,-
1073,42.92,-993175,-21236.8385489216,nan,-,-,-,-,-
1074,42.96,-992074,-25031.73388872684,nan,-,-,-,-,-
1075,43.0,-984000,-27502.72839122008,nan,-,-,-,-,-
1076,43.04,-973711,-28648.920733779094,nan,-,-,-,-,-
1077,43.08,-971368,-28104.540878060718,nan,-,-,-,-,-
1078,43.12,-975561,-26058.2832669067,nan,-,-,-,-,-
1079,43.16,-979878,-23113.76449230977,nan,-,-,-,-,-
1080,43.2,-983988,-19705.85444701635,nan,-,-,-,-,-
1081,43.24,-984127,-16224.280342805698,nan,-,-,-,-,-
1082,43.28,-982098,-12731.940941470923,nan,-,-,-,-,-
1083,43.32,-985398,-9060.622225644027,nan,-,-,-,-,-
1084,43.36,-988154,-5564.154010242077,nan,-,-,-,-,-
1085,43.4,-990537,-2622.0445015196055,nan,-,-,-,-,-
1086,43.44,-991376,-752.5071271818415,nan,-,-,-,-,-
1087,43.48,-992180,-22.700473565131688,nan,-,-,-,-,-
1088,43.52,-993515,131.26438553762273,nan,-,-,-,-,-
1089,43.56,-993362,442.5252160075688,nan,-,-,-,-,-
1090,43.6,-993379,1279.2015258816318,nan,-,-,-,-,-
1091,43.64,-992617,2252.6841045056717,nan,-,-,-,-,-
1092,43.68,-990635,2810.6430605532078,nan,-,-,-,-,-
1093,43.72,-979967,2548.036197657315,nan,-,-,-,-,-
1094,43.76,-973264,2166.6310081951215,nan,-,-,-,-,-
1095,43.8,-973542,2141.841945026563,nan,-,-,-,-,-
1096,43.84,-977580,2446.7146515049044,nan,-,-,-,-,-
1097,43.88,-981228,2782.777288316137,nan,-,-,-,-,-
1098,43.92,-983153,2944.125044153492,nan,-,-,-,-,-
1099,43.96,-981968,2910.16338225471,nan,-,-,-,-,-
1100,44.0,-983284,2993.7731362831782,nan,-,-,-,-,-
1101,44.04,-985834,3250.220731253359,nan,-,-,-,-,-
1102,44.08,-988453,3555.9263853850935,nan,-,-,-,-,-
1103,44.12,-990220,2298.508053495477,nan,-,-,-,-,-
1104,44.16,-991695,1521.4819939455397,nan,-,-,-,-,-
1105,44.2,-992202,93.45949495724813,nan,-,-,-,-,-
1106,44.24,-993093,-1235.7744704644856,nan,-,-,-,-,-
1107,44.28,-993798,-1802.8945863399938,nan,-,-,-,-,-
1108,44.32,-993240,-1617.014273968973,nan,-,-,-,-,-
1109,44.36,-992086,-1200.0360636122582,nan,-,-,-,-,-
1110,44.4,-983429,-1254.7829156340977,nan,-,-,-,-,-
1111,44.44,-974901,-1533.861939989949,nan,-,-,-,-,-
1112,44.48,-973867,-1481.000160745507,nan,-,-,-,-,-
1113,44.52,-975205,-1053.3332260381821,nan,-,-,-,-,-
1114,44.56,-977742,-375.51424487081704,nan,-,-,-,-,-
1115,44.6,-981722,341.4629677242292,nan,-,-,-,-,-
1116,44.64,-982288,825.368707917427,nan,-,-,-,-,-
1117,44.68,-981080,1185.4296421423855,nan,-,-,-,-,-
1118,44.72,-984911,1754.366345434345,nan,-,-,-,-,-
1119,44.76,-985794,2235.2735543103427,nan,-,-,-,-,-
1120,44.8,-987980,2454.34854694985,nan,-,-,-,-,-
1121,44.84,-990600,1997.7279310313415,nan,-,-,-,-,-
1122,44.88,-991360,774.0224003475905,nan,-,-,-,-,-
1123,44.92,-992927,-597.9673581743459,nan,-,-,-,-,-
1124,44.96,-994012,-1482.5824064198105,nan,-,-,-,-,-
1125,45.0,-993995,-1651.5385506314665,64,64.0,-,-,-,Maximo
1126,45.04,-993191,-1382.5552316771864,64,-,-,-,-,Maximo
1127,45.08,-991783,-1125.632445868141,64,-,-,-,-,Maximo
1128,45.12,-981036,-1370.2133275996584,64,-,-,-,-,Maximo
1129,45.16,-973729,-1573.896284440114,64,-,-,-,-,Maximo
1130,45.2,-974089,-1373.0586467995217,64,-,-,-,-,Maximo
1131,45.24,-976414,-882.8072050204255,64,-,-,-,-,Maximo
1132,45.28,-983059,-127.81777938823961,64,-,-,-,-,Maximo
1133,45.32,-983740,432.522871109898,64,-,-,-,-,Maximo
1134,45.36,-982766,878.911814474221,64,-,-,-,-,Maximo
1135,45.4,-984023,1371.3805254099666,64,-,-,-,-,Maximo
1136,45.44,-985783,1902.814180670278,64,-,-,-,-,Maximo
1137,45.48,-987731,2366.745822483911,64,-,-,-,-,Maximo
1138,45.52,-988861,2394.5977139317324,64,-,-,-,-,Maximo
1139,45.56,-990017,1656.5348132167014,64,-,-,-,-,Maximo
1140,45.6,-990178,218.03515427729894,64,-,-,-,-,Maximo
1141,45.64,-993068,-1107.90331904026,64,-,-,-,-,Maximo
1142,45.68,-992272,-1789.9328219790839,64,-,-,-,-,Maximo
1143,45.72,-994277,-1516.2538349731176,64,-,-,-,-,Maximo
1144,45.76,-992796,-1026.8776315125501,64,-,-,-,-,Maximo
1145,45.8,-988477,-859.6860457629973,64,-,-,-,-,Maximo
1146,45.84,-977139,-1216.1631866190546,64,-,-,-,-,Maximo
1147,45.88,-973881,-1305.072827616792,64,-,-,-,-,Maximo
1148,45.92,-974449,-1037.365420967707,64,-,-,-,-,Maximo
1149,45.96,-978033,-496.6342124515526,64,-,-,-,-,Maximo
1150,46.0,-981867,56.47279895702013,64,-,-,-,-,Maximo
1151,46.04,-983504,470.70083480476205,64,-,-,-,-,Maximo
1152,46.08,-982198,787.0016315402077,64,-,-,-,-,Maximo
1153,46.12,-983198,1274.9611723918815,64,-,-,-,-,Maximo
1154,46.16,-984955,1876.845961338372,64,-,-,-,-,Maximo
1155,46.2,-987513,2348.141749738207,64,-,-,-,-,Maximo
1156,46.24,-989319,2211.0125578996913,64,-,-,-,-,Maximo
1157,46.28,-990309,1233.5005043824399,64,-,-,-,-,Maximo
1158,46.32,-990899,-219.78677420726558,64,-,-,-,-,Maximo
1159,46.36,-991184,-1385.2722137293213,64,-,-,-,-,Maximo
1160,46.4,-991393,-1737.885775353286,64,-,-,-,-,Maximo
1161,46.44,-993160,-1355.3796634287633,64,-,-,-,-,Maximo
1162,46.48,-993631,-873.343159850165,64,-,-,-,-,Maximo
1163,46.52,-990468,-782.6486500656911,64,-,-,-,-,Maximo
1164,46.56,-979884,-1183.7323812385875,64,-,-,-,-,Maximo
1165,46.6,-974951,-1350.3737289876717,64,-,-,-,-,Maximo
1166,46.64,-973690,-1121.7880942857491,64,-,-,-,-,Maximo
1167,46.68,-977077,-512.453074808662,64,-,-,-,-,Maximo
1168,46.72,-980325,117.55541175011922,64,-,-,-,-,Maximo
1169,46.76,-983383,602.2173495745865,64,-,-,-,-,Maximo
1170,46.8,-981662,797.3061280905554,64,-,-,-,-,Maximo
1171,46.84,-982792,1106.2835002928305,64,-,-,-,-,Maximo
1172,46.88,-985054,1619.7361322565139,64,-,-,-,-,Maximo
1173,46.92,-985793,2129.014681299842,64,-,-,-,-,Maximo
1174,46.96,-989220,2318.120353612284,64,-,-,-,-,Maximo
1175,47.0,-990793,1639.2568293240447,64,-,-,-,-,Maximo
1176,47.04,-991134,269.1709973430766,64,-,-,-,-,Maximo
1177,47.08,-991471,-1047.2534106389492,64,-,-,-,-,Maximo
1178,47.12,-993490,-1610.5500801792414,64,-,-,-,-,Maximo
1179,47.16,-992377,-1519.6671543586197,64,-,-,-,-,Maximo
1180,47.2,-991972,-1108.1434053143976,64,-,-,-,-,Maximo
1181,47.24,-990793,-890.7853784179933,64,-,-,-,-,Maximo
1182,47.28,-980032,-1237.5432612195527,64,-,-,-,-,Maximo
1183,47.32,-973767,-1454.3501571777488,64,-,-,-,-,Maximo
1184,47.36,-972711,-1276.6326780694544,64,-,-,-,-,Maximo
1185,47.4,-974013,-766.4405638757494,64,-,-,-,-,Maximo
1186,47.44,-978701,-39.06953368329732,64,-,-,-,-,Maximo
1187,47.48,-982598,598.6277528118344,64,-,-,-,-,Maximo
1188,47.52,-983268,1014.4982668243756,64,-,-,-,-,Maximo
1189,47.56,-982142,1338.2737456373407,64,-,-,-,-,Maximo
1190,47.6,-984708,1830.8389310118246,64,-,-,-,-,Maximo
1191,47.64,-985516,2227.9324884381012,64,-,-,-,-,Maximo
1192,47.68,-988178,2323.943374925233,64,-,-,-,-,Maximo
1193,47.72,-989430,1671.9791318971784,64,-,-,-,-,Maximo
1194,47.76,-991457,392.90606745434434,64,-,-,-,-,Maximo
1195,47.8,-992039,-1009.0091107713656,64,-,-,-,-,Maximo
1196,47.84,-992910,-1807.4522947833045,64,-,-,-,-,Maximo
1197,47.88,-992150,-1841.272733435854,64,-,-,-,-,Maximo
1198,47.92,-993032,-1330.6138253589388,64,-,-,-,-,Maximo
1199,47.96,-991232,-930.6258374994859,64,-,-,-,-,Maximo
1200,48.0,-984671,-976.21413109065,65,64.5,-,-,-,Maximo
1201,48.04,-972846,-1359.4756294575309,65,-,-,-,-,Maximo
1202,48.08,-976667,-1135.6785985603792,65,-,-,-,-,Maximo
1203,48.12,-980098,-693.2993289120723,65,-,-,-,-,Maximo
1204,48.16,-981466,-158.6900326859045,65,-,-,-,-,Maximo
1205,48.2,-981513,351.05855225725827,65,-,-,-,-,Maximo
1206,48.24,-982735,820.5226355225741,65,-,-,-,-,Maximo
1207,48.28,-983109,1188.4174154616153,65,-,-,-,-,Maximo
1208,48.32,-985983,1643.4457766340956,65,-,-,-,-,Maximo
1209,48.36,-987698,2061.814618563393,65,-,-,-,-,Maximo
1210,48.4,-990029,2219.9141645638056,65,-,-,-,-,Maximo
1211,48.44,-991338,1666.5420585402176,65,-,-,-,-,Maximo
1212,48.48,-993247,472.36483753707444,65,-,-,-,-,Maximo
1213,48.52,-993095,-793.1415141003034,65,-,-,-,-,Maximo
1214,48.56,-993903,-1350.7775923773204,65,-,-,-,-,Maximo
1215,48.6,-993094,-1279.5880781404055,65,-,-,-,-,Maximo
1216,48.64,-990683,-1100.1967696588522,65,-,-,-,-,Maximo
1217,48.68,-979264,-1401.315247449551,65,-,-,-,-,Maximo
1218,48.72,-973715,-1613.3080477014246,65,-,-,-,-,Maximo
1219,48.76,-973101,-1510.7599637737449,65,-,-,-,-,Maximo
1220,48.8,-974985,-1067.341532619324,65,-,-,-,-,Maximo
1221,48.84,-978904,-383.46355763491374,65,-,-,-,-,Maximo
1222,48.88,-982744,325.2420167976561,65,-,-,-,-,Maximo
1223,48.92,-980301,777.9782629810402,65,-,-,-,-,Maximo
1224,48.96,-982316,1340.047965520338,65,-,-,-,-,Maximo
1225,49.0,-984664,1925.2831032369477,65,-,-,-,-,Maximo
1226,49.04,-987241,2425.070483801107,65,-,-,-,-,Maximo
1227,49.08,-989277,2466.5524266273296,65,-,-,-,-,Maximo
1228,49.12,-989725,1684.6171839384883,65,-,-,-,-,Maximo
1229,49.16,-991287,309.8025347225239,65,-,-,-,-,Maximo
1230,49.2,-992396,-1042.521342642301,65,-,-,-,-,Maximo
1231,49.24,-991930,-1764.6420554384788,65,-,-,-,-,Maximo
1232,49.28,-993052,-1665.4762916939144,65,-,-,-,-,Maximo
1233,49.32,-991887,-1302.1639296131139,65,-,-,-,-,Maximo
1234,49.36,-989912,-1100.7562223562745,65,-,-,-,-,Maximo
1235,49.4,-979700,-1388.3392311525404,65,-,-,-,-,Maximo
1236,49.44,-973241,-1520.5165984124287,65,-,-,-,-,Maximo
1237,49.48,-973118,-1192.8965935458937,65,-,-,-,-,Maximo
1238,49.52,-975545,-578.2017421435926,65,-,-,-,-,Maximo
1239,49.56,-980401,129.29478342913353,65,-,-,-,-,Maximo
1240,49.6,-983759,688.7439732076118,65,-,-,-,-,Maximo
1241,49.64,-983661,1050.7868062651942,65,-,-,-,-,Maximo
1242,49.68,-982286,1363.3721438730931,65,-,-,-,-,Maximo
1243,49.72,-984355,1833.5200143618158,65,-,-,-,-,Maximo
1244,49.76,-987037,2268.1274367755286,65,-,-,-,-,Maximo
1245,49.8,-988305,2266.467281174456,65,-,-,-,-,Maximo
1246,49.84,-989978,1548.156209426003,65,-,-,-,-,Maximo
1247,49.88,-990517,167.8416179841115,65,-,-,-,-,Maximo
1248,49.92,-991136,-1191.711400303161,65,-,-,-,-,Maximo
1249,49.96,-993414,-1800.972796337087,65,-,-,-,-,Maximo
1250,50.0,-993499,-1641.2400572442791,65,-,-,-,-,Maximo
1251,50.04,-992697,-1106.8313230901445,65,-,-,-,-,Maximo
1252,50.08,-991397,-745.5317028280283,65,-,-,-,-,Maximo
1253,50.12,-983031,-970.1732770439594,65,-,-,-,-,Maximo
1254,50.16,-974057,-1333.3188136576227,65,-,-,-,-,Maximo
1255,50.2,-971873,-1266.8505271419053,65,-,-,-,-,Maximo
1256,50.24,-973911,-787.419283599465,65,-,-,-,-,Maximo
1257,50.28,-979063,-111.35010049842549,65,-,-,-,-,Maximo
1258,50.32,-981601,407.09053027184655,65,-,-,-,-,Maximo
1259,50.36,-983060,815.3520543116401,65,-,-,-,-,Maximo
1260,50.4,-982635,1197.675724859927,65,-,-,-,-,Maximo
1261,50.44,-983676,1723.847315378719,65,-,-,-,-,Maximo
1262,50.48,-985672,2260.9508016896216,65,-,-,-,-,Maximo
1263,50.52,-987666,2451.253362697861,65,-,-,-,-,Maximo
1264,50.56,-989493,1923.5161629678469,65,-,-,-,-,Maximo
1265,50.6,-990585,636.7944126618854,65,-,-,-,-,Maximo
1266,50.64,-991779,-841.3800151629481,65,-,-,-,-,Maximo
1267,50.68,-991396,-1814.3915422773694,65,-,-,-,-,Maximo
1268,50.72,-993552,-1828.2042554705295,65,-,-,-,-,Maximo
1269,50.76,-992676,-1381.3910420437794,65,-,-,-,-,Maximo
1270,50.8,-992078,-931.4827889579124,65,-,-,-,-,Maximo
1271,50.84,-987394,-913.7128863090929,65,-,-,-,-,Maximo
1272,50.88,-975710,-1305.0630315329217,65,-,-,-,-,Maximo
1273,50.92,-972422,-1328.9471844591208,65,-,-,-,-,Maximo
1274,50.96,-973126,-978.9857809749883,65,-,-,-,-,Maximo
1275,51.0,-976504,-366.1884897048735,61,63.333333333333336,-,-,-,Maximo
1276,51.04,-983247,368.11123152999517,61,-,-,-,-,Maximo
1277,51.08,-983112,784.3531981078204,61,-,-,-,-,Maximo
1278,51.12,-981712,1085.3128676421006,61,-,-,-,-,Maximo
1279,51.16,-984371,1552.9995167504203,61,-,-,-,-,Maximo
1280,51.2,-986728,2080.0627453318057,61,-,-,-,-,Maximo
1281,51.24,-988599,2438.779371713824,61,-,-,-,-,Maximo
1282,51.28,-989863,2198.718581624972,61,-,-,-,-,Maximo
1283,51.32,-989872,1099.5126930546833,61,-,-,-,-,Maximo
1284,51.36,-990659,-442.63434618787005,61,-,-,-,-,Maximo
1285,51.4,-991829,-1647.5550911246764,61,-,-,-,-,Maximo
1286,51.44,-991992,-1992.819529352495,61,-,-,-,-,Maximo
1287,51.48,-992516,-1568.3875266970722,61,-,-,-,-,Maximo
1288,51.52,-991055,-1064.888436324757,61,-,-,-,-,Maximo
1289,51.56,-983552,-1062.9957857420513,61,-,-,-,-,Maximo
1290,51.6,-973683,-1357.2059762301324,61,-,-,-,-,Maximo
1291,51.64,-973114,-1218.2563121861076,61,-,-,-,-,Maximo
1292,51.68,-975136,-720.6981821123936,61,-,-,-,-,Maximo
1293,51.72,-979067,-57.22633753980972,61,-,-,-,-,Maximo
1294,51.76,-982511,484.466916827565,61,-,-,-,-,Maximo
1295,51.8,-983133,797.9636985772304,61,-,-,-,-,Maximo
1296,51.84,-982605,1066.0138165884364,61,-,-,-,-,Maximo
1297,51.88,-982606,1469.9394611282178,61,-,-,-,-,Maximo
1298,51.92,-984893,2010.9435134561386,61,-,-,-,-,Maximo
1299,51.96,-987582,2295.5249992571908,61,-,-,-,-,Maximo
1300,52.0,-988963,1843.7761333900094,61,-,-,-,-,Maximo
1301,52.04,-991854,688.6976352756565,61,-,-,-,-,Maximo
1302,52.08,-992813,-728.375803970056,61,-,-,-,-,Maximo
1303,52.12,-993423,-1603.3982228722034,61,-,-,-,-,Maximo
1304,52.16,-993388,-1651.6545016848331,61,-,-,-,-,Maximo
1305,52.2,-993165,-1192.3655058880563,61,-,-,-,-,Maximo
1306,52.24,-990946,-836.2752622067828,61,-,-,-,-,Maximo
1307,52.28,-983271,-984.54855913766,61,-,-,-,-,Maximo
1308,52.32,-974068,-1390.1872992034241,61,-,-,-,-,Maximo
1309,52.36,-972811,-1436.2239446664207,61,-,-,-,-,Maximo
1310,52.4,-974411,-1093.6801877650933,61,-,-,-,-,Maximo
1311,52.44,-977994,-435.9137945992479,61,-,-,-,-,Maximo
1312,52.48,-982003,318.5214162972534,61,-,-,-,-,Maximo
1313,52.52,-982176,896.0439401338372,61,-,-,-,-,Maximo
1314,52.56,-981927,1374.0069628902002,61,-,-,-,-,Maximo
1315,52.6,-983660,1874.788804568483,61,-,-,-,-,Maximo
1316,52.64,-985246,2307.527687092279,61,-,-,-,-,Maximo
1317,52.68,-986839,2432.9277102105198,61,-,-,-,-,Maximo
1318,52.72,-989066,1920.9549785351228,61,-,-,-,-,Maximo
1319,52.76,-989946,673.3432120682523,61,-,-,-,-,Maximo
1320,52.8,-990859,-750.2630447399183,61,-,-,-,-,Maximo
1321,52.84,-991810,-1646.8094983194987,61,-,-,-,-,Maximo
1322,52.88,-991607,-1764.8435165203464,61,-,-,-,-,Maximo
1323,52.92,-991959,-1345.3361950010412,61,-,-,-,-,Maximo
1324,52.96,-991879,-935.0239953002788,61,-,-,-,-,Maximo
1325,53.0,-988612,-892.587529768025,61,-,-,-,-,Maximo
1326,53.04,-977301,-1264.671247343451,61,-,-,-,-,Maximo
1327,53.08,-973126,-1310.081260931378,61,-,-,-,-,Maximo
1328,53.12,-973523,-988.6506104288501,61,-,-,-,-,Maximo
1329,53.16,-976898,-412.33301050415645,61,-,-,-,-,Maximo
1330,53.2,-982059,248.3682812729494,61,-,-,-,-,Maximo
1331,53.24,-982517,686.8346893513553,61,-,-,-,-,Maximo
1332,53.28,-981240,985.482901794283,61,-,-,-,-,Maximo
1333,53.32,-982285,1349.292122876168,61,-,-,-,-,Maximo
1334,53.36,-985065,1829.2304903388176,61,-,-,-,-,Maximo
1335,53.4,-986642,2208.8177621290197,61,-,-,-,-,Maximo
1336,53.44,-988010,2135.360537410555,61,-,-,-,-,Maximo
1337,53.48,-988831,1275.5829062611879,61,-,-,-,-,Maximo
1338,53.52,-990445,-103.1870005467531,61,-,-,-,-,Maximo
1339,53.56,-991240,-1309.6116690534964,61,-,-,-,-,Maximo
1340,53.6,-992913,-1681.523251702854,61,-,-,-,-,Maximo
1341,53.64,-992922,-1368.3535687096721,61,-,-,-,-,Maximo
1342,53.68,-993422,-876.6919809839153,61,-,-,-,-,Maximo
1343,53.72,-989817,-814.1993181590224,61,-,-,-,-,Maximo
1344,53.76,-980070,-1203.4992050667151,61,-,-,-,-,Maximo
1345,53.8,-973161,-1418.538568559523,61,-,-,-,-,Maximo
1346,53.84,-972522,-1163.309241517295,61,-,-,-,-,Maximo
1347,53.88,-975593,-619.0148678205906,61,-,-,-,-,Maximo
1348,53.92,-979799,-42.71939587726729,61,-,-,-,-,Maximo
1349,53.96,-982745,429.84137416253907,61,-,-,-,-,Maximo
1350,54.0,-982576,792.5613818301626,67,64.25,-,-,-,Maximo
1351,54.04,-984110,1280.9538205825247,67,-,-,-,-,Maximo
1352,54.08,-987466,1917.246418349464,67,-,-,-,-,Maximo
1353,54.12,-988002,2386.8567170398755,67,-,-,-,-,Maximo
1354,54.16,-990149,2445.279382281423,67,-,-,-,-,Maximo
1355,54.2,-990569,1646.1161965539204,67,-,-,-,-,Maximo
1356,54.24,-992094,227.36705809871978,67,-,-,-,-,Maximo
1357,54.28,-992720,-1189.9708438071968,67,-,-,-,-,Maximo
1358,54.32,-992742,-1919.5918178906659,67,-,-,-,-,Maximo
1359,54.36,-992158,-1858.3491793550315,67,-,-,-,-,Maximo
1360,54.4,-990968,-1442.9274905247157,67,-,-,-,-,Maximo
1361,54.44,-982472,-1345.3219574705909,67,-,-,-,-,Maximo
1362,54.48,-974209,-1407.736269216808,67,-,-,-,-,Maximo
1363,54.52,-972495,-1233.4238205019974,67,-,-,-,-,Maximo
1364,54.56,-976187,-725.9200425812546,67,-,-,-,-,Maximo
1365,54.6,-979155,-140.82534356508495,67,-,-,-,-,Maximo
1366,54.64,-982061,424.06174766312597,67,-,-,-,-,Maximo
1367,54.68,-981971,832.885010641704,67,-,-,-,-,Maximo
1368,54.72,-981371,1206.9650307733268,67,-,-,-,-,Maximo
1369,54.76,-983415,1698.4752341419062,67,-,-,-,-,Maximo
1370,54.8,-984612,2132.8249632845564,67,-,-,-,-,Maximo
1371,54.84,-986504,2280.130752284391,67,-,-,-,-,Maximo
1372,54.88,-988563,1765.1308394406592,67,-,-,-,-,Maximo
1373,54.92,-989443,531.4850612287505,67,-,-,-,-,Maximo
1374,54.96,-991180,-797.2935662462658,67,-,-,-,-,Maximo
1375,55.0,-991103,-1591.7497680631554,67,-,-,-,-,Maximo
1376,55.04,-993825,-1485.0720392887288,67,-,-,-,-,Maximo
1377,55.08,-993452,-1061.5755305488615,67,-,-,-,-,Maximo
1378,55.12,-991680,-794.99631332543,67,-,-,-,-,Maximo
1379,55.16,-983848,-1017.9801285739541,67,-,-,-,-,Maximo
1380,55.2,-975200,-1370.5382189165157,67,-,-,-,-,Maximo
1381,55.24,-972789,-1364.6964527981927,67,-,-,-,-,Maximo
1382,55.28,-974861,-975.2494933704729,67,-,-,-,-,Maximo
1383,55.32,-977762,-416.2371678512093,67,-,-,-,-,Maximo
1384,55.36,-981505,173.45259934335445,67,-,-,-,-,Maximo
1385,55.4,-981249,577.8581608451168,67,-,-,-,-,Maximo
1386,55.44,-981358,999.028175874636,67,-,-,-,-,Maximo
1387,55.48,-982878,1570.6647409759798,67,-,-,-,-,Maximo
1388,55.52,-986394,2244.5051678023165,67,-,-,-,-,Maximo
1389,55.56,-987378,2523.0885214062773,67,-,-,-,-,Maximo
1390,55.6,-988407,2071.580493819103,67,-,-,-,-,Maximo
1391,55.64,-990430,892.1612817647756,67,-,-,-,-,Maximo
1392,55.68,-990544,-562.5462742591308,67,-,-,-,-,Maximo
1393,55.72,-992351,-1458.0768399218578,67,-,-,-,-,Maximo
1394,55.76,-993184,-1592.5632718776726,67,-,-,-,-,Maximo
1395,55.8,-991473,-1320.9364958123715,67,-,-,-,-,Maximo
1396,55.84,-990850,-1030.5753352523975,67,-,-,-,-,Maximo
1397,55.88,-983592,-1189.4564389793177,67,-,-,-,-,Maximo
1398,55.92,-974653,-1468.9809620784363,67,-,-,-,-,Maximo
1399,55.96,-972140,-1352.2346064747835,67,-,-,-,-,Maximo
1400,56.0,-974154,-862.9337529205732,67,-,-,-,-,Maximo
1401,56.04,-978316,-229.9558994180345,67,-,-,-,-,Maximo
1402,56.08,-981544,321.9231169794957,67,-,-,-,-,Maximo
1403,56.12,-982047,737.0093825355707,67,-,-,-,-,Maximo
1404,56.16,-980106,1094.2963962304893,67,-,-,-,-,Maximo
1405,56.2,-982933,1661.2465678893232,67,-,-,-,-,Maximo
1406,56.24,-984922,2167.3535608567936,67,-,-,-,-,Maximo
1407,56.28,-986647,2361.6108991460223,67,-,-,-,-,Maximo
1408,56.32,-987619,1894.941837153508,67,-,-,-,-,Maximo
1409,56.36,-988596,733.4652210609938,67,-,-,-,-,Maximo
1410,56.4,-991016,-611.2106447742997,67,-,-,-,-,Maximo
1411,56.44,-992481,-1503.3891094739465,67,-,-,-,-,Maximo
1412,56.48,-994123,-1565.6253210290351,67,-,-,-,-,Maximo
1413,56.52,-992621,-1202.2726904612227,67,-,-,-,-,Maximo
1414,56.56,-991370,-872.622521366447,67,-,-,-,-,Maximo
1415,56.6,-983557,-1068.7501028198167,67,-,-,-,-,Maximo
1416,56.64,-973433,-1465.086346815071,67,-,-,-,-,Maximo
1417,56.68,-973132,-1361.6456248434934,67,-,-,-,-,Maximo
1418,56.72,-973077,-1003.5214860998049,67,-,-,-,-,Maximo
1419,56.76,-977866,-403.8180129927184,67,-,-,-,-,Maximo
1420,56.8,-981206,116.75139994899382,67,-,-,-,-,Maximo
1421,56.84,-981986,562.8246734516924,67,-,-,-,-,Maximo
1422,56.88,-980897,1050.625454250871,67,-,-,-,-,Maximo
1423,56.92,-981342,1690.6506021940963,67,-,-,-,-,Maximo
1424,56.96,-984262,2347.2144498721373,67,-,-,-,-,Maximo
1425,57.0,-986725,2595.423229175596,64,64.25,-,-,-,Maximo
1426,57.04,-989281,2116.596479412824,64,-,-,-,-,Maximo
1427,57.08,-990024,852.79776218609,64,-,-,-,-,Maximo
1428,57.12,-991111,-599.1159965737136,64,-,-,-,-,Maximo
1429,57.16,-991865,-1549.612198726858,64,-,-,-,-,Maximo
1430,57.2,-991843,-1695.554441846005,64,-,-,-,-,Maximo
1431,57.24,-991689,-1293.8559794054468,64,-,-,-,-,Maximo
1432,57.28,-990167,-931.3489418887566,64,-,-,-,-,Maximo
1433,57.32,-978360,-1217.8759897078999,64,-,-,-,-,Maximo
1434,57.36,-973710,-1473.53585792784,64,-,-,-,-,Maximo
1435,57.4,-973816,-1427.1081736623582,64,-,-,-,-,Maximo
1436,57.44,-975309,-993.0482452895267,64,-,-,-,-,Maximo
1437,57.48,-980271,-216.33207647919016,64,-,-,-,-,Maximo
1438,57.52,-981861,438.5532689225847,64,-,-,-,-,Maximo
1439,57.56,-981466,888.6220132801272,64,-,-,-,-,Maximo
1440,57.6,-981948,1291.5749704051645,64,-,-,-,-,Maximo
1441,57.64,-983735,1775.093533944747,64,-,-,-,-,Maximo
1442,57.68,-985666,2227.0889203039187,64,-,-,-,-,Maximo
1443,57.72,-987331,2278.403306411333,64,-,-,-,-,Maximo
1444,57.76,-988903,1584.8704378539592,64,-,-,-,-,Maximo
1445,57.8,-990857,298.30521752040386,64,-,-,-,-,Maximo
1446,57.84,-991130,-983.6898455212003,64,-,-,-,-,Maximo
1447,57.88,-992613,-1548.120710550576,64,-,-,-,-,Maximo
1448,57.92,-992631,-1428.493200876218,64,-,-,-,-,Maximo
1449,57.96,-992366,-1027.7845017015168,64,-,-,-,-,Maximo
1450,58.0,-990981,-822.529151017301,64,-,-,-,-,Maximo
1451,58.04,-980869,-1146.832237482222,64,-,-,-,-,Maximo
1452,58.08,-973549,-1407.0882362842694,64,-,-,-,-,Maximo
1453,58.12,-972602,-1267.5550867547354,64,-,-,-,-,Maximo
1454,58.16,-975365,-790.9332649696244,64,-,-,-,-,Maximo
1455,58.2,-979220,-174.56361496934687,64,-,-,-,-,Maximo
1456,58.24,-982539,415.2417908917105,64,-,-,-,-,Maximo
1457,58.28,-982023,827.9608132762542,64,-,-,-,-,Maximo
1458,58.32,-981564,1226.4255721402192,64,-,-,-,-,Maximo
1459,58.36,-983543,1748.4229660272758,64,-,-,-,-,Maximo
1460,58.4,-985698,2246.822533509491,64,-,-,-,-,Maximo
1461,58.44,-987037,2362.4617320273865,64,-,-,-,-,Maximo
1462,58.48,-988130,1736.808688348417,64,-,-,-,-,Maximo
1463,58.52,-988879,409.40031849879915,64,-,-,-,-,Maximo
1464,58.56,-991453,-924.9910019092054,64,-,-,-,-,Maximo
1465,58.6,-991032,-1703.3679119869653,64,-,-,-,-,Maximo
1466,58.64,-992359,-1591.715103914737,64,-,-,-,-,Maximo
1467,58.68,-993512,-1073.404318994404,64,-,-,-,-,Maximo
1468,58.72,-991282,-793.3994806012115,64,-,-,-,-,Maximo
1469,58.76,-983790,-991.5197165349855,64,-,-,-,-,Maximo
1470,58.8,-975141,-1315.7227525527524,64,-,-,-,-,Maximo
1471,58.84,-972905,-1251.7029065694169,64,-,-,-,-,Maximo
1472,58.88,-974716,-837.3154360774915,64,-,-,-,-,Maximo
1473,58.92,-978828,-269.7811687921735,64,-,-,-,-,Maximo
1474,58.96,-982122,237.7112548006353,64,-,-,-,-,Maximo
1475,59.0,-980425,548.98948016941,64,-,-,-,-,Maximo
1476,59.04,-980460,944.9945832516196,64,-,-,-,-,Maximo
1477,59.08,-983460,1530.8578492645256,64,-,-,-,-,Maximo
1478,59.12,-983961,2072.85152352525,64,-,-,-,-,Maximo
1479,59.16,-988091,2453.353489739273,64,-,-,-,-,Maximo
1480,59.2,-989155,2035.546317128701,64,-,-,-,-,Maximo
1481,59.24,-991377,890.2197173844875,64,-,-,-,-,Maximo
1482,59.28,-991814,-539.5457178013278,64,-,-,-,-,Maximo
1483,59.32,-992629,-1437.193087276164,64,-,-,-,-,Maximo
1484,59.36,-992454,-1546.8542335068078,64,-,-,-,-,Maximo
1485,59.4,-992194,-1188.2948384805918,64,-,-,-,-,Maximo
1486,59.44,-990859,-952.2570897687483,64,-,-,-,-,Maximo
1487,59.48,-983262,-1218.5344367342022,64,-,-,-,-,Maximo
1488,59.52,-974308,-1604.9808250669648,64,-,-,-,-,Maximo
1489,59.56,-972016,-1549.772459991107,64,-,-,-,-,Maximo
1490,59.6,-974294,-1040.27894387872,64,-,-,-,-,Maximo
1491,59.64,-977273,-332.4763433291746,64,-,-,-,-,Maximo
1492,59.68,-980925,392.47363099539234,64,-,-,-,-,Maximo
1493,59.72,-982346,938.3564565156694,64,-,-,-,-,Maximo
1494,59.76,-980365,1282.1457108725717,64,-,-,-,-,Maximo
1495,59.8,-981644,1721.141060030836,64,-,-,-,-,Maximo
1496,59.84,-984803,2207.576946351266,64,-,-,-,-,Maximo
1497,59.88,-986547,2393.9012249185807,64,-,-,-,-,Maximo
1498,59.92,-989557,1992.8030217910173,64,-,-,-,-,Maximo
1499,59.96,-989939,794.0776420610432,64,-,-,-,-,Maximo
1500,60.0,-992146,-582.5214664478508,65,64.25,-,-,-,Maximo
1501,60.04,-991677,-1566.3288927595404,65,-,-,-,-,Maximo
1502,60.08,-992664,-1690.8990547282076,65,-,-,-,-,Maximo
1503,60.12,-993430,-1281.499044114586,65,-,-,-,-,Maximo
1504,60.16,-993252,-900.6042267962061,65,-,-,-,-,Maximo
1505,60.2,-989494,-948.2468042712508,65,-,-,-,-,Maximo
1506,60.24,-974214,-1559.0077521501044,65,-,-,-,-,Maximo
1507,60.28,-975475,-1494.548582334668,65,-,-,-,-,Maximo
1508,60.32,-980866,-974.5924354803897,65,-,-,-,-,Maximo
1509,60.36,-982733,-353.3013810913917,65,-,-,-,-,Maximo
1510,60.4,-981632,168.7026208467894,65,-,-,-,-,Maximo
1511,60.44,-981967,600.0835371550929,65,-,-,-,-,Maximo
1512,60.48,-984167,980.6729634045323,65,-,-,-,-,Maximo
1513,60.52,-986116,1389.4204533031052,65,-,-,-,-,Maximo
1514,60.56,-987782,1906.1763018465408,65,-,-,-,-,Maximo
1515,60.6,-989020,2281.8107400954254,65,-,-,-,-,Maximo
1516,60.64,-990093,2010.1617495828318,65,-,-,-,-,Maximo
1517,60.68,-991501,910.2068380108844,65,-,-,-,-,Maximo
1518,60.72,-992283,-463.3478129421874,65,-,-,-,-,Maximo
1519,60.76,-992616,-1238.2325220532875,65,-,-,-,-,Maximo
1520,60.8,-991864,-1240.9324521325652,65,-,-,-,-,Maximo
1521,60.84,-987569,-1095.1925049341962,65,-,-,-,-,Maximo
1522,60.88,-977985,-1318.2379313448437,65,-,-,-,-,Maximo
1523,60.92,-971797,-1543.5068878103739,65,-,-,-,-,Maximo
1524,60.96,-972008,-1380.5621206560709,65,-,-,-,-,Maximo
1525,61.0,-975146,-873.350370646191,65,-,-,-,-,Maximo
1526,61.04,-980310,-202.45513345493328,65,-,-,-,-,Maximo
1527,61.08,-982050,321.2594840629563,65,-,-,-,-,Maximo
1528,61.12,-982193,756.1598327703796,65,-,-,-,-,Maximo
1529,61.16,-982223,1227.8853561081078,65,-,-,-,-,Maximo
1530,61.2,-985036,1843.469270623028,65,-,-,-,-,Maximo
1531,61.24,-987444,2312.5579547383068,65,-,-,-,-,Maximo
1532,61.28,-988895,2237.421544902535,65,-,-,-,-,Maximo
1533,61.32,-989934,1362.713529037549,65,-,-,-,-,Maximo
1534,61.36,-990687,-81.80381194020265,65,-,-,-,-,Maximo
1535,61.4,-991646,-1377.7590254138424,65,-,-,-,-,Maximo
1536,61.44,-991989,-1926.7003332782174,65,-,-,-,-,Maximo
1537,61.48,-992396,-1678.554920363185,65,-,-,-,-,Maximo
1538,61.52,-991206,-1185.8097554906603,65,-,-,-,-,Maximo
1539,61.56,-987153,-984.0023996785958,65,-,-,-,-,Maximo
1540,61.6,-974766,-1316.117750527983,65,-,-,-,-,Maximo
1541,61.64,-972317,-1315.5733635145061,65,-,-,-,-,Maximo
1542,61.68,-973443,-954.7974618763383,65,-,-,-,-,Maximo
1543,61.72,-976596,-328.934837111286,65,-,-,-,-,Maximo
1544,61.76,-980384,320.39912149610154,65,-,-,-,-,Maximo
1545,61.8,-983377,827.9174918886156,65,-,-,-,-,Maximo
1546,61.84,-981658,1107.4493637088235,65,-,-,-,-,Maximo
1547,61.88,-982701,1515.8703977846094,65,-,-,-,-,Maximo
1548,61.92,-984063,2003.975500429905,65,-,-,-,-,Maximo
1549,61.96,-987443,2407.2246613655416,65,-,-,-,-,Maximo
1550,62.0,-988477,2165.3819206549842,65,-,-,-,-,Maximo
1551,62.04,-990508,1157.2514755323837,65,-,-,-,-,Maximo
1552,62.08,-989002,-400.827958078561,65,-,-,-,-,Maximo
1553,62.12,-990679,-1527.1896865340552,65,-,-,-,-,Maximo
1554,62.16,-991079,-1862.2195112620836,65,-,-,-,-,Maximo
1555,62.2,-990655,-1527.8044121111373,65,-,-,-,-,Maximo
1556,62.24,-991459,-987.3725978492912,65,-,-,-,-,Maximo
1557,62.28,-987006,-869.790416233518,65,-,-,-,-,Maximo
1558,62.32,-975879,-1233.0217939383438,65,-,-,-,-,Maximo
1559,62.36,-973077,-1299.2281097213981,65,-,-,-,-,Maximo
1560,62.4,-973969,-969.7819501544236,65,-,-,-,-,Maximo
1561,62.44,-977124,-329.37083812981814,65,-,-,-,-,Maximo
1562,62.48,-980739,330.4654066792309,65,-,-,-,-,Maximo
1563,62.52,-982536,762.229413103244,65,-,-,-,-,Maximo
1564,62.56,-981981,983.2231291023054,65,-,-,-,-,Maximo
1565,62.6,-981871,1254.6086821201184,65,-,-,-,-,Maximo
1566,62.64,-983899,1719.6578862063307,65,-,-,-,-,Maximo
1567,62.68,-987034,2154.4261984320146,65,-,-,-,-,Maximo
1568,62.72,-987700,2013.885110406361,65,-,-,-,-,Maximo
1569,62.76,-989354,1136.6290520417879,65,-,-,-,-,Maximo
1570,62.8,-990883,-208.1533423524022,65,-,-,-,-,Maximo
1571,62.84,-990977,-1329.889157490909,65,-,-,-,-,Maximo
1572,62.88,-993317,-1605.5813707994776,65,-,-,-,-,Maximo
1573,62.92,-992572,-1328.327846888696,65,-,-,-,-,Maximo
1574,62.96,-992853,-876.729660996436,65,-,-,-,-,Maximo
1575,63.0,-988980,-811.9832792846664,66,65.5,-,-,-,Maximo
1576,63.04,-974052,-1346.4633910492958,66,-,-,-,-,Maximo
1577,63.08,-972944,-1392.9286987423438,66,-,-,-,-,Maximo
1578,63.12,-976250,-1035.8041743097706,66,-,-,-,-,Maximo
1579,63.16,-979871,-453.734279349329,66,-,-,-,-,Maximo
1580,63.2,-982223,114.0607821092035,66,-,-,-,-,Maximo
1581,63.24,-981677,503.13206513321666,66,-,-,-,-,Maximo
1582,63.28,-981896,868.7121344572365,66,-,-,-,-,Maximo
1583,63.32,-984201,1374.6264246554601,66,-,-,-,-,Maximo
1584,63.36,-986048,1972.7154980458045,66,-,-,-,-,Maximo
1585,63.4,-987793,2421.066718048447,66,-,-,-,-,Maximo
1586,63.44,-989728,2230.3201503500923,66,-,-,-,-,Maximo
1587,63.48,-990026,1091.7112127617975,66,-,-,-,-,Maximo
1588,63.52,-990165,-460.2533378940411,66,-,-,-,-,Maximo
1589,63.56,-990950,-1488.7732747876178,66,-,-,-,-,Maximo
1590,63.6,-993271,-1536.4970928129649,66,-,-,-,-,Maximo
1591,63.64,-993185,-1125.6337313354331,66,-,-,-,-,Maximo
1592,63.68,-988641,-953.8549533984233,66,-,-,-,-,Maximo
1593,63.72,-977672,-1285.7551213049373,66,-,-,-,-,Maximo
1594,63.76,-972835,-1467.6871539824988,66,-,-,-,-,Maximo
1595,63.8,-972501,-1269.7812739824985,66,-,-,-,-,Maximo
1596,63.84,-975572,-703.5435343999061,66,-,-,-,-,Maximo
1597,63.88,-979927,-21.376106946537675,66,-,-,-,-,Maximo
1598,63.92,-982036,476.3063802169763,66,-,-,-,-,Maximo
1599,63.96,-981151,748.0461411449951,66,-,-,-,-,Maximo
1600,64.0,-981642,1106.9908876424197,66,-,-,-,-,Maximo
1601,64.04,-983985,1715.3734863488762,66,-,-,-,-,Maximo
1602,64.08,-985335,2295.6933377667347,66,-,-,-,-,Maximo
1603,64.12,-987635,2389.0448790314877,66,-,-,-,-,Maximo
1604,64.16,-989377,1571.4397696412907,66,-,-,-,-,Maximo
1605,64.2,-991263,132.01617932636236,66,-,-,-,-,Maximo
1606,64.24,-991815,-1193.088356481386,66,-,-,-,-,Maximo
1607,64.28,-993003,-1714.4455799018142,66,-,-,-,-,Maximo
1608,64.32,-992441,-1524.9005362675841,66,-,-,-,-,Maximo
1609,64.36,-992396,-1058.7896851075557,66,-,-,-,-,Maximo
1610,64.4,-989533,-891.1950800412551,66,-,-,-,-,Maximo
1611,64.44,-979175,-1233.891609247834,66,-,-,-,-,Maximo
1612,64.48,-972594,-1468.7902962752778,66,-,-,-,-,Maximo
1613,64.52,-972167,-1289.5584541412318,66,-,-,-,-,Maximo
1614,64.56,-975449,-757.9092105178593,66,-,-,-,-,Maximo
1615,64.6,-979899,-72.88842410328971,66,-,-,-,-,Maximo
1616,64.64,-982993,562.3191321442991,66,-,-,-,-,Maximo
1617,64.68,-982493,1018.5496287147189,66,-,-,-,-,Maximo
1618,64.72,-981757,1428.6252118592647,66,-,-,-,-,Maximo
1619,64.76,-983568,1930.308474528335,66,-,-,-,-,Maximo
1620,64.8,-986341,2379.966119741711,66,-,-,-,-,Maximo
1621,64.84,-988556,2394.629164312316,66,-,-,-,-,Maximo
1622,64.88,-989329,1605.523782032837,66,-,-,-,-,Maximo
1623,64.92,-990128,179.6784324723385,66,-,-,-,-,Maximo
1624,64.96,-991670,-1183.130511960002,66,-,-,-,-,Maximo
1625,65.0,-990575,-1892.7324026412257,66,-,-,-,-,Maximo
1626,65.04,-991622,-1677.6756091677184,66,-,-,-,-,Maximo
1627,65.08,-991854,-1110.6965895094675,66,-,-,-,-,Maximo
1628,65.12,-990136,-794.6397706556236,66,-,-,-,-,Maximo
1629,65.16,-979224,-1126.3996247471514,66,-,-,-,-,Maximo
1630,65.2,-972396,-1409.459205759833,66,-,-,-,-,Maximo
1631,65.24,-972849,-1213.2533490394353,66,-,-,-,-,Maximo
1632,65.28,-975665,-646.087448155723,66,-,-,-,-,Maximo
1633,65.32,-978936,34.02092088374866,66,-,-,-,-,Maximo
1634,65.36,-982600,628.0635631476216,66,-,-,-,-,Maximo
1635,65.4,-980789,906.8224839422328,66,-,-,-,-,Maximo
1636,65.44,-981408,1223.5474497583123,66,-,-,-,-,Maximo
1637,65.48,-982773,1649.2513561576488,66,-,-,-,-,Maximo
1638,65.52,-985369,2144.9474156038223,66,-,-,-,-,Maximo
1639,65.56,-987514,2284.6266067444385,66,-,-,-,-,Maximo
1640,65.6,-989455,1651.4913094394815,66,-,-,-,-,Maximo
1641,65.64,-990797,309.9779410170586,66,-,-,-,-,Maximo
1642,65.68,-991373,-1048.8367562412582,66,-,-,-,-,Maximo
1643,65.72,-993427,-1645.7012735905278,66,-,-,-,-,Maximo
1644,65.76,-991815,-1554.8276807708125,66,-,-,-,-,Maximo
1645,65.8,-992380,-1069.3312083145352,66,-,-,-,-,Maximo
1646,65.84,-988568,-913.4428862569721,66,-,-,-,-,Maximo
1647,65.88,-977530,-1294.4553170082527,66,-,-,-,-,Maximo
1648,65.92,-971137,-1568.5070828406988,66,-,-,-,-,Maximo
1649,65.96,-972147,-1359.2783716502063,66,-,-,-,-,Maximo
1650,66.0,-974251,-825.084353687113,68,65.75,-,-,-,Maximo
1651,66.04,-981022,-11.487717341527059,68,-,-,-,-,Maximo
1652,66.08,-981407,555.9382480658105,68,-,-,-,-,Maximo
1653,66.12,-980811,1005.9171302536615,68,-,-,-,-,Maximo
1654,66.16,-983451,1540.5372171268746,68,-,-,-,-,Maximo
1655,66.2,-985181,2074.4244138209506,68,-,-,-,-,Maximo
1656,66.24,-987158,2503.80771681219,68,-,-,-,-,Maximo
1657,66.28,-989339,2449.462742781011,68,-,-,-,-,Maximo
1658,66.32,-989460,1515.3004373519134,68,-,-,-,-,Maximo
1659,66.36,-990495,-1.3900128883572052,68,-,-,-,-,Maximo
1660,66.4,-990517,-1410.356981772019,68,-,-,-,-,Maximo
1661,66.44,-991022,-1986.3955411074817,68,-,-,-,-,Maximo
1662,66.48,-992745,-1696.2485616878735,68,-,-,-,-,Maximo
1663,66.52,-992457,-1195.0516103934674,68,-,-,-,-,Maximo
1664,66.56,-985198,-1131.057271883933,68,-,-,-,-,Maximo
1665,66.6,-975964,-1355.5136277355905,68,-,-,-,-,Maximo
1666,66.64,-971437,-1363.1695905999422,68,-,-,-,-,Maximo
1667,66.68,-974555,-883.9484103325385,68,-,-,-,-,Maximo
1668,66.72,-978417,-224.8376721110526,68,-,-,-,-,Maximo
1669,66.76,-981046,354.61426672464586,68,-,-,-,-,Maximo
1670,66.8,-982400,740.7544408001731,68,-,-,-,-,Maximo
1671,66.84,-981668,967.4283188633576,68,-,-,-,-,Maximo
1672,66.88,-982478,1327.81916669585,68,-,-,-,-,Maximo
1673,66.92,-983183,1843.720922249437,68,-,-,-,-,Maximo
1674,66.96,-986422,2330.6536643374993,68,-,-,-,-,Maximo
1675,67.0,-988552,2152.1559215386787,68,-,-,-,-,Maximo
1676,67.04,-989191,1060.2231623780417,68,-,-,-,-,Maximo
1677,67.08,-990229,-423.57141603112746,68,-,-,-,-,Maximo
1678,67.12,-991323,-1473.3425136989658,68,-,-,-,-,Maximo
1679,67.16,-992886,-1625.7219581766485,68,-,-,-,-,Maximo
1680,67.2,-993403,-1195.8279297553113,68,-,-,-,-,Maximo
1681,67.24,-992144,-795.9044548574152,68,-,-,-,-,Maximo
1682,67.28,-987152,-833.4791887891215,68,-,-,-,-,Maximo
1683,67.32,-975328,-1319.841503460184,68,-,-,-,-,Maximo
1684,67.36,-972264,-1448.0722759572127,68,-,-,-,-,Maximo
1685,67.4,-972228,-1193.5428475714734,68,-,-,-,-,Maximo
1686,67.44,-976493,-559.4359963727937,68,-,-,-,-,Maximo
1687,67.48,-980681,108.54726120462601,68,-,-,-,-,Maximo
1688,67.52,-982168,585.0654382070279,68,-,-,-,-,Maximo
1689,67.56,-981037,924.4091537915338,68,-,-,-,-,Maximo
1690,67.6,-981899,1421.398052887293,68,-,-,-,-,Maximo
1691,67.64,-983450,2046.1388038714394,68,-,-,-,-,Maximo
1692,67.68,-985664,2515.5038201134075,68,-,-,-,-,Maximo
1693,67.72,-987394,2330.067116605652,68,-,-,-,-,Maximo
1694,67.76,-988973,1282.8177923533808,68,-,-,-,-,Maximo
1695,67.8,-989305,-269.72370325811175,68,-,-,-,-,Maximo
1696,67.84,-990644,-1460.901610523601,68,-,-,-,-,Maximo
1697,67.88,-992286,-1779.7327160847208,68,-,-,-,-,Maximo
1698,67.92,-993447,-1388.5494912805461,68,-,-,-,-,Maximo
1699,67.96,-991954,-928.0542899767956,68,-,-,-,-,Maximo
1700,68.0,-988509,-818.5036327872394,68,-,-,-,-,Maximo
1701,68.04,-977649,-1225.9770518982914,68,-,-,-,-,Maximo
1702,68.08,-971924,-1439.6986677369823,68,-,-,-,-,Maximo
1703,68.12,-972124,-1204.5305671318674,68,-,-,-,-,Maximo
1704,68.16,-976271,-616.4503416724177,68,-,-,-,-,Maximo
1705,68.2,-979309,-22.427209926011983,68,-,-,-,-,Maximo
1706,68.24,-981726,466.26725091050866,68,-,-,-,-,Maximo
1707,68.28,-980842,803.9917053509544,68,-,-,-,-,Maximo
1708,68.32,-980677,1258.021131063113,68,-,-,-,-,Maximo
1709,68.36,-983705,1941.3232792204499,68,-,-,-,-,Maximo
1710,68.4,-985816,2481.1641892292246,68,-,-,-,-,Maximo
1711,68.44,-988249,2466.2074789434255,68,-,-,-,-,Maximo
1712,68.48,-989690,1568.0974458783421,68,-,-,-,-,Maximo
1713,68.52,-991222,99.55628317156743,68,-,-,-,-,Maximo
1714,68.56,-991470,-1225.1691466739703,68,-,-,-,-,Maximo
1715,68.6,-992117,-1738.0203121131124,68,-,-,-,-,Maximo
1716,68.64,-992658,-1493.4842769528748,68,-,-,-,-,Maximo
1717,68.68,-993044,-1032.1520843519834,68,-,-,-,-,Maximo
1718,68.72,-988619,-973.1954682192418,68,-,-,-,-,Maximo
1719,68.76,-977660,-1394.1268243254235,68,-,-,-,-,Maximo
1720,68.8,-972201,-1600.2991357784795,68,-,-,-,-,Maximo
1721,68.84,-972300,-1335.1742574796708,68,-,-,-,-,Maximo
1722,68.88,-974379,-731.9510760723624,68,-,-,-,-,Maximo
1723,68.92,-978289,9.084876703394457,68,-,-,-,-,Maximo
1724,68.96,-981100,624.5375710513508,68,-,-,-,-,Maximo
1725,69.0,-980525,1012.7577722753158,66,66.25,-,-,-,Maximo
1726,69.04,-982495,1468.2497114424623,66,-,-,-,-,Maximo
1727,69.08,-985419,2038.0612202144966,66,-,-,-,-,Maximo
1728,69.12,-986336,2487.284578300242,66,-,-,-,-,Maximo
1729,69.16,-988144,2479.5067036108294,66,-,-,-,-,Maximo
1730,69.2,-988630,1599.1739968898878,66,-,-,-,-,Maximo
1731,69.24,-989849,135.8761844969497,66,-,-,-,-,Maximo
1732,69.28,-992555,-1156.722325801274,66,-,-,-,-,Maximo
1733,69.32,-992236,-1818.3060706314252,66,-,-,-,-,Maximo
1734,69.36,-992645,-1721.4289152953843,66,-,-,-,-,Maximo
1735,69.4,-991443,-1381.0095658788177,66,-,-,-,-,Maximo
1736,69.44,-983228,-1360.6349306084194,66,-,-,-,-,Maximo
1737,69.48,-973674,-1513.6381764066282,66,-,-,-,-,Maximo
1738,69.52,-971453,-1370.5350069935484,66,-,-,-,-,Maximo
1739,69.56,-974198,-904.4936853449394,66,-,-,-,-,Maximo
1740,69.6,-978278,-317.10709449112574,66,-,-,-,-,Maximo
1741,69.64,-981016,192.72791141140533,66,-,-,-,-,Maximo
1742,69.68,-980425,563.7740437452903,66,-,-,-,-,Maximo
1743,69.72,-980240,1006.2215938551649,66,-,-,-,-,Maximo
1744,69.76,-981678,1611.5256735818139,66,-,-,-,-,Maximo
1745,69.8,-983282,2225.3428138715453,66,-,-,-,-,Maximo
1746,69.84,-987067,2580.924834253141,66,-,-,-,-,Maximo
1747,69.88,-988796,2135.77509085979,66,-,-,-,-,Maximo
1748,69.92,-990119,888.9693137458125,66,-,-,-,-,Maximo
1749,69.96,-992142,-561.4243770920918,66,-,-,-,-,Maximo
1750,70.0,-992557,-1499.4529846839641,66,-,-,-,-,Maximo
1751,70.04,-991895,-1598.6372378575027,66,-,-,-,-,Maximo
1752,70.08,-991591,-1192.0839263186267,66,-,-,-,-,Maximo
1753,70.12,-990726,-900.4663858897507,66,-,-,-,-,Maximo
1754,70.16,-983073,-1162.286042981349,66,-,-,-,-,Maximo
1755,70.2,-973877,-1598.63345802006,66,-,-,-,-,Maximo
1756,70.24,-972012,-1593.8263505826071,66,-,-,-,-,Maximo
1757,70.28,-973157,-1159.1721635182012,66,-,-,-,-,Maximo
1758,70.32,-976265,-442.9708511294841,66,-,-,-,-,Maximo
1759,70.36,-980551,336.8914219618746,66,-,-,-,-,Maximo
1760,70.4,-980934,902.7689447956845,66,-,-,-,-,Maximo
1761,70.44,-981477,1377.9148918041255,66,-,-,-,-,Maximo
1762,70.48,-983131,1841.1883385316005,66,-,-,-,-,Maximo
1763,70.52,-984882,2255.2090561561336,66,-,-,-,-,Maximo
1764,70.56,-987803,2454.1758203355375,66,-,-,-,-,Maximo
1765,70.6,-988814,1993.7220200040979,66,-,-,-,-,Maximo
1766,70.64,-989805,832.098319323808,66,-,-,-,-,Maximo
1767,70.68,-991032,-582.2447275604083,66,-,-,-,-,Maximo
1768,70.72,-991326,-1592.2773064037378,66,-,-,-,-,Maximo
1769,70.76,-992312,-1799.5363001204546,66,-,-,-,-,Maximo
1770,70.8,-992065,-1492.35472631126,66,-,-,-,-,Maximo
1771,70.84,-990523,-1152.802947639122,66,-,-,-,-,Maximo
1772,70.88,-985393,-1134.448522866287,66,-,-,-,-,Maximo
1773,70.92,-973980,-1441.257170341045,66,-,-,-,-,Maximo
1774,70.96,-971118,-1356.4797027793593,66,-,-,-,-,Maximo
1775,71.0,-974159,-857.2611383817239,66,-,-,-,-,Maximo
1776,71.04,-978355,-193.08101113992325,66,-,-,-,-,Maximo
1777,71.08,-980822,383.93034948371405,66,-,-,-,-,Maximo
1778,71.12,-982515,835.4937554141234,66,-,-,-,-,Maximo
1779,71.16,-981845,1163.4857928968977,66,-,-,-,-,Maximo
1780,71.2,-981948,1565.724377461143,66,-,-,-,-,Maximo
1781,71.24,-983931,2069.6312706850376,66,-,-,-,-,Maximo
1782,71.28,-986963,2395.1482806782305,66,-,-,-,-,Maximo
1783,71.32,-988183,2035.083835173993,66,-,-,-,-,Maximo
1784,71.36,-990022,907.7183746720461,66,-,-,-,-,Maximo
1785,71.4,-989489,-625.382919318235,66,-,-,-,-,Maximo
1786,71.44,-991702,-1597.7940974626686,66,-,-,-,-,Maximo
1787,71.48,-992275,-1729.7483333994262,66,-,-,-,-,Maximo
1788,71.52,-993765,-1227.9042002960555,66,-,-,-,-,Maximo
1789,71.56,-991492,-840.0737494042651,66,-,-,-,-,Maximo
1790,71.6,-987130,-851.6493221580595,66,-,-,-,-,Maximo
1791,71.64,-975548,-1322.1544670834119,66,-,-,-,-,Maximo
1792,71.68,-972429,-1424.204737948765,66,-,-,-,-,Maximo
1793,71.72,-974006,-1077.65223648773,66,-,-,-,-,Maximo
1794,71.76,-976871,-467.66550214499273,66,-,-,-,-,Maximo
1795,71.8,-980204,157.79996803423091,66,-,-,-,-,Maximo
1796,71.84,-981783,601.1894934798802,66,-,-,-,-,Maximo
1797,71.88,-980492,902.5050351244581,66,-,-,-,-,Maximo
1798,71.92,-981547,1388.1298472073508,66,-,-,-,-,Maximo
1799,71.96,-982419,1981.6914325945177,66,-,-,-,-,Maximo
1800,72.0,-986747,2501.918677162168,64,66.0,-,-,-,Maximo
1801,72.04,-989994,2343.3502698048324,64,-,-,-,-,Maximo
1802,72.08,-990915,1280.5414142921936,64,-,-,-,-,Maximo
1803,72.12,-992107,-184.79004572552094,64,-,-,-,-,Maximo
1804,72.16,-991169,-1363.3636845240171,64,-,-,-,-,Maximo
1805,72.2,-991781,-1679.554482475043,64,-,-,-,-,Maximo
1806,72.24,-989608,-1453.917352281307,64,-,-,-,-,Maximo
1807,72.28,-978093,-1420.162937255307,64,-,-,-,-,Maximo
1808,72.32,-973049,-1429.58340751992,64,-,-,-,-,Maximo
1809,72.36,-972778,-1492.6665082491636,64,-,-,-,-,Maximo
1810,72.4,-976399,-1327.1780329135568,64,-,-,-,-,Maximo
1811,72.44,-980048,-811.0616832695455,64,-,-,-,-,Maximo
1812,72.48,-982356,-35.745410783509215,64,-,-,-,-,Maximo
1813,72.52,-982580,716.4527708456048,64,-,-,-,-,Maximo
1814,72.56,-982419,1316.239282767207,64,-,-,-,-,Maximo
1815,72.6,-983487,1832.7338652057892,64,-,-,-,-,Maximo
1816,72.64,-985594,2259.8097736040804,64,-,-,-,-,Maximo
1817,72.68,-987899,2302.028068607045,64,-,-,-,-,Maximo
1818,72.72,-987973,1542.4234254556645,64,-,-,-,-,Maximo
1819,72.76,-989295,210.88962162742246,64,-,-,-,-,Maximo
1820,72.8,-990041,-1069.258478936155,64,-,-,-,-,Maximo
1821,72.84,-990575,-1630.83305714671,64,-,-,-,-,Maximo
1822,72.88,-991233,-1411.249139925314,64,-,-,-,-,Maximo
1823,72.92,-992767,-861.7033132921093,64,-,-,-,-,Maximo
1824,72.96,-990138,-627.1621885286145,64,-,-,-,-,Maximo
1825,73.0,-979700,-936.6916958363818,64,-,-,-,-,Maximo
1826,73.04,-973252,-1188.1455035849358,64,-,-,-,-,Maximo
1827,73.08,-973729,-1031.9070642519628,64,-,-,-,-,Maximo
1828,73.12,-975782,-595.4043805409488,64,-,-,-,-,Maximo
1829,73.16,-979463,-26.433781003489457,64,-,-,-,-,Maximo
1830,73.2,-981861,426.3977144361297,64,-,-,-,-,Maximo
1831,73.24,-980857,676.7072148070556,64,-,-,-,-,Maximo
1832,73.28,-980599,975.1912143026684,64,-,-,-,-,Maximo
1833,73.32,-982385,1485.1660608066113,64,-,-,-,-,Maximo
1834,73.36,-984545,2058.2328253692403,64,-,-,-,-,Maximo
1835,73.4,-987216,2282.6859608647555,64,-,-,-,-,Maximo
1836,73.44,-988430,1668.7454823806556,64,-,-,-,-,Maximo
1837,73.48,-990394,392.5233772663378,64,-,-,-,-,Maximo
1838,73.52,-991043,-911.8667737065662,64,-,-,-,-,Maximo
1839,73.56,-991611,-1528.9303481236293,64,-,-,-,-,Maximo
1840,73.6,-992337,-1381.5495021059069,64,-,-,-,-,Maximo
1841,73.64,-993160,-939.341982050817,64,-,-,-,-,Maximo
1842,73.68,-990940,-790.0770088016652,64,-,-,-,-,Maximo
1843,73.72,-981177,-1180.3152260737897,64,-,-,-,-,Maximo
1844,73.76,-972986,-1558.7588119092143,64,-,-,-,-,Maximo
1845,73.8,-971937,-1460.4325920627307,64,-,-,-,-,Maximo
1846,73.84,-974120,-959.4831576997262,64,-,-,-,-,Maximo
1847,73.88,-977408,-279.4117512697835,64,-,-,-,-,Maximo
1848,73.92,-981788,400.59541291969254,64,-,-,-,-,Maximo
1849,73.96,-982219,846.4975683358425,64,-,-,-,-,Maximo
1850,74.0,-980876,1194.5778511843032,64,-,-,-,-,Maximo
1851,74.04,-983249,1739.0263281023272,64,-,-,-,-,Maximo
1852,74.08,-983852,2257.1816488337718,64,-,-,-,-,Maximo
1853,74.12,-985446,2475.0837010350956,64,-,-,-,-,Maximo
1854,74.16,-987645,1940.6246829626184,64,-,-,-,-,Maximo
1855,74.2,-989438,631.5037930118901,64,-,-,-,-,Maximo
1856,74.24,-991655,-795.0032235961648,64,-,-,-,-,Maximo
1857,74.28,-992768,-1644.0022229158187,64,-,-,-,-,Maximo
1858,74.32,-992636,-1684.4541551447069,64,-,-,-,-,Maximo
1859,74.36,-992140,-1242.092460446193,64,-,-,-,-,Maximo
1860,74.4,-991896,-825.0946366458052,64,-,-,-,-,Maximo
1861,74.44,-983440,-966.5198562402493,64,-,-,-,-,Maximo
1862,74.48,-974543,-1301.7150178181437,64,-,-,-,-,Maximo
1863,74.52,-971026,-1390.0974036957796,64,-,-,-,-,Maximo
1864,74.56,-973498,-1080.513749508702,64,-,-,-,-,Maximo
1865,74.6,-975713,-592.9745407742951,64,-,-,-,-,Maximo
1866,74.64,-980510,91.60281542091343,64,-,-,-,-,Maximo
1867,74.68,-982103,710.85999961363,64,-,-,-,-,Maximo
1868,74.72,-981380,1236.016346483104,64,-,-,-,-,Maximo
1869,74.76,-982572,1789.4313122676267,64,-,-,-,-,Maximo
1870,74.8,-985627,2334.8403932871697,64,-,-,-,-,Maximo
1871,74.84,-986714,2539.402095948315,64,-,-,-,-,Maximo
1872,74.88,-989507,2162.7423980134618,64,-,-,-,-,Maximo
1873,74.92,-990297,965.980831328442,64,-,-,-,-,Maximo
1874,74.96,-990585,-555.6623946551372,64,-,-,-,-,Maximo
1875,75.0,-990380,-1663.5413955023469,64,65.5,-,-,-,Maximo
1876,75.04,-991035,-1915.066816128394,64,-,-,-,-,Maximo
1877,75.08,-991904,-1536.675171172519,64,-,-,-,-,Maximo
1878,75.12,-989952,-1137.0666389058392,64,-,-,-,-,Maximo
1879,75.16,-984673,-1076.3726040814672,64,-,-,-,-,Maximo
1880,75.2,-973500,-1390.8029170079244,64,-,-,-,-,Maximo
1881,75.24,-972604,-1290.9920844068783,64,-,-,-,-,Maximo
1882,75.28,-975030,-830.843570703033,64,-,-,-,-,Maximo
1883,75.32,-978659,-150.4582040241744,64,-,-,-,-,Maximo
1884,75.36,-981042,473.6642210818709,64,-,-,-,-,Maximo
1885,75.4,-979743,822.8393386279963,64,-,-,-,-,Maximo
1886,75.44,-982573,1179.7525921581328,64,-,-,-,-,Maximo
1887,75.48,-984712,1549.721039172743,64,-,-,-,-,Maximo
1888,75.52,-987614,2035.2383674095136,64,-,-,-,-,Maximo
1889,75.56,-988841,2290.1002604952782,64,-,-,-,-,Maximo
1890,75.6,-989485,1893.7194275539846,64,-,-,-,-,Maximo
1891,75.64,-991014,761.9887652930988,64,-,-,-,-,Maximo
1892,75.68,-990965,-669.5622558083901,64,-,-,-,-,Maximo
1893,75.72,-992895,-1522.1266054328082,64,-,-,-,-,Maximo
1894,75.76,-992269,-1659.8587096613178,64,-,-,-,-,Maximo
1895,75.8,-991133,-1391.7285220010463,64,-,-,-,-,Maximo
1896,75.84,-986360,-1307.169559636718,64,-,-,-,-,Maximo
1897,75.88,-975078,-1584.4014164077234,64,-,-,-,-,Maximo
1898,75.92,-971661,-1521.1538920321782,64,-,-,-,-,Maximo
1899,75.96,-973456,-1045.5482964644007,64,-,-,-,-,Maximo
1900,76.0,-976723,-379.62517171217814,64,-,-,-,-,Maximo
1901,76.04,-980129,243.88411457287566,64,-,-,-,-,Maximo
1902,76.08,-982587,718.79568334946,64,-,-,-,-,Maximo
1903,76.12,-981277,1032.3942552566505,64,-,-,-,-,Maximo
1904,76.16,-982185,1490.7064722868008,64,-,-,-,-,Maximo
1905,76.2,-982894,2005.6012715658876,64,-,-,-,-,Maximo
1906,76.24,-985305,2383.4598464557375,64,-,-,-,-,Maximo
1907,76.28,-987271,2144.790246762749,64,-,-,-,-,Maximo
1908,76.32,-990618,1162.075116235902,64,-,-,-,-,Maximo
1909,76.36,-991322,-308.97846664003646,64,-,-,-,-,Maximo
1910,76.4,-992764,-1408.5909193068615,64,-,-,-,-,Maximo
1911,76.44,-993474,-1710.8718454108196,64,-,-,-,-,Maximo
1912,76.48,-992929,-1393.2585519716652,64,-,-,-,-,Maximo
1913,76.52,-990743,-990.5561338494722,64,-,-,-,-,Maximo
1914,76.56,-987493,-875.7148358309014,64,-,-,-,-,Maximo
1915,76.6,-974945,-1326.8806087834255,64,-,-,-,-,Maximo
1916,76.64,-971204,-1511.9941975115398,64,-,-,-,-,Maximo
1917,76.68,-972642,-1306.750577479801,64,-,-,-,-,Maximo
1918,76.72,-974891,-791.7480609794966,64,-,-,-,-,Maximo
1919,76.76,-979266,-32.166515402162986,64,-,-,-,-,Maximo
1920,76.8,-982071,692.870254055928,64,-,-,-,-,Maximo
1921,76.84,-981462,1234.1043749373139,64,-,-,-,-,Maximo
1922,76.88,-982834,1780.152196289505,64,-,-,-,-,Maximo
1923,76.92,-984544,2286.713390436722,64,-,-,-,-,Maximo
1924,76.96,-986663,2588.5550128744608,64,-,-,-,-,Maximo
1925,77.0,-987761,2295.353716302865,64,-,-,-,-,Maximo
1926,77.04,-989561,1259.7050312220117,64,-,-,-,-,Maximo
1927,77.08,-990707,-243.6567317709737,64,-,-,-,-,Maximo
1928,77.12,-991443,-1483.6054862333262,64,-,-,-,-,Maximo
1929,77.16,-992964,-1902.264524726873,64,-,-,-,-,Maximo
1930,77.2,-991248,-1711.7941695092286,64,-,-,-,-,Maximo
1931,77.24,-991311,-1230.3031049851502,64,-,-,-,-,Maximo
1932,77.28,-986695,-1063.6029940052322,64,-,-,-,-,Maximo
1933,77.32,-975313,-1322.3694263462858,64,-,-,-,-,Maximo
1934,77.36,-972333,-1309.5816741106246,64,-,-,-,-,Maximo
1935,77.4,-972633,-1018.1747426045686,64,-,-,-,-,Maximo
1936,77.44,-977056,-434.2811460088791,64,-,-,-,-,Maximo
1937,77.48,-979770,143.59817091722562,64,-,-,-,-,Maximo
1938,77.52,-982456,691.5030183719118,64,-,-,-,-,Maximo
1939,77.56,-982165,1112.6623843075586,64,-,-,-,-,Maximo
1940,77.6,-980296,1493.0941510497928,64,-,-,-,-,Maximo
1941,77.64,-983470,2036.4838648840641,64,-,-,-,-,Maximo
1942,77.68,-985985,2376.241355050547,64,-,-,-,-,Maximo
1943,77.72,-988208,2169.535859256047,64,-,-,-,-,Maximo
1944,77.76,-988678,1158.2463249438742,64,-,-,-,-,Maximo
1945,77.8,-990331,-249.57135477624797,64,-,-,-,-,Maximo
1946,77.84,-991304,-1389.9539490729105,64,-,-,-,-,Maximo
1947,77.88,-991493,-1751.7333553758936,64,-,-,-,-,Maximo
1948,77.92,-992347,-1396.208924350165,64,-,-,-,-,Maximo
1949,77.96,-989697,-983.5838000407066,64,-,-,-,-,Maximo
1950,78.0,-988000,-811.9983030964859,64,64.5,-,-,-,Maximo
1951,78.04,-973692,-1343.1418405983895,64,-,-,-,-,Maximo
1952,78.08,-972516,-1436.8611627066311,64,-,-,-,-,Maximo
1953,78.12,-974356,-1134.8413120558953,64,-,-,-,-,Maximo
1954,78.16,-978148,-495.0055102816816,64,-,-,-,-,Maximo
1955,78.2,-981814,188.95940710731247,64,-,-,-,-,Maximo
1956,78.24,-979875,585.4439308201777,64,-,-,-,-,Maximo
1957,78.28,-980355,980.5531681474145,64,-,-,-,-,Maximo
1958,78.32,-981717,1434.7243412655985,64,-,-,-,-,Maximo
1959,78.36,-983148,1940.9746806234434,64,-,-,-,-,Maximo
1960,78.4,-986440,2341.600429455678,64,-,-,-,-,Maximo
1961,78.44,-987250,2088.3032186117025,64,-,-,-,-,Maximo
1962,78.48,-989406,1091.545756727548,64,-,-,-,-,Maximo
1963,78.52,-991610,-291.751635367144,64,-,-,-,-,Maximo
1964,78.56,-991523,-1334.1522864997778,64,-,-,-,-,Maximo
1965,78.6,-991599,-1510.3342051023928,64,-,-,-,-,Maximo
1966,78.64,-992572,-1098.4336933757952,64,-,-,-,-,Maximo
1967,78.68,-992652,-773.4010675463055,64,-,-,-,-,Maximo
1968,78.72,-987501,-955.9668626390476,64,-,-,-,-,Maximo
1969,78.76,-975791,-1488.0454371800442,64,-,-,-,-,Maximo
1970,78.8,-972528,-1566.160767737134,64,-,-,-,-,Maximo
1971,78.84,-973626,-1212.616763909542,64,-,-,-,-,Maximo
1972,78.88,-976334,-616.9762845956607,64,-,-,-,-,Maximo
1973,78.92,-980464,70.92234291718887,64,-,-,-,-,Maximo
1974,78.96,-982391,638.9292505064486,64,-,-,-,-,Maximo
1975,79.0,-980989,1019.5187066414501,64,-,-,-,-,Maximo
1976,79.04,-981816,1449.3089893231108,64,-,-,-,-,Maximo
1977,79.08,-983130,1946.764890929499,64,-,-,-,-,Maximo
1978,79.12,-987043,2431.3030251350474,64,-,-,-,-,Maximo
1979,79.16,-987922,2285.3210882932026,64,-,-,-,-,Maximo
1980,79.2,-989708,1336.5666771107358,64,-,-,-,-,Maximo
1981,79.24,-990266,-153.33157719434166,64,-,-,-,-,Maximo
1982,79.28,-991763,-1325.5849932875087,64,-,-,-,-,Maximo
1983,79.32,-991854,-1718.6660653707272,64,-,-,-,-,Maximo
1984,79.36,-992039,-1413.2414294851142,64,-,-,-,-,Maximo
1985,79.4,-991238,-985.3505242245278,64,-,-,-,-,Maximo
1986,79.44,-987411,-921.2699418522825,64,-,-,-,-,Maximo
1987,79.48,-974202,-1414.5625991860416,64,-,-,-,-,Maximo
1988,79.52,-971756,-1503.8454563167434,64,-,-,-,-,Maximo
1989,79.56,-971731,-1215.5721200885373,64,-,-,-,-,Maximo
1990,79.6,-975815,-542.2792364771939,64,-,-,-,-,Maximo
1991,79.64,-980530,188.981181143502,64,-,-,-,-,Maximo
1992,79.68,-983014,741.7359725055576,64,-,-,-,-,Maximo
1993,79.72,-981925,1092.617463717549,64,-,-,-,-,Maximo
1994,79.76,-982857,1526.6312404973532,64,-,-,-,-,Maximo
1995,79.8,-984316,2032.9698990190382,64,-,-,-,-,Maximo
1996,79.84,-986383,2419.563228536882,64,-,-,-,-,Maximo
1997,79.88,-988648,2253.1095615624645,64,-,-,-,-,Maximo
1998,79.92,-989121,1199.9659664843853,64,-,-,-,-,Maximo
1999,79.96,-989405,-362.60415506389313,64,-,-,-,-,Maximo
2000,80.0,-989901,-1626.624047056741,64,-,-,-,-,Maximo
2001,80.04,-992010,-1965.1167268698205,64,-,-,-,-,Maximo
2002,80.08,-991476,-1606.1525473920467,64,-,-,-,-,Maximo
2003,80.12,-991137,-1019.5728366289409,64,-,-,-,-,Maximo
2004,80.16,-987266,-806.0187298719593,64,-,-,-,-,Maximo
2005,80.2,-976378,-1121.4874080183308,64,-,-,-,-,Maximo
2006,80.24,-972623,-1222.9400402969623,64,-,-,-,-,Maximo
2007,80.28,-972802,-961.8903660921897,64,-,-,-,-,Maximo
2008,80.32,-977021,-352.4523780748192,64,-,-,-,-,Maximo
2009,80.36,-980575,251.18597030568435,64,-,-,-,-,Maximo
2010,80.4,-982205,661.4728120354866,64,-,-,-,-,Maximo
2011,80.44,-980760,890.3756871736141,64,-,-,-,-,Maximo
2012,80.48,-981677,1272.6540421376849,64,-,-,-,-,Maximo
2013,80.52,-983365,1803.2336737499782,64,-,-,-,-,Maximo
2014,80.56,-985678,2247.7493271337817,64,-,-,-,-,Maximo
2015,80.6,-986819,2122.99086724034,64,-,-,-,-,Maximo
2016,80.64,-988238,1223.2865210958312,64,-,-,-,-,Maximo
2017,80.68,-990278,-139.97493549929914,64,-,-,-,-,Maximo
2018,80.72,-990633,-1306.5850029226535,64,-,-,-,-,Maximo
2019,80.76,-992852,-1617.6044491625094,64,-,-,-,-,Maximo
2020,80.8,-993529,-1282.4977449982455,64,-,-,-,-,Maximo
2021,80.84,-991548,-884.6391153187983,64,-,-,-,-,Maximo
2022,80.88,-986373,-868.4307465753036,64,-,-,-,-,Maximo
2023,80.92,-975380,-1294.3344583228227,64,-,-,-,-,Maximo
2024,80.96,-972156,-1420.6109566582873,64,-,-,-,-,Maximo
2025,81.0,-973044,-1162.6107118960035,64,64.0,-,-,-,Maximo
2026,81.04,-977142,-600.7066809021105,64,-,-,-,-,Maximo
