muestra,tiempo,ppg,ppg filtrado,spi,spi_promedio,estado,tipo evento,evento,alarma
1,0.04,-16775864,-68.39957917413932,nan,-,-,-,-,-
2,0.08,-16776269,-53.91289478494075,nan,-,-,-,-,-
3,0.12,-16776260,-60.25612352308428,nan,-,-,-,-,-
4,0.16,-16775973,-75.46253400370756,nan,-,-,-,-,-
5,0.2,-16776046,-69.5818009431103,nan,-,-,-,-,-
6,0.24,-16775914,-55.67244104128031,nan,-,-,-,-,-
7,0.28,-16775920,-23.690739647946174,nan,-,-,-,-,-
8,0.32,-16775911,10.970159977960833,nan,-,-,-,-,-
9,0.36,-16775839,30.243719662877083,nan,-,-,-,-,-
10,0.4,-16775825,30.08728244087287,nan,-,-,-,-,-
11,0.44,-16775885,20.36593138978079,nan,-,-,-,-,-
12,0.48,-16775606,7.399876851257602,nan,-,-,-,-,-
13,0.52,-16775378,15.658713477518916,nan,-,-,-,-,-
14,0.56,-16775337,39.87057679153047,nan,-,-,-,-,-
15,0.6,-16775345,53.956660371157625,nan,-,-,-,-,-
16,0.64,-16775327,47.492982489251176,nan,-,-,-,-,-
17,0.68,-16775456,37.506325983107416,nan,-,-,-,-,-
18,0.72,-16775433,27.403805156336432,nan,-,-,-,-,-
19,0.76,-16776047,44.70942143884247,nan,-,-,-,-,-
20,0.8,-16776056,46.22346498584221,nan,-,-,-,-,-
21,0.84,-16776028,47.54550861485035,nan,-,-,-,-,-
22,0.88,-16776332,55.25866516137228,nan,-,-,-,-,-
23,0.92,-16776015,29.09123693570723,nan,-,-,-,-,-
24,0.96,-16776048,-3.3756697498383943,nan,-,-,-,-,-
25,1.0,-16776038,-44.20112844057516,nan,-,-,-,-,-
26,1.04,-16775936,-80.4013679651406,nan,-,-,-,-,-
27,1.08,-16775915,-101.32920157664063,nan,-,-,-,-,-
28,1.12,-16775871,-111.07494799387149,nan,-,-,-,-,-
29,1.16,-16775870,-102.82435275499665,nan,-,-,-,-,-
30,1.2,-16775874,-71.95584314111588,nan,-,-,-,-,-
31,1.24,-16775864,-25.949032793552362,nan,-,-,-,-,-
32,1.28,-16775863,17.855393256712,nan,-,-,-,-,-
33,1.32,-16775858,45.59921226792824,nan,-,-,-,-,-
34,1.36,-16775842,55.16895519307138,nan,-,-,-,-,-
35,1.4,-16775865,53.47630135643836,nan,-,-,-,-,-
36,1.44,-16775394,31.02920249987082,nan,-,-,-,-,-
37,1.48,-16775376,23.163483577793897,nan,-,-,-,-,-
38,1.52,-16775416,17.893564331713435,nan,-,-,-,-,-
39,1.56,-16776041,31.846261674886534,nan,-,-,-,-,-
40,1.6,-16776086,28.48931125147658,nan,-,-,-,-,-
41,1.64,-16776473,37.16028904535597,nan,-,-,-,-,-
42,1.68,-16776385,30.24163363880632,nan,-,-,-,-,-
43,1.72,-16776023,14.758322649444537,nan,-,-,-,-,-
44,1.76,-16776074,15.875036924421721,nan,-,-,-,-,-
45,1.8,-16775927,12.174283621075233,nan,-,-,-,-,-
46,1.84,-16775919,1.7020543239949575,nan,-,-,-,-,-
47,1.88,-16775909,-33.35279400028398,nan,-,-,-,-,-
48,1.92,-16775934,-83.29671692278887,nan,-,-,-,-,-
49,1.96,-16775897,-117.42045890186749,nan,-,-,-,-,-
50,2.0,-16775843,-104.2831815300131,nan,-,-,-,-,-
51,2.04,-16775825,-45.6665826532346,nan,-,-,-,-,-
52,2.08,-16775837,24.549742014327048,nan,-,-,-,-,-
53,2.12,-16775314,52.435078328965744,nan,-,-,-,-,-
54,2.16,-16775270,57.18217293776394,nan,-,-,-,-,-
55,2.2,-16775278,38.71455337884327,nan,-,-,-,-,-
56,2.24,-16775638,30.079251524821757,nan,-,-,-,-,-
57,2.28,-16776601,51.554702746981434,nan,-,-,-,-,-
58,2.32,-16777072,64.85068360848993,nan,-,-,-,-,-
59,2.36,-16776795,53.74920506995136,nan,-,-,-,-,-
60,2.4,-16776319,32.49384852974464,nan,-,-,-,-,-
61,2.44,-16776058,17.17814801144226,nan,-,-,-,-,-
62,2.48,-16775985,8.567117529703125,nan,-,-,-,-,-
63,2.52,-16776031,-5.196919471976116,nan,-,-,-,-,-
64,2.56,-16775929,-49.408271674486514,nan,-,-,-,-,-
65,2.6,-16775928,-116.07235016421538,nan,-,-,-,-,-
66,2.64,-16775817,-177.65054493657584,nan,-,-,-,-,-
67,2.68,-16775876,-173.2128652042552,nan,-,-,-,-,-
68,2.72,-16775871,-86.62741620769933,nan,-,-,-,-,-
69,2.76,-16775454,31.88076948209263,nan,-,-,-,-,-
70,2.8,-16775104,118.54991899819584,nan,-,-,-,-,-
71,2.84,-16775196,136.11373099225983,nan,-,-,-,-,-
72,2.88,-16775390,95.32746157848138,nan,-,-,-,-,-
73,2.92,-16775786,57.303883061558224,nan,-,-,-,-,-
74,2.96,-16776038,44.10469084491206,nan,-,-,-,-,-
76,3.04,-16775839,38.29254999779616,nan,-,-,-,-,-
77,3.08,-16775136,13.847843380566928,nan,-,-,-,-,-
78,3.12,-16775188,17.713456699521913,nan,-,-,-,-,-
79,3.16,-16775128,16.263434141809583,nan,-,-,-,-,-
80,3.2,-16775365,2.448810358943561,nan,-,-,-,-,-
81,3.24,-16775374,-46.59812435501382,nan,-,-,-,-,-
82,3.28,-16775667,-87.26002080566519,nan,-,-,-,-,-
83,3.32,-16776330,-77.4878615726833,nan,-,-,-,-,-
84,3.36,-16776362,-35.91879536169881,nan,-,-,-,-,-
85,3.4,-16776022,20.820793193564164,nan,-,-,-,-,-
86,3.44,-16775889,67.57486045007298,nan,-,-,-,-,-
87,3.48,-16775844,68.67076430276484,nan,-,-,-,-,-
88,3.52,-16775896,24.515878416486345,nan,-,-,-,-,-
89,3.56,-16775887,-40.58056727802813,nan,-,-,-,-,-
90,3.6,-16775893,-90.60644755476699,nan,-,-,-,-,-
91,3.64,-16775873,-112.9395206212618,nan,-,-,-,-,-
92,3.68,-111254,-524053.98147060536,nan,-,-,-,-,-
93,3.72,-293730,-475430.3920709444,nan,-,-,-,-,-
94,3.76,-485,-392015.6074954206,nan,-,-,-,-,-
95,3.8,-719,-244064.7969243767,nan,-,-,-,-,-
96,3.84,-16777208,473573.0523943715,nan,-,-,-,-,-
97,3.88,-524,105408.5687714332,nan,-,-,-,-,-
98,3.92,-16777033,792817.9315727502,nan,-,-,-,-,-
99,3.96,-312,455663.1402108944,nan,-,-,-,-,-
100,4.0,-16776543,1341343.0727579063,nan,-,-,-,-,-
101,4.04,-16776428,1727176.0710793994,nan,-,-,-,-,-
102,4.08,-547,1182393.946811336,nan,-,-,-,-,-
103,4.12,-567,393875.3047266016,nan,-,-,-,-,-
104,4.16,-524,-947739.7484536446,nan,-,-,-,-,-
105,4.2,-804,-2003203.7109350364,nan,-,-,-,-,-
106,4.24,-1644,-2097469.248093617,nan,-,-,-,-,-
107,4.28,-602,-1377775.6408896537,nan,-,-,-,-,-
108,4.32,-38,-577238.726322003,nan,-,-,-,-,-
109,4.36,-16777149,363459.8782279007,nan,-,-,-,-,-
110,4.4,-31,68073.50406978605,nan,-,-,-,-,-
111,4.44,-25,590971.7184008467,nan,-,-,-,-,-
112,4.48,-16776356,1737413.0939742783,nan,-,-,-,-,-
113,4.52,-16776359,1726173.6216953117,nan,-,-,-,-,-
114,4.56,-16776923,900057.3452908816,nan,-,-,-,-,-
115,4.6,-16776819,-125450.01107205311,nan,-,-,-,-,-
116,4.64,-16777120,-778547.3827561471,nan,-,-,-,-,-
117,4.68,-16776554,-1070425.9686543904,nan,-,-,-,-,-
118,4.72,-278,-1688214.8332471978,nan,-,-,-,-,-
119,4.76,-215,-1496444.1809002645,nan,-,-,-,-,-
120,4.8,-551,-1130943.637648859,nan,-,-,-,-,-
121,4.84,-243,-983185.3543690229,nan,-,-,-,-,-
122,4.88,-214,-1075814.4509692565,nan,-,-,-,-,-
123,4.92,-1647,-820554.9723476677,nan,-,-,-,-,-
124,4.96,-870,106682.85694929212,nan,-,-,-,-,-
125,5.0,-334,1261734.1340756225,nan,-,-,-,-,-
126,5.04,-16777113,2640955.5841323305,nan,-,-,-,-,-
127,5.08,-87,2495502.06218417,nan,-,-,-,-,-
128,5.12,-184,2373867.4999006763,nan,-,-,-,-,-
129,5.16,-16777138,2130189.1536795106,nan,-,-,-,-,-
130,5.2,-344,375173.81612491934,nan,-,-,-,-,-
131,5.24,-16776161,-112834.77684671525,nan,-,-,-,-,-
132,5.28,-16776796,-599134.1195642771,nan,-,-,-,-,-
133,5.32,-16776844,-785376.237130187,nan,-,-,-,-,-
134,5.36,-862,-1544002.783954095,nan,-,-,-,-,-
135,5.4,-1497,-1726726.2615780476,nan,-,-,-,-,-
136,5.44,-227,-1546618.1149049848,nan,-,-,-,-,-
137,5.48,-16777157,-486436.04192528035,nan,-,-,-,-,-
138,5.52,-199,-645663.6227627117,nan,-,-,-,-,-
139,5.56,-16777040,-165269.33438724186,nan,-,-,-,-,-
140,5.6,-752168,-854263.7130634338,nan,-,-,-,-,-
141,5.64,-752965,-640527.5117718652,nan,-,-,-,-,-
142,5.68,-751100,158079.8216251284,nan,-,-,-,-,-
143,5.72,-746555,1241092.491444991,nan,-,-,-,-,-
144,5.76,-722455,1828950.404869514,nan,-,-,-,-,-
145,5.8,-714272,1294036.8226704367,nan,-,-,-,-,-
146,5.84,-715116,35808.39616067824,nan,-,-,-,-,-
147,5.88,-720465,-772249.3929264084,nan,-,-,-,-,-
148,5.92,-723937,-478878.56211416353,nan,-,-,-,-,-
149,5.96,-729441,435288.2397737771,nan,-,-,-,-,-
151,6.04,-733924,988137.0072797507,nan,-,-,-,-,-
152,6.08,-730919,385042.35171121336,nan,-,-,-,-,-
153,6.12,-732289,-227837.74570137612,nan,-,-,-,-,-
154,6.16,-735403,-497593.3096019528,nan,-,-,-,-,-
155,6.2,-737429,-466192.97504773404,nan,-,-,-,-,-
156,6.24,-740728,-365318.9376341117,nan,-,-,-,-,-
157,6.28,-742783,-319424.52704941697,nan,-,-,-,-,-
158,6.32,-745678,-307750.4106697674,nan,-,-,-,-,-
159,6.36,-748406,-282108.0258635041,nan,-,-,-,-,-
160,6.4,-748117,-233396.5162219294,nan,-,-,-,-,-
161,6.44,-750333,-177826.1313207611,nan,-,-,-,-,-
162,6.48,-751341,-128270.19464980753,nan,-,-,-,-,-
163,6.52,-752878,-86191.50289795152,nan,-,-,-,-,-
164,6.56,-753981,-48926.042823903845,nan,-,-,-,-,-
165,6.6,-753221,-15472.78527816973,nan,-,-,-,-,-
166,6.64,-753251,12015.8660709018,nan,-,-,-,-,-
167,6.68,-748256,34854.71876319195,nan,-,-,-,-,-
168,6.72,-728229,51287.45709764026,nan,-,-,-,-,-
169,6.76,-713577,62632.06124123355,nan,-,-,-,-,-
170,6.8,-714268,71152.34200335789,nan,-,-,-,-,-
171,6.84,-717366,73087.17879257185,nan,-,-,-,-,-
172,6.88,-722819,74179.74733883218,nan,-,-,-,-,-
173,6.92,-728493,69991.16690932993,nan,-,-,-,-,-
174,6.96,-732566,66396.34884865244,nan,-,-,-,-,-
175,7.0,-734140,60148.232660639645,nan,-,-,-,-,-
176,7.04,-732459,51746.01755384978,nan,-,-,-,-,-
177,7.08,-731688,44103.698327543054,nan,-,-,-,-,-
178,7.12,-735026,35747.41387516714,nan,-,-,-,-,-
179,7.16,-737830,26160.62007924702,nan,-,-,-,-,-
180,7.2,-740205,15833.063986764333,nan,-,-,-,-,-
181,7.24,-742705,6289.996311753261,nan,-,-,-,-,-
182,7.28,-745088,-1085.191651784815,nan,-,-,-,-,-
183,7.32,-747218,-4723.090767953836,nan,-,-,-,-,-
184,7.36,-748652,-9136.644786067569,nan,-,-,-,-,-
185,7.4,-749852,-11226.651761746347,nan,-,-,-,-,-
186,7.44,-750258,-11469.278603641418,nan,-,-,-,-,-
187,7.48,-751119,-12545.549148069455,nan,-,-,-,-,-
188,7.52,-752461,-13131.016389105775,nan,-,-,-,-,-
189,7.56,-753201,-13081.367276180754,nan,-,-,-,-,-
190,7.6,-752467,-12265.70898629239,nan,-,-,-,-,-
191,7.64,-747446,-10851.09643726086,nan,-,-,-,-,-
192,7.68,-728050,-10714.705817957234,nan,-,-,-,-,-
193,7.72,-716651,-8831.462161892756,nan,-,-,-,-,-
194,7.76,-714744,-6670.447447753129,nan,-,-,-,-,-
195,7.8,-716823,-4589.255984362826,nan,-,-,-,-,-
196,7.84,-721550,-2685.7009900677804,nan,-,-,-,-,-
197,7.88,-726711,-937.693601737652,nan,-,-,-,-,-
198,7.92,-731742,749.1276491264953,nan,-,-,-,-,-
199,7.96,-732203,2282.009194590558,nan,-,-,-,-,-
200,8.0,-731401,5029.343721799667,nan,-,-,-,-,-
201,8.04,-729709,4845.039660133828,nan,-,-,-,-,-
202,8.08,-732709,5106.940324452578,nan,-,-,-,-,-
203,8.12,-735729,5162.011739881876,nan,-,-,-,-,-
204,8.16,-740934,1546.6286852328735,nan,-,-,-,-,-
205,8.2,-743222,360.937674924744,nan,-,-,-,-,-
206,8.24,-746135,-1087.3825383731673,nan,-,-,-,-,-
207,8.28,-746863,-1320.2092876633742,nan,-,-,-,-,-
208,8.32,-747695,-2007.0784949381832,nan,-,-,-,-,-
209,8.36,-749563,-1191.5138729820983,nan,-,-,-,-,-
210,8.4,-750803,-709.8032464165399,nan,-,-,-,-,-
211,8.44,-751989,568.5917484816346,nan,-,-,-,-,-
212,8.48,-752153,-1102.2583359642986,nan,-,-,-,-,-
213,8.52,-751366,-179.56029080778353,nan,-,-,-,-,-
214,8.56,-751510,-1359.276208998357,nan,-,-,-,-,-
215,8.6,-749532,-956.7435442985989,nan,-,-,-,-,-
216,8.64,-734499,-790.9569429934945,nan,-,-,-,-,-
217,8.68,-720038,-663.268324769746,nan,-,-,-,-,-
218,8.72,-716211,-342.95610591174955,nan,-,-,-,-,-
219,8.76,-717321,61.88292123130577,nan,-,-,-,-,-
220,8.8,-721536,616.1818527732344,nan,-,-,-,-,-
221,8.84,-727220,1306.4981799994912,nan,-,-,-,-,-
222,8.88,-732042,1986.9661938461632,nan,-,-,-,-,-
223,8.92,-733538,2529.7767426770224,nan,-,-,-,-,-
224,8.96,-732616,3028.5013566990656,nan,-,-,-,-,-
226,9.04,-735050,3822.8869169512855,nan,-,-,-,-,-
227,9.08,-738121,3061.429205687802,nan,-,-,-,-,-
228,9.12,-740482,1099.701370261163,nan,-,-,-,-,-
229,9.16,-743108,-1260.2057695993485,nan,-,-,-,-,-
230,9.2,-746376,-2893.9721308435933,nan,-,-,-,-,-
231,9.24,-748203,-3325.256720890739,nan,-,-,-,-,-
232,9.28,-749187,-2787.0768040086123,nan,-,-,-,-,-
233,9.32,-750411,-1879.7283334073877,nan,-,-,-,-,-
234,9.36,-751514,-1189.8715061269377,nan,-,-,-,-,-
235,9.4,-751601,-1009.5095867125328,nan,-,-,-,-,-
236,9.44,-751735,-1171.7398259703878,nan,-,-,-,-,-
237,9.48,-751963,-1306.8868220301592,nan,-,-,-,-,-
238,9.52,-751097,-1196.4303009869172,nan,-,-,-,-,-
239,9.56,-749166,-871.8904449814227,nan,-,-,-,-,-
240,9.6,-735095,-847.9989257456982,nan,-,-,-,-,-
241,9.64,-718800,-882.6024100395225,nan,-,-,-,-,-
242,9.68,-714999,-497.3997537473588,nan,-,-,-,-,-
243,9.72,-716784,88.01355985033479,nan,-,-,-,-,-
244,9.76,-722831,810.0927724971489,nan,-,-,-,-,-
245,9.8,-727246,1445.3544526421465,nan,-,-,-,-,-
246,9.84,-730921,1993.829575768612,nan,-,-,-,-,-
247,9.88,-733249,2478.6963748765866,nan,-,-,-,-,-
248,9.92,-733172,2985.4358038136616,nan,-,-,-,-,-
249,9.96,-731573,3515.99033824861,nan,-,-,-,-,-
250,10.0,-733215,3772.18213924648,nan,-,-,-,-,-
251,10.04,-736636,3020.1206725862266,nan,-,-,-,-,-
252,10.08,-738800,994.5539412680455,nan,-,-,-,-,-
253,10.12,-742024,-1414.542383510412,nan,-,-,-,-,-
254,10.16,-744662,-3054.1551627049676,nan,-,-,-,-,-
255,10.2,-747762,-3328.9142542188843,nan,-,-,-,-,-
256,10.24,-751685,-2592.489998673883,nan,-,-,-,-,-
257,10.28,-738387,-2142.59277608511,nan,-,-,-,-,-
258,10.32,-718649,-2116.070409335771,nan,-,-,-,-,-
259,10.36,-713606,-1954.815528256804,nan,-,-,-,-,-
260,10.4,-716883,-1734.603670037739,nan,-,-,-,-,-
261,10.44,-723496,-1365.1919604758991,nan,-,-,-,-,-
262,10.48,-730916,-740.3747106243572,nan,-,-,-,-,-
263,10.52,-734769,-10.337083101931057,nan,-,-,-,-,-
264,10.56,-749945,1218.8516006760674,nan,-,-,-,-,-
265,10.6,-735246,1688.441326566142,nan,-,-,-,-,-
266,10.64,-717134,2310.425379805154,nan,-,-,-,-,-
267,10.68,-714511,3263.249301666541,nan,-,-,-,-,-
268,10.72,-719249,3347.363289603022,nan,-,-,-,-,-
269,10.76,-726322,1892.7271930700426,nan,-,-,-,-,-
270,10.8,-733695,-414.43917336972845,nan,-,-,-,-,-
271,10.84,-733570,-2357.385184647006,nan,-,-,-,-,-
272,10.88,-732225,-2829.200620460713,nan,-,-,-,-,-
273,10.92,-735613,-1714.445141041661,nan,-,-,-,-,-
274,10.96,-739991,272.8055712035284,nan,-,-,-,-,-
275,11.0,-743180,2159.1279207039806,nan,-,-,-,-,-
276,11.04,-746164,2798.901452165337,nan,-,-,-,-,-
277,11.08,-749153,1560.9542797934228,nan,-,-,-,-,-
278,11.12,-750394,-776.6741814190434,nan,-,-,-,-,-
279,11.16,-751404,-2453.2981231531103,nan,-,-,-,-,-
280,11.2,-750954,-2586.0940630026334,nan,-,-,-,-,-
281,11.24,-1078397,8629.270751339936,nan,-,-,-,-,-
282,11.28,-1210015,12740.616078412568,nan,-,-,-,-,-
283,11.32,-1186367,9981.237217733462,nan,-,-,-,-,-
284,11.36,-1159511,5345.102661452289,nan,-,-,-,-,-
285,11.4,-1154010,463.7165785880643,nan,-,-,-,-,-
286,11.44,-1158410,-4108.182959545535,nan,-,-,-,-,-
287,11.48,-1169709,-8362.425055110521,nan,-,-,-,-,-
288,11.52,-1200470,-13596.526784404807,nan,-,-,-,-,-
289,11.56,-1202392,-23794.735599225372,nan,-,-,-,-,-
290,11.6,-1201735,-36449.50636478186,nan,-,-,-,-,-
291,11.64,-1202163,-42051.72244247851,nan,-,-,-,-,-
292,11.68,-1204193,-30325.725707913152,nan,-,-,-,-,-
293,11.72,-1208104,-3879.176645624968,nan,-,-,-,-,-
294,11.76,-1208933,20537.073478061022,nan,-,-,-,-,-
295,11.8,-1210383,29310.311536357633,nan,-,-,-,-,-
296,11.84,-1211933,24229.805410359084,nan,-,-,-,-,-
297,11.88,-1212867,16182.924842545603,nan,-,-,-,-,-
298,11.92,-1214015,12401.76972892457,nan,-,-,-,-,-
299,11.96,-1214516,12596.348841656201,nan,-,-,-,-,-
301,12.04,-1208811,11883.455737320812,nan,-,-,-,-,-
302,12.08,-1194307,8570.000593690987,nan,-,-,-,-,-
303,12.12,-1189063,5311.913967850058,nan,-,-,-,-,-
304,12.16,-1191972,3049.3010942316505,nan,-,-,-,-,-
305,12.2,-1196067,1566.9786978066913,nan,-,-,-,-,-
306,12.24,-1200205,438.5533590203049,nan,-,-,-,-,-
307,12.28,-1201577,-618.3971880416939,nan,-,-,-,-,-
308,12.32,-1199998,-1516.4045309355206,nan,-,-,-,-,-
309,12.36,-1201929,-1874.743913291677,nan,-,-,-,-,-
310,12.4,-1204559,-1761.2818045010463,nan,-,-,-,-,-
311,12.44,-1207764,-1496.3649132394712,nan,-,-,-,-,-
312,12.48,-1209157,-1758.8271275223306,nan,-,-,-,-,-
313,12.52,-1211215,-2847.692054639726,nan,-,-,-,-,-
314,12.56,-1212434,-4409.779069707945,nan,-,-,-,-,-
315,12.6,-1213354,-5456.843460869524,nan,-,-,-,-,-
316,12.64,-1215491,-5322.686383958715,nan,-,-,-,-,-
317,12.68,-1215538,-4395.911517619159,nan,-,-,-,-,-
318,12.72,-1214182,-3418.0552782215045,nan,-,-,-,-,-
319,12.76,-1210322,-2900.2914853656566,nan,-,-,-,-,-
320,12.8,-1195964,-2984.6703107887297,nan,-,-,-,-,-
321,12.84,-1189991,-2682.395087869172,nan,-,-,-,-,-
322,12.88,-1191403,-1843.6165286028117,nan,-,-,-,-,-
323,12.92,-1194854,-775.7903914045428,nan,-,-,-,-,-
324,12.96,-1199212,258.28358349810486,nan,-,-,-,-,-
325,13.0,-1201671,1068.9488176201276,nan,-,-,-,-,-
326,13.04,-1201515,1694.9694975619946,nan,-,-,-,-,-
327,13.08,-1200449,2318.7494594292757,nan,-,-,-,-,-
328,13.12,-1203557,3126.312412857805,nan,-,-,-,-,-
329,13.16,-1205835,3703.878506633364,nan,-,-,-,-,-
330,13.2,-1208216,3586.4856112615007,nan,-,-,-,-,-
331,13.24,-1210416,2444.882301149055,nan,-,-,-,-,-
332,13.28,-1213412,663.3781772797183,nan,-,-,-,-,-
333,13.32,-1213538,-961.0696218774958,nan,-,-,-,-,-
334,13.36,-1215148,-1587.442802383312,nan,-,-,-,-,-
335,13.4,-1214850,-1398.0897518013312,nan,-,-,-,-,-
336,13.44,-1214299,-957.3873581691282,nan,-,-,-,-,-
337,13.48,-1212095,-839.2845911243303,nan,-,-,-,-,-
338,13.52,-1196912,-1459.4878008700907,nan,-,-,-,-,-
339,13.56,-1190112,-1819.4298969036845,nan,-,-,-,-,-
340,13.6,-1189537,-1687.1784527683903,nan,-,-,-,-,-
341,13.64,-1193771,-1069.7395726456527,nan,-,-,-,-,-
342,13.68,-1197314,-296.30638014471697,nan,-,-,-,-,-
343,13.72,-1200540,478.70705797982373,nan,-,-,-,-,-
344,13.76,-1201080,1095.1521746477029,nan,-,-,-,-,-
345,13.8,-1200289,1625.495868834032,nan,-,-,-,-,-
346,13.84,-1203378,2309.8163230526798,nan,-,-,-,-,-
347,13.88,-1206751,2918.648051041707,nan,-,-,-,-,-
348,13.92,-1210029,2994.3199633860577,nan,-,-,-,-,-
349,13.96,-1211742,2045.9474679821778,nan,-,-,-,-,-
350,14.0,-1212133,260.9170145116791,nan,-,-,-,-,-
351,14.04,-1214054,-1394.3195511305653,nan,-,-,-,-,-
352,14.08,-1214870,-2186.959267762468,nan,-,-,-,-,-
353,14.12,-1215108,-2041.9756513598156,nan,-,-,-,-,-
354,14.16,-1214049,-1563.4219320912262,nan,-,-,-,-,-
355,14.2,-1212325,-1282.2644164336125,nan,-,-,-,-,-
356,14.24,-1200816,-1644.3451960405855,nan,-,-,-,-,-
357,14.28,-1191973,-1941.311878153765,nan,-,-,-,-,-
358,14.32,-1190634,-1677.7229579429386,nan,-,-,-,-,-
359,14.36,-1193166,-946.4422471950643,nan,-,-,-,-,-
360,14.4,-1197371,-62.725484016173596,nan,-,-,-,-,-
361,14.44,-1201376,689.7593602162369,nan,-,-,-,-,-
362,14.48,-1202724,1214.8761297025585,nan,-,-,-,-,-
363,14.52,-1201663,1642.761211705143,nan,-,-,-,-,-
364,14.56,-1204245,2254.784422491065,nan,-,-,-,-,-
365,14.6,-1205456,2767.673224402235,nan,-,-,-,-,-
366,14.64,-1208652,2906.585760057883,nan,-,-,-,-,-
367,14.68,-1209838,2138.9738960819395,nan,-,-,-,-,-
368,14.72,-1212080,617.952864963554,nan,-,-,-,-,-
369,14.76,-1213903,-1020.1147096863772,nan,-,-,-,-,-
370,14.8,-1213469,-2035.0001069008729,nan,-,-,-,-,-
371,14.84,-1214852,-2046.9960241429694,nan,-,-,-,-,-
372,14.88,-1214496,-1564.8007891977663,nan,-,-,-,-,-
373,14.92,-1212063,-1174.9324454681246,nan,-,-,-,-,-
374,14.96,-1202180,-1321.996656591151,nan,-,-,-,-,-
375,15.0,-1192775,-1612.5403069269487,54,54.0,-,-,-,-
376,15.04,-1191229,-1522.4031628455195,54,-,-,-,-,-
377,15.08,-1195306,-990.8012883528113,54,-,-,-,-,-
378,15.12,-1199448,-277.1291443335108,54,-,-,-,-,-
379,15.16,-1202803,437.1436247975389,54,-,-,-,-,-
380,15.2,-1201090,921.2535038314481,54,-,-,-,-,-
381,15.24,-1201595,1426.2217167925696,54,-,-,-,-,-
382,15.28,-1205266,2058.830819145912,54,-,-,-,-,-
383,15.32,-1207359,2610.9377128894166,54,-,-,-,-,-
384,15.36,-1209112,2765.9961580088984,54,-,-,-,-,-
385,15.4,-1210789,2088.8659318704294,54,-,-,-,-,-
386,15.44,-1212250,596.6444882125538,54,-,-,-,-,-
387,15.48,-1213244,-1008.8515442232058,54,-,-,-,-,-
388,15.52,-1214408,-1863.5987357356337,54,-,-,-,-,-
389,15.56,-1215033,-1782.786046021269,54,-,-,-,-,-
390,15.6,-1215468,-1279.4387867366345,54,-,-,-,-,-
391,15.64,-1210307,-1147.793866896046,54,-,-,-,-,-
392,15.68,-1197126,-1583.2918274290205,54,-,-,-,-,-
393,15.72,-1191150,-1767.7948714013855,54,-,-,-,-,-
394,15.76,-1189746,-1505.7579584583073,54,-,-,-,-,-
395,15.8,-1194470,-790.9644842062567,54,-,-,-,-,-
396,15.84,-1197878,-73.00495524005373,54,-,-,-,-,-
397,15.88,-1202385,594.6149808570017,54,-,-,-,-,-
398,15.92,-1200979,1009.7046949555952,54,-,-,-,-,-
399,15.96,-1200853,1521.7952461621207,54,-,-,-,-,-
400,16.0,-1203900,2257.277698734044,54,-,-,-,-,-
401,16.04,-1206541,2894.3459036044696,54,-,-,-,-,-
402,16.08,-1208128,2899.693705175774,54,-,-,-,-,-
403,16.12,-1210533,1932.4252966548293,54,-,-,-,-,-
404,16.16,-1211032,168.04474661663062,54,-,-,-,-,-
405,16.2,-1212842,-1413.7556995100654,54,-,-,-,-,-
406,16.24,-1214045,-2113.569923912089,54,-,-,-,-,-
407,16.28,-1213450,-1931.6490780587233,54,-,-,-,-,-
408,16.32,-1214353,-1333.3242232808311,54,-,-,-,-,-
409,16.36,-1212659,-1035.4181101188233,54,-,-,-,-,-
410,16.4,-1203492,-1318.9940670710457,54,-,-,-,-,-
411,16.44,-1191194,-1742.4399729762736,54,-,-,-,-,-
412,16.48,-1189798,-1548.3052028382972,54,-,-,-,-,-
413,16.52,-1192440,-942.2472693454183,54,-,-,-,-,-
414,16.56,-1196672,-191.8560431349174,54,-,-,-,-,-
415,16.6,-1200889,498.4366906047626,54,-,-,-,-,-
416,16.64,-1201621,992.4380555839571,54,-,-,-,-,-
417,16.68,-1201200,1431.4420679993063,54,-,-,-,-,-
418,16.72,-1203175,2010.6800025863022,54,-,-,-,-,-
419,16.76,-1204982,2602.888283882483,54,-,-,-,-,-
420,16.8,-1207681,2906.0392499502705,54,-,-,-,-,-
421,16.84,-1210023,2381.9856763329644,54,-,-,-,-,-
422,16.88,-1210743,883.8947790122215,54,-,-,-,-,-
423,16.92,-1212045,-873.6718892220413,54,-,-,-,-,-
424,16.96,-1213720,-1970.7834699700811,54,-,-,-,-,-
425,17.0,-1213510,-2101.37298717226,54,-,-,-,-,-
426,17.04,-1214796,-1552.3582642657525,54,-,-,-,-,-
427,17.08,-1214817,-1064.9820685205364,54,-,-,-,-,-
428,17.12,-1204661,-1240.1460893600106,54,-,-,-,-,-
429,17.16,-1192593,-1654.8331840044757,54,-,-,-,-,-
430,17.2,-1189553,-1633.8006298790133,54,-,-,-,-,-
431,17.24,-1191519,-1158.4274654628962,54,-,-,-,-,-
432,17.28,-1196726,-389.7717789268952,54,-,-,-,-,-
433,17.32,-1200418,322.902884698834,54,-,-,-,-,-
434,17.36,-1201781,849.312577326793,54,-,-,-,-,-
435,17.4,-1200595,1241.8028258983086,54,-,-,-,-,-
436,17.44,-1201822,1805.201057111487,54,-,-,-,-,-
437,17.48,-1205650,2559.3948870339837,54,-,-,-,-,-
438,17.52,-1207703,3016.951776628114,54,-,-,-,-,-
439,17.56,-1210578,2674.5326209839923,54,-,-,-,-,-
440,17.6,-1213318,1289.210569714145,54,-,-,-,-,-
441,17.64,-1212673,-631.0361002634954,54,-,-,-,-,-
442,17.68,-1213681,-1916.906845224654,54,-,-,-,-,-
443,17.72,-1214187,-2140.0067336206225,54,-,-,-,-,-
444,17.76,-1214378,-1646.6075593093792,54,-,-,-,-,-
445,17.8,-1214008,-1157.471012954405,54,-,-,-,-,-
446,17.84,-1208021,-1228.6807757829656,54,-,-,-,-,-
447,17.88,-1192540,-1827.0107149329015,54,-,-,-,-,-
448,17.92,-1189725,-1844.4058018523265,54,-,-,-,-,-
449,17.96,-1191545,-1332.1095330064754,54,-,-,-,-,-
450,18.0,-1195856,-467.0904407074097,53,53.5,-,-,-,-
451,18.04,-1202470,488.36086457602687,53,-,-,-,-,-
452,18.08,-1201467,1021.8575368350594,53,-,-,-,-,-
453,18.12,-1202299,1438.5749949040892,53,-,-,-,-,-
454,18.16,-1203841,1880.433862075196,53,-,-,-,-,-
455,18.2,-1206543,2477.9347816466034,53,-,-,-,-,-
456,18.24,-1208489,2919.781487771258,53,-,-,-,-,-
457,18.28,-1211355,2680.024854912069,53,-,-,-,-,-
458,18.32,-1213341,1370.9058480831886,53,-,-,-,-,-
459,18.36,-1213111,-562.7383506364329,53,-,-,-,-,-
460,18.4,-1213459,-2001.2683377605879,53,-,-,-,-,-
461,18.44,-1214088,-2323.073810683489,53,-,-,-,-,-
462,18.48,-1215180,-1794.038110271638,53,-,-,-,-,-
463,18.52,-1212606,-1286.66142482654,53,-,-,-,-,-
464,18.56,-1202993,-1357.4193769949325,53,-,-,-,-,-
465,18.6,-1190848,-1738.5659927419165,53,-,-,-,-,-
466,18.64,-1189424,-1640.022983981582,53,-,-,-,-,-
467,18.68,-1192936,-1062.6440929974924,53,-,-,-,-,-
468,18.72,-1196697,-251.7413279468674,53,-,-,-,-,-
469,18.76,-1201443,590.8522525422541,53,-,-,-,-,-
470,18.8,-1201263,1107.7593242547036,53,-,-,-,-,-
471,18.84,-1201275,1497.5423209202436,53,-,-,-,-,-
472,18.88,-1202953,1997.045601347787,53,-,-,-,-,-
473,18.92,-1205877,2629.3720743710373,53,-,-,-,-,-
474,18.96,-1208941,2968.9143221142976,53,-,-,-,-,-
475,19.0,-1210090,2370.2436056866354,53,-,-,-,-,-
476,19.04,-1212023,830.6892085245895,53,-,-,-,-,-
477,19.08,-1212376,-1001.5905936382633,53,-,-,-,-,-
478,19.12,-1213512,-2087.1933853824107,53,-,-,-,-,-
479,19.16,-1213641,-2142.8377311240606,53,-,-,-,-,-
480,19.2,-1213914,-1590.0663772274902,53,-,-,-,-,-
481,19.24,-1213043,-1149.1624879269311,53,-,-,-,-,-
482,19.28,-1204982,-1298.2252650111132,53,-,-,-,-,-
483,19.32,-1192049,-1746.631910023585,53,-,-,-,-,-
484,19.36,-1189897,-1637.1285135804192,53,-,-,-,-,-
485,19.4,-1190806,-1101.2269886676859,53,-,-,-,-,-
486,19.44,-1195945,-261.5063774083392,53,-,-,-,-,-
487,19.48,-1200817,518.6989453591723,53,-,-,-,-,-
488,19.52,-1202901,1065.532255936053,53,-,-,-,-,-
489,19.56,-1202926,1465.234843893848,53,-,-,-,-,-
490,19.6,-1202033,1886.9256524447046,53,-,-,-,-,-
491,19.64,-1205647,2519.3793143548837,53,-,-,-,-,-
492,19.68,-1208185,2882.2919476954976,53,-,-,-,-,-
493,19.72,-1210450,2484.8714326310856,53,-,-,-,-,-
494,19.76,-1211290,1089.2424819397497,53,-,-,-,-,-
495,19.8,-1213615,-679.7173028280122,53,-,-,-,-,-
496,19.84,-1213349,-2023.9241031096735,53,-,-,-,-,-
497,19.88,-1213660,-2311.696983309783,53,-,-,-,-,-
498,19.92,-1214999,-1767.2173792859346,53,-,-,-,-,-
499,19.96,-1214267,-1150.2123601050962,53,-,-,-,-,-
500,20.0,-1209134,-1015.8855480266111,53,-,-,-,-,-
501,20.04,-1195341,-1480.5426849948853,53,-,-,-,-,-
502,20.08,-1189612,-1646.932756139653,53,-,-,-,-,-
503,20.12,-1190137,-1293.601956299106,53,-,-,-,-,-
504,20.16,-1195890,-493.53467657581723,53,-,-,-,-,-
505,20.2,-1200604,321.9197966806232,53,-,-,-,-,-
506,20.24,-1203199,943.7137653776881,53,-,-,-,-,-
507,20.28,-1201666,1301.1040687615605,53,-,-,-,-,-
508,20.32,-1201937,1719.1698463784205,53,-,-,-,-,-
509,20.36,-1205329,2349.204798534698,53,-,-,-,-,-
510,20.4,-1207507,2860.5764650621322,53,-,-,-,-,-
511,20.44,-1209451,2743.885627253765,53,-,-,-,-,-
512,20.48,-1211678,1611.8763099052858,53,-,-,-,-,-
513,20.52,-1211668,-274.2773412422241,53,-,-,-,-,-
514,20.56,-1212713,-1826.8504108528275,53,-,-,-,-,-
515,20.6,-1215047,-2272.972096477488,53,-,-,-,-,-
516,20.64,-1214745,-1839.9059174598494,53,-,-,-,-,-
517,20.68,-1213888,-1191.710806781275,53,-,-,-,-,-
518,20.72,-1211318,-966.7020315462314,53,-,-,-,-,-
519,20.76,-1198623,-1435.5009110760147,53,-,-,-,-,-
520,20.8,-1190540,-1717.9600148510344,53,-,-,-,-,-
521,20.84,-1188973,-1454.0581069846248,53,-,-,-,-,-
522,20.88,-1192319,-750.5125331662243,53,-,-,-,-,-
523,20.92,-1197689,56.69401793511133,53,-,-,-,-,-
524,20.96,-1202191,714.7640736384883,53,-,-,-,-,-
525,21.0,-1201283,1109.2871609762533,51,52.666666666666664,-,-,-,Maximo
526,21.04,-1201145,1580.6353368869704,51,-,-,-,-,Maximo
527,21.08,-1205466,2311.394997485535,51,-,-,-,-,Maximo
528,21.12,-1206618,2866.184637558621,51,-,-,-,-,Maximo
529,21.16,-1209307,2944.208883116903,51,-,-,-,-,Maximo
530,21.2,-1211049,2058.3257336164697,51,-,-,-,-,Maximo
531,21.24,-1212400,357.3934930797177,51,-,-,-,-,Maximo
532,21.28,-1213390,-1376.7366982442736,51,-,-,-,-,Maximo
533,21.32,-1215256,-2259.3134026301295,51,-,-,-,-,Maximo
534,21.36,-1214891,-2187.4922350862325,51,-,-,-,-,Maximo
535,21.4,-1214418,-1605.3410510270483,51,-,-,-,-,Maximo
536,21.44,-1212748,-1201.5682760233458,51,-,-,-,-,Maximo
537,21.48,-1196143,-1620.2892141582524,51,-,-,-,-,Maximo
538,21.52,-1190368,-1756.7113272811584,51,-,-,-,-,Maximo
539,21.56,-1191569,-1425.639146371619,51,-,-,-,-,Maximo
540,21.6,-1194993,-762.9676542060856,51,-,-,-,-,Maximo
541,21.64,-1200456,42.66650591758571,51,-,-,-,-,Maximo
542,21.68,-1201992,651.2799699043053,51,-,-,-,-,Maximo
543,21.72,-1200248,1077.423288991392,51,-,-,-,-,Maximo
544,21.76,-1203388,1685.2213784892683,51,-,-,-,-,Maximo
545,21.8,-1206214,2377.4876227073373,51,-,-,-,-,Maximo
546,21.84,-1209117,2986.8466650081637,51,-,-,-,-,Maximo
547,21.88,-1210902,2972.4352334402274,51,-,-,-,-,Maximo
548,21.92,-1212817,1938.0244145897368,51,-,-,-,-,Maximo
549,21.96,-1213421,99.50530018146492,51,-,-,-,-,Maximo
550,22.0,-1215226,-1501.1397689728105,51,-,-,-,-,Maximo
551,22.04,-1216613,-2117.411978525643,51,-,-,-,-,Maximo
552,22.08,-1215693,-1883.9603656231334,51,-,-,-,-,Maximo
553,22.12,-1212428,-1493.644023124798,51,-,-,-,-,Maximo
554,22.16,-1203492,-1569.2775155544296,51,-,-,-,-,Maximo
555,22.2,-1192181,-1930.177775661563,51,-,-,-,-,Maximo
556,22.24,-1189686,-1839.9785012296543,51,-,-,-,-,Maximo
557,22.28,-1192979,-1223.2169170625052,51,-,-,-,-,Maximo
558,22.32,-1198132,-362.3301152781687,51,-,-,-,-,Maximo
559,22.36,-1201449,392.11480708424006,51,-,-,-,-,Maximo
560,22.4,-1202356,956.1617867892892,51,-,-,-,-,Maximo
561,22.44,-1203672,1527.4428181870207,51,-,-,-,-,Maximo
562,22.48,-1205530,2210.3240487164676,51,-,-,-,-,Maximo
563,22.52,-1208271,2886.7747064475025,51,-,-,-,-,Maximo
564,22.56,-1210449,3089.667417921696,51,-,-,-,-,Maximo
565,22.6,-1212415,2385.7793929615727,51,-,-,-,-,Maximo
566,22.64,-1213695,780.5590890437652,51,-,-,-,-,Maximo
567,22.68,-1213368,-1063.5912415763328,51,-,-,-,-,Maximo
568,22.72,-1214366,-2167.9451338104554,51,-,-,-,-,Maximo
569,22.76,-1215524,-2242.5877928303903,51,-,-,-,-,Maximo
570,22.8,-1214798,-1767.8345616753986,51,-,-,-,-,Maximo
571,22.84,-1210132,-1431.7600464631068,51,-,-,-,-,Maximo
572,22.88,-1196469,-1646.6824590508131,51,-,-,-,-,Maximo
573,22.92,-1190326,-1702.6718838161814,51,-,-,-,-,Maximo
574,22.96,-1191250,-1348.8046044315515,51,-,-,-,-,Maximo
575,23.0,-1196507,-610.5821841986317,51,-,-,-,-,Maximo
576,23.04,-1201075,202.55958650638604,51,-,-,-,-,Maximo
577,23.08,-1202126,807.4549959752057,51,-,-,-,-,Maximo
578,23.12,-1200728,1185.9579082692717,51,-,-,-,-,Maximo
579,23.16,-1201473,1624.1459527587067,51,-,-,-,-,Maximo
580,23.2,-1204380,2261.9413031282065,51,-,-,-,-,Maximo
581,23.24,-1208617,2886.1886566847843,51,-,-,-,-,Maximo
582,23.28,-1209155,2780.9482648199382,51,-,-,-,-,Maximo
583,23.32,-1212083,1725.7184463029944,51,-,-,-,-,Maximo
584,23.36,-1211893,-120.31283251941431,51,-,-,-,-,Maximo
585,23.4,-1213728,-1612.0249210501806,51,-,-,-,-,Maximo
586,23.44,-1214244,-2103.5898117619968,51,-,-,-,-,Maximo
587,23.48,-1214471,-1695.4647078527562,51,-,-,-,-,Maximo
588,23.52,-1213361,-1166.9635738001716,51,-,-,-,-,Maximo
589,23.56,-1205256,-1253.3471876469303,51,-,-,-,-,Maximo
590,23.6,-1192925,-1780.2402058570697,51,-,-,-,-,Maximo
591,23.64,-1191290,-1816.953502099781,51,-,-,-,-,Maximo
592,23.68,-1193408,-1325.1487183453019,51,-,-,-,-,Maximo
593,23.72,-1197057,-513.3844846652173,51,-,-,-,-,Maximo
594,23.76,-1201752,312.5339558224987,51,-,-,-,-,Maximo
595,23.8,-1202519,851.4762952237097,51,-,-,-,-,Maximo
596,23.84,-1201262,1244.6346756751423,51,-,-,-,-,Maximo
597,23.88,-1204584,1858.7871122655579,51,-,-,-,-,Maximo
598,23.92,-1207336,2517.3932114197896,51,-,-,-,-,Maximo
599,23.96,-1209387,2872.451589678398,51,-,-,-,-,Maximo
600,24.0,-1210774,2418.9574634545243,57,53.75,-,-,-,Maximo
601,24.04,-1214930,1133.4818233355554,57,-,-,-,-,Maximo
602,24.08,-1215561,-600.0978989811342,57,-,-,-,-,Maximo
603,24.12,-1215295,-1802.573535394571,57,-,-,-,-,Maximo
604,24.16,-1214479,-2051.9381553580433,57,-,-,-,-,Maximo
605,24.2,-1212274,-1710.636558251702,57,-,-,-,-,Maximo
606,24.24,-1199771,-1675.408740258612,57,-,-,-,-,Maximo
607,24.28,-1190291,-1806.2189807995182,57,-,-,-,-,Maximo
608,24.32,-1191634,-1680.5879114287181,57,-,-,-,-,Maximo
609,24.36,-1195914,-1263.5919472927696,57,-,-,-,-,Maximo
610,24.4,-1199858,-595.6626944184864,57,-,-,-,-,Maximo
611,24.44,-1202534,164.37234937914582,57,-,-,-,-,Maximo
612,24.48,-1201658,834.5528710681028,57,-,-,-,-,Maximo
613,24.52,-1202825,1567.1007305379744,57,-,-,-,-,Maximo
614,24.56,-1204599,2294.4257926215378,57,-,-,-,-,Maximo
615,24.6,-1207081,2873.341986661344,57,-,-,-,-,Maximo
616,24.64,-1209976,2923.3278925687973,57,-,-,-,-,Maximo
617,24.68,-1211249,2002.0073154325391,57,-,-,-,-,Maximo
618,24.72,-1213318,345.6579882345459,57,-,-,-,-,Maximo
619,24.76,-1214688,-1255.911336290734,57,-,-,-,-,Maximo
620,24.8,-1214345,-2010.6007831710626,57,-,-,-,-,Maximo
621,24.84,-1213743,-1819.0483114186468,57,-,-,-,-,Maximo
622,24.88,-1214225,-1259.6692256487104,57,-,-,-,-,Maximo
623,24.92,-1205688,-1231.3410429585765,57,-,-,-,-,Maximo
624,24.96,-1193462,-1620.8278655493777,57,-,-,-,-,Maximo
625,25.0,-1191311,-1676.3911861053712,57,-,-,-,-,Maximo
626,25.04,-1193184,-1330.7934583670394,57,-,-,-,-,Maximo
627,25.08,-1197143,-645.1652017537808,57,-,-,-,-,Maximo
628,25.12,-1200506,126.8635202049436,57,-,-,-,-,Maximo
629,25.16,-1202605,813.7158096921194,57,-,-,-,-,Maximo
630,25.2,-1202622,1353.6054795669643,57,-,-,-,-,Maximo
631,25.24,-1203984,1911.3123212974806,57,-,-,-,-,Maximo
632,25.28,-1206631,2494.310056759199,57,-,-,-,-,Maximo
633,25.32,-1208436,2798.24464827286,57,-,-,-,-,Maximo
634,25.36,-1211513,2438.4038384712067,57,-,-,-,-,Maximo
635,25.4,-1212809,1130.1078290741175,57,-,-,-,-,Maximo
636,25.44,-1212843,-597.1956687875081,57,-,-,-,-,Maximo
637,25.48,-1214449,-1774.4173385031643,57,-,-,-,-,Maximo
638,25.52,-1215457,-2028.1377133030635,57,-,-,-,-,Maximo
639,25.56,-1215817,-1644.2452083249848,57,-,-,-,-,Maximo
640,25.6,-1213302,-1270.8850349052918,57,-,-,-,-,Maximo
641,25.64,-1203401,-1377.0815535145593,57,-,-,-,-,Maximo
642,25.68,-1192094,-1687.3989745909403,57,-,-,-,-,Maximo
643,25.72,-1190191,-1586.275249364031,57,-,-,-,-,Maximo
644,25.76,-1193033,-1066.587300042282,57,-,-,-,-,Maximo
645,25.8,-1198683,-261.3684065038592,57,-,-,-,-,Maximo
646,25.84,-1201921,464.20246221953676,57,-,-,-,-,Maximo
647,25.88,-1202551,978.8259365072718,57,-,-,-,-,Maximo
648,25.92,-1200637,1355.6566465631986,57,-,-,-,-,Maximo
649,25.96,-1202808,1970.7357364894779,57,-,-,-,-,Maximo
650,26.0,-1207088,2715.677520320837,57,-,-,-,-,Maximo
651,26.04,-1209981,3047.1663619934498,57,-,-,-,-,Maximo
652,26.08,-1212344,2451.772012720069,57,-,-,-,-,Maximo
653,26.12,-1213071,852.5127058594148,57,-,-,-,-,Maximo
654,26.16,-1213629,-977.1813630218292,57,-,-,-,-,Maximo
655,26.2,-1214675,-2059.770842791124,57,-,-,-,-,Maximo
656,26.24,-1215202,-2077.0384730689457,57,-,-,-,-,Maximo
657,26.28,-1213268,-1564.3148106847634,57,-,-,-,-,Maximo
658,26.32,-1210039,-1220.0965428198142,57,-,-,-,-,Maximo
659,26.36,-1194602,-1694.1257362377291,57,-,-,-,-,Maximo
660,26.4,-1190957,-1920.2619042212846,57,-,-,-,-,Maximo
661,26.44,-1190943,-1704.018278042312,57,-,-,-,-,Maximo
662,26.48,-1194951,-915.7681361139701,57,-,-,-,-,Maximo
663,26.52,-1199850,74.37803874711517,57,-,-,-,-,Maximo
664,26.56,-1202749,858.3733783711214,57,-,-,-,-,Maximo
665,26.6,-1201499,1304.8316052345435,57,-,-,-,-,Maximo
666,26.64,-1203155,1807.2693435474857,57,-,-,-,-,Maximo
667,26.68,-1205516,2416.0523830400716,57,-,-,-,-,Maximo
668,26.72,-1210200,2975.514539409096,57,-,-,-,-,Maximo
669,26.76,-1211024,2778.055843860391,57,-,-,-,-,Maximo
670,26.8,-1213206,1652.64182722838,57,-,-,-,-,Maximo
671,26.84,-1214167,-135.19889174724358,57,-,-,-,-,Maximo
672,26.88,-1214278,-1674.3085460246116,57,-,-,-,-,Maximo
673,26.92,-1215063,-2234.8538493107744,57,-,-,-,-,Maximo
674,26.96,-1214758,-1954.534776546564,57,-,-,-,-,Maximo
675,27.0,-1214020,-1430.13654268987,57,54.5,-,-,-,Maximo
676,27.04,-1192973,-1806.761329688583,57,-,-,-,-,Maximo
677,27.08,-1190357,-1837.0610041426917,57,-,-,-,-,Maximo
678,27.12,-1194265,-1551.5707994351378,57,-,-,-,-,Maximo
679,27.16,-1199416,-883.1722420909696,57,-,-,-,-,Maximo
680,27.2,-1202119,-61.57825230776689,57,-,-,-,-,Maximo
681,27.24,-1203028,655.0945233617258,57,-,-,-,-,Maximo
682,27.28,-1202126,1130.445010651436,57,-,-,-,-,Maximo
683,27.32,-1203662,1617.9141420608594,57,-,-,-,-,Maximo
684,27.36,-1207627,2295.3645068043224,57,-,-,-,-,Maximo
685,27.4,-1209402,2874.0992962414703,57,-,-,-,-,Maximo
686,27.44,-1210717,2808.0713103214875,57,-,-,-,-,Maximo
687,27.48,-1211309,1591.031530265352,57,-,-,-,-,Maximo
688,27.52,-1213186,-292.0860338764869,57,-,-,-,-,Maximo
689,27.56,-1214454,-1731.0748030047969,57,-,-,-,-,Maximo
690,27.6,-1214836,-2005.0310024595447,57,-,-,-,-,Maximo
691,27.64,-1214162,-1495.7849685829717,57,-,-,-,-,Maximo
692,27.68,-1211028,-1098.1535224601903,57,-,-,-,-,Maximo
693,27.72,-1197676,-1443.8047263908575,57,-,-,-,-,Maximo
694,27.76,-1192159,-1687.7816058312474,57,-,-,-,-,Maximo
695,27.8,-1190565,-1547.67843446187,57,-,-,-,-,Maximo
696,27.84,-1194424,-897.8552741376996,57,-,-,-,-,Maximo
697,27.88,-1198659,-135.15727421222982,57,-,-,-,-,Maximo
698,27.92,-1202411,506.5546432926549,57,-,-,-,-,Maximo
699,27.96,-1201099,902.2100134557613,57,-,-,-,-,Maximo
700,28.0,-1202224,1441.427517186662,57,-,-,-,-,Maximo
701,28.04,-1206888,2210.1993807107383,57,-,-,-,-,Maximo
702,28.08,-1209166,2798.9843558488337,57,-,-,-,-,Maximo
703,28.12,-1210205,2778.335489218677,57,-,-,-,-,Maximo
704,28.16,-1211892,1848.3807098436423,57,-,-,-,-,Maximo
705,28.2,-1212548,178.7217691229032,57,-,-,-,-,Maximo
706,28.24,-1214544,-1352.9449898234711,57,-,-,-,-,Maximo
707,28.28,-1215925,-2077.1433859923654,57,-,-,-,-,Maximo
708,28.32,-1215801,-1960.7631019707828,57,-,-,-,-,Maximo
709,28.36,-1214521,-1524.9973565086411,57,-,-,-,-,Maximo
710,28.4,-1209301,-1387.7358997409947,57,-,-,-,-,Maximo
711,28.44,-1192743,-1835.5030782924932,57,-,-,-,-,Maximo
712,28.48,-1191974,-1682.39898360591,57,-,-,-,-,Maximo
713,28.52,-1194345,-1137.076358636963,57,-,-,-,-,Maximo
714,28.56,-1197401,-411.8057200704342,57,-,-,-,-,Maximo
715,28.6,-1202091,296.52939517144296,57,-,-,-,-,Maximo
716,28.64,-1201723,719.3576828055175,57,-,-,-,-,Maximo
717,28.68,-1202065,1166.1499772991638,57,-,-,-,-,Maximo
718,28.72,-1204658,1819.6122166881778,57,-,-,-,-,Maximo
719,28.76,-1206530,2537.3959711881753,57,-,-,-,-,Maximo
720,28.8,-1209250,3014.7410605292935,57,-,-,-,-,Maximo
721,28.84,-1211613,2679.0653849094633,57,-,-,-,-,Maximo
722,28.88,-1212487,1298.9044505046872,57,-,-,-,-,Maximo
723,28.92,-1214583,-463.21951931700323,57,-,-,-,-,Maximo
724,28.96,-1215508,-1714.9553215237024,57,-,-,-,-,Maximo
725,29.0,-1214969,-1998.8236335782076,57,-,-,-,-,Maximo
726,29.04,-1212591,-1685.4959448463233,57,-,-,-,-,Maximo
727,29.08,-1206834,-1468.0095403576606,57,-,-,-,-,Maximo
728,29.12,-1195471,-1698.5956486826872,57,-,-,-,-,Maximo
729,29.16,-1190467,-1810.307943712989,57,-,-,-,-,Maximo
730,29.2,-1190461,-1558.5584274469784,57,-,-,-,-,Maximo
731,29.24,-1194058,-915.2519082110985,57,-,-,-,-,Maximo
732,29.28,-1199221,-82.33242898211938,57,-,-,-,-,Maximo
733,29.32,-1203291,703.4202641127977,57,-,-,-,-,Maximo
734,29.36,-1202544,1292.4740436183956,57,-,-,-,-,Maximo
735,29.4,-1203699,1942.281079221224,57,-,-,-,-,Maximo
736,29.44,-1205673,2573.568707077704,57,-,-,-,-,Maximo
737,29.48,-1209117,2954.109525889108,57,-,-,-,-,Maximo
738,29.52,-1210899,2605.8539905366824,57,-,-,-,-,Maximo
739,29.56,-1212159,1397.3378909766884,57,-,-,-,-,Maximo
740,29.6,-1212898,-311.0482692351841,57,-,-,-,-,Maximo
741,29.64,-1214411,-1721.7619834575237,57,-,-,-,-,Maximo
742,29.68,-1215025,-2298.8220905391145,57,-,-,-,-,Maximo
743,29.72,-1215625,-2023.9902961446487,57,-,-,-,-,Maximo
744,29.76,-1215012,-1442.7188948769667,57,-,-,-,-,Maximo
745,29.8,-1209056,-1209.3569627889892,57,-,-,-,-,Maximo
746,29.84,-1191782,-1632.3374541222001,57,-,-,-,-,Maximo
747,29.88,-1191226,-1541.7870385175975,57,-,-,-,-,Maximo
748,29.92,-1193906,-1096.5713771918336,57,-,-,-,-,Maximo
749,29.96,-1198118,-363.8420453289302,57,-,-,-,-,Maximo
750,30.0,-1202805,402.61183638038983,58,55.75,-,-,-,Maximo
751,30.04,-1202145,861.7713474041666,58,-,-,-,-,Maximo
752,30.08,-1202187,1257.458141376389,58,-,-,-,-,Maximo
753,30.12,-1204862,1823.531002187021,58,-,-,-,-,Maximo
754,30.16,-1208328,2544.5288574698125,58,-,-,-,-,Maximo
755,30.2,-1210426,3021.983890387546,58,-,-,-,-,Maximo
756,30.24,-1212373,2687.0523087177235,58,-,-,-,-,Maximo
757,30.28,-1212833,1230.7514975520921,58,-,-,-,-,Maximo
758,30.32,-1215725,-609.8960702859649,58,-,-,-,-,Maximo
759,30.36,-1214609,-1966.850936340131,58,-,-,-,-,Maximo
760,30.4,-1215773,-2126.8795848306545,58,-,-,-,-,Maximo
761,30.44,-1214123,-1683.3916492458234,58,-,-,-,-,Maximo
762,30.48,-1209726,-1379.7956894913996,58,-,-,-,-,Maximo
763,30.52,-1197162,-1685.0437909249504,58,-,-,-,-,Maximo
764,30.56,-1190993,-1865.8530763305898,58,-,-,-,-,Maximo
765,30.6,-1191734,-1548.957012719763,58,-,-,-,-,Maximo
766,30.64,-1194713,-844.242951088832,58,-,-,-,-,Maximo
767,30.68,-1199284,6.944681642806245,58,-,-,-,-,Maximo
768,30.72,-1203197,747.3507907457188,58,-,-,-,-,Maximo
769,30.76,-1202268,1234.6210489051464,58,-,-,-,-,Maximo
770,30.8,-1201978,1740.7829894011584,58,-,-,-,-,Maximo
771,30.84,-1205046,2386.787049480281,58,-,-,-,-,Maximo
772,30.88,-1207625,2854.8599798013174,58,-,-,-,-,Maximo
773,30.92,-1209804,2718.183265700801,58,-,-,-,-,Maximo
774,30.96,-1212013,1681.7188617525608,58,-,-,-,-,Maximo
775,31.0,-1213926,16.173479494303592,58,-,-,-,-,Maximo
776,31.04,-1213553,-1528.1596782454535,58,-,-,-,-,Maximo
777,31.08,-1214328,-2160.0686993582503,58,-,-,-,-,Maximo
778,31.12,-1214965,-1913.6754533256258,58,-,-,-,-,Maximo
779,31.16,-1214894,-1351.0771409160984,58,-,-,-,-,Maximo
780,31.2,-1209381,-1170.7818183312138,58,-,-,-,-,Maximo
781,31.24,-1196265,-1558.822509896323,58,-,-,-,-,Maximo
782,31.28,-1190755,-1736.6673640282752,58,-,-,-,-,Maximo
783,31.32,-1193599,-1370.3047503729913,58,-,-,-,-,Maximo
784,31.36,-1197934,-648.5735297111866,58,-,-,-,-,Maximo
785,31.4,-1202900,205.2653774235505,58,-,-,-,-,Maximo
786,31.44,-1203584,829.3960397982073,58,-,-,-,-,Maximo
787,31.48,-1200974,1194.6736260418393,58,-,-,-,-,Maximo
788,31.52,-16775209,491273.252200244,58,-,-,-,-,Maximo
789,31.56,-16775399,451741.6365663186,58,-,-,-,-,Maximo
790,31.6,-16775378,365223.9622156429,58,-,-,-,-,Maximo
791,31.64,-16775445,226615.87579148947,58,-,-,-,-,Maximo
792,31.68,-16775394,47799.85260204389,58,-,-,-,-,Maximo
793,31.72,-16775447,-142621.63758890796,58,-,-,-,-,Maximo
794,31.76,-16775414,-339584.8012151648,58,-,-,-,-,Maximo
795,31.8,-16775381,-608651.8025579639,58,-,-,-,-,Maximo
796,31.84,-16775415,-1028987.726143518,58,-,-,-,-,Maximo
797,31.88,-16775408,-1491933.2593126097,58,-,-,-,-,Maximo
798,31.92,-16775384,-1607084.6414938485,58,-,-,-,-,Maximo
799,31.96,-16775399,-1047187.5476284865,58,-,-,-,-,Maximo
800,32.0,-16775407,-36848.27263295534,58,-,-,-,-,Maximo
801,32.04,-16775428,783471.1081802051,58,-,-,-,-,Maximo
802,32.08,-16775397,1042209.0718836215,58,-,-,-,-,Maximo
803,32.12,-16775400,914399.3178918939,58,-,-,-,-,Maximo
804,32.16,-16775463,737602.6207553261,58,-,-,-,-,Maximo
805,32.2,-16775400,644142.3820824649,58,-,-,-,-,Maximo
806,32.24,-16775365,584647.9451184744,58,-,-,-,-,Maximo
807,32.28,-16775369,499712.56733064377,58,-,-,-,-,Maximo
808,32.32,-16775430,388308.0429695493,58,-,-,-,-,Maximo
809,32.36,-16775413,276170.32220856356,58,-,-,-,-,Maximo
810,32.4,-16775337,178396.8363554168,58,-,-,-,-,Maximo
811,32.44,-16775456,95092.4193811242,58,-,-,-,-,Maximo
812,32.48,-16775396,22902.155104507226,58,-,-,-,-,Maximo
813,32.52,-16775392,-38449.33680984867,58,-,-,-,-,Maximo
814,32.56,-16775368,-87455.64429423457,58,-,-,-,-,Maximo
815,32.6,-16775375,-123533.24156441947,58,-,-,-,-,Maximo
816,32.64,-16775413,-147593.13573267014,58,-,-,-,-,Maximo
817,32.68,-16775456,-161189.23764224467,58,-,-,-,-,Maximo
818,32.72,-16775377,-165853.19931281154,58,-,-,-,-,Maximo
819,32.76,-16775379,-163009.16672182252,58,-,-,-,-,Maximo
820,32.8,-16775429,-154117.4662125958,58,-,-,-,-,Maximo
821,32.84,-16775323,-140674.74739984918,58,-,-,-,-,Maximo
822,32.88,-16775405,-124096.9237463854,58,-,-,-,-,Maximo
823,32.92,-16775403,-105669.6930558756,58,-,-,-,-,Maximo
824,32.96,-16775402,-86489.90507952808,58,-,-,-,-,Maximo
825,33.0,-16775453,-67474.82381335198,nan,57.333333333333336,-,-,-,-
826,33.04,-16775419,-49366.08150033193,nan,-,-,-,-,-
827,33.08,-16775669,-32714.34070809395,nan,-,-,-,-,-
828,33.12,-16775438,-17943.57471798832,nan,-,-,-,-,-
829,33.16,-16775378,-5282.172467314871,nan,-,-,-,-,-
830,33.2,-16775344,5151.878721632675,nan,-,-,-,-,-
831,33.24,-16775348,13361.147993061226,nan,-,-,-,-,-
832,33.28,-16775318,19437.218042311695,nan,-,-,-,-,-
833,33.32,-16775356,23544.73824878168,nan,-,-,-,-,-
834,33.36,-16775351,25891.01026728314,nan,-,-,-,-,-
835,33.4,-16775299,26717.34241245641,nan,-,-,-,-,-
836,33.44,-16775363,26288.62092321847,nan,-,-,-,-,-
837,33.48,-16775429,24864.303285677477,nan,-,-,-,-,-
838,33.52,-16775397,22692.331820943193,nan,-,-,-,-,-
839,33.56,-16775332,19999.329409276645,nan,-,-,-,-,-
840,33.6,-16775396,16991.63847228116,nan,-,-,-,-,-
841,33.64,-16775442,13849.937029285597,nan,-,-,-,-,-
842,33.68,-16775426,10737.512205761326,nan,-,-,-,-,-
843,33.72,-16775318,7784.974174950927,nan,-,-,-,-,-
844,33.76,-16775371,5090.79317011662,nan,-,-,-,-,-
845,33.8,-16775250,2692.133787204155,nan,-,-,-,-,-
846,33.84,-16775204,620.5181353426487,nan,-,-,-,-,-
847,33.88,-16775343,-1082.0775973409,nan,-,-,-,-,-
848,33.92,-16775317,-2358.686900087694,nan,-,-,-,-,-
849,33.96,-16775379,-3162.6459654544797,nan,-,-,-,-,-
850,34.0,-16775340,-3569.3133393011394,nan,-,-,-,-,-
851,34.04,-16775302,-3722.4239043177167,nan,-,-,-,-,-
852,34.08,-16775351,-3724.8208798256737,nan,-,-,-,-,-
853,34.12,-16775404,-3600.521629316282,nan,-,-,-,-,-
854,34.16,-16775433,-3349.4132502004973,nan,-,-,-,-,-
855,34.2,-43025,-529080.1383985355,nan,-,-,-,-,-
856,34.24,-12584,-486619.4993879553,nan,-,-,-,-,-
857,34.28,-859799,-366095.08132421225,nan,-,-,-,-,-
858,34.32,-1196781,-208406.1830289052,nan,-,-,-,-,-
859,34.36,-16775537,467277.98394919373,nan,-,-,-,-,-
860,34.4,-16675395,617980.8806645684,nan,-,-,-,-,-
861,34.44,-16676083,729324.7415478304,nan,-,-,-,-,-
862,34.48,-16681343,867911.4256742164,nan,-,-,-,-,-
863,34.52,-16681366,1129160.244601494,nan,-,-,-,-,-
864,34.56,-16684523,1421772.662844088,nan,-,-,-,-,-
865,34.6,-16684130,1323465.38759239,nan,-,-,-,-,-
866,34.64,-16678190,419803.09526854777,nan,-,-,-,-,-
867,34.68,-16678060,-1102722.024160588,nan,-,-,-,-,-
868,34.72,-9232,-2943375.5979081914,nan,-,-,-,-,-
869,34.76,-296437,-3216511.690890806,nan,-,-,-,-,-
870,34.8,-317949,-2359365.192003699,nan,-,-,-,-,-
871,34.84,-314313,-983848.1210735666,nan,-,-,-,-,-
872,34.88,-312855,117087.61807878732,nan,-,-,-,-,-
873,34.92,-310154,620975.2563414644,nan,-,-,-,-,-
874,34.96,-311870,780176.4882579395,nan,-,-,-,-,-
875,35.0,-314169,1003327.4497094834,nan,-,-,-,-,-
876,35.04,-312571,1471460.0009837616,nan,-,-,-,-,-
877,35.08,-375286,1999999.3906003041,nan,-,-,-,-,-
878,35.12,-375821,2110578.7358163525,nan,-,-,-,-,-
879,35.16,-376287,1466948.6783358539,nan,-,-,-,-,-
880,35.2,-16776099,858612.3072694056,nan,-,-,-,-,-
881,35.24,-16776290,-92790.6151318457,nan,-,-,-,-,-
882,35.28,-16776876,-494237.88568508346,nan,-,-,-,-,-
883,35.32,-16777089,-548144.9648918814,nan,-,-,-,-,-
884,35.36,-298,-1126277.8134569917,nan,-,-,-,-,-
885,35.4,-378,-1232885.8264144212,nan,-,-,-,-,-
886,35.44,-1448,-1325409.134598733,nan,-,-,-,-,-
887,35.48,-2001,-1403912.0049000084,nan,-,-,-,-,-
888,35.52,-566,-1563786.1085227248,nan,-,-,-,-,-
889,35.56,-413,-1748746.4773834809,nan,-,-,-,-,-
890,35.6,-173,-1569885.5995011057,nan,-,-,-,-,-
891,35.64,-16777170,-85396.37443574145,nan,-,-,-,-,-
892,35.68,-286426,940001.9890438505,nan,-,-,-,-,-
893,35.72,-316968,2315073.269728741,nan,-,-,-,-,-
894,35.76,-317340,2707464.7328232275,nan,-,-,-,-,-
895,35.8,-317204,1966575.6315427697,nan,-,-,-,-,-
896,35.84,-93554,700682.933222517,nan,-,-,-,-,-
897,35.88,-16776995,254014.00672885776,nan,-,-,-,-,-
898,35.92,-16776766,-198683.27846812643,nan,-,-,-,-,-
899,35.96,-385035,-920645.9965056758,nan,-,-,-,-,-
900,36.0,-385309,-1006403.7501805993,nan,57.5,-,-,-,-
901,36.04,-274815,-763891.3509766976,nan,-,-,-,-,-
902,36.08,-273931,-141727.51031936612,nan,-,-,-,-,-
903,36.12,-276418,326486.50609260704,nan,-,-,-,-,-
904,36.16,-277308,88386.33400456834,nan,-,-,-,-,-
905,36.2,-275796,-696005.3276296214,nan,-,-,-,-,-
906,36.24,-277475,-1278488.792811332,nan,-,-,-,-,-
907,36.28,-282248,-983265.8577034341,nan,-,-,-,-,-
908,36.32,-281680,216983.49250231753,nan,-,-,-,-,-
909,36.36,-358206,1488551.6775619837,nan,-,-,-,-,-
910,36.4,-370466,1786199.7658395187,nan,-,-,-,-,-
911,36.44,-16775891,1520450.9977646656,nan,-,-,-,-,-
912,36.48,-16775821,500811.765089768,nan,-,-,-,-,-
913,36.52,-16775946,-22605.690810163505,nan,-,-,-,-,-
914,36.56,-16776001,-107626.51232053671,nan,-,-,-,-,-
915,36.6,-386177,-665092.6140499134,nan,-,-,-,-,-
916,36.64,-352654,-794690.5533248354,nan,-,-,-,-,-
917,36.68,-361674,-947587.3705999805,nan,-,-,-,-,-
918,36.72,-16775672,-585037.2354559731,nan,-,-,-,-,-
919,36.76,-16775653,-858489.4327562582,nan,-,-,-,-,-
920,36.8,-16775622,-1198470.1390273273,nan,-,-,-,-,-
921,36.84,-16775706,-1222306.1334756408,nan,-,-,-,-,-
922,36.88,-16775742,-506057.2905622462,nan,-,-,-,-,-
923,36.92,-16775763,829464.9653428246,nan,-,-,-,-,-
924,36.96,-16775766,2000610.1889337625,nan,-,-,-,-,-
925,37.0,-16775762,2134221.546885116,nan,-,-,-,-,-
926,37.04,-16775736,985521.4266760298,nan,-,-,-,-,-
927,37.08,-16775708,-738761.5794525673,nan,-,-,-,-,-
928,37.12,-16775670,-1812290.1088733277,nan,-,-,-,-,-
929,37.16,-16775700,-1551077.331543124,nan,-,-,-,-,-
930,37.2,-16775738,-435821.1580898813,nan,-,-,-,-,-
931,37.24,-16775733,500479.73130983394,nan,-,-,-,-,-
932,37.28,-16775773,753856.736783333,nan,-,-,-,-,-
933,37.32,-16775705,578322.013456037,nan,-,-,-,-,-
934,37.36,-16775739,390546.22426370217,nan,-,-,-,-,-
935,37.4,-16775683,329252.1750281365,nan,-,-,-,-,-
936,37.44,-16775657,315335.6701821488,nan,-,-,-,-,-
937,37.48,-16775711,272161.54966333054,nan,-,-,-,-,-
938,37.52,-16775571,199409.3251053528,nan,-,-,-,-,-
939,37.56,-16775596,127037.2240408794,nan,-,-,-,-,-
940,37.6,-16775598,69873.13978164061,nan,-,-,-,-,-
941,37.64,-16775568,25025.500235711457,nan,-,-,-,-,-
942,37.68,-16775635,-14403.364904173184,nan,-,-,-,-,-
943,37.72,-16775609,-46871.48522395664,nan,-,-,-,-,-
944,37.76,-16775648,-72209.2928737863,nan,-,-,-,-,-
945,37.8,-16775708,-89724.6282122985,nan,-,-,-,-,-
946,37.84,-16775671,-100144.85559410561,nan,-,-,-,-,-
947,37.88,-16775715,-104630.46321082185,nan,-,-,-,-,-
948,37.92,-16775707,-104208.35880968781,nan,-,-,-,-,-
949,37.96,-16775674,-99779.24593354137,nan,-,-,-,-,-
950,38.0,-16775757,-92217.59568379221,nan,-,-,-,-,-
951,38.04,-16775728,-82377.50547421041,nan,-,-,-,-,-
952,38.08,-16775752,-71099.53231657529,nan,-,-,-,-,-
953,38.12,-16775801,-59202.84067449247,nan,-,-,-,-,-
954,38.16,-16775724,-46102.17377079332,nan,-,-,-,-,-
955,38.2,-16775779,-34710.51157716484,nan,-,-,-,-,-
956,38.24,-16775791,-23996.288662432402,nan,-,-,-,-,-
957,38.28,-16775812,-14123.500667944143,nan,-,-,-,-,-
958,38.32,-16775751,-6598.425513279421,nan,-,-,-,-,-
959,38.36,-16775789,855.9498319117265,nan,-,-,-,-,-
960,38.4,-16775792,6702.8453361422435,nan,-,-,-,-,-
961,38.44,-16775774,10956.721332916655,nan,-,-,-,-,-
962,38.48,-16775788,13855.94264398695,nan,-,-,-,-,-
963,38.52,-16775712,15644.117596198499,nan,-,-,-,-,-
964,38.56,-16775752,16463.36384205916,nan,-,-,-,-,-
965,38.6,-16775807,17724.606919454327,nan,-,-,-,-,-
966,38.64,-16775788,15747.270643104494,nan,-,-,-,-,-
967,38.68,-16775792,14509.308284580206,nan,-,-,-,-,-
968,38.72,-16775796,12864.37082928541,nan,-,-,-,-,-
969,38.76,-16775740,10938.024838258712,nan,-,-,-,-,-
970,38.8,-16775829,8854.449698990002,nan,-,-,-,-,-
971,38.84,-16775856,8131.930553095237,nan,-,-,-,-,-
972,38.88,-16775857,6414.018317329363,nan,-,-,-,-,-
973,38.92,-16775805,3767.6706704088756,nan,-,-,-,-,-
974,38.96,-16775830,2563.104524094775,nan,-,-,-,-,-
975,39.0,-16775861,1371.1992832843462,nan,58.0,-,-,-,Desconexión
976,39.04,-16776026,175.99459294892768,nan,-,-,-,-,Desconexión
977,39.08,-16775607,-941.1623071024333,nan,-,-,-,-,Desconexión
978,39.12,-16775591,-1753.2064170101448,nan,-,-,-,-,Desconexión
979,39.16,-16775586,-2172.7114223690132,nan,-,-,-,-,Desconexión
980,39.2,-16775543,-2302.0858786477147,nan,-,-,-,-,Desconexión
981,39.24,-16775580,-2337.8475602656185,nan,-,-,-,-,Desconexión
982,39.28,-16775501,-2401.064455991602,nan,-,-,-,-,Desconexión
983,39.32,-16775515,-2467.372324172743,nan,-,-,-,-,Desconexión
984,39.36,-16775520,-2507.1078265407664,nan,-,-,-,-,Desconexión
985,39.4,-16775516,-1219.203646253498,nan,-,-,-,-,Desconexión
986,39.44,-16775492,-1095.3123355124908,nan,-,-,-,-,Desconexión
987,39.48,-16775453,-883.6303925491966,nan,-,-,-,-,Desconexión
988,39.52,-16775547,-615.3387117299412,nan,-,-,-,-,Desconexión
989,39.56,-16775586,-1607.6524241684965,nan,-,-,-,-,Desconexión
990,39.6,-16775473,-1410.805611755466,nan,-,-,-,-,Desconexión
991,39.64,-16775536,-1302.1471963619188,nan,-,-,-,-,Desconexión
992,39.68,-16775560,-10.451839260512095,nan,-,-,-,-,Desconexión
993,39.72,-16775529,-10.826075181504354,nan,-,-,-,-,Desconexión
994,39.76,-16775528,-12.033451151790953,nan,-,-,-,-,Desconexión
995,39.8,-16775506,-14.056319924143565,nan,-,-,-,-,Desconexión
996,39.84,-16775533,-13.741211126005716,nan,-,-,-,-,Desconexión
997,39.88,-16775597,-12.531417902421065,nan,-,-,-,-,Desconexión
998,39.92,-16775566,-13.906328066044585,nan,-,-,-,-,Desconexión
999,39.96,-16775545,-11.876177986976465,nan,-,-,-,-,Desconexión
1000,40.0,-16775532,-6.993731873102746,nan,-,-,-,-,Desconexión
1001,40.04,-16775555,-2.2413336383294755,nan,-,-,-,-,Desconexión
1002,40.08,-16775586,0.13290476743174207,nan,-,-,-,-,Desconexión
1003,40.12,-16775569,0.6235091456717612,nan,-,-,-,-,Desconexión
1004,40.16,-16775486,-0.69771012375476,nan,-,-,-,-,Desconexión
1005,40.2,-16775472,-1.4043345821457933,nan,-,-,-,-,Desconexión
1006,40.24,-16775497,-2.1899535101849246,nan,-,-,-,-,Desconexión
1007,40.28,-16775512,-1.2002998799642188,nan,-,-,-,-,Desconexión
1008,40.32,-16775531,3.650814036699064,nan,-,-,-,-,Desconexión
1009,40.36,-16775485,6.810863950771905,nan,-,-,-,-,Desconexión
1010,40.4,-16775544,9.540543411108501,nan,-,-,-,-,Desconexión
1011,40.44,-16775485,5.4743737718917345,nan,-,-,-,-,Desconexión
1012,40.48,-16775518,6.035215752558557,nan,-,-,-,-,Desconexión
1013,40.52,-16775517,8.979272194112212,nan,-,-,-,-,Desconexión
1014,40.56,-16775566,12.755368441420323,nan,-,-,-,-,Desconexión
1015,40.6,-16775492,7.002164411491192,nan,-,-,-,-,Desconexión
1016,40.64,-16775488,-0.7856770965483637,nan,-,-,-,-,Desconexión
1017,40.68,-16775446,-7.94883884838768,nan,-,-,-,-,Desconexión
1018,40.72,-16775518,-5.956658499621437,nan,-,-,-,-,Desconexión
1019,40.76,-16775468,-4.499492417551632,nan,-,-,-,-,Desconexión
1020,40.8,-16775418,-3.6719226533012304,nan,-,-,-,-,Desconexión
1021,40.84,-16775467,-1.8185216035363734,nan,-,-,-,-,Desconexión
1022,40.88,-16775425,-3.849399002811257,nan,-,-,-,-,Desconexión
1023,40.92,-16775468,-1.9236570855200021,nan,-,-,-,-,Desconexión
1024,40.96,-16775481,1.5696797185065563,nan,-,-,-,-,Desconexión
1025,41.0,-16775399,3.0947379445896424,nan,-,-,-,-,Desconexión
1026,41.04,-16775471,7.154069748559717,nan,-,-,-,-,Desconexión
1027,41.08,-16775455,4.555078759774172,nan,-,-,-,-,Desconexión
1028,41.12,-16775450,1.31549472229241,nan,-,-,-,-,Desconexión
1029,41.16,-16775510,2.3126091009855543,nan,-,-,-,-,Desconexión
1030,41.2,-16775504,2.288265839618287,nan,-,-,-,-,Desconexión
1031,41.24,-16775494,0.34143874619208514,nan,-,-,-,-,Desconexión
1032,41.28,-16775485,-3.1455559147118954,nan,-,-,-,-,Desconexión
1033,41.32,-16775546,-3.0610154517518673,nan,-,-,-,-,Desconexión
1034,41.36,-16775532,-2.924342422228585,nan,-,-,-,-,Desconexión
1035,41.4,-16775520,-2.3345385337391953,nan,-,-,-,-,Desconexión
1036,41.44,-16775512,-3.545322879870504,nan,-,-,-,-,Desconexión
1037,41.48,-16775523,-5.6413181152825125,nan,-,-,-,-,Desconexión
1038,41.52,-16775500,-7.889739957358017,nan,-,-,-,-,Desconexión
1039,41.56,-16775550,-5.364978543691605,nan,-,-,-,-,Desconexión
1040,41.6,-16775543,-2.800923778420252,nan,-,-,-,-,Desconexión
1041,41.64,-16775477,-2.187200093191265,nan,-,-,-,-,Desconexión
1042,41.68,-16775476,-1.121543427928934,nan,-,-,-,-,Desconexión
1043,41.72,-16775561,1.7839036003608726,nan,-,-,-,-,Desconexión
1044,41.76,-16775498,1.1578925567887257,nan,-,-,-,-,Desconexión
1045,41.8,-16775544,5.287059883231404,nan,-,-,-,-,Desconexión
1046,41.84,-16775379,1.5331287980388737,nan,-,-,-,-,Desconexión
1047,41.88,-16775477,3.7816027117683735,nan,-,-,-,-,Desconexión
1048,41.92,-16775526,3.649830415885141,nan,-,-,-,-,Desconexión
1049,41.96,-16775499,2.768930653397664,nan,-,-,-,-,Desconexión
1050,42.0,-16775532,5.743092457460307,nan,nan,-,-,-,Desconexión
1051,42.04,-16775509,5.980468543141242,nan,-,-,-,-,Desconexión
1052,42.08,-16775453,2.052367743498401,nan,-,-,-,-,Desconexión
1053,42.12,-16775470,-0.3451225219166911,nan,-,-,-,-,Desconexión
1054,42.16,-16775425,-1.3135342394603207,nan,-,-,-,-,Desconexión
1055,42.2,-16775463,3.080405316963555,nan,-,-,-,-,Desconexión
1056,42.24,-16775548,5.881230269897571,nan,-,-,-,-,Desconexión
1057,42.28,-16775461,-2.476341694328973,nan,-,-,-,-,Desconexión
1058,42.32,-16775537,-6.0747124773506656,nan,-,-,-,-,Desconexión
1059,42.36,-16775528,-6.392468279401228,nan,-,-,-,-,Desconexión
1060,42.4,-16775486,-1.9599256490064842,nan,-,-,-,-,Desconexión
1061,42.44,-16775539,5.667697001595744,nan,-,-,-,-,Desconexión
1062,42.48,-16775501,5.896798539761933,nan,-,-,-,-,Desconexión
1063,42.52,-16775494,2.021956293310229,nan,-,-,-,-,Desconexión
1064,42.56,-16775537,-2.901294126252206,nan,-,-,-,-,Desconexión
1065,42.6,-16775540,-7.972983457119398,nan,-,-,-,-,Desconexión
1066,42.64,-16775510,-9.976233093809796,nan,-,-,-,-,Desconexión
1067,42.68,-16775444,-8.960764293362246,nan,-,-,-,-,Desconexión
1068,42.72,-16775500,-2.6898315737319027,nan,-,-,-,-,Desconexión
1069,42.76,-16775547,2.016301328535981,nan,-,-,-,-,Desconexión
1070,42.8,-16775448,0.42375619235154716,nan,-,-,-,-,Desconexión
1071,42.84,-16775561,4.580850680551443,nan,-,-,-,-,Desconexión
1072,42.88,-16775411,-0.5230286271058446,nan,-,-,-,-,Desconexión
1073,42.92,-16775384,-2.006413950817816,nan,-,-,-,-,Desconexión
1074,42.96,-16775424,-0.37030410020994253,nan,-,-,-,-,Desconexión
1075,43.0,-16775437,2.453053213799649,nan,-,-,-,-,Desconexión
1076,43.04,-16775480,6.93671628862031,nan,-,-,-,-,Desconexión
1077,43.08,-16775516,8.448784376539592,nan,-,-,-,-,Desconexión
1078,43.12,-16775519,5.306405377831403,nan,-,-,-,-,Desconexión
1079,43.16,-16775533,2.821849061273099,nan,-,-,-,-,Desconexión
1080,43.2,-16775460,1.5925775698155107,nan,-,-,-,-,Desconexión
1081,43.24,-16775497,6.563138518907791,nan,-,-,-,-,Desconexión
1082,43.28,-16775540,9.37223029198179,nan,-,-,-,-,Desconexión
1083,43.32,-16775486,2.9795742035828923,nan,-,-,-,-,Desconexión
1084,43.36,-16775478,-6.764263554769045,nan,-,-,-,-,Desconexión
1085,43.4,-16775470,-15.491645355742524,nan,-,-,-,-,Desconexión
1086,43.44,-16775493,-16.799471405229404,nan,-,-,-,-,Desconexión
1087,43.48,-16775521,-11.124957268761849,nan,-,-,-,-,Desconexión
1088,43.52,-16775444,-5.674225091593236,nan,-,-,-,-,Desconexión
1089,43.56,-16775557,4.518690010951026,nan,-,-,-,-,Desconexión
1090,43.6,-16775533,6.0805081106782595,nan,-,-,-,-,Desconexión
1091,43.64,-16775538,4.790743058762983,nan,-,-,-,-,Desconexión
1092,43.68,-16775449,0.2200275382788135,nan,-,-,-,-,Desconexión
1093,43.72,-16775472,1.4108995531240467,nan,-,-,-,-,Desconexión
1094,43.76,-16775480,2.6650501477444717,nan,-,-,-,-,Desconexión
1095,43.8,-16775490,1.8709148960827733,nan,-,-,-,-,Desconexión
1096,43.84,-16775499,-0.4701321148960691,nan,-,-,-,-,Desconexión
1097,43.88,-16775459,-3.414852181135924,nan,-,-,-,-,Desconexión
1098,43.92,-16775449,-3.729255351810327,nan,-,-,-,-,Desconexión
1099,43.96,-16775459,-2.1270389102134213,nan,-,-,-,-,Desconexión
1100,44.0,-16775431,0.20577971182878763,nan,-,-,-,-,Desconexión
1101,44.04,-16775466,6.116976838578687,nan,-,-,-,-,Desconexión
1102,44.08,-16775467,8.868171797329449,nan,-,-,-,-,Desconexión
1103,44.12,-16775431,5.344780489070072,nan,-,-,-,-,Desconexión
1104,44.16,-16775494,2.1912979694087724,nan,-,-,-,-,Desconexión
1105,44.2,-16775465,-1.5425450723601788,nan,-,-,-,-,Desconexión
1106,44.24,-16775503,1.073605375381618,nan,-,-,-,-,Desconexión
1107,44.28,-16775412,0.7986945975237205,nan,-,-,-,-,Desconexión
1108,44.32,-16775426,1.5285506728575413,nan,-,-,-,-,Desconexión
1109,44.36,-16775446,-0.3376386989185969,nan,-,-,-,-,Desconexión
1110,44.4,-16775438,-3.5836592225437225,nan,-,-,-,-,Desconexión
1111,44.44,-16775397,-6.226816571800459,nan,-,-,-,-,Desconexión
1112,44.48,-16775530,-1.5362646330786731,nan,-,-,-,-,Desconexión
1113,44.52,-16775464,-2.7110599455839814,nan,-,-,-,-,Desconexión
1114,44.56,-16775481,-1.2723466606222207,nan,-,-,-,-,Desconexión
1115,44.6,-16775468,-0.012150921319038055,nan,-,-,-,-,Desconexión
1116,44.64,-16775481,3.11062368635548,nan,-,-,-,-,Desconexión
1117,44.68,-16775509,5.687604573517511,nan,-,-,-,-,Desconexión
1118,44.72,-16775466,2.6795871410408054,nan,-,-,-,-,Desconexión
1119,44.76,-16775428,-2.714039383121097,nan,-,-,-,-,Desconexión
1120,44.8,-16775418,-6.917400978241233,nan,-,-,-,-,Desconexión
1121,44.84,-16775427,-8.356409969262234,nan,-,-,-,-,Desconexión
1122,44.88,-16775424,-7.547532671552554,nan,-,-,-,-,Desconexión
1123,44.92,-16775443,-3.413428799333131,nan,-,-,-,-,Desconexión
1124,44.96,-16775470,1.884975012469269,nan,-,-,-,-,Desconexión
1125,45.0,-16775432,3.2430393692016235,nan,nan,-,-,-,Desconexión
1126,45.04,-16775444,4.14650139788628,nan,-,-,-,-,Desconexión
1127,45.08,-16775370,2.766726098798884,nan,-,-,-,-,Desconexión
1128,45.12,-16775383,5.600318005818696,nan,-,-,-,-,Desconexión
1129,45.16,-16775441,8.759668959986513,nan,-,-,-,-,Desconexión
1130,45.2,-16775387,4.671782840720574,nan,-,-,-,-,Desconexión
1131,45.24,-16775489,2.9853511292448687,nan,-,-,-,-,Desconexión
1132,45.28,-16775545,0.607139341511143,nan,-,-,-,-,Desconexión
1133,45.32,-16775422,-4.47056514744731,nan,-,-,-,-,Desconexión
1134,45.36,-16775523,0.6337194517366171,nan,-,-,-,-,Desconexión
1135,45.4,-16775454,1.5105508006023527,nan,-,-,-,-,Desconexión
1136,45.44,-16775551,6.2268298346801245,nan,-,-,-,-,Desconexión
1137,45.48,-16775444,0.7262417410875557,nan,-,-,-,-,Desconexión
1138,45.52,-16775404,-6.107293583330687,nan,-,-,-,-,Desconexión
1139,45.56,-16775512,-8.777385401837812,nan,-,-,-,-,Desconexión
1140,45.6,-16775459,-13.674748375015916,nan,-,-,-,-,Desconexión
1141,45.64,-16775427,-13.070439380234866,nan,-,-,-,-,Desconexión
1142,45.68,-16775465,-6.028052384978827,nan,-,-,-,-,Desconexión
1143,45.72,-16775439,-0.07892641608437323,nan,-,-,-,-,Desconexión
1144,45.76,-16775454,4.419301053921727,nan,-,-,-,-,Desconexión
1145,45.8,-16775468,5.868068101428571,nan,-,-,-,-,Desconexión
1146,45.84,-16775483,7.125794511213222,nan,-,-,-,-,Desconexión
1147,45.88,-16775430,6.701730197782602,nan,-,-,-,-,Desconexión
1148,45.92,-16775461,6.942295818730712,nan,-,-,-,-,Desconexión
1149,45.96,-16775399,1.7317077314056561,nan,-,-,-,-,Desconexión
1150,46.0,-16775421,0.056817888874072686,nan,-,-,-,-,Desconexión
1151,46.04,-16775483,2.143801051889305,nan,-,-,-,-,Desconexión
1152,46.08,-16775424,0.5238248819388036,nan,-,-,-,-,Desconexión
1153,46.12,-16775444,-0.14825604421086247,nan,-,-,-,-,Desconexión
1154,46.16,-16775419,-2.548410246553317,nan,-,-,-,-,Desconexión
1155,46.2,-16775388,-3.386188224720833,nan,-,-,-,-,Desconexión
1156,46.24,-16775498,2.371773734577893,nan,-,-,-,-,Desconexión
1157,46.28,-16775409,2.1462636321423805,nan,-,-,-,-,Desconexión
1158,46.32,-16775348,0.9070423389249953,nan,-,-,-,-,Desconexión
1159,46.36,-16775395,0.32400494842141025,nan,-,-,-,-,Desconexión
1160,46.4,-16775318,-5.279954092394853,nan,-,-,-,-,Desconexión
1161,46.44,-16775357,-4.979467445633812,nan,-,-,-,-,Desconexión
1162,46.48,-16775393,-1.2641401103080128,nan,-,-,-,-,Desconexión
1163,46.52,-16775403,2.660860405651974,nan,-,-,-,-,Desconexión
1164,46.56,-16775439,4.942319911136956,nan,-,-,-,-,Desconexión
1165,46.6,-16775452,3.9750439061658724,nan,-,-,-,-,Desconexión
1166,46.64,-16775405,1.9323094854624538,nan,-,-,-,-,Desconexión
1167,46.68,-16775438,5.140173859956986,nan,-,-,-,-,Desconexión
1168,46.72,-16775483,8.434242842423657,nan,-,-,-,-,Desconexión
1169,46.76,-16775422,3.9440877994051426,nan,-,-,-,-,Desconexión
1170,46.8,-16775461,-1.5545348979792144,nan,-,-,-,-,Desconexión
1171,46.84,-16775511,-7.140945108746251,nan,-,-,-,-,Desconexión
1172,46.88,-16775376,-15.578828585736758,nan,-,-,-,-,Desconexión
1173,46.92,-16775476,-11.947803802856079,nan,-,-,-,-,Desconexión
1174,46.96,-16775394,-10.43414070040707,nan,-,-,-,-,Desconexión
1175,47.0,-16775399,-4.973856263275685,nan,-,-,-,-,Desconexión
1176,47.04,-16775393,-1.4679224593577622,nan,-,-,-,-,Desconexión
1177,47.08,-16775343,-1.830395537045078,nan,-,-,-,-,Desconexión
1178,47.12,-16775493,3.360389453083158,nan,-,-,-,-,Desconexión
1179,47.16,-16775435,2.852742196114825,nan,-,-,-,-,Desconexión
1180,47.2,-16775405,4.329002254245645,nan,-,-,-,-,Desconexión
1181,47.24,-16775412,7.098714806399063,nan,-,-,-,-,Desconexión
1182,47.28,-16775388,8.037865386518018,nan,-,-,-,-,Desconexión
1183,47.32,-16775447,9.962130559054355,nan,-,-,-,-,Desconexión
1184,47.36,-16775421,7.363009860724352,nan,-,-,-,-,Desconexión
1185,47.4,-16775373,2.734030845304943,nan,-,-,-,-,Desconexión
1186,47.44,-16775441,0.5869170981935845,nan,-,-,-,-,Desconexión
1187,47.48,-16775415,-4.983747791499643,nan,-,-,-,-,Desconexión
1188,47.52,-16775468,-5.375193921827787,nan,-,-,-,-,Desconexión
1189,47.56,-16775412,-4.410551872498543,nan,-,-,-,-,Desconexión
1190,47.6,-16775464,2.132651387954276,nan,-,-,-,-,Desconexión
1191,47.64,-16775429,2.680197458716245,nan,-,-,-,-,Desconexión
1192,47.68,-16775396,-1.000774008316757,nan,-,-,-,-,Desconexión
1193,47.72,-16775447,-2.2531476215044473,nan,-,-,-,-,Desconexión
1194,47.76,-16775394,-4.138339823740566,nan,-,-,-,-,Desconexión
1195,47.8,-16775366,-4.021363640735828,nan,-,-,-,-,Desconexión
1196,47.84,-16775449,-1.5865564146445266,nan,-,-,-,-,Desconexión
1197,47.88,-16775430,-2.9582943290043495,nan,-,-,-,-,Desconexión
1198,47.92,-16775445,-1.4913259222760864,nan,-,-,-,-,Desconexión
1199,47.96,-16775446,1.3277625397336887,nan,-,-,-,-,Desconexión
1200,48.0,-16775398,2.411249516616028,nan,nan,-,-,-,Desconexión
1201,48.04,-16775400,3.612464829123045,nan,-,-,-,-,Desconexión
1202,48.08,-16775443,4.727467094730962,nan,-,-,-,-,Desconexión
1203,48.12,-16775483,4.830511597928094,nan,-,-,-,-,Desconexión
1204,48.16,-16775448,1.7360198852129045,nan,-,-,-,-,Desconexión
1205,48.2,-16775429,-1.7778774004096967,nan,-,-,-,-,Desconexión
1206,48.24,-16775448,-4.14097570079978,nan,-,-,-,-,Desconexión
1207,48.28,-16775473,-4.010762155275847,nan,-,-,-,-,Desconexión
1208,48.32,-16775390,-3.8822522388545977,nan,-,-,-,-,Desconexión
1209,48.36,-16775465,2.2719172818619473,nan,-,-,-,-,Desconexión
1210,48.4,-16775463,3.077110632999247,nan,-,-,-,-,Desconexión
1211,48.44,-16775352,-3.4692694085052125,nan,-,-,-,-,Desconexión
1212,48.48,-16775521,-1.602647315210568,nan,-,-,-,-,Desconexión
1213,48.52,-16775428,-4.552826864545162,nan,-,-,-,-,Desconexión
1214,48.56,-16775401,-1.583936941112718,nan,-,-,-,-,Desconexión
1215,48.6,-16775466,4.197512085580012,nan,-,-,-,-,Desconexión
1216,48.64,-16775430,3.6413875329347807,nan,-,-,-,-,Desconexión
1217,48.68,-16775450,2.9381768571932483,nan,-,-,-,-,Desconexión
1218,48.72,-16775461,2.243950185046275,nan,-,-,-,-,Desconexión
1219,48.76,-16775503,3.073731352373649,nan,-,-,-,-,Desconexión
1220,48.8,-16775462,1.031394055157488,nan,-,-,-,-,Desconexión
1221,48.84,-16775451,-0.4715161774289722,nan,-,-,-,-,Desconexión
1222,48.88,-16775438,-1.8707656295176385,nan,-,-,-,-,Desconexión
1223,48.92,-16775408,-2.757890076043701,nan,-,-,-,-,Desconexión
1224,48.96,-16775471,-0.04223788343169588,nan,-,-,-,-,Desconexión
1225,49.0,-16775388,-3.028231040978511,nan,-,-,-,-,Desconexión
1226,49.04,-16775426,-3.1965434138784596,nan,-,-,-,-,Desconexión
1227,49.08,-16775456,-2.988302944851501,nan,-,-,-,-,Desconexión
1228,49.12,-16775524,0.16386756461012197,nan,-,-,-,-,Desconexión
1229,49.16,-16775453,0.6603666229116515,nan,-,-,-,-,Desconexión
1230,49.2,-16775479,5.099781158106498,nan,-,-,-,-,Desconexión
1231,49.24,-16775402,4.789355143186668,nan,-,-,-,-,Desconexión
1232,49.28,-16775414,4.230871639419622,nan,-,-,-,-,Desconexión
1233,49.32,-16775359,-0.5714173396070734,nan,-,-,-,-,Desconexión
1234,49.36,-16775395,-2.1842851449411844,nan,-,-,-,-,Desconexión
1235,49.4,-16775364,-4.861853104345164,nan,-,-,-,-,Desconexión
1236,49.44,-16775435,-4.046197302770899,nan,-,-,-,-,Desconexión
1237,49.48,-16775400,-5.798879717150026,nan,-,-,-,-,Desconexión
1238,49.52,-16775439,-1.7876112170851428,nan,-,-,-,-,Desconexión
1239,49.56,-16775422,4.130384109915504,nan,-,-,-,-,Desconexión
1240,49.6,-16775498,12.695459639817138,nan,-,-,-,-,Desconexión
1241,49.64,-16775511,14.522820821449656,nan,-,-,-,-,Desconexión
1242,49.68,-16775470,9.295900193256202,nan,-,-,-,-,Desconexión
1243,49.72,-16775466,2.4313307370992945,nan,-,-,-,-,Desconexión
1244,49.76,-16775404,-6.214631343743136,nan,-,-,-,-,Desconexión
1245,49.8,-16775466,-8.805239877159805,nan,-,-,-,-,Desconexión
1246,49.84,-16775422,-11.806148780866721,nan,-,-,-,-,Desconexión
1247,49.88,-16775395,-11.72561296538047,nan,-,-,-,-,Desconexión
1248,49.92,-16775387,-10.214951380024651,nan,-,-,-,-,Desconexión
1249,49.96,-16775471,-5.99992894606423,nan,-,-,-,-,Desconexión
1250,50.0,-16775391,-6.065143269311147,nan,-,-,-,-,Desconexión
1251,50.04,-16775478,2.004938587795486,nan,-,-,-,-,Desconexión
1252,50.08,-16775467,8.414749134179377,nan,-,-,-,-,Desconexión
1253,50.12,-16775470,12.493195932796711,nan,-,-,-,-,Desconexión
1254,50.16,-16775377,8.411185343482423,nan,-,-,-,-,Desconexión
1255,50.2,-16775428,6.130168160047308,nan,-,-,-,-,Desconexión
1256,50.24,-16775424,2.7868544333657814,nan,-,-,-,-,Desconexión
1257,50.28,-16775495,2.9681474511334756,nan,-,-,-,-,Desconexión
1258,50.32,-16775481,-0.21493469544219934,nan,-,-,-,-,Desconexión
1259,50.36,-16775420,-5.40779236775461,nan,-,-,-,-,Desconexión
1260,50.4,-16775399,-7.576863827228777,nan,-,-,-,-,Desconexión
1261,50.44,-16775452,-4.345525878362068,nan,-,-,-,-,Desconexión
1262,50.48,-16775424,-1.264293136554766,nan,-,-,-,-,Desconexión
1263,50.52,-16775441,3.5401201996842566,nan,-,-,-,-,Desconexión
1264,50.56,-16775427,4.204087124136016,nan,-,-,-,-,Desconexión
1265,50.6,-16775470,1.829876083574547,nan,-,-,-,-,Desconexión
1266,50.64,-16775443,-4.178545057760173,nan,-,-,-,-,Desconexión
1267,50.68,-16775426,-5.409742993210923,nan,-,-,-,-,Desconexión
1268,50.72,-16775396,-1.3864830284365368,nan,-,-,-,-,Desconexión
1269,50.76,-16775469,6.341458202891069,nan,-,-,-,-,Desconexión
1270,50.8,-16775438,5.5836530024939135,nan,-,-,-,-,Desconexión
1271,50.84,-16775417,0.5945618826809742,nan,-,-,-,-,Desconexión
1272,50.88,-16775465,-1.7156605336751554,nan,-,-,-,-,Desconexión
1273,50.92,-16775385,-4.879235865789525,nan,-,-,-,-,Desconexión
1274,50.96,-16775401,-2.8796073881175985,nan,-,-,-,-,Desconexión
1275,51.0,-16775501,2.2409046988371486,nan,nan,-,-,-,Minimo
1276,51.04,-16775459,2.636346184384145,nan,-,-,-,-,Minimo
1277,51.08,-16775430,2.305999381472395,nan,-,-,-,-,Minimo
1278,51.12,-16775455,1.5534919537314393,nan,-,-,-,-,Minimo
1279,51.16,-16775430,-1.6941452905982022,nan,-,-,-,-,Minimo
1280,51.2,-16775435,-2.137250892409398,nan,-,-,-,-,Minimo
1281,51.24,-16775398,-1.5938961519533486,nan,-,-,-,-,Minimo
1282,51.28,-16775429,0.940485699496773,nan,-,-,-,-,Minimo
1283,51.32,-16775391,-1.2371742652437057,nan,-,-,-,-,Minimo
1284,51.36,-16775461,-1.8913275408510941,nan,-,-,-,-,Minimo
1285,51.4,-16775498,-2.277172486732212,nan,-,-,-,-,Minimo
1286,51.44,-16775538,1.2756007938040952,nan,-,-,-,-,Minimo
1287,51.48,-16775494,4.0469401852311995,nan,-,-,-,-,Minimo
1288,51.52,-16775482,5.610563364966161,nan,-,-,-,-,Minimo
1289,51.56,-16775409,1.938452830232805,nan,-,-,-,-,Minimo
1290,51.6,-16775458,1.0873763894024755,nan,-,-,-,-,Minimo
1291,51.64,-16775477,-0.5091442888672348,nan,-,-,-,-,Minimo
1292,51.68,-16775450,-4.0986441440393016,nan,-,-,-,-,Minimo
1293,51.72,-16775450,-7.706829217401733,nan,-,-,-,-,Minimo
1294,51.76,-16775469,-9.845876135124591,nan,-,-,-,-,Minimo
1295,51.8,-16775418,-10.217255052529936,nan,-,-,-,-,Minimo
1296,51.84,-16775490,-1.2627736279160544,nan,-,-,-,-,Minimo
1297,51.88,-16775438,5.959536083302534,nan,-,-,-,-,Minimo
1298,51.92,-16775481,12.55130917866057,nan,-,-,-,-,Minimo
1299,51.96,-16775479,10.67631078131167,nan,-,-,-,-,Minimo
1300,52.0,-16775431,2.9317191855842744,nan,-,-,-,-,Minimo
1301,52.04,-16775488,-0.06825533590127719,nan,-,-,-,-,Minimo
1302,52.08,-16775427,-2.523923163318436,nan,-,-,-,-,Minimo
1303,52.12,-16775478,0.8431613369834903,nan,-,-,-,-,Minimo
1304,52.16,-16775484,1.613399214255427,nan,-,-,-,-,Minimo
1305,52.2,-16775446,-0.9605225202183902,nan,-,-,-,-,Minimo
1306,52.24,-16775453,-2.4309083460790673,nan,-,-,-,-,Minimo
1307,52.28,-16775441,-3.2907906784054344,nan,-,-,-,-,Minimo
1308,52.32,-16775472,-1.2274436466403404,nan,-,-,-,-,Minimo
1309,52.36,-16775483,0.8460833211319958,nan,-,-,-,-,Minimo
1310,52.4,-16775445,0.691285457457564,nan,-,-,-,-,Minimo
1311,52.44,-16775503,2.133894891778496,nan,-,-,-,-,Minimo
1312,52.48,-16775483,0.06329125696269777,nan,-,-,-,-,Minimo
1313,52.52,-16775478,-1.065366216376563,nan,-,-,-,-,Minimo
1314,52.56,-16775506,0.36598896053569163,nan,-,-,-,-,Minimo
1315,52.6,-16775495,1.2482330090597957,nan,-,-,-,-,Minimo
1316,52.64,-16775490,1.0317423836006032,nan,-,-,-,-,Minimo
1317,52.68,-16775515,-0.22027955496884033,nan,-,-,-,-,Minimo
1318,52.72,-16775487,-3.4380713190211,nan,-,-,-,-,Minimo
1319,52.76,-16775480,-4.251179537826069,nan,-,-,-,-,Minimo
1320,52.8,-16775463,-3.8219006184502256,nan,-,-,-,-,Minimo
1321,52.84,-16775526,-0.6750131072329317,nan,-,-,-,-,Minimo
1322,52.88,-16775463,-1.9451099874053845,nan,-,-,-,-,Minimo
1323,52.92,-16775434,-2.1189924718491895,nan,-,-,-,-,Minimo
1324,52.96,-16775410,-1.974596672294247,nan,-,-,-,-,Minimo
1325,53.0,-16775482,1.4030253622778375,nan,-,-,-,-,Minimo
1326,53.04,-16775386,-0.323836716836265,nan,-,-,-,-,Minimo
1327,53.08,-16775429,2.6922412926404142,nan,-,-,-,-,Minimo
1328,53.12,-16775460,5.027471640992815,nan,-,-,-,-,Minimo
1329,53.16,-16775451,4.974835776936128,nan,-,-,-,-,Minimo
1330,53.2,-16775482,5.223601358127986,nan,-,-,-,-,Minimo
1331,53.24,-16775497,5.483793444329962,nan,-,-,-,-,Minimo
1332,53.28,-16775463,5.349390734137994,nan,-,-,-,-,Minimo
1333,53.32,-16775484,6.136365960085435,nan,-,-,-,-,Minimo
1334,53.36,-16775504,3.9524454101543363,nan,-,-,-,-,Minimo
1335,53.4,-16775548,0.7814278609979652,nan,-,-,-,-,Minimo
1336,53.44,-16775421,-7.026589502942905,nan,-,-,-,-,Minimo
1337,53.48,-16775493,-7.11066535992355,nan,-,-,-,-,Minimo
1338,53.52,-16775428,-10.787461746098984,nan,-,-,-,-,Minimo
1339,53.56,-16775405,-11.442137516520113,nan,-,-,-,-,Minimo
1340,53.6,-16775428,-8.089648054150757,nan,-,-,-,-,Minimo
1341,53.64,-16775466,-2.9005825548261654,nan,-,-,-,-,Minimo
1342,53.68,-16775503,1.3625555937857499,nan,-,-,-,-,Minimo
1343,53.72,-16775422,0.07516973779300429,nan,-,-,-,-,Minimo
1344,53.76,-16775458,2.332824607158798,nan,-,-,-,-,Minimo
1345,53.8,-16775530,7.432089014316809,nan,-,-,-,-,Minimo
1346,53.84,-16775512,10.282018398032044,nan,-,-,-,-,Minimo
1347,53.88,-16775448,9.045369736631692,nan,-,-,-,-,Minimo
1348,53.92,-16775551,9.00732711164013,nan,-,-,-,-,Minimo
1349,53.96,-16775451,-0.2982069543402659,nan,-,-,-,-,Minimo
1350,54.0,-16775441,-6.60917708035857,nan,nan,-,-,-,Minimo
1351,54.04,-16775517,-7.017361772986121,nan,-,-,-,-,Minimo
1352,54.08,-16775478,-6.869021720529108,nan,-,-,-,-,Minimo
1353,54.12,-16775435,-5.261822070094553,nan,-,-,-,-,Minimo
1354,54.16,-16775479,-2.777167477029078,nan,-,-,-,-,Minimo
1355,54.2,-16775401,-5.475617290768106,nan,-,-,-,-,Minimo
1356,54.24,-16775392,-3.8241551493253283,nan,-,-,-,-,Minimo
1357,54.28,-16775458,2.601552489927233,nan,-,-,-,-,Minimo
1358,54.32,-16775541,8.723700422309207,nan,-,-,-,-,Minimo
1359,54.36,-16775438,5.935851995485248,nan,-,-,-,-,Minimo
1360,54.4,-16775494,5.863244313731297,nan,-,-,-,-,Minimo
1361,54.44,-16775480,3.16345422293454,nan,-,-,-,-,Minimo
1362,54.48,-16775468,2.3361569504420574,nan,-,-,-,-,Minimo
1363,54.52,-16775518,5.267260744992619,nan,-,-,-,-,Minimo
1364,54.56,-16775544,6.356725885861991,nan,-,-,-,-,Minimo
1365,54.6,-16775432,-0.5565723687104125,nan,-,-,-,-,Minimo
1366,54.64,-16775522,-4.009481425574166,nan,-,-,-,-,Minimo
1367,54.68,-16775483,-10.784925001035461,nan,-,-,-,-,Minimo
1368,54.72,-16775575,-8.093093862751232,nan,-,-,-,-,Minimo
1369,54.76,-16775498,-5.573514999342571,nan,-,-,-,-,Minimo
1370,54.8,-16775462,-1.7921766676920328,nan,-,-,-,-,Minimo
1371,54.84,-16775564,2.132309514499614,nan,-,-,-,-,Minimo
1372,54.88,-16775467,-3.018463941311836,nan,-,-,-,-,Minimo
1373,54.92,-16775411,-5.283245875672165,nan,-,-,-,-,Minimo
1374,54.96,-16775473,-0.7668551835263582,nan,-,-,-,-,Minimo
1375,55.0,-16775504,2.9650753601555273,nan,-,-,-,-,Minimo
1376,55.04,-16775484,2.200749841671172,nan,-,-,-,-,Minimo
1377,55.08,-16775477,0.22062808500027753,nan,-,-,-,-,Minimo
1378,55.12,-16775490,1.041758073844946,nan,-,-,-,-,Minimo
1379,55.16,-16775490,4.220718250800209,nan,-,-,-,-,Minimo
1380,55.2,-16775569,9.493655484302352,nan,-,-,-,-,Minimo
1381,55.24,-16775517,8.08130464983837,nan,-,-,-,-,Minimo
1382,55.28,-16775495,5.800925782999004,nan,-,-,-,-,Minimo
1383,55.32,-16775539,3.826030776668329,nan,-,-,-,-,Minimo
1384,55.36,-16775430,-4.9451861041285525,nan,-,-,-,-,Minimo
1385,55.4,-16775480,-7.44930558714292,nan,-,-,-,-,Minimo
1386,55.44,-16775439,-8.581848646856685,nan,-,-,-,-,Minimo
1387,55.48,-16775436,-5.945443100800301,nan,-,-,-,-,Minimo
1388,55.52,-16775419,-5.088893673909029,nan,-,-,-,-,Minimo
1389,55.56,-16775479,-3.255533863385459,nan,-,-,-,-,Minimo
1390,55.6,-16775475,-1.7858310012600462,nan,-,-,-,-,Minimo
1391,55.64,-16775450,2.046456346338969,nan,-,-,-,-,Minimo
1392,55.68,-16775443,6.918716133116709,nan,-,-,-,-,Minimo
1393,55.72,-16775439,9.153669142735664,nan,-,-,-,-,Minimo
1394,55.76,-16775479,9.484567793052577,nan,-,-,-,-,Minimo
1395,55.8,-16775467,6.178834443167929,nan,-,-,-,-,Minimo
1396,55.84,-16775492,3.3320030774652984,nan,-,-,-,-,Minimo
1397,55.88,-16775541,1.0833938921293367,nan,-,-,-,-,Minimo
1398,55.92,-16775532,-2.789258762512212,nan,-,-,-,-,Minimo
1399,55.96,-16775427,-8.204265504551607,nan,-,-,-,-,Minimo
1400,56.0,-16775461,-6.287190895949138,nan,-,-,-,-,Minimo
1401,56.04,-16775468,-3.4103240462537343,nan,-,-,-,-,Minimo
1402,56.08,-16775453,-2.5538315059156176,nan,-,-,-,-,Minimo
1403,56.12,-16775485,-2.966722582949129,nan,-,-,-,-,Minimo
1404,56.16,-16775449,-6.514388307880818,nan,-,-,-,-,Minimo
1405,56.2,-16775438,-7.558652271629754,nan,-,-,-,-,Minimo
1406,56.24,-16775458,-4.699357568508693,nan,-,-,-,-,Minimo
1407,56.28,-16775468,0.6398539955795002,nan,-,-,-,-,Minimo
1408,56.32,-16775467,6.80550575700901,nan,-,-,-,-,Minimo
1409,56.36,-16775483,10.952598188497468,nan,-,-,-,-,Minimo
1410,56.4,-16775451,8.016614696414443,nan,-,-,-,-,Minimo
1411,56.44,-16775513,4.554169338923501,nan,-,-,-,-,Minimo
1412,56.48,-16775452,-1.3044347391546296,nan,-,-,-,-,Minimo
1413,56.52,-16775517,0.6581923616169014,nan,-,-,-,-,Minimo
1414,56.56,-16775444,-0.3562323843669368,nan,-,-,-,-,Minimo
1415,56.6,-16775475,0.33774821011862066,nan,-,-,-,-,Minimo
1416,56.64,-16775405,-4.083851441615295,nan,-,-,-,-,Minimo
1417,56.68,-16775459,-4.1458787383945,nan,-,-,-,-,Minimo
1418,56.72,-16775482,-3.072896400678843,nan,-,-,-,-,Minimo
1419,56.76,-16775464,-1.8884026106903544,nan,-,-,-,-,Minimo
1420,56.8,-16775466,-0.3475131505951232,nan,-,-,-,-,Minimo
1421,56.84,-16775431,-0.7276475275116923,nan,-,-,-,-,Minimo
1422,56.88,-16775441,0.546096592251704,nan,-,-,-,-,Minimo
1423,56.92,-16775422,1.7231367959876778,nan,-,-,-,-,Minimo
1424,56.96,-16775465,4.943729175067588,nan,-,-,-,-,Minimo
1425,57.0,-16775539,7.395657124030031,nan,nan,-,-,-,Minimo
1426,57.04,-16775536,4.523407663559048,nan,-,-,-,-,Minimo
1427,57.08,-16775517,-0.30148243390938667,nan,-,-,-,-,Minimo
1428,57.12,-16775516,-2.7519567140053347,nan,-,-,-,-,Minimo
1429,57.16,-16775430,-4.3922540107409915,nan,-,-,-,-,Minimo
1430,57.2,-16775484,0.10371375044915254,nan,-,-,-,-,Minimo
1431,57.24,-16775443,-0.3382514136742003,nan,-,-,-,-,Minimo
1432,57.28,-16775518,-0.5906530933069725,nan,-,-,-,-,Minimo
1433,57.32,-16775441,-7.864191493991473,nan,-,-,-,-,Minimo
1434,57.36,-16775513,-9.140320597820025,nan,-,-,-,-,Minimo
1435,57.4,-16775473,-9.381272354684103,nan,-,-,-,-,Minimo
1436,57.44,-16775488,-2.3856087393701233,nan,-,-,-,-,Minimo
1437,57.48,-16775453,5.088982830061422,nan,-,-,-,-,Minimo
1438,57.52,-16775461,10.637038678119172,nan,-,-,-,-,Minimo
1439,57.56,-16775476,10.256266402063261,nan,-,-,-,-,Minimo
1440,57.6,-16775408,2.851893017644475,nan,-,-,-,-,Minimo
1441,57.64,-16775411,-2.217708760312469,nan,-,-,-,-,Minimo
1442,57.68,-16775452,-2.7212959547563216,nan,-,-,-,-,Minimo
1443,57.72,-16775411,-2.6718131882510607,nan,-,-,-,-,Minimo
1444,57.76,-16775470,1.5873587308475265,nan,-,-,-,-,Minimo
1445,57.8,-16775329,-1.0050814681305908,nan,-,-,-,-,Minimo
1446,57.84,-16775358,1.267250468251902,nan,-,-,-,-,Minimo
1447,57.88,-16775439,4.642565511662596,nan,-,-,-,-,Minimo
1448,57.92,-16775494,6.617725631588073,nan,-,-,-,-,Minimo
1449,57.96,-16775404,3.631687708659471,nan,-,-,-,-,Minimo
1450,58.0,-16775318,0.13100535337444796,nan,-,-,-,-,Minimo
1451,58.04,-16775499,3.790255816089015,nan,-,-,-,-,Minimo
1452,58.08,-16775333,-3.9787873126211224,nan,-,-,-,-,Minimo
1453,58.12,-16775424,-1.1191947001885687,nan,-,-,-,-,Minimo
1454,58.16,-16775415,0.8377371127507658,nan,-,-,-,-,Minimo
1455,58.2,-16775528,4.667935113260768,nan,-,-,-,-,Minimo
1456,58.24,-16775452,-2.4589591523392222,nan,-,-,-,-,Minimo
1457,58.28,-16775550,-4.8503032381389275,nan,-,-,-,-,Minimo
1458,58.32,-16775484,-6.639209385886289,nan,-,-,-,-,Minimo
1459,58.36,-16775488,-0.7652470225231767,nan,-,-,-,-,Minimo
1460,58.4,-16775483,2.497377646575039,nan,-,-,-,-,Minimo
1461,58.44,-16775454,-1.4084996634884348,nan,-,-,-,-,Minimo
1462,58.48,-16775494,-5.662664382111476,nan,-,-,-,-,Minimo
1463,58.52,-16775524,-8.457577884246817,nan,-,-,-,-,Minimo
1464,58.56,-16775533,-9.502698521646513,nan,-,-,-,-,Minimo
1465,58.6,-16775490,-9.50187642493922,nan,-,-,-,-,Minimo
1466,58.64,-16775456,-5.907035745958787,nan,-,-,-,-,Minimo
1467,58.68,-16775430,-0.2750433124228664,nan,-,-,-,-,Minimo
1468,58.72,-16775408,4.414444238175783,nan,-,-,-,-,Minimo
1469,58.76,-16775396,6.506808927917458,nan,-,-,-,-,Minimo
1470,58.8,-16775399,5.872189640283304,nan,-,-,-,-,Minimo
1471,58.84,-16743028,-1014.7361426221723,nan,-,-,-,-,Minimo
1472,58.88,-128475,-523306.55040904693,nan,-,-,-,-,Minimo
1473,58.92,-37355,-483267.51481767,nan,-,-,-,-,Minimo
1474,58.96,-155672,-386260.24130679807,nan,-,-,-,-,Minimo
1475,59.0,-16404368,272885.7264994681,nan,-,-,-,-,Minimo
1476,59.04,-16427943,421946.89745669626,nan,-,-,-,-,Minimo
1477,59.08,-16413238,532427.5604194682,nan,-,-,-,-,Minimo
1478,59.12,-16406916,596740.6057765828,nan,-,-,-,-,Minimo
1479,59.16,-16577097,704001.5229395218,nan,-,-,-,-,Minimo
1480,59.2,-16575124,956683.8982996618,nan,-,-,-,-,Minimo
1481,59.24,-16660186,1249574.1821710858,nan,-,-,-,-,Minimo
1482,59.28,-16655528,1088719.3347286955,nan,-,-,-,-,Minimo
1483,59.32,-190828,-473030.55067725666,nan,-,-,-,-,Minimo
1484,59.36,-16559971,-1486761.4707694734,nan,-,-,-,-,Minimo
1485,59.4,-16556129,-2438101.3843767606,nan,-,-,-,-,Minimo
1486,59.44,-16653163,-2072078.1539504218,nan,-,-,-,-,Minimo
1487,59.48,-16648917,-838755.5493111865,nan,-,-,-,-,Minimo
1488,59.52,-16683582,216641.9410272945,nan,-,-,-,-,Minimo
1489,59.56,-16679255,590519.1566487427,nan,-,-,-,-,Minimo
1490,59.6,-16688901,600553.7544427547,nan,-,-,-,-,Minimo
1491,59.64,-16686452,677286.4724031745,nan,-,-,-,-,Minimo
1492,59.68,-16694673,757075.0930351351,nan,-,-,-,-,Minimo
1493,59.72,-16696754,455764.9819206606,nan,-,-,-,-,Minimo
1494,59.76,-153213,-762239.8396904618,nan,-,-,-,-,Minimo
1495,59.8,-16693093,-711145.0104624974,nan,-,-,-,-,Minimo
1496,59.84,-16699110,-510053.8080087332,nan,-,-,-,-,Minimo
1497,59.88,-16697929,97208.67030302621,nan,-,-,-,-,Minimo
1498,59.92,-16694959,515188.8467650716,nan,-,-,-,-,Minimo
1499,59.96,-56983,23535.45588784106,nan,-,-,-,-,Minimo
1500,60.0,-42635,-50669.576932667755,nan,nan,-,-,-,Minimo
1501,60.04,-16775502,573178.9877097169,nan,-,-,-,-,Minimo
1502,60.08,-16775498,832522.6897005532,nan,-,-,-,-,Minimo
1503,60.12,-16775435,973235.3005130235,nan,-,-,-,-,Minimo
1504,60.16,-16775443,632950.803143952,nan,-,-,-,-,Minimo
1505,60.2,-16775482,-101162.84471904207,nan,-,-,-,-,Minimo
1506,60.24,-16775419,-525870.1559421467,nan,-,-,-,-,Minimo
1507,60.28,-16775467,-107045.01286617605,nan,-,-,-,-,Minimo
1508,60.32,-16775538,678009.3691698688,nan,-,-,-,-,Minimo
1509,60.36,-16775446,743520.5712911568,nan,-,-,-,-,Minimo
1510,60.4,-16775492,-315132.5760414975,nan,-,-,-,-,Minimo
1511,60.44,-16775484,-1618725.3991065996,nan,-,-,-,-,Minimo
1512,60.48,-16775570,-1937735.974869999,nan,-,-,-,-,Minimo
1513,60.52,-16775466,-1106253.9517292432,nan,-,-,-,-,Minimo
1514,60.56,-16775485,-62052.96167865442,nan,-,-,-,-,Minimo
1515,60.6,-16775475,405989.40358698403,nan,-,-,-,-,Minimo
1516,60.64,-16775472,355367.6135553116,nan,-,-,-,-,Minimo
1517,60.68,-16775382,217030.91860924778,nan,-,-,-,-,Minimo
1518,60.72,-16775477,199915.28251744655,nan,-,-,-,-,Minimo
1519,60.76,-16775497,248462.03561291297,nan,-,-,-,-,Minimo
1520,60.8,-16775477,269123.47259633924,nan,-,-,-,-,Minimo
1521,60.84,-16775512,245383.42238900528,nan,-,-,-,-,Minimo
1522,60.88,-16775549,206163.64847598228,nan,-,-,-,-,Minimo
1523,60.92,-16775394,171769.66576040903,nan,-,-,-,-,Minimo
1524,60.96,-16775434,142477.09590614092,nan,-,-,-,-,Minimo
1525,61.0,-16775381,112894.7708390386,nan,-,-,-,-,Minimo
1526,61.04,-16775411,82089.49101262644,nan,-,-,-,-,Minimo
1527,61.08,-16775488,52674.71532719588,nan,-,-,-,-,Minimo
1528,61.12,-16775433,26879.36291971273,nan,-,-,-,-,Minimo
1529,61.16,-16775528,5270.200430261379,nan,-,-,-,-,Minimo
1530,61.2,-16483476,-21591.019634422162,nan,-,-,-,-,Minimo
1531,61.24,-16596757,-31255.557692256552,nan,-,-,-,-,Minimo
1532,61.28,-16713574,-36674.03284466936,nan,-,-,-,-,Minimo
1533,61.32,-66994,-565513.8249482475,nan,-,-,-,-,Minimo
1534,61.36,-8642,-526975.1539698914,nan,-,-,-,-,Minimo
1535,61.4,-16775998,93153.33437177539,nan,-,-,-,-,Minimo
1536,61.44,-15521,-326572.74584329966,nan,-,-,-,-,Minimo
1537,61.48,-20352,-181307.07647543028,nan,-,-,-,-,Minimo
1538,61.52,-16550977,494070.2153978888,nan,-,-,-,-,Minimo
1539,61.56,-16640219,630584.9135700613,nan,-,-,-,-,Minimo
1540,61.6,-70027,294392.08209136873,nan,-,-,-,-,Minimo
1541,61.64,-75825,624100.4779007239,nan,-,-,-,-,Minimo
1542,61.68,-245092,940829.7031187485,nan,-,-,-,-,Minimo
1543,61.72,-227501,848571.2503727208,nan,-,-,-,-,Minimo
1544,61.76,-209946,196610.74166583782,nan,-,-,-,-,Minimo
1545,61.8,-225598,-582783.9664210198,nan,-,-,-,-,Minimo
1546,61.84,-84411,-975901.5955182959,nan,-,-,-,-,Minimo
1547,61.88,-97435,-977137.3212891282,nan,-,-,-,-,Minimo
1548,61.92,-80200,-723056.5613679646,nan,-,-,-,-,Minimo
1549,61.96,-14985,-50858.612806475954,nan,-,-,-,-,Minimo
1550,62.0,-18346,832013.3824499762,nan,-,-,-,-,Minimo
1551,62.04,-19982,1122799.966626191,nan,-,-,-,-,Minimo
1552,62.08,-20121,509930.3560679719,nan,-,-,-,-,Minimo
1553,62.12,-20790,-331573.04166006594,nan,-,-,-,-,Minimo
1554,62.16,-16419,-688212.1038386829,nan,-,-,-,-,Minimo
1555,62.2,-19312,-564700.455067613,nan,-,-,-,-,Minimo
1556,62.24,-20997,-349166.2816528856,nan,-,-,-,-,Minimo
1557,62.28,-19736,-254294.16964130872,nan,-,-,-,-,Minimo
1558,62.32,-1216891,-198546.4659399029,nan,-,-,-,-,Minimo
1559,62.36,-1217926,-174840.0329601795,nan,-,-,-,-,Minimo
1560,62.4,-1219737,-123981.87824319652,nan,-,-,-,-,Minimo
1561,62.44,-1220355,-71048.06502178335,nan,-,-,-,-,Minimo
1562,62.48,-1220994,-33315.97539727099,nan,-,-,-,-,Minimo
1563,62.52,-1220101,-8451.258843877353,nan,-,-,-,-,Minimo
1564,62.56,-1216154,8972.104496937012,nan,-,-,-,-,Minimo
1565,62.6,-1200088,14839.259328093729,nan,-,-,-,-,Minimo
1566,62.64,-1196007,2669.3506583420094,nan,-,-,-,-,Minimo
1567,62.68,-1199507,-19719.942387761897,nan,-,-,-,-,Minimo
1568,62.72,-1206526,-22925.44772982545,nan,-,-,-,-,Minimo
1569,62.76,-1211987,22982.7846321463,nan,-,-,-,-,Minimo
1570,62.8,-1202150,97540.0665967456,nan,-,-,-,-,Minimo
1571,62.84,-16681191,641238.8213704694,nan,-,-,-,-,Minimo
1572,62.88,-1596637,138710.39063523337,nan,-,-,-,-,Minimo
1573,62.92,-1228477,58505.26200563926,nan,-,-,-,-,Minimo
1574,62.96,-16367984,457434.0976988794,nan,-,-,-,-,Minimo
1575,63.0,-1200438,-116822.85260593612,nan,nan,-,-,-,Movimiento
1576,63.04,-1221344,-191367.27391282562,nan,-,-,-,-,Movimiento
1577,63.08,-1220638,-268107.664022638,nan,-,-,-,-,Movimiento
1578,63.12,-1222570,-398975.4066461222,nan,-,-,-,-,Movimiento
1579,63.16,-1222279,-580213.3548276215,nan,-,-,-,-,Movimiento
1580,63.2,-1223024,-647671.242313652,nan,-,-,-,-,Movimiento
1581,63.24,-1220524,-386402.96701260604,nan,-,-,-,-,Movimiento
1582,63.28,-851371,123230.12325045036,nan,-,-,-,-,Movimiento
1583,63.32,-16675996,1036648.215603942,nan,-,-,-,-,Movimiento
1584,63.36,-16582570,1151005.9476817902,nan,-,-,-,-,Movimiento
1585,63.4,-104253,639066.3054270111,nan,-,-,-,-,Movimiento
1586,63.44,-1245974,619189.5778687717,nan,-,-,-,-,Movimiento
1587,63.48,-1282980,289750.8777833907,nan,-,-,-,-,Movimiento
1588,63.52,-15996717,242306.26676326804,nan,-,-,-,-,Movimiento
1589,63.56,-16125300,-142915.05915677454,nan,-,-,-,-,Movimiento
1590,63.6,-439850,-863218.5935508115,nan,-,-,-,-,Movimiento
1591,63.64,-550421,-1116062.1689216336,nan,-,-,-,-,Movimiento
1592,63.68,-683629,-1355164.3702561855,nan,-,-,-,-,Movimiento
1593,63.72,-1322164,-1086460.3664270262,nan,-,-,-,-,Movimiento
1594,63.76,-16627504,380666.24944141135,nan,-,-,-,-,Movimiento
1595,63.8,-815174,877230.352164167,nan,-,-,-,-,Movimiento
1596,63.84,-802449,867539.6158882035,nan,-,-,-,-,Movimiento
1597,63.88,-1102051,-90365.78408575268,nan,-,-,-,-,Movimiento
1598,63.92,-1097525,-719366.6921865754,nan,-,-,-,-,Movimiento
1599,63.96,-16653560,381649.4359813966,nan,-,-,-,-,Movimiento
1600,64.0,-791513,985318.6266514217,nan,-,-,-,-,Movimiento
1601,64.04,-1338383,1228188.558115624,nan,-,-,-,-,Movimiento
1602,64.08,-1773546,286195.03830291564,nan,-,-,-,-,Movimiento
1603,64.12,-1177861,-780312.8124082991,nan,-,-,-,-,Movimiento
1604,64.16,-1146870,-845392.8056133935,nan,-,-,-,-,Movimiento
1605,64.2,-1130531,-81177.3754784555,nan,-,-,-,-,Movimiento
1606,64.24,-1205124,453395.54616682255,nan,-,-,-,-,Movimiento
1607,64.28,-1208050,128324.33724504337,nan,-,-,-,-,Movimiento
1608,64.32,-1212868,-513128.2477299961,nan,-,-,-,-,Movimiento
1609,64.36,-1216536,-547199.8892893947,nan,-,-,-,-,Movimiento
1610,64.4,-1218738,118237.45085286326,nan,-,-,-,-,Movimiento
1611,64.44,-962902,690819.1133188689,nan,-,-,-,-,Movimiento
1612,64.48,-159859,567755.246300163,nan,-,-,-,-,Movimiento
1613,64.52,-16673646,575508.8293617927,nan,-,-,-,-,Movimiento
1614,64.56,-1654455,-284848.1960975793,nan,-,-,-,-,Movimiento
1615,64.6,-2096921,-338819.9735183683,nan,-,-,-,-,Movimiento
1616,64.64,-1852059,-300073.75337805506,nan,-,-,-,-,Movimiento
1617,64.68,-395411,-336026.3046371024,nan,-,-,-,-,Movimiento
1618,64.72,-914931,-327967.89370015496,nan,-,-,-,-,Movimiento
1619,64.76,-2041791,-287630.54353116476,nan,-,-,-,-,Movimiento
1620,64.8,-2049257,-325472.50915747526,nan,-,-,-,-,Movimiento
1621,64.84,-1487766,-469926.0324196736,nan,-,-,-,-,Movimiento
1622,64.88,-652010,-560145.7386587765,nan,-,-,-,-,Movimiento
1623,64.92,-2096921,-218815.83756466612,nan,-,-,-,-,Movimiento
1624,64.96,-1928153,436412.0017250091,nan,-,-,-,-,Movimiento
1625,65.0,-1274739,942138.9679027095,nan,-,-,-,-,Movimiento
1626,65.04,-1220358,870867.1816613697,nan,-,-,-,-,Movimiento
1627,65.08,-1135826,361087.0765877821,nan,-,-,-,-,Movimiento
1628,65.12,-605203,-95156.18724679943,nan,-,-,-,-,Movimiento
1629,65.16,-603809,-216463.76394719264,nan,-,-,-,-,Movimiento
1630,65.2,-243516,-131775.92509473316,nan,-,-,-,-,Movimiento
1631,65.24,-291155,-15233.973877224606,nan,-,-,-,-,Movimiento
1632,65.28,-516031,14240.477940474288,nan,-,-,-,-,Movimiento
1633,65.32,-503000,-30382.962014787365,nan,-,-,-,-,Movimiento
1634,65.36,-684059,-40302.290578104206,nan,-,-,-,-,Movimiento
1635,65.4,-249109,-6833.601470991445,nan,-,-,-,-,Movimiento
1636,65.44,-235682,47865.97070463258,nan,-,-,-,-,Movimiento
1637,65.48,-479270,65260.53474090324,nan,-,-,-,-,Movimiento
1638,65.52,-482395,37004.78365523246,nan,-,-,-,-,Movimiento
1639,65.56,-707954,7066.37404945778,nan,-,-,-,-,Movimiento
1640,65.6,-890976,-23862.816372659057,nan,-,-,-,-,Movimiento
1641,65.64,-965756,-57491.55692974408,nan,-,-,-,-,Movimiento
1642,65.68,-968821,-81397.05285053312,nan,-,-,-,-,Movimiento
1643,65.72,-1055003,-76387.54286042349,nan,-,-,-,-,Movimiento
1644,65.76,-1065281,-51473.55788149424,nan,-,-,-,-,Movimiento
1645,65.8,-1202602,-24178.204180514003,nan,-,-,-,-,Movimiento
1646,65.84,-1216670,-28756.204175475286,nan,-,-,-,-,Movimiento
1647,65.88,-1218719,-53761.157323710475,nan,-,-,-,-,Movimiento
1648,65.92,-1219318,-73151.39775139303,nan,-,-,-,-,Movimiento
1649,65.96,-1219023,-71837.0663436635,nan,-,-,-,-,Movimiento
1650,66.0,-1218960,-48700.41477525432,nan,nan,-,-,-,-
1651,66.04,-1216652,-18553.347651312157,nan,-,-,-,-,-
1652,66.08,-1205674,6048.061307618598,nan,-,-,-,-,-
1653,66.12,-1196871,19606.316989291896,nan,-,-,-,-,-
1654,66.16,-1194598,24650.146569288103,nan,-,-,-,-,-
1655,66.2,-1197848,28402.437696948924,nan,-,-,-,-,-
1656,66.24,-1205265,35377.76776235046,nan,-,-,-,-,-
1657,66.28,-1205971,44437.96095202182,nan,-,-,-,-,-
1658,66.32,-1205077,48138.70726680819,nan,-,-,-,-,-
1659,66.36,-1208662,44535.228786482934,nan,-,-,-,-,-
1660,66.4,-1211225,38407.1745197664,nan,-,-,-,-,-
1661,66.44,-1213573,31512.375678698256,nan,-,-,-,-,-
1662,66.48,-1214323,26052.456445344622,nan,-,-,-,-,-
1663,66.52,-1216275,19327.565688453804,nan,-,-,-,-,-
1664,66.56,-1217244,10930.638688402192,nan,-,-,-,-,-
1665,66.6,-1218714,4120.94435242466,nan,-,-,-,-,-
1666,66.64,-1218640,-1289.194987945324,nan,-,-,-,-,-
1667,66.68,-1219618,-4830.810796666374,nan,-,-,-,-,-
1668,66.72,-1217979,-6051.444921613496,nan,-,-,-,-,-
1669,66.76,-1203569,-9436.66707280721,nan,-,-,-,-,-
1670,66.8,-1195496,-10932.105153844554,nan,-,-,-,-,-
1671,66.84,-1195150,-11477.356588837873,nan,-,-,-,-,-
1672,66.88,-1199054,-11125.923641469093,nan,-,-,-,-,-
1673,66.92,-1203586,-8914.410542581605,nan,-,-,-,-,-
1674,66.96,-1206179,-8776.181963205878,nan,-,-,-,-,-
1675,67.0,-1206151,-7290.790876093794,nan,-,-,-,-,-
1676,67.04,-1205807,-5742.965721663442,nan,-,-,-,-,-
1677,67.08,-1207720,-4059.0229936604055,nan,-,-,-,-,-
1678,67.12,-1211089,-2235.3591030875855,nan,-,-,-,-,-
1679,67.16,-1212430,-916.3991884779898,nan,-,-,-,-,-
1680,67.2,-1214881,-580.2162443260704,nan,-,-,-,-,-
1681,67.24,-1217263,-1243.8739695715394,nan,-,-,-,-,-
1682,67.28,-1217900,-2118.569844388823,nan,-,-,-,-,-
1683,67.32,-1218347,-2264.030860899651,nan,-,-,-,-,-
1684,67.36,-1217614,-1581.5003888778901,nan,-,-,-,-,-
1685,67.4,-1218013,-607.1076488254148,nan,-,-,-,-,-
1686,67.44,-1214453,-152.52639383737733,nan,-,-,-,-,-
1687,67.48,-1200644,855.2117509257878,nan,-,-,-,-,-
1688,67.52,-1195283,-396.04418457852444,nan,-,-,-,-,-
1689,67.56,-1195852,-70.39963047158926,nan,-,-,-,-,-
1690,67.6,-1198811,511.305620416751,nan,-,-,-,-,-
1691,67.64,-1204957,1195.0882324900708,nan,-,-,-,-,-
1692,67.68,-1206686,1829.8854491971651,nan,-,-,-,-,-
1693,67.72,-1206168,2314.7985518599626,nan,-,-,-,-,-
1694,67.76,-1207106,2673.3438898663508,nan,-,-,-,-,-
1695,67.8,-1209554,3024.5562485388464,nan,-,-,-,-,-
1696,67.84,-1212375,3260.1164607724204,nan,-,-,-,-,-
1697,67.88,-1214204,3135.5964039218707,nan,-,-,-,-,-
1698,67.92,-1215960,2008.0528183331326,nan,-,-,-,-,-
1699,67.96,-1216603,156.8898687475239,nan,-,-,-,-,-
1700,68.0,-1217763,-1438.2126688215692,nan,-,-,-,-,-
1701,68.04,-1218662,-2115.8408216915186,nan,-,-,-,-,-
1702,68.08,-1217550,-1970.6598645950696,nan,-,-,-,-,-
1703,68.12,-1217927,-1418.249360060134,nan,-,-,-,-,-
1704,68.16,-1203607,-1592.6894621085448,nan,-,-,-,-,-
1705,68.2,-1195578,-1806.1919674584697,nan,-,-,-,-,-
1706,68.24,-1195273,-1706.7708314471056,nan,-,-,-,-,-
1707,68.28,-1198766,-1204.8194855208649,nan,-,-,-,-,-
1708,68.32,-1203646,-403.0893681107086,nan,-,-,-,-,-
1709,68.36,-1206276,293.4462704873504,nan,-,-,-,-,-
1710,68.4,-1206619,826.7162416819319,nan,-,-,-,-,-
1711,68.44,-1203805,1219.3542865113254,nan,-,-,-,-,-
1712,68.48,-1208158,1903.2983526970565,nan,-,-,-,-,-
1713,68.52,-1210813,2566.48161876631,nan,-,-,-,-,-
1714,68.56,-1212837,2791.6098387955335,nan,-,-,-,-,-
1715,68.6,-1214445,2073.243275271093,nan,-,-,-,-,-
1716,68.64,-1217047,515.514633227338,nan,-,-,-,-,-
1717,68.68,-1217746,-1145.393785078805,nan,-,-,-,-,-
1718,68.72,-1217980,-1982.633329369791,nan,-,-,-,-,-
1719,68.76,-1218452,-1798.501298838442,nan,-,-,-,-,-
1720,68.8,-1218520,-1218.6818959512652,nan,-,-,-,-,-
1721,68.84,-1213972,-1031.4486646609266,nan,-,-,-,-,-
1722,68.88,-1200591,-1520.9566829051855,nan,-,-,-,-,-
1723,68.92,-1194911,-1805.5130925656158,nan,-,-,-,-,-
1724,68.96,-1194248,-1603.2336887593829,nan,-,-,-,-,-
1725,69.0,-1198953,-883.0599643454781,60,60.0,-,-,-,-
1726,69.04,-1206560,48.42935118457444,60,-,-,-,-,-
1727,69.08,-1205119,620.7811163221395,60,-,-,-,-,-
1728,69.12,-1204960,1130.7482117110812,60,-,-,-,-,-
1729,69.16,-1209405,1761.06125772632,60,-,-,-,-,-
1730,69.2,-1210919,2343.6419073007055,60,-,-,-,-,-
1731,69.24,-1214503,2891.179870005226,60,-,-,-,-,-
1732,69.28,-1216774,2827.062076662123,60,-,-,-,-,-
1733,69.32,-1217253,1730.8258391326626,60,-,-,-,-,-
1734,69.36,-1217917,-74.21364889341294,60,-,-,-,-,-
1735,69.4,-1218988,-1661.408382148319,60,-,-,-,-,-
1736,69.44,-1219091,-2289.1048593626265,60,-,-,-,-,-
1737,69.48,-1218802,-1991.3214731034982,60,-,-,-,-,-
1738,69.52,-1215254,-1559.8523552444321,60,-,-,-,-,-
1739,69.56,-1200995,-1758.8863047133455,60,-,-,-,-,-
1740,69.6,-1195013,-1876.5615550651564,60,-,-,-,-,-
1741,69.64,-1194690,-1610.9409627922923,60,-,-,-,-,-
1742,69.68,-1198598,-870.2390713651478,60,-,-,-,-,-
1743,69.72,-1203134,36.55865318852284,60,-,-,-,-,-
1744,69.76,-1206495,797.0620547630006,60,-,-,-,-,-
1745,69.8,-1206262,1261.4519938518497,60,-,-,-,-,-
1746,69.84,-1204991,1651.981195743028,60,-,-,-,-,-
1747,69.88,-1208577,2299.696942857876,60,-,-,-,-,-
1748,69.92,-1210618,2847.216105721609,60,-,-,-,-,-
1749,69.96,-1213014,2854.911621174352,60,-,-,-,-,-
1750,70.0,-1214910,1871.9625949855736,60,-,-,-,-,-
1751,70.04,-1216031,127.28222831001358,60,-,-,-,-,-
1752,70.08,-1217709,-1455.3221375939916,60,-,-,-,-,-
1753,70.12,-1218697,-2140.685093536379,60,-,-,-,-,-
1754,70.16,-1218754,-1905.5079251724865,60,-,-,-,-,-
1755,70.2,-1219800,-1279.339226195926,60,-,-,-,-,-
1756,70.24,-1216046,-1042.9339479597356,60,-,-,-,-,-
1757,70.28,-1204400,-1418.7348689947576,60,-,-,-,-,-
1758,70.32,-1195084,-1768.5318740554867,60,-,-,-,-,-
1759,70.36,-1193906,-1581.0992675365724,60,-,-,-,-,-
1760,70.4,-1196751,-959.9663873662416,60,-,-,-,-,-
1761,70.44,-1201783,-157.23674587465757,60,-,-,-,-,-
1762,70.48,-1205336,539.1182077939529,60,-,-,-,-,-
1763,70.52,-1206898,1084.981085966102,60,-,-,-,-,-
1764,70.56,-1205134,1528.6638746476929,60,-,-,-,-,-
1765,70.6,-1207135,2185.8688135532384,60,-,-,-,-,-
1766,70.64,-1210916,2872.0928446410944,60,-,-,-,-,-
1767,70.68,-1212836,3028.41553210602,60,-,-,-,-,-
1768,70.72,-1214311,2229.2974181477875,60,-,-,-,-,-
1769,70.76,-1214795,536.7000525096646,60,-,-,-,-,-
1770,70.8,-1217803,-1155.0296869714284,60,-,-,-,-,-
1771,70.84,-1218074,-2145.046645255614,60,-,-,-,-,-
1772,70.88,-1217634,-2133.771595619659,60,-,-,-,-,-
1773,70.92,-1217567,-1558.0816899369383,60,-,-,-,-,-
1774,70.96,-1217634,-1074.5213072967472,60,-,-,-,-,-
1775,71.0,-1208806,-1246.1459607437973,60,-,-,-,-,-
1776,71.04,-1197019,-1661.2764535886654,60,-,-,-,-,-
1777,71.08,-1194033,-1579.7190471411614,60,-,-,-,-,-
1778,71.12,-1197267,-989.0206908354448,60,-,-,-,-,-
1779,71.16,-1200901,-257.38110984542027,60,-,-,-,-,-
1780,71.2,-1205735,460.46792893192105,60,-,-,-,-,-
1781,71.24,-1206116,955.9214946030497,60,-,-,-,-,-
1782,71.28,-1205206,1382.4233547402137,60,-,-,-,-,-
1783,71.32,-1207041,1919.6092493778096,60,-,-,-,-,-
1784,71.36,-1209326,2473.551793934281,60,-,-,-,-,-
1785,71.4,-1212035,2791.1155158577967,60,-,-,-,-,-
1786,71.44,-1214409,2382.222564695753,60,-,-,-,-,-
1787,71.48,-1215735,1032.2500089945624,60,-,-,-,-,-
1788,71.52,-1216200,-713.9384724544572,60,-,-,-,-,-
1789,71.56,-1217526,-1875.7292845377524,60,-,-,-,-,-
1790,71.6,-1218545,-2027.8541692764904,60,-,-,-,-,-
1791,71.64,-1218000,-1551.4079120591318,60,-,-,-,-,-
1792,71.68,-1217685,-1067.1347416494705,60,-,-,-,-,-
1793,71.72,-1213495,-1073.3339059343407,60,-,-,-,-,-
1794,71.76,-1199499,-1606.9241986313045,60,-,-,-,-,-
1795,71.8,-1194357,-1700.7031651757243,60,-,-,-,-,-
1796,71.84,-1195143,-1269.186151986988,60,-,-,-,-,-
1797,71.88,-1198113,-543.2468232761412,60,-,-,-,-,-
1798,71.92,-1204412,290.6759986030156,60,-,-,-,-,-
1799,71.96,-1206647,865.575360366307,60,-,-,-,-,-
1800,72.0,-1205304,1233.110916329777,52,56.0,-,-,-,-
1801,72.04,-1206428,1714.6729645990972,52,-,-,-,-,-
1802,72.08,-1209991,2358.8583110856125,52,-,-,-,-,-
1803,72.12,-1212496,2841.184703139982,52,-,-,-,-,-
1804,72.16,-1215277,2729.987269196108,52,-,-,-,-,-
1805,72.2,-1217780,1662.8555199284292,52,-,-,-,-,-
1806,72.24,-1217999,-124.94610140693453,52,-,-,-,-,-
1807,72.28,-1218396,-1675.3544781722594,52,-,-,-,-,-
1808,72.32,-1218552,-2285.335760028827,52,-,-,-,-,-
1809,72.36,-1217836,-2012.7924782126365,52,-,-,-,-,-
1810,72.4,-1217624,-1437.526844304004,52,-,-,-,-,-
1811,72.44,-1204340,-1549.2817800809025,52,-,-,-,-,-
1812,72.48,-1195578,-1808.9671335095736,52,-,-,-,-,-
1813,72.52,-1194117,-1761.6203288502857,52,-,-,-,-,-
1814,72.56,-1197140,-1215.6919343547142,52,-,-,-,-,-
1815,72.6,-1201580,-325.8235835728824,52,-,-,-,-,-
1816,72.64,-1204083,542.33468559015,52,-,-,-,-,-
1817,72.68,-1205035,1198.4070176224686,52,-,-,-,-,-
1818,72.72,-1204177,1636.6450614708192,52,-,-,-,-,-
1819,72.76,-1206108,2155.315819811314,52,-,-,-,-,-
1820,72.8,-1211610,2799.665754665294,52,-,-,-,-,-
1821,72.84,-1212901,2963.072463682942,52,-,-,-,-,-
1822,72.88,-1214348,2274.2340432874053,52,-,-,-,-,-
1823,72.92,-1216750,739.1004856224422,52,-,-,-,-,-
1824,72.96,-1217648,-983.3029181115974,52,-,-,-,-,-
1825,73.0,-1218496,-1959.981230787139,52,-,-,-,-,-
1826,73.04,-1218736,-1977.3296134510513,52,-,-,-,-,-
1827,73.08,-1219562,-1494.1899114496305,52,-,-,-,-,-
1828,73.12,-1218846,-1201.135345093594,52,-,-,-,-,-
1829,73.16,-1211540,-1446.591246911259,52,-,-,-,-,-
1830,73.2,-1198412,-1921.2539959017522,52,-,-,-,-,-
1831,73.24,-1194811,-1789.4059001223104,52,-,-,-,-,-
1832,73.28,-1195259,-1194.0662514066325,52,-,-,-,-,-
1833,73.32,-1200269,-341.9528373519539,52,-,-,-,-,-
1834,73.36,-1203705,380.9927144332232,52,-,-,-,-,-
1835,73.4,-1205780,945.9586647489987,52,-,-,-,-,-
1836,73.44,-1204897,1362.6667810447589,52,-,-,-,-,-
1837,73.48,-1205308,1870.4973209484915,52,-,-,-,-,-
1838,73.52,-1208923,2555.7330638362737,52,-,-,-,-,-
1839,73.56,-1210885,2996.9655844826702,52,-,-,-,-,-
1840,73.6,-1213258,2737.3511179949255,52,-,-,-,-,-
1841,73.64,-1215385,1487.5433880128876,52,-,-,-,-,-
1842,73.68,-1217333,-283.2435403120944,52,-,-,-,-,-
1843,73.72,-1218010,-1678.7626273832932,52,-,-,-,-,-
1844,73.76,-1219494,-2056.1852498863764,52,-,-,-,-,-
1845,73.8,-1218714,-1726.0031026317336,52,-,-,-,-,-
1846,73.84,-1219032,-1228.4704669082817,52,-,-,-,-,-
1847,73.88,-1214540,-1196.25435321249,52,-,-,-,-,-
1848,73.92,-1200743,-1711.9846545018045,52,-,-,-,-,-
1849,73.96,-1194037,-1905.2025101698237,52,-,-,-,-,-
1850,74.0,-1195018,-1537.6748727888244,52,-,-,-,-,-
1851,74.04,-1198562,-830.8328275544209,52,-,-,-,-,-
1852,74.08,-1202962,-18.72470144838462,52,-,-,-,-,-
1853,74.12,-1206199,705.470015538016,52,-,-,-,-,-
1854,74.16,-1205241,1220.1757502907376,52,-,-,-,-,-
1855,74.2,-1205005,1747.9484186368336,52,-,-,-,-,-
1856,74.24,-1209283,2464.188447617007,52,-,-,-,-,-
1857,74.28,-1211217,2981.4321535954705,52,-,-,-,-,-
1858,74.32,-1211686,2862.9398400922073,52,-,-,-,-,-
1859,74.36,-1214578,1848.6039776843954,52,-,-,-,-,-
1860,74.4,-1215635,71.54053952064487,52,-,-,-,-,-
1861,74.44,-1217777,-1474.810841018596,52,-,-,-,-,-
1862,74.48,-1217775,-2141.0112016088588,52,-,-,-,-,-
1863,74.52,-1218831,-1852.6868965965623,52,-,-,-,-,-
1864,74.56,-1219272,-1286.950925892006,52,-,-,-,-,-
1865,74.6,-1215402,-1112.0731259337745,52,-,-,-,-,-
1866,74.64,-1203586,-1486.0946234312669,52,-,-,-,-,-
1867,74.68,-1195582,-1709.4378944463351,52,-,-,-,-,-
1868,74.72,-1193368,-1484.467021851784,52,-,-,-,-,-
1869,74.76,-1197485,-846.6281968807552,52,-,-,-,-,-
1870,74.8,-1201546,-159.76380013185099,52,-,-,-,-,-
1871,74.84,-1204876,478.13843561880276,52,-,-,-,-,-
1872,74.88,-1205903,1019.2918884843448,52,-,-,-,-,-
1873,74.92,-1205084,1523.716700772783,52,-,-,-,-,-
1874,74.96,-1207932,2215.602641111632,52,-,-,-,-,-
1875,75.0,-1209140,2800.0768836046173,55,55.666666666666664,-,-,-,-
1876,75.04,-1215444,3062.5835740241682,55,-,-,-,-,-
1877,75.08,-1215390,2188.760436542909,55,-,-,-,-,-
1878,75.12,-1216371,524.021618351348,55,-,-,-,-,-
1879,75.16,-1217560,-1176.6855723643887,55,-,-,-,-,-
1880,75.2,-1219164,-2077.092682912912,55,-,-,-,-,-
1881,75.24,-1218862,-2064.07322578742,55,-,-,-,-,-
1882,75.28,-1218109,-1573.3673029292954,55,-,-,-,-,-
1883,75.32,-1212996,-1334.5449408034492,55,-,-,-,-,-
1884,75.36,-1197889,-1740.5099332011032,55,-,-,-,-,-
1885,75.4,-1193003,-1903.4057735941078,55,-,-,-,-,-
1886,75.44,-1194964,-1574.0320272119898,55,-,-,-,-,-
1887,75.48,-1198634,-817.2704038028224,55,-,-,-,-,-
1888,75.52,-1203712,130.61867068665106,55,-,-,-,-,-
1889,75.56,-1205606,841.3026750150711,55,-,-,-,-,-
1890,75.6,-1205967,1331.465450576843,55,-,-,-,-,-
1891,75.64,-1206171,1831.7223427287536,55,-,-,-,-,-
1892,75.68,-1209390,2540.27954240685,55,-,-,-,-,-
1893,75.72,-1211204,3048.5733846495223,55,-,-,-,-,-
1894,75.76,-1214431,2890.237760332975,55,-,-,-,-,-
1895,75.8,-1216612,1656.732095330507,55,-,-,-,-,-
1896,75.84,-1216655,-260.88961053911294,55,-,-,-,-,-
1897,75.88,-1216918,-1806.5778899131137,55,-,-,-,-,-
1898,75.92,-1219164,-2250.7753711988903,55,-,-,-,-,-
1899,75.96,-1218256,-1917.914977878279,55,-,-,-,-,-
1900,76.0,-1218814,-1321.2706218016374,55,-,-,-,-,-
1901,76.04,-1215403,-1132.2136972446197,55,-,-,-,-,-
1902,76.08,-1202542,-1532.4842156169743,55,-,-,-,-,-
1903,76.12,-1195185,-1727.5136804116792,55,-,-,-,-,-
1904,76.16,-1194904,-1407.2135321424303,55,-,-,-,-,-
1905,76.2,-1198325,-683.3053667063687,55,-,-,-,-,-
1906,76.24,-1202707,150.78515516020798,55,-,-,-,-,-
1907,76.28,-1205057,792.8138481292935,55,-,-,-,-,-
1908,76.32,-1203882,1162.3652712453495,55,-,-,-,-,-
1909,76.36,-1204086,1569.4237523843085,55,-,-,-,-,-
1910,76.4,-1206679,2181.36654096202,55,-,-,-,-,-
1911,76.44,-1211552,2845.0281683067524,55,-,-,-,-,-
1912,76.48,-1214318,2934.791520726455,55,-,-,-,-,-
1913,76.52,-1214971,2012.5973001746797,55,-,-,-,-,-
1914,76.56,-1216218,344.53430595172995,55,-,-,-,-,-
1915,76.6,-1215823,-1301.768407290163,55,-,-,-,-,-
1916,76.64,-1217027,-2030.4132220644622,55,-,-,-,-,-
1917,76.68,-1218935,-1814.5404904752274,55,-,-,-,-,-
1918,76.72,-1219390,-1322.1268727241486,55,-,-,-,-,-
1919,76.76,-1215487,-1237.338161347173,55,-,-,-,-,-
1920,76.8,-1203458,-1741.0181613715758,55,-,-,-,-,-
1921,76.84,-1194303,-2080.8508343656777,55,-,-,-,-,-
1922,76.88,-1193790,-1713.5408960553523,55,-,-,-,-,-
1923,76.92,-1196167,-872.943400170132,55,-,-,-,-,-
1924,76.96,-1200649,66.71532063097311,55,-,-,-,-,-
1925,77.0,-1204340,736.332665130094,55,-,-,-,-,-
1926,77.04,-1205491,1101.290733895492,55,-,-,-,-,-
1927,77.08,-1203918,1407.555482030527,55,-,-,-,-,-
1928,77.12,-1205766,2056.8444673198537,55,-,-,-,-,-
1929,77.16,-1209166,2829.8855964072045,55,-,-,-,-,-
1930,77.2,-1212589,3107.632373070879,55,-,-,-,-,-
1931,77.24,-1214996,2330.6938049591045,55,-,-,-,-,-
1932,77.28,-1216647,644.348039932403,55,-,-,-,-,-
1933,77.32,-1217812,-1102.2471737961491,55,-,-,-,-,-
1934,77.36,-1219065,-2042.1665465656017,55,-,-,-,-,-
1935,77.4,-1218850,-2043.1636568950064,55,-,-,-,-,-
1936,77.44,-1219562,-1507.1144626759888,55,-,-,-,-,-
1937,77.48,-1217139,-1180.4166551417165,55,-,-,-,-,-
1938,77.52,-1212127,-1306.2674300507697,55,-,-,-,-,-
1939,77.56,-1197422,-1900.1922446229564,55,-,-,-,-,-
1940,77.6,-1193470,-1917.2601386729693,55,-,-,-,-,-
1941,77.64,-1195809,-1333.062316662018,55,-,-,-,-,-
1942,77.68,-1199333,-467.0757630649771,55,-,-,-,-,-
1943,77.72,-1204357,432.25134009634803,55,-,-,-,-,-
1944,77.76,-1205133,1045.9115903955244,55,-,-,-,-,-
1945,77.8,-1204847,1515.3827711665717,55,-,-,-,-,-
1946,77.84,-1208230,2111.367955634969,55,-,-,-,-,-
1947,77.88,-1210202,2695.19079416148,55,-,-,-,-,-
1948,77.92,-1213197,3089.1738523034583,55,-,-,-,-,-
1949,77.96,-1214612,2720.0856163698045,55,-,-,-,-,-
1950,78.0,-1215680,1377.128122715625,56,55.75,-,-,-,-
1951,78.04,-1217269,-446.88168488133783,56,-,-,-,-,-
1952,78.08,-1217752,-1862.6923485648938,56,-,-,-,-,-
1953,78.12,-1217709,-2276.841333536298,56,-,-,-,-,-
1954,78.16,-1218267,-1897.9465493928765,56,-,-,-,-,-
1955,78.2,-1215420,-1510.1976459316174,56,-,-,-,-,-
1956,78.24,-1203671,-1663.6825243629955,56,-,-,-,-,-
1957,78.28,-1194054,-1873.053096143749,56,-,-,-,-,-
1958,78.32,-1193817,-1602.8551106994491,56,-,-,-,-,-
1959,78.36,-1197391,-939.5415135836793,56,-,-,-,-,-
1960,78.4,-1200860,-160.36452916033613,56,-,-,-,-,-
1961,78.44,-1204883,575.2675187838804,56,-,-,-,-,-
1962,78.48,-1204768,1066.5093571680563,56,-,-,-,-,-
1963,78.52,-1204581,1527.3373850544576,56,-,-,-,-,-
1964,78.56,-1207305,2154.631504416845,56,-,-,-,-,-
1965,78.6,-1210081,2764.3881656783688,56,-,-,-,-,-
1966,78.64,-1212543,2924.753458203696,56,-,-,-,-,-
1967,78.68,-1215273,2180.0020441173565,56,-,-,-,-,-
1968,78.72,-1216978,560.9530218729428,56,-,-,-,-,-
1969,78.76,-1217318,-1153.9506308535874,56,-,-,-,-,-
1970,78.8,-1217719,-2065.4218142234713,56,-,-,-,-,-
1971,78.84,-1218579,-1992.2671835273982,56,-,-,-,-,-
1972,78.88,-1219536,-1462.380843640055,56,-,-,-,-,-
1973,78.92,-1216740,-1195.4364764837155,56,-,-,-,-,-
1974,78.96,-1208285,-1427.241718006926,56,-,-,-,-,-
1975,79.0,-1196339,-1840.334305077491,56,-,-,-,-,-
1976,79.04,-1194200,-1694.4033149721745,56,-,-,-,-,-
1977,79.08,-1196171,-1090.2392055419368,56,-,-,-,-,-
1978,79.12,-1200326,-241.35562064938676,56,-,-,-,-,-
1979,79.16,-1204434,566.4663582941967,56,-,-,-,-,-
1980,79.2,-1205699,1121.6960276468199,56,-,-,-,-,-
1981,79.24,-1204766,1501.0366017351116,56,-,-,-,-,-
1982,79.28,-1206747,2035.2176183670954,56,-,-,-,-,-
1983,79.32,-1210483,2698.317893280634,56,-,-,-,-,-
1984,79.36,-1213423,3042.101443899016,56,-,-,-,-,-
1985,79.4,-1214653,2503.861836311001,56,-,-,-,-,-
1986,79.44,-1216267,1043.037976384992,56,-,-,-,-,-
1987,79.48,-1217024,-750.422513524938,56,-,-,-,-,-
1988,79.52,-1219005,-1906.6683417294585,56,-,-,-,-,-
1989,79.56,-1218915,-2134.056126812795,56,-,-,-,-,-
1990,79.6,-1218664,-1718.242683461323,56,-,-,-,-,-
1991,79.64,-1217242,-1326.8170413058897,56,-,-,-,-,-
1992,79.68,-1212263,-1363.9638507548425,56,-,-,-,-,-
1993,79.72,-1198176,-1836.5118047850501,56,-,-,-,-,-
1994,79.76,-1193311,-1798.3264086654654,56,-,-,-,-,-
1995,79.8,-1194621,-1223.5436507915047,56,-,-,-,-,-
1996,79.84,-1200227,-353.73590683690054,56,-,-,-,-,-
1997,79.88,-1205369,435.59042068799045,56,-,-,-,-,-
1998,79.92,-1206597,976.3204678854509,56,-,-,-,-,-
1999,79.96,-1206493,1428.7332379675163,56,-,-,-,-,-
2000,80.0,-1206793,1935.324222755191,56,-,-,-,-,-
2001,80.04,-1209888,2556.1362004961884,56,-,-,-,-,-
2002,80.08,-1212558,2947.426641962512,56,-,-,-,-,-
2003,80.12,-1214399,2640.9780290784583,56,-,-,-,-,-
2004,80.16,-1216025,1374.6921524567174,56,-,-,-,-,-
2005,80.2,-1217533,-456.2990125645465,56,-,-,-,-,-
2006,80.24,-1217632,-1948.279108782005,56,-,-,-,-,-
2007,80.28,-1219027,-2330.6995267296547,56,-,-,-,-,-
2008,80.32,-1218749,-1865.143301469147,56,-,-,-,-,-
2009,80.36,-1217885,-1242.5694678102036,56,-,-,-,-,-
2010,80.4,-1214191,-1072.0840541475818,56,-,-,-,-,-
2011,80.44,-1199125,-1582.475454475316,56,-,-,-,-,-
2012,80.48,-1194597,-1684.0635137848021,56,-,-,-,-,-
2013,80.52,-1194725,-1314.5720450724193,56,-,-,-,-,-
2014,80.56,-1199439,-544.5073883605562,56,-,basal,-,-,-
2015,80.6,-1204441,268.93665743674956,56,-,basal,-,-,-
2016,80.64,-1206582,879.3566952945039,56,-,basal,-,-,-
2017,80.68,-1206427,1313.0483174877363,56,-,basal,-,-,-
2018,80.72,-1205101,1720.1268365222845,56,-,basal,-,-,-
2019,80.76,-1208889,2369.9441050457353,56,-,basal,-,-,-
2020,80.8,-1211257,2856.026766906115,56,-,basal,-,-,-
2021,80.84,-1213127,2717.9598283203204,56,-,basal,-,-,-
2022,80.88,-1215458,1624.6402174091818,56,-,basal,-,-,-
2023,80.92,-1216363,-167.02423659337865,56,-,basal,-,-,-
2024,80.96,-1216422,-1717.8366979066225,56,-,basal,-,-,-
2025,81.0,-1217621,-2232.5676311064317,56,54.75,basal,-,-,Maximo
2026,81.04,-1218508,-1828.4441353368331,56,-,basal,-,-,Maximo
2027,81.08,-1218029,-1205.5250805235596,56,-,basal,-,-,Maximo
2028,81.12,-1214024,-1014.4771284019889,56,-,basal,-,-,Maximo
2029,81.16,-1201939,-1447.600659923295,56,-,basal,-,-,Maximo
2030,81.2,-1195204,-1706.3828642048647,56,-,basal,-,-,Maximo
2031,81.24,-1193843,-1469.3044959709696,56,-,basal,-,-,Maximo
2032,81.28,-1196398,-792.2224074881292,56,-,basal,-,-,Maximo
2033,81.32,-1200775,28.453630152001097,56,-,basal,-,-,Maximo
2034,81.36,-1205314,741.117364707955,56,-,basal,-,-,Maximo
2035,81.4,-1206287,1200.5018513524537,56,-,induccion,-,-,Maximo
2036,81.44,-1216495,1944.3934345241578,56,-,induccion,-,-,Maximo
2037,81.48,-1216390,2450.9560508732684,56,-,induccion,-,-,Maximo
2038,81.52,-1201003,2406.579837397795,56,-,induccion,-,-,Maximo
2039,81.56,-1195746,2181.3682028194116,56,-,induccion,-,-,Maximo
2040,81.6,-1194949,1234.512307275295,56,-,induccion,-,-,Maximo
2041,81.64,-1199931,-179.10882291936366,56,-,induccion,-,-,Maximo
2042,81.68,-1205539,-1485.4010550437297,56,-,induccion,-,-,Maximo
2043,81.72,-1206418,-2215.0290921236665,56,-,induccion,-,-,Maximo
2044,81.76,-1205358,-2189.579350843921,56,-,induccion,-,-,Maximo
2045,81.8,-1206741,-1519.793163417987,56,-,induccion,-,-,Maximo
2046,81.84,-1207114,-481.44784895076236,56,-,induccion,-,-,Maximo
2047,81.88,-1210776,898.5605602890814,56,-,induccion,-,-,Maximo
2048,81.92,-1212997,1886.3810857211697,56,-,induccion,-,-,Maximo
2049,81.96,-1215402,1764.4857385240905,56,-,induccion,-,-,Maximo
2050,82.0,-1216330,450.6523753169996,56,-,induccion,-,-,Maximo
2051,82.04,-1218316,-989.5537256042229,56,-,induccion,-,-,Maximo
2052,82.08,-1217655,-1636.3777969748112,56,-,induccion,-,-,Maximo
2053,82.12,-1218406,-1249.8328834609638,56,-,induccion,-,-,Maximo
2054,82.16,-1216362,-662.0640277606335,56,-,induccion,-,-,Maximo
2055,82.2,-1207840,-637.6421116377023,56,-,induccion,-,-,Maximo
2056,82.24,-1196560,-1098.9969052591314,56,-,induccion,-,-,Maximo
2057,82.28,-1194380,-1281.9005754739792,56,-,mantenimiento,-,-,Maximo
2058,82.32,-1196346,-1022.90946052851,56,-,mantenimiento,-,-,Maximo
2059,82.36,-1200387,-374.6034190319597,56,-,mantenimiento,-,-,Maximo
2060,82.4,-1205590,434.8179370826747,56,-,mantenimiento,-,-,Maximo
2061,82.44,-1205649,1018.5291268872279,56,-,mantenimiento,-,-,Maximo
2062,82.48,-1204869,1488.1900051812472,56,-,mantenimiento,-,-,Maximo
2063,82.52,-1205966,2016.9355552847092,56,-,mantenimiento,-,-,Maximo
2064,82.56,-1210333,2640.5944892778416,56,-,mantenimiento,-,-,Maximo
2065,82.6,-1211578,2857.5005937761453,56,-,mantenimiento,-,-,Maximo
2066,82.64,-1214790,2374.3514600235594,56,-,mantenimiento,-,-,Maximo
2067,82.68,-1216353,965.4313825846466,56,-,mantenimiento,-,-,Maximo
2068,82.72,-1217124,-766.720412777503,56,-,mantenimiento,-,-,Maximo
2069,82.76,-1218155,-1916.9974263158158,56,-,mantenimiento,-,-,Maximo
2070,82.8,-1216758,-2155.237179748236,56,-,mantenimiento,-,-,Maximo
2071,82.84,-1217746,-1652.1528729274642,56,-,mantenimiento,-,-,Maximo
2072,82.88,-1215827,-1232.759199068515,56,-,mantenimiento,-,-,Maximo
2073,82.92,-1206380,-1409.6121597360543,56,-,mantenimiento,-,-,Maximo
2074,82.96,-1194665,-1849.6321919775382,56,-,despertar,-,-,Maximo
2075,83.0,-1193631,-1752.9200411780294,56,-,despertar,-,-,Maximo
2076,83.04,-1197902,-1124.4920347486996,56,-,despertar,-,-,Maximo
2077,83.08,-1200970,-309.2598443710244,56,-,despertar,-,-,Maximo
2078,83.12,-1206591,583.4718216595193,56,-,despertar,-,-,Maximo
2079,83.16,-1204982,1103.0570191513689,56,-,despertar,-,-,Maximo
2080,83.2,-1204732,1539.475643478425,56,-,despertar,-,-,Maximo
2081,83.24,-1208335,2087.3501153751304,56,-,despertar,-,-,Maximo
2082,83.28,-1210272,2586.658620080045,56,-,despertar,-,-,Maximo
2083,83.32,-1213235,2817.103734899957,56,-,despertar,-,-,Maximo
2084,83.36,-1215780,2234.7272220095983,56,-,despertar,-,-,Maximo
2085,83.4,-1217189,725.946836240731,56,-,despertar,-,-,Maximo
2086,83.44,-1217718,-1018.6655191155696,56,-,despertar,-,-,Maximo
2087,83.48,-1219410,-2004.2038002958725,56,-,despertar,-,-,Maximo
2088,83.52,-1218861,-2027.7052335005683,56,-,despertar,-,-,Maximo
2089,83.56,-1217802,-1521.3068670960483,56,-,despertar,-,-,Maximo
2090,83.6,-1214719,-1213.5369516869687,56,-,despertar,-,-,Maximo
2091,83.64,-1200947,-1611.0548859733226,56,-,despertar,-,-,Maximo
2092,83.68,-1195280,-1828.5600906133623,56,-,despertar,-,-,Maximo
2093,83.72,-1194456,-1615.3835170266811,56,-,despertar,-,-,Maximo
2094,83.76,-1199710,-869.6055514619416,56,-,despertar,-,-,Maximo
2095,83.8,-1202620,-51.534251999888056,56,-,despertar,-,-,Maximo
2096,83.84,-1206589,741.1188115745035,56,-,despertar,-,-,Maximo
2097,83.88,-1204737,1224.947498998581,56,-,recuperacion,-,-,Maximo
2098,83.92,-1205544,1755.087562007856,56,-,recuperacion,-,-,Maximo
2099,83.96,-1207617,2360.727391319433,56,-,recuperacion,-,-,Maximo
2100,84.0,-1211962,2915.1964095183594,65,58.0,recuperacion,-,-,Maximo
2101,84.04,-1215575,2884.841615941982,65,-,recuperacion,-,-,Maximo
2102,84.08,-1216869,1859.6324164994403,65,-,recuperacion,-,-,Maximo
2103,84.12,-1218100,152.5434524242014,65,-,recuperacion,-,-,Maximo
2104,84.16,-1219462,-1389.9762135249275,65,-,recuperacion,-,-,Maximo
2105,84.2,-1218587,-2107.2050072059424,65,-,recuperacion,-,-,Maximo
2106,84.24,-1218017,-1911.7417899706888,65,-,recuperacion,-,-,Maximo
2107,84.28,-1213486,-1537.4296161117763,65,-,recuperacion,-,-,Maximo
2108,84.32,-1202023,-1637.1517740848103,65,-,recuperacion,-,-,Maximo
2109,84.36,-1194507,-1915.7681750949014,65,-,recuperacion,-,-,Maximo
2110,84.4,-1194316,-1897.6577125964413,65,-,recuperacion,-,-,Maximo
2111,84.44,-1200090,-1293.7696751860353,65,-,recuperacion,-,-,Maximo
2112,84.48,-1204363,-372.08409138963725,65,-,recuperacion,-,-,Maximo
2113,84.52,-1206188,542.4610486591737,65,-,recuperacion,-,-,Maximo
2114,84.56,-1205275,1213.9480748702972,65,-,recuperacion,-,-,Maximo
2115,84.6,-1206625,1819.9466492051106,65,-,recuperacion,-,-,Maximo
2116,84.64,-1209139,2426.292595474464,65,-,recuperacion,-,-,Maximo
2117,84.68,-1212018,2898.475850804961,65,-,recuperacion,-,-,Maximo
2118,84.72,-1212721,2752.6063028687286,65,-,recuperacion,-,-,Maximo
2119,84.76,-1214940,1756.2054830882366,65,-,recuperacion,-,-,Maximo
2120,84.8,-1216390,65.35989023367074,65,-,recuperacion,-,-,Maximo
2121,84.84,-1216346,-1497.8099890636167,65,-,recuperacion,-,-,Maximo
2122,84.88,-1218503,-2054.673051135247,65,-,recuperacion,-,-,Maximo
2123,84.92,-1218522,-1756.609610401628,65,-,recuperacion,-,-,Maximo
2124,84.96,-1216712,-1247.6398598410306,65,-,recuperacion,-,-,Maximo
2125,85.0,-1208034,-1245.9747251329281,65,-,recuperacion,-,-,Maximo
2126,85.04,-1196622,-1610.4024261099294,65,-,recuperacion,-,-,Maximo
2127,85.08,-1193258,-1638.4509528782073,65,-,recuperacion,-,-,Maximo
2128,85.12,-1197495,-1128.4962174132238,65,-,recuperacion,-,-,Maximo
2129,85.16,-1201041,-438.26367677277904,65,-,recuperacion,-,-,Maximo
2130,85.2,-1205287,275.41301321286755,65,-,recuperacion,-,-,Maximo
2131,85.24,-1206718,805.575567272258,65,-,recuperacion,-,-,Maximo
2132,85.28,-1205063,1205.8989764448743,65,-,recuperacion,-,-,Maximo
2133,85.32,-1207005,1815.3510315032854,65,-,recuperacion,-,-,Maximo
