muestra,tiempo,ppg,ppg filtrado,spi,spi_promedio,estado,tipo evento,evento,alarma
1,0.04,-1231373,-1138.515442182651,nan,-,-,-,-,-
2,0.08,-1216152,-1689.2613342718541,nan,-,-,-,-,-
3,0.12,-1211441,-1690.0805221470146,nan,-,-,-,-,-
4,0.16,-1214039,-1156.6283472410269,nan,-,-,-,-,-
5,0.2,-1218666,-387.49612430020693,nan,-,-,-,-,-
6,0.24,-1223736,397.4352428402681,nan,-,-,-,-,-
7,0.28,-1224940,961.8818516617894,nan,-,-,-,-,-
8,0.32,-1223820,1367.1546084565716,nan,-,-,-,-,-
9,0.36,-1224605,1851.352564678462,nan,-,-,-,-,-
10,0.4,-1228002,2484.82443562322,nan,-,-,-,-,-
11,0.44,-1229973,2909.600084090096,nan,-,-,-,-,-
12,0.48,-1232574,2681.29807422225,nan,-,-,-,-,-
13,0.52,-1233373,1397.1941587880506,nan,-,-,-,-,-
14,0.56,-1234567,-453.07653848672817,nan,-,-,-,-,-
15,0.6,-1236746,-1854.1555077381095,nan,-,-,-,-,-
16,0.64,-1236553,-2235.9890272429957,nan,-,-,-,-,-
17,0.68,-1236990,-1725.55148807786,nan,-,-,-,-,-
18,0.72,-1237448,-1100.9748025222866,nan,-,-,-,-,-
19,0.76,-1231384,-1083.5164031276754,nan,-,-,-,-,-
20,0.8,-1216360,-1651.9430872161847,nan,-,-,-,-,-
21,0.84,-1213214,-1722.125202641264,nan,-,-,-,-,-
22,0.88,-1212896,-1354.3546553420656,nan,-,-,-,-,-
23,0.92,-1217154,-603.0545475022647,nan,-,-,-,-,-
24,0.96,-1222299,182.08212699536762,nan,-,-,-,-,-
25,1.0,-1224701,770.7321189461245,nan,-,-,-,-,-
26,1.04,-1223105,1172.036271211924,nan,-,-,-,-,-
27,1.08,-1224466,1728.8457383086852,nan,-,-,-,-,-
28,1.12,-1227525,2434.0650364641697,nan,-,-,-,-,-
29,1.16,-1230028,2970.0939052173508,nan,-,-,-,-,-
30,1.2,-1232959,2841.4329159324134,nan,-,-,-,-,-
31,1.24,-1233906,1630.0639436616834,nan,-,-,-,-,-
32,1.28,-1236196,-163.22719024531352,nan,-,-,-,-,-
33,1.32,-1236239,-1702.4184565966507,nan,-,-,-,-,-
34,1.36,-1238177,-2179.035646153038,nan,-,-,-,-,-
35,1.4,-1238636,-1828.31382502286,nan,-,-,-,-,-
36,1.44,-1237196,-1319.90476990548,nan,-,-,-,-,-
37,1.48,-1232877,-1207.2672418781185,nan,-,-,-,-,-
38,1.52,-1218810,-1701.734295353519,nan,-,-,-,-,-
39,1.56,-1213178,-1851.0514068311968,nan,-,-,-,-,-
40,1.6,-1212318,-1509.6290637306975,nan,-,-,-,-,-
41,1.64,-1217303,-708.2348736207863,nan,-,-,-,-,-
42,1.68,-1221889,122.23619369131848,nan,-,-,-,-,-
43,1.72,-1224839,789.7530174153399,nan,-,-,-,-,-
44,1.76,-1223880,1243.8940534231378,nan,-,-,-,-,-
45,1.8,-1224407,1788.0210089443854,nan,-,-,-,-,-
46,1.84,-1226398,2473.448682146144,nan,-,-,-,-,-
47,1.88,-1229901,3064.500567069693,nan,-,-,-,-,-
48,1.92,-1232777,2983.740168492528,nan,-,-,-,-,-
49,1.96,-1233853,1842.5587235197418,nan,-,-,-,-,-
50,2.0,-1234794,10.757656403021883,nan,-,-,-,-,-
51,2.04,-1237187,-1557.3999955218587,nan,-,-,-,-,-
52,2.08,-1237512,-2225.109818920808,nan,-,-,-,-,-
53,2.12,-1237430,-1952.9344365983668,nan,-,-,-,-,-
54,2.16,-1237831,-1343.381362260915,nan,-,-,-,-,-
55,2.2,-1234569,-1125.4876428350653,nan,-,-,-,-,-
56,2.24,-1222318,-1550.378440858478,nan,-,-,-,-,-
57,2.28,-1213901,-1857.320878845203,nan,-,-,-,-,-
58,2.32,-1212789,-1606.0190570624582,nan,-,-,-,-,-
59,2.36,-1215024,-925.567471129461,nan,-,-,-,-,-
60,2.4,-1220617,-52.20350896514583,nan,-,-,-,-,-
61,2.44,-1224163,654.0295766324316,nan,-,-,-,-,-
62,2.48,-1224002,1139.903371154338,nan,-,-,-,-,-
63,2.52,-1223128,1610.0657146224721,nan,-,-,-,-,-
64,2.56,-1227438,2320.321471804202,nan,-,-,-,-,-
65,2.6,-1230139,2916.642014254754,nan,-,-,-,-,-
66,2.64,-1232319,3015.672332727736,nan,-,-,-,-,-
67,2.68,-1234519,2200.835381252283,nan,-,-,-,-,-
68,2.72,-1234828,504.6333227728651,nan,-,-,-,-,-
69,2.76,-1236695,-1195.0602230521542,nan,-,-,-,-,-
70,2.8,-1237475,-2141.564885358801,nan,-,-,-,-,-
71,2.84,-1237361,-2122.891042650015,nan,-,-,-,-,-
72,2.88,-1237445,-1599.3263313930502,nan,-,-,-,-,-
73,2.92,-1234975,-1294.1955673627672,nan,-,-,-,-,-
74,2.96,-1221187,-1679.6082998238562,nan,-,-,-,-,-
75,3.0,-1213247,-1905.9250739829786,54,54.0,-,-,-,-
76,3.04,-1213737,-1559.2539881352568,54,-,-,-,-,-
77,3.08,-1219669,-736.0719435814331,54,-,-,-,-,-
78,3.12,-1222981,63.601486934394416,54,-,-,-,-,-
79,3.16,-1226294,736.668070104387,54,-,-,-,-,-
80,3.2,-1223886,1101.7668859574933,54,-,-,-,-,-
81,3.24,-1225214,1590.823480264551,54,-,-,-,-,-
82,3.28,-1227030,2196.303831602989,54,-,-,-,-,-
83,3.32,-1230710,2818.761300396126,54,-,-,-,-,-
84,3.36,-1232965,2878.133526419353,54,-,-,-,-,-
85,3.4,-1234205,1924.7666708526313,54,-,-,-,-,-
86,3.44,-1235086,165.00984024677246,54,-,-,-,-,-
87,3.48,-1236787,-1438.2157696677707,54,-,-,-,-,-
88,3.52,-1236106,-2125.8995140652114,54,-,-,-,-,-
89,3.56,-1237421,-1756.3294501082569,54,-,-,-,-,-
90,3.6,-1236618,-1173.8994745840491,54,-,-,-,-,-
91,3.64,-1232820,-1031.6425259494017,54,-,-,-,-,-
92,3.68,-1219349,-1560.5956438622961,54,-,-,-,-,-
93,3.72,-1213661,-1790.6002064975291,54,-,-,-,-,-
94,3.76,-1213617,-1473.771142862006,54,-,-,-,-,-
95,3.8,-1218027,-697.0316200190757,54,-,-,-,-,-
96,3.84,-1222427,132.33608061797804,54,-,-,-,-,-
97,3.88,-1226252,805.9294542171701,54,-,-,-,-,-
98,3.92,-1223870,1148.6976989009318,54,-,-,-,-,-
99,3.96,-1224077,1578.034353480935,54,-,-,-,-,-
100,4.0,-1227344,2201.086476804344,54,-,-,-,-,-
101,4.04,-1230116,2734.5548967479936,54,-,-,-,-,-
102,4.08,-1231949,2685.5521867259195,54,-,-,-,-,-
103,4.12,-1233638,1687.2605294814216,54,-,-,-,-,-
104,4.16,-1234769,-18.120386413345386,54,-,-,-,-,-
105,4.2,-1235721,-1543.1131096337617,54,-,-,-,-,-
106,4.24,-1238351,-2076.781816067035,54,-,-,-,-,-
107,4.28,-1238101,-1773.907735063885,54,-,-,-,-,-
108,4.32,-1238455,-1157.658800551219,54,-,-,-,-,-
109,4.36,-1235749,-948.78246054174,54,-,-,-,-,-
110,4.4,-1222599,-1447.352557480277,54,-,-,-,-,-
111,4.44,-1213233,-1810.7984158327145,54,-,-,-,-,-
112,4.48,-1213651,-1521.027274617234,54,-,-,-,-,-
113,4.52,-1216921,-842.4101633236428,54,-,-,-,-,-
114,4.56,-1222005,-59.782755963667114,54,-,-,-,-,-
115,4.6,-1224639,532.2993326145534,54,-,-,-,-,-
116,4.64,-1224748,970.7662270999372,54,-,-,-,-,-
117,4.68,-1224536,1471.3116357766576,54,-,-,-,-,-
118,4.72,-1226469,2187.46618332628,54,-,-,-,-,-
119,4.76,-1228393,2865.398433107346,54,-,-,-,-,-
120,4.8,-1232085,3065.2032677540246,54,-,-,-,-,-
121,4.84,-1233620,2190.750146704838,54,-,-,-,-,-
122,4.88,-1235342,465.4749332766946,54,-,-,-,-,-
123,4.92,-1236153,-1271.960470192953,54,-,-,-,-,-
124,4.96,-1237572,-2094.088347966179,54,-,-,-,-,-
125,5.0,-1236604,-1974.726028328729,54,-,-,-,-,-
126,5.04,-1238597,-1328.860852587405,54,-,-,-,-,-
127,5.08,-1236691,-1009.7991562113884,54,-,-,-,-,-
128,5.12,-1226897,-1313.56970279063,54,-,-,-,-,-
129,5.16,-1215239,-1776.2093530706352,54,-,-,-,-,-
130,5.2,-1213301,-1691.086006333766,54,-,-,-,-,-
131,5.24,-1215617,-1133.1730830156512,54,-,-,-,-,-
132,5.28,-1219757,-326.60941785902423,54,-,-,-,-,-
133,5.32,-1224422,473.1259777256055,54,-,-,-,-,-
134,5.36,-1225611,1026.5819996901382,54,-,-,-,-,-
135,5.4,-1223449,1389.7011771484158,54,-,-,-,-,-
136,5.44,-1226375,1973.8688238095965,54,-,-,-,-,-
137,5.48,-1228454,2596.5919872645036,54,-,-,-,-,-
138,5.52,-1230857,2947.5533610156936,54,-,-,-,-,-
139,5.56,-1232889,2458.1330110140225,54,-,-,-,-,-
140,5.6,-1233524,964.3208478248707,54,-,-,-,-,-
141,5.64,-1234952,-813.3381693206411,54,-,-,-,-,-
142,5.68,-1236901,-1939.2090022312061,54,-,-,-,-,-
143,5.72,-1236987,-2084.0437325847392,54,-,-,-,-,-
144,5.76,-1236935,-1569.3503949165029,54,-,-,-,-,-
145,5.8,-1235577,-1107.2860957578746,54,-,-,-,-,-
146,5.84,-1231032,-1111.6043583903638,54,-,-,-,-,-
147,5.88,-1216400,-1637.2348994253807,54,-,-,-,-,-
148,5.92,-1214049,-1602.097878183402,54,-,-,-,-,-
149,5.96,-1215265,-1142.4196836531164,54,-,-,-,-,-
150,6.0,-1219317,-427.0784957761957,54,54.0,-,-,-,-
151,6.04,-1225309,320.1252505977436,54,-,-,-,-,-
152,6.08,-1225381,789.333028831602,54,-,-,-,-,-
153,6.12,-1225978,1255.2669028597556,54,-,-,-,-,-
154,6.16,-1228919,1851.8806711079806,54,-,-,-,-,-
155,6.2,-1230557,2428.8029677396307,54,-,-,-,-,-
156,6.24,-1233176,2802.9527087550623,54,-,-,-,-,-
157,6.28,-1234566,2460.8658477270237,54,-,-,-,-,-
158,6.32,-1236120,1216.2756414348182,54,-,-,-,-,-
159,6.36,-1237062,-525.0228880669063,54,-,-,-,-,-
160,6.4,-1237267,-1874.6123001029746,54,-,-,-,-,-
161,6.44,-1236337,-2276.7459171406103,54,-,-,-,-,-
162,6.48,-1237915,-1824.5137982136616,54,-,-,-,-,-
163,6.52,-1232701,-1446.6953632430523,54,-,-,-,-,-
164,6.56,-1219232,-1579.0214142162458,54,-,-,-,-,-
165,6.6,-1213698,-1607.0673642015554,54,-,-,-,-,-
166,6.64,-1214438,-1306.651285846895,54,-,-,-,-,-
167,6.68,-1217667,-694.1747389501953,54,-,-,-,-,-
168,6.72,-1222952,105.10064442551811,54,-,-,-,-,-
169,6.76,-1225846,788.2052638553587,54,-,-,-,-,-
170,6.8,-1224515,1227.2498931891087,54,-,-,-,-,-
171,6.84,-1225166,1682.4555746132328,54,-,-,-,-,-
172,6.88,-1228422,2265.320190321244,54,-,-,-,-,-
173,6.92,-1231003,2749.4711089973407,54,-,-,-,-,-
174,6.96,-1233484,2697.0869246645216,54,-,-,-,-,-
175,7.0,-1235014,1674.522213107934,54,-,-,-,-,-
176,7.04,-1235269,-74.9258974883976,54,-,-,-,-,-
177,7.08,-1237103,-1574.1620793121856,54,-,-,-,-,-
178,7.12,-1238211,-2161.484615700105,54,-,-,-,-,-
179,7.16,-1239327,-1843.55326887758,54,-,-,-,-,-
180,7.2,-1237314,-1337.8781791838242,54,-,-,-,-,-
181,7.24,-1232514,-1189.5867099586803,54,-,-,-,-,-
182,7.28,-1219703,-1610.0672003236105,54,-,-,-,-,-
183,7.32,-1213164,-1786.7324315960614,54,-,-,-,-,-
184,7.36,-1213008,-1429.1386191371403,54,-,-,-,-,-
185,7.4,-1217515,-646.5008482965688,54,-,-,-,-,-
186,7.44,-1221634,145.82494480108107,54,-,-,-,-,-
187,7.48,-1223963,743.0128194047411,54,-,-,-,-,-
188,7.52,-1225200,1227.354587032769,54,-,-,-,-,-
189,7.56,-1225578,1770.4549975968566,54,-,-,-,-,-
190,7.6,-1227403,2475.7766933554194,54,-,-,-,-,-
191,7.64,-1229733,3029.297299427365,54,-,-,-,-,-
192,7.68,-1233251,2942.1160186061097,54,-,-,-,-,-
193,7.72,-1235210,1817.821322791001,54,-,-,-,-,-
194,7.76,-1235369,-10.670177679464814,54,-,-,-,-,-
195,7.8,-1236585,-1580.9045765396766,54,-,-,-,-,-
196,7.84,-1237548,-2240.2100105164104,54,-,-,-,-,-
197,7.88,-1237962,-2022.119697864905,54,-,-,-,-,-
198,7.92,-1237870,-1486.1334319688813,54,-,-,-,-,-
199,7.96,-1234172,-1242.5893153959041,54,-,-,-,-,-
200,8.0,-1221649,-1556.3408048573456,54,-,-,-,-,-
201,8.04,-1213471,-1768.4708866733672,54,-,-,-,-,-
202,8.08,-1212436,-1519.6737325092,54,-,-,-,-,-
203,8.12,-1216971,-796.3836844881712,54,-,-,-,-,-
204,8.16,-1221017,40.2146620502449,54,-,-,-,-,-
205,8.2,-1224390,761.2656545442787,54,-,-,-,-,-
206,8.24,-1223897,1201.9870852506474,54,-,-,-,-,-
207,8.28,-1223614,1630.003259062767,54,-,-,-,-,-
208,8.32,-1228052,2324.9003367226815,54,-,-,-,-,-
209,8.36,-1231455,2955.480626709732,54,-,-,-,-,-
210,8.4,-1233106,3008.328221509939,54,-,-,-,-,-
211,8.44,-1233340,2040.991628005986,54,-,-,-,-,-
212,8.48,-1235645,333.2408707419818,54,-,-,-,-,-
213,8.52,-1236449,-1374.9299475897071,54,-,-,-,-,-
214,8.56,-1237483,-2189.551714851873,54,-,-,-,-,-
215,8.6,-1237625,-2048.501203056825,54,-,-,-,-,-
216,8.64,-1238424,-1495.9212732986007,54,-,-,-,-,-
217,8.68,-1234986,-1297.2008863001447,54,-,-,-,-,-
218,8.72,-1221456,-1717.7737182960864,54,-,-,-,-,-
219,8.76,-1214752,-1855.0672486212297,54,-,-,-,-,-
220,8.8,-1214604,-1440.877075017388,54,-,-,-,-,-
221,8.84,-1216823,-711.0767022972632,54,-,-,-,-,-
222,8.88,-1221961,84.11683978073688,54,-,-,-,-,-
223,8.92,-1224751,656.0216125944535,54,-,-,-,-,-
224,8.96,-1223526,1026.7297700107902,54,-,-,-,-,-
226,9.04,-1226517,2185.7886212808335,nan,-,-,-,-,-
227,9.08,-1230431,2853.998271735167,nan,-,-,-,-,-
228,9.12,-1230706,2884.9638193476394,nan,-,-,-,-,-
229,9.16,-1233339,2039.513945329105,nan,-,-,-,-,-
230,9.2,-1236358,436.71141171596264,nan,-,-,-,-,-
231,9.24,-1236612,-1192.783195234287,nan,-,-,-,-,-
232,9.28,-1237945,-1951.396600376992,nan,-,-,-,-,-
233,9.32,-1238010,-1844.4888991916434,nan,-,-,-,-,-
234,9.36,-1238475,-1358.3089620308983,nan,-,-,-,-,-
235,9.4,-1234955,-1180.730132677415,nan,-,-,-,-,-
236,9.44,-1222428,-1571.4872304766977,nan,-,-,-,-,-
237,9.48,-1214213,-1827.4898970895356,nan,-,-,-,-,-
238,9.52,-1212958,-1614.8946544377632,nan,-,-,-,-,-
239,9.56,-1216365,-1006.7524053094021,nan,-,-,-,-,-
240,9.6,-1220385,-265.43607299817586,nan,-,-,-,-,-
241,9.64,-1223920,469.17757782818353,nan,-,-,-,-,-
242,9.68,-1223982,1053.541561553072,nan,-,-,-,-,-
243,9.72,-1224108,1619.017111608062,nan,-,-,-,-,-
244,9.76,-1226050,2278.7185487539764,nan,-,-,-,-,-
245,9.8,-1230329,2946.9543697838944,nan,-,-,-,-,-
246,9.84,-1231749,3035.1522918812534,nan,-,-,-,-,-
247,9.88,-1234330,2223.0025736293555,nan,-,-,-,-,-
248,9.92,-1235612,547.7457206494073,nan,-,-,-,-,-
249,9.96,-1237267,-1137.729412236901,nan,-,-,-,-,-
250,10.0,-1237212,-2072.7660358807266,nan,-,-,-,-,-
251,10.04,-1237513,-2035.1355503011284,nan,-,-,-,-,-
252,10.08,-1237663,-1546.9702068822494,nan,-,-,-,-,-
253,10.12,-1236309,-1240.28774895687,nan,-,-,-,-,-
254,10.16,-1225908,-1528.9316570394021,nan,-,-,-,-,-
255,10.2,-1215214,-1875.3224887598808,nan,-,-,-,-,-
256,10.24,-1212643,-1700.2866918937707,nan,-,-,-,-,-
257,10.28,-1214640,-1068.6301007927814,nan,-,-,-,-,-
258,10.32,-1219856,-199.5240596742574,nan,-,-,-,-,-
259,10.36,-1223557,572.9371388108011,nan,-,-,-,-,-
260,10.4,-1224858,1149.1304880754442,nan,-,-,-,-,-
261,10.44,-1223730,1570.5437064691532,nan,-,-,-,-,-
262,10.48,-1225253,2103.183645917781,nan,-,-,-,-,-
263,10.52,-1228155,2697.882684195445,nan,-,-,-,-,-
264,10.56,-1231395,2996.322797787474,nan,-,-,-,-,-
265,10.6,-1234594,2483.7945299857147,nan,-,-,-,-,-
266,10.64,-1236784,1016.9148915287578,nan,-,-,-,-,-
267,10.68,-1236409,-827.8783937259968,nan,-,-,-,-,-
268,10.72,-1237121,-2015.3334279044707,nan,-,-,-,-,-
269,10.76,-1237524,-2180.544383630595,nan,-,-,-,-,-
270,10.8,-1237872,-1676.2840461041483,nan,-,-,-,-,-
271,10.84,-1234871,-1280.4370034356389,nan,-,-,-,-,-
272,10.88,-1224976,-1472.1134105150322,nan,-,-,-,-,-
273,10.92,-1216454,-1832.581404844279,nan,-,-,-,-,-
274,10.96,-1214169,-1813.2924310421913,nan,-,-,-,-,-
275,11.0,-1217178,-1222.708485036509,nan,-,-,-,-,-
276,11.04,-1220925,-315.2455378675281,nan,-,-,-,-,-
277,11.08,-1224059,576.542721201763,nan,-,-,-,-,-
278,11.12,-1225705,1216.6995279132043,nan,-,-,-,-,-
279,11.16,-1224880,1609.5742069253074,nan,-,-,-,-,-
280,11.2,-1225334,2056.3520196302516,nan,-,-,-,-,-
281,11.24,-1227780,2587.1928516190383,nan,-,-,-,-,-
282,11.28,-1231460,2815.499098756819,nan,-,-,-,-,-
283,11.32,-1233182,2180.501834494,nan,-,-,-,-,-
284,11.36,-1235000,755.0354965960919,nan,-,-,-,-,-
285,11.4,-1236148,-834.5296458449959,nan,-,-,-,-,-
286,11.44,-1237107,-1789.634624739173,nan,-,-,-,-,-
287,11.48,-1237462,-1863.661413741916,nan,-,-,-,-,-
288,11.52,-1236841,-1435.7462077576129,nan,-,-,-,-,-
289,11.56,-1237287,-1003.1032528939609,nan,-,-,-,-,-
290,11.6,-1231028,-1107.767499792153,nan,-,-,-,-,-
291,11.64,-1217441,-1646.8760231481301,nan,-,-,-,-,-
292,11.68,-1213733,-1734.2646013885624,nan,-,-,-,-,-
293,11.72,-1214671,-1329.3984900582736,nan,-,-,-,-,-
294,11.76,-1219225,-541.7706645727206,nan,-,-,-,-,-
295,11.8,-1223415,274.42205623621066,nan,-,-,-,-,-
296,11.84,-1226346,932.471115281608,nan,-,-,-,-,-
297,11.88,-1225555,1354.7092528175735,nan,-,-,-,-,-
298,11.92,-1225668,1798.9228226154828,nan,-,-,-,-,-
299,11.96,-1227734,2359.0112614390464,nan,-,-,-,-,-
300,12.0,-1231438,2818.49109301703,57,55.0,-,-,-,-
301,12.04,-1235359,2647.6657744176728,57,-,-,-,-,-
302,12.08,-1235993,1424.719137226084,57,-,-,-,-,-
303,12.12,-1237126,-338.25638766082375,57,-,-,-,-,-
304,12.16,-1238601,-1735.5366074125486,57,-,-,-,-,-
305,12.2,-1237952,-2216.6912891285956,57,-,-,-,-,-
306,12.24,-1238710,-1810.7866930518935,57,-,-,-,-,-
307,12.28,-1233895,-1375.5872971872786,57,-,-,-,-,-
308,12.32,-1219771,-1535.7518408317992,57,-,-,-,-,-
309,12.36,-1213474,-1756.9644028354196,57,-,-,-,-,-
310,12.4,-1213097,-1741.2799969841817,57,-,-,-,-,-
311,12.44,-1217072,-1214.4672238364178,57,-,-,-,-,-
312,12.48,-1221833,-312.53998243085607,57,-,-,-,-,-
313,12.52,-1226009,627.3907961695768,57,-,-,-,-,-
314,12.56,-1224907,1233.490883184445,57,-,-,-,-,-
315,12.6,-1225401,1779.3035141104156,57,-,-,-,-,-
316,12.64,-1227094,2402.8197140729335,57,-,-,-,-,-
317,12.68,-1231191,3024.752943154197,57,-,-,-,-,-
318,12.72,-1232988,2998.726759416928,57,-,-,-,-,-
319,12.76,-1234534,1956.459784288978,57,-,-,-,-,-
320,12.8,-1236080,151.30334313286312,57,-,-,-,-,-
321,12.84,-1236709,-1537.440025297277,57,-,-,-,-,-
322,12.88,-1237261,-2280.305062057427,57,-,-,-,-,-
323,12.92,-1238114,-2021.101978642982,57,-,-,-,-,-
324,12.96,-1238211,-1392.5063095523774,57,-,-,-,-,-
325,13.0,-1234141,-1121.6374768479236,57,-,-,-,-,-
326,13.04,-1223199,-1437.4930809183934,57,-,-,-,-,-
327,13.08,-1213846,-1755.3150524748435,57,-,-,-,-,-
328,13.12,-1212217,-1535.3554847620198,57,-,-,-,-,-
329,13.16,-1215310,-841.9425739508138,57,-,-,-,-,-
330,13.2,-1220789,27.951386651375742,57,-,-,-,-,-
331,13.24,-1225665,772.1081247548673,57,-,-,-,-,-
332,13.28,-1225195,1207.6813079106887,57,-,-,-,-,-
333,13.32,-1224726,1625.4613677769403,57,-,-,-,-,-
334,13.36,-1227327,2240.433619363861,57,-,-,-,-,-
335,13.4,-1229415,2821.493837915644,57,-,-,-,-,-
336,13.44,-1231974,2953.9226544628727,57,-,-,-,-,-
337,13.48,-1233836,2136.8198226005234,57,-,-,-,-,-
338,13.52,-1235509,466.2217974971504,57,-,-,-,-,-
339,13.56,-1235986,-1322.7003445407772,57,-,-,-,-,-
340,13.6,-1236719,-2305.565434567353,57,-,-,-,-,-
341,13.64,-1238003,-2209.4700864666247,57,-,-,-,-,-
342,13.68,-1238550,-1552.6855057375928,57,-,-,-,-,-
343,13.72,-1234839,-1137.8851477881417,57,-,-,-,-,-
344,13.76,-1226112,-1280.7463308838414,57,-,-,-,-,-
345,13.8,-1215586,-1648.2670612757229,57,-,-,-,-,-
346,13.84,-1212554,-1575.609638225007,57,-,-,-,-,-
347,13.88,-1214838,-1015.3710127191034,57,-,-,-,-,-
348,13.92,-1219872,-202.49855613266755,57,-,-,-,-,-
349,13.96,-1224169,543.1743857981428,57,-,-,-,-,-
350,14.0,-1226157,1085.919761555193,57,-,-,-,-,-
351,14.04,-1223911,1449.010285683852,57,-,-,-,-,-
352,14.08,-1226599,2064.139204705076,57,-,-,-,-,-
353,14.12,-1229230,2709.5911548699823,57,-,-,-,-,-
354,14.16,-1231463,2973.0777658424104,57,-,-,-,-,-
355,14.2,-1233334,2370.696085921317,57,-,-,-,-,-
356,14.24,-1234766,862.6340280586637,57,-,-,-,-,-
357,14.28,-1235815,-909.3548480946245,57,-,-,-,-,-
358,14.32,-1236336,-2074.2075942993483,57,-,-,-,-,-
359,14.36,-1236918,-2214.992726468976,57,-,-,-,-,-
360,14.4,-1237291,-1674.6348672756894,57,-,-,-,-,-
361,14.44,-1236727,-1140.0765391347895,57,-,-,-,-,-
362,14.48,-1232075,-1097.0289957327332,57,-,-,-,-,-
363,14.52,-1217657,-1589.6561959781066,57,-,-,-,-,-
364,14.56,-1213237,-1616.1926929014862,57,-,-,-,-,-
365,14.6,-1214725,-1139.9989879203185,57,-,-,-,-,-
366,14.64,-1219468,-369.4979220420297,57,-,-,-,-,-
367,14.68,-1224941,407.9251828038841,57,-,-,-,-,-
368,14.72,-1226147,923.7381515952993,57,-,-,-,-,-
369,14.76,-1223910,1233.5925018583075,57,-,-,-,-,-
370,14.8,-1225977,1709.7980827503152,57,-,-,-,-,-
371,14.84,-1228716,2306.518924729695,57,-,-,-,-,-
372,14.88,-1230880,2771.7548907311357,57,-,-,-,-,-
373,14.92,-1232765,2598.100550606415,57,-,-,-,-,-
374,14.96,-1233952,1417.6687628479954,57,-,-,-,-,-
375,15.0,-1236472,-325.92717293347823,56,55.25,-,-,-,-
376,15.04,-1239232,-1700.2923005003572,56,-,-,-,-,-
377,15.08,-1238603,-2130.1492219061456,56,-,-,-,-,-
378,15.12,-1235356,-1771.131993100846,56,-,-,-,-,-
379,15.16,-1224193,-1525.4000061389015,56,-,-,-,-,-
380,15.2,-1215518,-1561.4044263918458,56,-,-,-,-,-
381,15.24,-1213095,-1650.1773181070257,56,-,-,-,-,-
382,15.28,-1215434,-1441.167604113648,56,-,-,-,-,-
383,15.32,-1220400,-835.2768609102413,56,-,-,-,-,-
384,15.36,-1225417,-74.21103383035461,56,-,-,-,-,-
385,15.4,-1224941,501.57008680978015,56,-,-,-,-,-
386,15.44,-1223284,1085.0656761701184,56,-,-,-,-,-
387,15.48,-1226475,1973.4132048222282,56,-,-,-,-,-
388,15.52,-1230190,2852.2301576266063,56,-,-,-,-,-
389,15.56,-1232353,3145.313512214663,56,-,-,-,-,-
390,15.6,-1235000,2459.7477320313965,56,-,-,-,-,-
391,15.64,-1235731,829.0414029923218,56,-,-,-,-,-
392,15.68,-1237449,-899.0612364225784,56,-,-,-,-,-
393,15.72,-1237867,-1946.4237754924904,56,-,-,-,-,-
394,15.76,-1238481,-1979.83947560909,56,-,-,-,-,-
395,15.8,-1238562,-1450.8437623691002,56,-,-,-,-,-
396,15.84,-1237349,-1062.179963130748,56,-,-,-,-,-
397,15.88,-1225811,-1404.3273508821294,56,-,-,-,-,-
398,15.92,-1213891,-1891.40997401415,56,-,-,-,-,-
399,15.96,-1212964,-1735.852905679776,56,-,-,-,-,-
400,16.0,-1216062,-1059.6599385691484,56,-,-,-,-,-
401,16.04,-1220967,-162.23947356005647,56,-,-,-,-,-
402,16.08,-1224170,593.1919144893909,56,-,-,-,-,-
403,16.12,-1225897,1143.3733224160696,56,-,-,-,-,-
404,16.16,-1225106,1557.2197422922318,56,-,-,-,-,-
405,16.2,-1226851,2140.0034801667935,56,-,-,-,-,-
406,16.24,-1229887,2808.6592223999387,56,-,-,-,-,-
407,16.28,-1232636,3101.6952217321787,56,-,-,-,-,-
408,16.32,-1234516,2445.0233441672035,56,-,-,-,-,-
409,16.36,-1236670,821.0684211470475,56,-,-,-,-,-
410,16.4,-1237313,-1064.3106715332897,56,-,-,-,-,-
411,16.44,-1237268,-2203.739916730602,56,-,-,-,-,-
412,16.48,-1238260,-2222.1821486081,56,-,-,-,-,-
413,16.52,-1238359,-1663.2754045978463,56,-,-,-,-,-
414,16.56,-1237242,-1213.457962364398,56,-,-,-,-,-
415,16.6,-1230804,-1287.8361096640701,56,-,-,-,-,-
416,16.64,-1215567,-1803.4893875860398,56,-,-,-,-,-
417,16.68,-1213060,-1725.6272227288264,56,-,-,-,-,-
418,16.72,-1215441,-1161.9901424012296,56,-,-,-,-,-
419,16.76,-1220760,-296.7689272644602,56,-,-,-,-,-
420,16.8,-1224021,492.74329603672504,56,-,-,-,-,-
421,16.84,-1226174,1095.69824693189,56,-,-,-,-,-
422,16.88,-1225937,1490.9332796551462,56,-,-,-,-,-
423,16.92,-1226382,1928.8083571129955,56,-,-,-,-,-
424,16.96,-1228555,2516.7066335499167,56,-,-,-,-,-
425,17.0,-1231942,2958.7669254613356,56,-,-,-,-,-
426,17.04,-1232282,2552.5894179617753,56,-,-,-,-,-
427,17.08,-1234630,1193.622888766679,56,-,-,-,-,-
428,17.12,-1237535,-616.6974046428468,56,-,-,-,-,-
429,17.16,-1237198,-1984.1834908309525,56,-,-,-,-,-
430,17.2,-1238174,-2212.644250233779,56,-,-,-,-,-
431,17.24,-1238141,-1701.415340245765,56,-,-,-,-,-
432,17.28,-1237566,-1143.8293396748631,56,-,-,-,-,-
433,17.32,-1233876,-1033.3821586825943,56,-,-,-,-,-
434,17.36,-1219747,-1512.1431973954695,56,-,-,-,-,-
435,17.4,-1213796,-1657.3526279766684,56,-,-,-,-,-
436,17.44,-1214085,-1338.280287807117,56,-,-,-,-,-
437,17.48,-1215477,-766.1365944282907,56,-,-,-,-,-
438,17.52,-1222722,76.55364249740069,56,-,-,-,-,-
439,17.56,-1224803,739.833191179765,56,-,-,-,-,-
440,17.6,-1224502,1271.1729727198208,56,-,-,-,-,-
441,17.64,-1225630,1816.2370686473114,56,-,-,-,-,-
442,17.68,-1229132,2453.102293433458,56,-,-,-,-,-
443,17.72,-1230971,2920.514111746891,56,-,-,-,-,-
444,17.76,-1233055,2848.3462358202896,56,-,-,-,-,-
445,17.8,-1235874,1865.970762063408,56,-,-,-,-,-
446,17.84,-1235833,81.68381103505953,56,-,-,-,-,-
447,17.88,-1237670,-1515.127158096909,56,-,-,-,-,-
448,17.92,-1237168,-2307.9797785694573,56,-,-,-,-,-
449,17.96,-1238558,-2105.078414580234,56,-,-,-,-,-
450,18.0,-1237302,-1597.1809672725349,54,55.25,-,-,-,-
451,18.04,-1226681,-1553.8572453326324,54,-,-,-,-,-
452,18.08,-1215245,-1797.0013359329332,54,-,-,-,-,-
453,18.12,-1213064,-1722.3524815607434,54,-,-,-,-,-
454,18.16,-1214733,-1262.5030213943783,54,-,-,-,-,-
455,18.2,-1220065,-453.1477169694663,54,-,-,-,-,-
456,18.24,-1225368,396.7401686566245,54,-,-,-,-,-
457,18.28,-1227110,1025.1179455106003,54,-,-,-,-,-
458,18.32,-1224844,1428.8934360518588,54,-,-,-,-,-
459,18.36,-1226590,1999.5318839429328,54,-,-,-,-,-
460,18.4,-1229321,2660.442217843479,54,-,-,-,-,-
461,18.44,-1232160,3035.61299540227,54,-,-,-,-,-
462,18.48,-1234161,2534.869849591607,54,-,-,-,-,-
463,18.52,-1235647,1022.1859284193865,54,-,-,-,-,-
464,18.56,-1235970,-873.9058480509163,54,-,-,-,-,-
465,18.6,-1237245,-2106.37345751703,54,-,-,-,-,-
466,18.64,-1237634,-2262.4083235697285,54,-,-,-,-,-
467,18.68,-1238330,-1644.4886373531072,54,-,-,-,-,-
468,18.72,-1237410,-1041.5925072177997,54,-,-,-,-,-
469,18.76,-1232140,-999.6811238991886,54,-,-,-,-,-
470,18.8,-1217628,-1556.0054305200192,54,-,-,-,-,-
471,18.84,-1213302,-1658.966187450922,54,-,-,-,-,-
472,18.88,-1215593,-1179.737088409176,54,-,-,-,-,-
473,18.92,-1219261,-405.00017795518465,54,-,-,-,-,-
474,18.96,-1224841,416.21280420453604,54,-,-,-,-,-
475,19.0,-1225858,927.8232345860824,54,-,-,-,-,-
476,19.04,-1223042,1209.3047549063308,54,-,-,-,-,-
477,19.08,-1225840,1731.6087732774813,54,-,-,-,-,-
478,19.12,-1228233,2365.5568147912245,54,-,-,-,-,-
479,19.16,-1232053,2905.6842190846337,54,-,-,-,-,-
480,19.2,-1232460,2648.8001571286813,54,-,-,-,-,-
481,19.24,-1235696,1472.4754110449658,54,-,-,-,-,-
482,19.28,-1238136,-302.47409053245883,54,-,-,-,-,-
483,19.32,-1238741,-1727.0533119358897,54,-,-,-,-,-
484,19.36,-1238973,-2108.3534020604475,54,-,-,-,-,-
485,19.4,-1237651,-1713.0508114274185,54,-,-,-,-,-
486,19.44,-1236790,-1215.5565135417664,54,-,-,-,-,-
487,19.48,-1231136,-1266.3002954178637,54,-,-,-,-,-
488,19.52,-1218316,-1804.8433764965503,54,-,-,-,-,-
489,19.56,-1213107,-1928.3133394794877,54,-,-,-,-,-
490,19.6,-1214624,-1467.894231469506,54,-,-,-,-,-
491,19.64,-1220098,-643.0307278450143,54,-,-,-,-,-
492,19.68,-1222505,134.10919440448288,54,-,-,-,-,-
493,19.72,-1225130,891.1063408576247,54,-,-,-,-,-
494,19.76,-1226986,1568.4902290578048,54,-,-,-,-,-
495,19.8,-1229287,2187.678517241374,54,-,-,-,-,-
496,19.84,-1233546,2775.943980506154,54,-,-,-,-,-
497,19.88,-1237684,3102.0510281515217,54,-,-,-,-,-
498,19.92,-1242385,2806.7505107380484,54,-,-,-,-,-
499,19.96,-1247220,1620.9450068221258,54,-,-,-,-,-
500,20.0,-1249351,-184.06859902595306,54,-,-,-,-,-
501,20.04,-1251279,-1666.6732988112599,54,-,-,-,-,-
502,20.08,-1253848,-2213.3391426504922,54,-,-,-,-,-
503,20.12,-1257919,-1972.8569956879805,54,-,-,-,-,-
504,20.16,-1260501,-1628.9871279622944,54,-,-,-,-,-
505,20.2,-1259120,-1625.9168700696255,54,-,-,-,-,-
506,20.24,-1249550,-2030.9798076486277,54,-,-,-,-,-
507,20.28,-1244153,-2180.573143924421,54,-,-,-,-,-
508,20.32,-1245453,-1814.1135049110562,54,-,-,-,-,-
509,20.36,-1247854,-1126.6467502445566,54,-,-,-,-,-
510,20.4,-1251957,-277.52615525292515,54,-,-,-,-,-
511,20.44,-1245888,136.0400822003885,54,-,-,-,-,-
512,20.48,-1241772,436.1023198458388,54,-,-,-,-,-
513,20.52,-1238623,769.7912969410409,54,-,-,-,-,-
514,20.56,-1239485,1470.495226910314,54,-,-,-,-,-
515,20.6,-1240933,2340.245387573751,54,-,-,-,-,-
516,20.64,-1244449,2902.727416277101,54,-,-,-,-,-
517,20.68,-1244274,2480.457978304291,54,-,-,-,-,-
518,20.72,-1242375,1307.1088273682344,54,-,-,-,-,-
519,20.76,-1232029,-16.238195365215688,54,-,-,-,-,-
520,20.8,-1226781,-381.949984171878,54,-,-,-,-,-
521,20.84,-1226084,46.307071833669056,54,-,-,-,-,-
522,20.88,-1224444,350.95396876972006,54,-,-,-,-,-
523,20.92,-1222799,52.66957340447516,54,-,-,-,-,-
524,20.96,-1209903,-1006.9132137898473,54,-,-,-,-,-
525,21.0,-1200408,-1727.6664240971413,60,56.75,-,-,-,Maximo
526,21.04,-1198609,-1503.939940334541,60,-,-,-,-,Maximo
527,21.08,-1200223,-486.6496802186739,60,-,-,-,-,Maximo
528,21.12,-1205431,870.8002904010827,60,-,-,-,-,Maximo
529,21.16,-1209033,1762.4796340667308,60,-,-,-,-,Maximo
530,21.2,-1208868,1747.2934712309598,60,-,-,-,-,Maximo
531,21.24,-1207969,1180.561599006277,60,-,-,-,-,Maximo
532,21.28,-1210035,857.3609430363558,60,-,-,-,-,Maximo
533,21.32,-1212214,1038.8263452970068,60,-,-,-,-,Maximo
534,21.36,-1216575,1358.180597766287,60,-,-,-,-,Maximo
535,21.4,-1217982,882.9887676734888,60,-,-,-,-,Maximo
536,21.44,-1220414,-449.04690874934386,60,-,-,-,-,Maximo
537,21.48,-1221072,-2031.3989690566614,60,-,-,-,-,Maximo
538,21.52,-1220914,-2912.3412004119655,60,-,-,-,-,Maximo
539,21.56,-1221075,-2751.1094140837677,60,-,-,-,-,Maximo
540,21.6,-1220064,-2053.903589552361,60,-,-,-,-,Maximo
541,21.64,-1207314,-1832.2416095516364,60,-,-,-,-,Maximo
542,21.68,-1198287,-1873.405884237378,60,-,-,-,-,Maximo
543,21.72,-1198292,-1778.479230034267,60,-,-,-,-,Maximo
544,21.76,-1199728,-1410.7832420440154,60,-,-,-,-,Maximo
545,21.8,-1204192,-585.0734865084648,60,-,-,-,-,Maximo
546,21.84,-1208431,413.6564406169773,60,-,-,-,-,Maximo
547,21.88,-1208464,1205.6207520504522,60,-,-,-,-,Maximo
548,21.92,-1206626,1786.860986612919,60,-,-,-,-,Maximo
549,21.96,-1211137,2510.004364077774,60,-,-,-,-,Maximo
550,22.0,-1213763,3106.876802902314,60,-,-,-,-,Maximo
551,22.04,-1215252,3264.099768526803,60,-,-,-,-,Maximo
552,22.08,-1217460,2573.562445076801,60,-,-,-,-,Maximo
553,22.12,-1218788,997.58746241788,60,-,-,-,-,Maximo
554,22.16,-1219777,-716.593898239465,60,-,-,-,-,Maximo
555,22.2,-1220583,-1712.0732748812297,60,-,-,-,-,Maximo
556,22.24,-1219949,-1798.1994413390144,60,-,-,-,-,Maximo
557,22.28,-1219809,-1367.6996100264987,60,-,-,-,-,Maximo
558,22.32,-1216089,-1153.5535311430576,60,-,-,-,-,Maximo
559,22.36,-1203667,-1523.679130572522,60,-,-,-,-,Maximo
560,22.4,-1195916,-1784.3469710471982,60,-,-,-,-,Maximo
561,22.44,-1198573,-1432.448651968386,60,-,-,-,-,Maximo
562,22.48,-1202794,-737.2845040922678,60,-,-,-,-,Maximo
563,22.52,-1207360,54.17170765863557,60,-,-,-,-,Maximo
564,22.56,-1207913,638.0086466281737,60,-,-,-,-,Maximo
565,22.6,-1206957,1079.0309894611491,60,-,-,-,-,Maximo
566,22.64,-1208052,1572.1835587216274,60,-,-,-,-,Maximo
567,22.68,-1211502,2186.0773272163296,60,-,-,-,-,Maximo
568,22.72,-1214325,2675.2580404792916,60,-,-,-,-,Maximo
569,22.76,-1214458,2538.891102704274,60,-,-,-,-,Maximo
570,22.8,-1216685,1555.2463174989502,60,-,-,-,-,Maximo
571,22.84,-1217638,-124.18081724054764,60,-,-,-,-,Maximo
572,22.88,-1219050,-1542.8023319724077,60,-,-,-,-,Maximo
573,22.92,-1218868,-2031.2773604929248,60,-,-,-,-,Maximo
574,22.96,-1219331,-1638.1507994432338,60,-,-,-,-,Maximo
575,23.0,-1217711,-1164.4996643461795,60,-,-,-,-,Maximo
576,23.04,-1205086,-1391.3754292386438,60,-,-,-,-,Maximo
577,23.08,-1196688,-1709.7355663589206,60,-,-,-,-,Maximo
578,23.12,-1196100,-1603.1126185316825,60,-,-,-,-,Maximo
579,23.16,-1199937,-1017.9790493660021,60,-,-,-,-,Maximo
580,23.2,-1203392,-283.0126144375122,60,-,-,-,-,Maximo
581,23.24,-1206790,391.892776449723,60,-,-,-,-,Maximo
582,23.28,-1208271,903.4583709203025,60,-,-,-,-,Maximo
583,23.32,-1206934,1325.664741322763,60,-,-,-,-,Maximo
584,23.36,-1209746,1976.447854836062,60,-,-,-,-,Maximo
585,23.4,-1213051,2629.3008282002984,60,-,-,-,-,Maximo
586,23.44,-1214799,2797.3087994657963,60,-,-,-,-,Maximo
587,23.48,-1217892,2105.825198767897,60,-,-,-,-,Maximo
588,23.52,-1218512,504.6145600385712,60,-,-,-,-,Maximo
589,23.56,-1218750,-1160.8532023704506,60,-,-,-,-,Maximo
590,23.6,-1219886,-2013.2376293459968,60,-,-,-,-,Maximo
591,23.64,-1220478,-1937.0936462842908,60,-,-,-,-,Maximo
592,23.68,-1220092,-1443.1432231513822,60,-,-,-,-,Maximo
593,23.72,-1219549,-1081.2170790067325,60,-,-,-,-,Maximo
594,23.76,-1207645,-1392.4717349564744,60,-,-,-,-,Maximo
595,23.8,-1196228,-1764.7762648537027,60,-,-,-,-,Maximo
596,23.84,-1196289,-1529.2543520928339,60,-,-,-,-,Maximo
597,23.88,-1200474,-840.8293791683391,60,-,-,-,-,Maximo
598,23.92,-1206339,44.292791602742,60,-,-,-,-,Maximo
599,23.96,-1207954,704.7121387028283,60,-,-,-,-,Maximo
600,24.0,-1207293,1111.4450935550267,55,56.25,-,-,-,Maximo
601,24.04,-1209222,1527.174123061025,55,-,-,-,-,Maximo
602,24.08,-1211625,2062.91582585829,55,-,-,-,-,Maximo
603,24.12,-1214503,2686.1566212529924,55,-,-,-,-,Maximo
604,24.16,-1218265,2972.1813391303112,55,-,-,-,-,Maximo
605,24.2,-1218596,2212.3274105808377,55,-,-,-,-,Maximo
606,24.24,-1219844,532.5242177874006,55,-,-,-,-,Maximo
607,24.28,-1219976,-1296.1579123427398,55,-,-,-,-,Maximo
608,24.32,-1220389,-2233.9812940599577,55,-,-,-,-,Maximo
609,24.36,-1218436,-2160.834759478751,55,-,-,-,-,Maximo
610,24.4,-1213886,-1718.7556905739457,55,-,-,-,-,Maximo
611,24.44,-1199367,-1810.6445577681898,55,-,-,-,-,Maximo
612,24.48,-1195750,-1841.7628722653371,55,-,-,-,-,Maximo
613,24.52,-1195648,-1686.0007427841647,55,-,-,-,-,Maximo
614,24.56,-1199621,-1051.518768382058,55,-,-,-,-,Maximo
615,24.6,-1205049,-100.02230859847714,55,-,-,-,-,Maximo
616,24.64,-1207633,759.0806370491082,55,-,-,-,-,Maximo
617,24.68,-1207248,1358.5688705337516,55,-,-,-,-,Maximo
618,24.72,-1208131,1898.7247833535448,55,-,-,-,-,Maximo
619,24.76,-1210681,2492.6642417968715,55,-,-,-,-,Maximo
620,24.8,-1213829,2933.7667687821167,55,-,-,-,-,Maximo
621,24.84,-1215841,2701.4324229873537,55,-,-,-,-,Maximo
622,24.88,-1216436,1485.675294219629,55,-,-,-,-,Maximo
623,24.92,-1218763,-250.00695167531308,55,-,-,-,-,Maximo
624,24.96,-1218894,-1754.8270643486333,55,-,-,-,-,Maximo
625,25.0,-1219619,-2286.8295453254996,55,-,-,-,-,Maximo
626,25.04,-1219085,-1983.6809878204685,55,-,-,-,-,Maximo
627,25.08,-1218956,-1390.3324016144325,55,-,-,-,-,Maximo
628,25.12,-1212892,-1228.3491350232953,55,-,-,-,-,Maximo
629,25.16,-1198738,-1609.3628224326076,55,-,-,-,-,Maximo
630,25.2,-1194610,-1637.3821262498277,55,-,-,-,-,Maximo
631,25.24,-1199806,-1085.8971625037475,55,-,-,-,-,Maximo
632,25.28,-1204255,-329.0914093889942,55,-,-,-,-,Maximo
633,25.32,-1206950,388.1049457385434,55,-,-,-,-,Maximo
634,25.36,-1206560,889.7106167111651,55,-,-,-,-,Maximo
635,25.4,-1206098,1297.3548859303392,55,-,-,-,-,Maximo
636,25.44,-1208969,1832.9687749666082,55,-,-,-,-,Maximo
637,25.48,-1211459,2417.5633398771497,55,-,-,-,-,Maximo
638,25.52,-1215003,2849.2029444657437,55,-,-,-,-,Maximo
639,25.56,-1215687,2481.8330022024757,55,-,-,-,-,Maximo
640,25.6,-1217156,1161.9423501187766,55,-,-,-,-,Maximo
641,25.64,-1217619,-633.909248272485,55,-,-,-,-,Maximo
642,25.68,-1219215,-1810.6476224575804,55,-,-,-,-,Maximo
643,25.72,-1219300,-1942.8319908093342,55,-,-,-,-,Maximo
644,25.76,-1218089,-1470.3876937782306,55,-,-,-,-,Maximo
645,25.8,-1215095,-1175.5688329954546,55,-,-,-,-,Maximo
646,25.84,-1201568,-1604.2959426220004,55,-,-,-,-,Maximo
647,25.88,-1195426,-1861.8424873157237,55,-,-,-,-,Maximo
648,25.92,-1194814,-1623.1190678865678,55,-,-,-,-,Maximo
649,25.96,-1199292,-867.3419545572622,55,-,-,-,-,Maximo
650,26.0,-1203913,-6.965679267887026,55,-,-,-,-,Maximo
651,26.04,-1206790,670.9440202509186,55,-,-,-,-,Maximo
652,26.08,-1207484,1143.8238767820394,55,-,-,-,-,Maximo
653,26.12,-1205947,1557.8790253583502,55,-,-,-,-,Maximo
654,26.16,-1209697,2237.751832286165,55,-,-,-,-,Maximo
655,26.2,-1212193,2781.326305533008,55,-,-,-,-,Maximo
656,26.24,-1216530,2817.559267309619,55,-,-,-,-,Maximo
657,26.28,-1218138,1825.3062430267119,55,-,-,-,-,Maximo
658,26.32,-1217507,53.99885577147484,55,-,-,-,-,Maximo
659,26.36,-1220251,-1476.1787447775962,55,-,-,-,-,Maximo
660,26.4,-1219173,-2233.7095853451783,55,-,-,-,-,Maximo
661,26.44,-1219939,-1986.2130572519832,55,-,-,-,-,Maximo
662,26.48,-1219858,-1398.059061752545,55,-,-,-,-,Maximo
663,26.52,-1215488,-1179.4914089493532,55,-,-,-,-,Maximo
664,26.56,-1201105,-1641.5959754625928,55,-,-,-,-,Maximo
665,26.6,-1195063,-1864.1562721469963,55,-,-,-,-,Maximo
666,26.64,-1196602,-1500.0172184327184,55,-,-,-,-,Maximo
667,26.68,-1201088,-658.9768206099343,55,-,-,-,-,Maximo
668,26.72,-1206473,315.59823696759395,55,-,-,-,-,Maximo
669,26.76,-1206213,934.4175475390684,55,-,-,-,-,Maximo
670,26.8,-1205638,1335.0965202738198,55,-,-,-,-,Maximo
671,26.84,-1206776,1761.5506829705864,55,-,-,-,-,Maximo
672,26.88,-1209634,2357.8471808047516,55,-,-,-,-,Maximo
673,26.92,-1212069,2882.2989933096824,55,-,-,-,-,Maximo
674,26.96,-1214655,2823.3370253826924,55,-,-,-,-,Maximo
675,27.0,-1216114,1717.7415047743507,58,56.75,-,-,-,Maximo
676,27.04,-1219082,-32.92812831515948,58,-,-,-,-,Maximo
677,27.08,-1219056,-1590.3753288007658,58,-,-,-,-,Maximo
678,27.12,-1219422,-2091.637977750291,58,-,-,-,-,Maximo
679,27.16,-1215784,-1824.9287636018157,58,-,-,-,-,Maximo
680,27.2,-1201341,-1740.0512772466845,58,-,-,-,-,Maximo
681,27.24,-1194489,-1746.0997123123543,58,-,-,-,-,Maximo
682,27.28,-1196170,-1707.2591857027746,58,-,-,-,-,Maximo
683,27.32,-1200867,-1418.2952633294628,58,-,-,-,-,Maximo
684,27.36,-1205041,-818.8698342692887,58,-,-,-,-,Maximo
685,27.4,-1207340,-82.34135506766142,58,-,-,-,-,Maximo
686,27.44,-1206045,566.4930368308269,58,-,-,-,-,Maximo
687,27.48,-1207476,1318.6023895110584,58,-,-,-,-,Maximo
688,27.52,-1210294,2173.3567605049757,58,-,-,-,-,Maximo
689,27.56,-1213034,2891.236276787675,58,-,-,-,-,Maximo
690,27.6,-1214750,2928.500832931746,58,-,-,-,-,Maximo
691,27.64,-1216929,1921.8242907365989,58,-,-,-,-,Maximo
692,27.68,-1217143,101.43069604690163,58,-,-,-,-,Maximo
693,27.72,-1219116,-1431.914312460165,58,-,-,-,-,Maximo
694,27.76,-1220645,-1963.355375488298,58,-,-,-,-,Maximo
695,27.8,-1219284,-1667.4799010991665,58,-,-,-,-,Maximo
696,27.84,-1218548,-1137.8674753409646,58,-,-,-,-,Maximo
697,27.88,-1208527,-1226.3139810188459,58,-,-,-,-,Maximo
698,27.92,-1197476,-1621.241536829495,58,-,-,-,-,Maximo
699,27.96,-1195378,-1625.8584489423793,58,-,-,-,-,Maximo
700,28.0,-1200117,-1086.0005338358646,58,-,-,-,-,Maximo
701,28.04,-1203685,-362.11484563152953,58,-,-,-,-,Maximo
702,28.08,-1206465,328.85183534299995,58,-,-,-,-,Maximo
703,28.12,-1206752,830.5564518286401,58,-,-,-,-,Maximo
704,28.16,-1205634,1266.2372235095968,58,-,-,-,-,Maximo
705,28.2,-1207613,1905.9728734007322,58,-,-,-,-,Maximo
706,28.24,-1210307,2593.8778224461494,58,-,-,-,-,Maximo
707,28.28,-1212705,2893.777881919691,58,-,-,-,-,Maximo
708,28.32,-1214970,2320.6816999446482,58,-,-,-,-,Maximo
709,28.36,-1216719,835.9992619767768,58,-,-,-,-,Maximo
710,28.4,-1217164,-876.5676136299535,58,-,-,-,-,Maximo
711,28.44,-1218052,-1847.176431499528,58,-,-,-,-,Maximo
712,28.48,-1219102,-1802.6318763877616,58,-,-,-,-,Maximo
713,28.52,-1218633,-1300.3919926535489,58,-,-,-,-,Maximo
714,28.56,-1213525,-1102.5092341943646,58,-,-,-,-,Maximo
715,28.6,-1200883,-1511.9258685614695,58,-,-,-,-,Maximo
716,28.64,-1195236,-1791.055708283231,58,-,-,-,-,Maximo
717,28.68,-1195667,-1617.6584044137235,58,-,-,-,-,Maximo
718,28.72,-1201217,-932.1847702542032,58,-,-,-,-,Maximo
719,28.76,-1205251,-122.81952586810985,58,-,-,-,-,Maximo
720,28.8,-1207677,583.2952339549329,58,-,-,-,-,Maximo
721,28.84,-1206457,1046.6439454888432,58,-,-,-,-,Maximo
722,28.88,-1206429,1528.6810852615722,58,-,-,-,-,Maximo
723,28.92,-1210686,2234.1736790800514,58,-,-,-,-,Maximo
724,28.96,-1213167,2782.502573518209,58,-,-,-,-,Maximo
725,29.0,-1215666,2719.0526593950126,58,-,-,-,-,Maximo
726,29.04,-1217369,1646.8739665287026,58,-,-,-,-,Maximo
727,29.08,-1218246,-105.07020784334986,58,-,-,-,-,Maximo
728,29.12,-1219429,-1576.1753920466276,58,-,-,-,-,Maximo
729,29.16,-1219366,-2099.7405264309123,58,-,-,-,-,Maximo
730,29.2,-1220111,-1707.5903647045866,58,-,-,-,-,Maximo
731,29.24,-1219025,-1170.375559426066,58,-,-,-,-,Maximo
732,29.28,-1212865,-1141.9680691045778,58,-,-,-,-,Maximo
733,29.32,-1197529,-1720.4021434691404,58,-,-,-,-,Maximo
734,29.36,-1195336,-1775.0483358479178,58,-,-,-,-,Maximo
735,29.4,-1196655,-1333.556830593111,58,-,-,-,-,Maximo
736,29.44,-1200799,-509.0515101477065,58,-,-,-,-,Maximo
737,29.48,-1206413,382.7348673176266,58,-,-,-,-,Maximo
738,29.52,-1206500,944.4457220311924,58,-,-,-,-,Maximo
739,29.56,-1204803,1327.65038691456,58,-,-,-,-,Maximo
740,29.6,-1206145,1838.3506960966333,58,-,-,-,-,Maximo
741,29.64,-1210060,2520.9134378447334,58,-,-,-,-,Maximo
742,29.68,-1212842,2984.996103866405,58,-,-,-,-,Maximo
743,29.72,-1214976,2695.9101150064125,58,-,-,-,-,Maximo
744,29.76,-1217547,1406.8048644237315,58,-,-,-,-,Maximo
745,29.8,-1219070,-425.9854577570459,58,-,-,-,-,Maximo
746,29.84,-1217894,-1858.7872522998084,58,-,-,-,-,Maximo
747,29.88,-1219623,-2123.554312453398,58,-,-,-,-,Maximo
748,29.92,-1220333,-1632.7064063342084,58,-,-,-,-,Maximo
749,29.96,-1216330,-1249.7619050862495,58,-,-,-,-,Maximo
750,30.0,-1203440,-1560.063664891697,57,57.5,-,-,-,Maximo
751,30.04,-1194269,-1991.6808335261612,57,-,-,-,-,Maximo
752,30.08,-1197236,-1821.2273648934824,57,-,-,-,-,Maximo
753,30.12,-1201227,-1192.224657659016,57,-,-,-,-,Maximo
754,30.16,-1205045,-303.2295294556566,57,-,-,-,-,Maximo
755,30.2,-1207220,516.4073914364881,57,-,-,-,-,Maximo
756,30.24,-1207183,1096.3543845795166,57,-,-,-,-,Maximo
757,30.28,-1207873,1595.1456319151375,57,-,-,-,-,Maximo
758,30.32,-1211020,2230.6880590766905,57,-,-,-,-,Maximo
759,30.36,-1213136,2823.1197123468482,57,-,-,-,-,Maximo
760,30.4,-1215737,2922.5385502834415,57,-,-,-,-,Maximo
761,30.44,-1216678,1949.1997332003293,57,-,-,-,-,Maximo
762,30.48,-1218550,199.0961354387996,57,-,-,-,-,Maximo
763,30.52,-1219874,-1404.5372560714218,57,-,-,-,-,Maximo
764,30.56,-1220180,-2049.992118354137,57,-,-,-,-,Maximo
765,30.6,-1219710,-1789.2483330795494,57,-,-,-,-,Maximo
766,30.64,-1219101,-1283.3241970869913,57,-,-,-,-,Maximo
767,30.68,-1208362,-1371.030332567123,57,-,-,-,-,Maximo
768,30.72,-1197818,-1695.7288184334666,57,-,-,-,-,Maximo
769,30.76,-1196176,-1650.4965131401786,57,-,-,-,-,Maximo
770,30.8,-1199057,-1171.6390928980863,57,-,-,-,-,Maximo
771,30.84,-1202843,-450.0024023324522,57,-,-,-,-,Maximo
772,30.88,-1206409,287.22920720302864,57,-,-,-,-,Maximo
773,30.92,-1206455,834.8823327709888,57,-,-,-,-,Maximo
774,30.96,-1206068,1337.3448666897139,57,-,-,-,-,Maximo
775,31.0,-1208149,1974.3097890217095,57,-,-,-,-,Maximo
776,31.04,-1211135,2634.50360414641,57,-,-,-,-,Maximo
777,31.08,-1213301,2908.2742877976425,57,-,-,-,-,Maximo
778,31.12,-1215776,2359.798959018226,57,-,-,-,-,Maximo
779,31.16,-1216459,872.6012221163828,57,-,-,-,-,Maximo
780,31.2,-1217127,-829.0999453259644,57,-,-,-,-,Maximo
781,31.24,-1219494,-1809.2231121268903,57,-,-,-,-,Maximo
782,31.28,-1219059,-1909.1516561699048,57,-,-,-,-,Maximo
783,31.32,-1219750,-1435.8588719763243,57,-,-,-,-,Maximo
784,31.36,-1215544,-1203.0995755128843,57,-,-,-,-,Maximo
785,31.4,-1200434,-1633.595525771725,57,-,-,-,-,Maximo
786,31.44,-1196231,-1794.6803624045842,57,-,-,-,-,Maximo
787,31.48,-1196662,-1560.6534521270924,57,-,-,-,-,Maximo
788,31.52,-1200097,-911.4456742306742,57,-,-,-,-,Maximo
789,31.56,-1204979,-87.68225558185623,57,-,-,-,-,Maximo
790,31.6,-1207144,561.4871324556352,57,-,-,-,-,Maximo
791,31.64,-1207532,1032.602339164354,57,-,-,-,-,Maximo
792,31.68,-1206413,1483.218173631973,57,-,-,-,-,Maximo
793,31.72,-1208630,2175.268274511486,57,-,-,-,-,Maximo
794,31.76,-1212079,2826.6571088839482,57,-,-,-,-,Maximo
795,31.8,-1213659,2795.800867872317,57,-,-,-,-,Maximo
796,31.84,-1215232,1754.284659986478,57,-,-,-,-,Maximo
797,31.88,-1216961,38.17834284473929,57,-,-,-,-,Maximo
798,31.92,-1218485,-1441.981741657067,57,-,-,-,-,Maximo
799,31.96,-1219090,-2004.9303694043817,57,-,-,-,-,Maximo
800,32.0,-1219574,-1693.7968068579376,57,-,-,-,-,Maximo
801,32.04,-1218624,-1156.6858063421173,57,-,-,-,-,Maximo
802,32.08,-1215141,-962.4186565204236,57,-,-,-,-,Maximo
803,32.12,-1203631,-1361.7595844501757,57,-,-,-,-,Maximo
804,32.16,-1195481,-1680.3802995520691,57,-,-,-,-,Maximo
805,32.2,-1195724,-1452.0752753766064,57,-,-,-,-,Maximo
806,32.24,-1199163,-827.2286467976678,57,-,-,-,-,Maximo
807,32.28,-1205546,-8.502727270554715,57,-,-,-,-,Maximo
808,32.32,-1207844,623.8520074530115,57,-,-,-,-,Maximo
809,32.36,-1206474,1073.5101306564675,57,-,-,-,-,Maximo
810,32.4,-1207461,1609.7573597775427,57,-,-,-,-,Maximo
811,32.44,-1210294,2251.105588987065,57,-,-,-,-,Maximo
812,32.48,-1213088,2776.238048712824,57,-,-,-,-,Maximo
813,32.52,-1214998,2746.336549795069,57,-,-,-,-,Maximo
814,32.56,-1217253,1827.7772415787967,57,-,-,-,-,Maximo
815,32.6,-1218008,137.35268889181498,57,-,-,-,-,Maximo
816,32.64,-1218673,-1470.976133452571,57,-,-,-,-,Maximo
817,32.68,-1218680,-2211.5749243373693,57,-,-,-,-,Maximo
818,32.72,-1218400,-1980.061832114548,57,-,-,-,-,Maximo
819,32.76,-1216848,-1411.5662491230783,57,-,-,-,-,Maximo
820,32.8,-1207662,-1337.6491880546037,57,-,-,-,-,Maximo
821,32.84,-1197209,-1640.42113860887,57,-,-,-,-,Maximo
822,32.88,-1194737,-1665.2529218061918,57,-,-,-,-,Maximo
823,32.92,-1199125,-1151.246124950605,57,-,-,-,-,Maximo
824,32.96,-1201452,-423.8636105304138,57,-,-,-,-,Maximo
825,33.0,-1206708,446.6434966210063,55,56.25,-,-,-,Maximo
826,33.04,-1204517,960.2759809409563,55,-,-,-,-,Maximo
827,33.08,-1208019,1541.474264499966,55,-,-,-,-,Maximo
828,33.12,-1210360,2075.1531681218366,55,-,-,-,-,Maximo
829,33.16,-1213106,2607.1601312526655,55,-,-,-,-,Maximo
830,33.2,-1214528,2778.6048483355444,55,-,-,-,-,Maximo
831,33.24,-1216756,2205.003340369165,55,-,-,-,-,Maximo
832,33.28,-1216264,707.0402931730926,55,-,-,-,-,Maximo
833,33.32,-1217208,-953.2561205644748,55,-,-,-,-,Maximo
834,33.36,-1217444,-1991.93015270589,55,-,-,-,-,Maximo
835,33.4,-1217712,-2092.3904690804393,55,-,-,-,-,Maximo
836,33.44,-1216986,-1707.8398782073095,55,-,-,-,-,Maximo
837,33.48,-1212641,-1480.6576667583813,55,-,-,-,-,Maximo
838,33.52,-1198774,-1745.1022370671599,55,-,-,-,-,Maximo
839,33.56,-1195165,-1638.9446122856189,55,-,-,-,-,Maximo
840,33.6,-1198420,-1077.9847201941175,55,-,-,-,-,Maximo
841,33.64,-1203779,-274.7322595425003,55,-,-,-,-,Maximo
842,33.68,-1206705,430.995112656894,55,-,-,-,-,Maximo
843,33.72,-1206332,876.1261116359356,55,-,-,-,-,Maximo
844,33.76,-1205024,1160.1731425086919,55,-,-,-,-,Maximo
845,33.8,-1207992,1600.9447153867768,55,-,-,-,-,Maximo
846,33.84,-1210777,2144.1816636136327,55,-,-,-,-,Maximo
847,33.88,-1213011,2558.230105751083,55,-,-,-,-,Maximo
848,33.92,-1215435,2353.6644607148974,55,-,-,-,-,Maximo
849,33.96,-1215890,1155.7315524547234,55,-,-,-,-,Maximo
850,34.0,-1217412,-491.1419568334363,55,-,-,-,-,Maximo
851,34.04,-1219561,-1636.467027079839,55,-,-,-,-,Maximo
852,34.08,-1219622,-1816.5855984109307,55,-,-,-,-,Maximo
853,34.12,-1218894,-1352.4794241682393,55,-,-,-,-,Maximo
854,34.16,-1213458,-1121.9328492899203,55,-,-,-,-,Maximo
855,34.2,-1197763,-1619.284442461294,55,-,-,-,-,Maximo
856,34.24,-1195292,-1798.9472092838496,55,-,-,-,-,Maximo
857,34.28,-1195705,-1587.6872294182995,55,-,-,-,-,Maximo
858,34.32,-1200749,-868.2154334560773,55,-,-,-,-,Maximo
859,34.36,-1204531,-71.83252654226635,55,-,-,-,-,Maximo
860,34.4,-1206153,555.0997380570734,55,-,-,-,-,Maximo
861,34.44,-1204156,980.1720582831936,55,-,-,-,-,Maximo
862,34.48,-1207916,1672.72411502654,55,-,-,-,-,Maximo
863,34.52,-1209889,2433.170997019577,55,-,-,-,-,Maximo
864,34.56,-1212734,3026.8310492073233,55,-,-,-,-,Maximo
865,34.6,-1214878,2829.4422959811745,55,-,-,-,-,Maximo
866,34.64,-1216951,1577.9620902141164,55,-,-,-,-,Maximo
867,34.68,-1217462,-278.97698974201717,55,-,-,-,-,Maximo
868,34.72,-1218078,-1698.831885861079,55,-,-,-,-,Maximo
869,34.76,-1218774,-2083.708841488337,55,-,-,-,-,Maximo
870,34.8,-1218242,-1728.8509484960928,55,-,-,-,-,Maximo
871,34.84,-1217704,-1282.7837763484345,55,-,-,-,-,Maximo
872,34.88,-1212057,-1315.6506929082816,55,-,-,-,-,Maximo
873,34.92,-1198660,-1774.7811703014795,55,-,-,-,-,Maximo
874,34.96,-1194343,-1765.9970409568905,55,-,-,-,-,Maximo
875,35.0,-1198528,-1160.78059053983,55,-,-,-,-,Maximo
876,35.04,-1204551,-300.8246027166974,55,-,-,-,-,Maximo
877,35.08,-1207076,434.91650199665037,55,-,-,-,-,Maximo
878,35.12,-1206123,923.8034817389735,55,-,-,-,-,Maximo
879,35.16,-1206588,1338.7855964849832,55,-,-,-,-,Maximo
880,35.2,-1208340,1796.8932501085064,55,-,-,-,-,Maximo
881,35.24,-1210472,2330.2736539288644,55,-,-,-,-,Maximo
882,35.28,-1213612,2726.0503352265414,55,-,-,-,-,Maximo
883,35.32,-1215382,2401.86361759804,55,-,-,-,-,Maximo
884,35.36,-1216451,1108.2478099342275,55,-,-,-,-,Maximo
885,35.4,-1218202,-610.5524125496304,55,-,-,-,-,Maximo
886,35.44,-1218774,-1812.7646124359333,55,-,-,-,-,Maximo
887,35.48,-1219955,-1905.548717292505,55,-,-,-,-,Maximo
888,35.52,-1219537,-1374.216406195046,55,-,-,-,-,Maximo
889,35.56,-1216743,-1024.3761016637955,55,-,-,-,-,Maximo
890,35.6,-1204159,-1404.589092741924,55,-,-,-,-,Maximo
891,35.64,-1194897,-1809.337366025744,55,-,-,-,-,Maximo
892,35.68,-1194208,-1681.6691057663884,55,-,-,-,-,Maximo
893,35.72,-1197857,-1066.4454669691763,55,-,-,-,-,Maximo
894,35.76,-1203198,-232.28116843391854,55,-,-,-,-,Maximo
895,35.8,-1206098,475.4591294810216,55,-,-,-,-,Maximo
896,35.84,-1205248,956.6434671775014,55,-,-,-,-,Maximo
897,35.88,-1206152,1491.6469803615419,55,-,-,-,-,Maximo
898,35.92,-1210238,2232.696819368057,55,-,-,-,-,Maximo
899,35.96,-1212380,2882.4310632184734,55,-,-,-,-,Maximo
900,36.0,-1214643,3032.1353839074236,54,56.0,-,-,-,Maximo
901,36.04,-1216714,2190.618865450082,54,-,-,-,-,Maximo
902,36.08,-1217308,433.4001099390857,54,-,-,-,-,Maximo
903,36.12,-1217619,-1348.9926129182525,54,-,-,-,-,Maximo
904,36.16,-1219461,-2204.4682183522377,54,-,-,-,-,Maximo
905,36.2,-1219407,-2093.7211619847185,54,-,-,-,-,Maximo
906,36.24,-1218387,-1578.0541938302113,54,-,-,-,-,Maximo
907,36.28,-1214094,-1362.943019386319,54,-,-,-,-,Maximo
908,36.32,-1200737,-1733.7744811791417,54,-,-,-,-,Maximo
909,36.36,-1195036,-1818.25568596206,54,-,-,-,-,Maximo
910,36.4,-1197182,-1340.4631049580858,54,-,-,-,-,Maximo
911,36.44,-1201818,-533.3742526827157,54,-,-,-,-,Maximo
912,36.48,-1206888,298.88745409268995,54,-,-,-,-,Maximo
913,36.52,-1205662,782.5243690699563,54,-,-,-,-,Maximo
914,36.56,-1207312,1239.5978631150574,54,-,-,-,-,Maximo
915,36.6,-1209828,1757.5372777911725,54,-,-,-,-,Maximo
916,36.64,-1212086,2370.1455526011123,54,-,-,-,-,Maximo
917,36.68,-1214315,2847.6298399097786,54,-,-,-,-,Maximo
918,36.72,-1216443,2675.1965037884274,54,-,-,-,-,Maximo
919,36.76,-1217688,1503.2539997195072,54,-,-,-,-,Maximo
920,36.8,-1218186,-280.4037191971106,54,-,-,-,-,Maximo
921,36.84,-1219018,-1700.155414265883,54,-,-,-,-,Maximo
922,36.88,-1218513,-2157.849663630315,54,-,-,-,-,Maximo
923,36.92,-1218302,-1805.790435905455,54,-,-,-,-,Maximo
924,36.96,-1209050,-1621.0523978822112,54,-,-,-,-,Maximo
925,37.0,-1196255,-1804.2969560706042,54,-,-,-,-,Maximo
926,37.04,-1193911,-1751.425067547756,54,-,-,-,-,Maximo
927,37.08,-1195030,-1390.1451668234658,54,-,-,-,-,Maximo
928,37.12,-1200390,-632.2341537341374,54,-,-,-,-,Maximo
929,37.16,-1204659,191.5636440412827,54,-,-,-,-,Maximo
930,37.2,-1206167,857.8125833800914,54,-,-,-,-,Maximo
931,37.24,-1204339,1319.0943947872784,54,-,-,-,-,Maximo
932,37.28,-1206042,1901.0490802647182,54,-,-,-,-,Maximo
933,37.32,-1209677,2583.704245546427,54,-,-,-,-,Maximo
934,37.36,-1212507,2985.435369701372,54,-,-,-,-,Maximo
935,37.4,-1214414,2572.4116171850856,54,-,-,-,-,Maximo
936,37.44,-1216637,1184.978572538405,54,-,-,-,-,Maximo
937,37.48,-1217945,-646.6527891252003,54,-,-,-,-,Maximo
938,37.52,-1218757,-1940.8122155484862,54,-,-,-,-,Maximo
939,37.56,-1219203,-2182.725447760541,54,-,-,-,-,Maximo
940,37.6,-1218714,-1706.4875757014456,54,-,-,-,-,Maximo
941,37.64,-1218960,-1171.959657463664,54,-,-,-,-,Maximo
942,37.68,-1209920,-1323.030035471409,54,-,-,-,-,Maximo
943,37.72,-1197419,-1819.7512197510114,54,-,-,-,-,Maximo
944,37.76,-1193733,-1850.98393512636,54,-,-,-,-,Maximo
945,37.8,-1196959,-1279.9897848371293,54,-,-,-,-,Maximo
946,37.84,-1200914,-446.57151652671905,54,-,-,-,-,Maximo
947,37.88,-1205283,398.14866152157174,54,-,-,-,-,Maximo
948,37.92,-1206343,1012.2135095948697,54,-,-,-,-,Maximo
949,37.96,-1205197,1459.700791249389,54,-,-,-,-,Maximo
950,38.0,-1207554,2034.0498578378556,54,-,-,-,-,Maximo
951,38.04,-1210879,2677.3154991236697,54,-,-,-,-,Maximo
952,38.08,-1213337,3049.3326923506183,54,-,-,-,-,Maximo
953,38.12,-1214970,2628.8021167901743,54,-,-,-,-,Maximo
954,38.16,-1216616,1225.4884616380332,54,-,-,-,-,Maximo
955,38.2,-1216426,-657.5542846584096,54,-,-,-,-,Maximo
956,38.24,-1218362,-1912.113200808144,54,-,-,-,-,Maximo
957,38.28,-1218712,-2154.182954422223,54,-,-,-,-,Maximo
958,38.32,-1217927,-1714.0406223675172,54,-,-,-,-,Maximo
959,38.36,-1217388,-1248.2508643922297,54,-,-,-,-,Maximo
960,38.4,-1200710,-1639.0402555063356,54,-,-,-,-,Maximo
961,38.44,-1194420,-1844.3853050374873,54,-,-,-,-,Maximo
962,38.48,-1195546,-1588.4033188697904,54,-,-,-,-,Maximo
963,38.52,-1198790,-925.7782329257022,54,-,-,-,-,Maximo
964,38.56,-1204342,-45.44992067562998,54,-,-,-,-,Maximo
965,38.6,-1207325,651.9585324068184,54,-,-,-,-,Maximo
966,38.64,-1205551,1036.5176168893686,54,-,-,-,-,Maximo
967,38.68,-1206595,1494.3612849016763,54,-,-,-,-,Maximo
968,38.72,-1208466,2112.660797681915,54,-,-,-,-,Maximo
969,38.76,-1211471,2766.7740667310927,54,-,-,-,-,Maximo
970,38.8,-1212907,2848.850148384984,54,-,-,-,-,Maximo
971,38.84,-1216279,1973.083247710878,54,-,-,-,-,Maximo
972,38.88,-1217591,208.64848166733327,54,-,-,-,-,Maximo
973,38.92,-1218490,-1447.0675530994815,54,-,-,-,-,Maximo
974,38.96,-1218651,-2147.2331081303287,54,-,-,-,-,Maximo
975,39.0,-1218614,-1857.375985790004,56,55.5,-,-,-,Maximo
976,39.04,-1203422,-1711.9002288714819,56,-,-,-,-,Maximo
977,39.08,-1195229,-1595.9904379372783,56,-,-,-,-,Maximo
978,39.12,-1194243,-1568.6228434603909,56,-,-,-,-,Maximo
979,39.16,-1199444,-1336.6570912009379,56,-,-,-,-,Maximo
980,39.2,-1203464,-868.5559820287926,56,-,-,-,-,Maximo
981,39.24,-1206866,-170.59902419520495,56,-,-,-,-,Maximo
982,39.28,-1206035,473.43362545166656,56,-,-,-,-,Maximo
983,39.32,-1206707,1174.0298343788554,56,-,-,-,-,Maximo
984,39.36,-1209326,1983.557470172188,56,-,-,-,-,Maximo
985,39.4,-1212129,2757.7408693734615,56,-,-,-,-,Maximo
986,39.44,-1214764,3048.033448495613,56,-,-,-,-,Maximo
987,39.48,-1216444,2297.8934444185766,56,-,-,-,-,Maximo
988,39.52,-1216420,552.9967821508183,56,-,-,-,-,Maximo
989,39.56,-1217337,-1208.412295511534,56,-,-,-,-,Maximo
990,39.6,-1218639,-2047.0054239442763,56,-,-,-,-,Maximo
991,39.64,-1220543,-1814.1120652987859,56,-,-,-,-,Maximo
992,39.68,-1219283,-1266.9551654578327,56,-,-,-,-,Maximo
993,39.72,-1207388,-1296.3049644747152,56,-,-,-,-,Maximo
994,39.76,-1197528,-1596.0187894989722,56,-,-,-,-,Maximo
995,39.8,-1195576,-1632.450134497789,56,-,-,-,-,Maximo
996,39.84,-1198097,-1205.2740001027778,56,-,-,-,-,Maximo
997,39.88,-1202108,-437.78246210567386,56,-,-,-,-,Maximo
998,39.92,-1205668,335.8400979416492,56,-,-,-,-,Maximo
999,39.96,-1206855,849.4578021836796,56,-,-,-,-,Maximo
1000,40.0,-1206006,1188.7404190324278,56,-,-,-,-,Maximo
1001,40.04,-1208234,1763.9029974398045,56,-,-,-,-,Maximo
1002,40.08,-1209700,2482.604577187083,56,-,-,-,-,Maximo
1003,40.12,-1212893,2966.27191876948,56,-,-,-,-,Maximo
1004,40.16,-1214759,2482.918849151736,56,-,-,-,-,Maximo
1005,40.2,-1217640,1028.6215414943545,56,-,-,-,-,Maximo
1006,40.24,-1218085,-759.3856797352491,56,-,-,-,-,Maximo
1007,40.28,-1218201,-1874.5248816369738,56,-,-,-,-,Maximo
1008,40.32,-1219942,-1940.3785035122821,56,-,-,-,-,Maximo
1009,40.36,-1218716,-1522.5197055923177,56,-,-,-,-,Maximo
1010,40.4,-1216624,-1163.0334825250584,56,-,-,-,-,Maximo
1011,40.44,-1203481,-1461.8650892592414,56,-,-,-,-,Maximo
1012,40.48,-1195343,-1749.5439304873107,56,-,-,-,-,Maximo
1013,40.52,-1193652,-1676.4848947848059,56,-,-,-,-,Maximo
1014,40.56,-1198130,-1101.213680762431,56,-,-,-,-,Maximo
1015,40.6,-1202464,-302.64428290189835,56,-,-,-,-,Maximo
1016,40.64,-1207060,540.0280944282176,56,-,-,-,-,Maximo
1017,40.68,-1206414,1108.6049749415424,56,-,-,-,-,Maximo
1018,40.72,-1206535,1618.8585690189966,56,-,-,-,-,Maximo
1019,40.76,-1209769,2264.2424670380296,56,-,-,-,-,Maximo
1020,40.8,-1211731,2837.182366493431,56,-,-,-,-,Maximo
1021,40.84,-1214618,2976.173059302002,56,-,-,-,-,Maximo
1022,40.88,-1215181,2095.5312970137093,56,-,-,-,-,Maximo
1023,40.92,-1216422,386.3087523059862,56,-,-,-,-,Maximo
1024,40.96,-1217428,-1360.4908061856936,56,-,-,-,-,Maximo
1025,41.0,-1218150,-2263.0618715894675,56,-,-,-,-,Maximo
1026,41.04,-1219153,-2116.2734899572833,56,-,-,-,-,Maximo
1027,41.08,-1218435,-1526.7269517260038,56,-,-,-,-,Maximo
1028,41.12,-1214278,-1200.18268211934,56,-,-,-,-,Maximo
1029,41.16,-1199043,-1568.4855754276923,56,-,-,-,-,Maximo
1030,41.2,-1195451,-1621.1940914274364,56,-,-,-,-,Maximo
1031,41.24,-1196410,-1275.6791775140537,56,-,-,-,-,Maximo
1032,41.28,-1200642,-564.2645156236363,56,-,-,-,-,Maximo
1033,41.32,-1205717,218.24752679049107,56,-,-,-,-,Maximo
1034,41.36,-16775344,490228.7677394878,56,-,-,-,-,Maximo
1035,41.4,-16775311,450582.63215481397,56,-,-,-,-,Maximo
1036,41.44,-16775407,364109.5828892235,56,-,-,-,-,Maximo
1037,41.48,-16775366,226292.08480093267,56,-,-,-,-,Maximo
1038,41.52,-16775402,49151.75092268968,56,-,-,-,-,Maximo
1039,41.56,-16775458,-139657.7587493495,56,-,-,-,-,Maximo
1040,41.6,-16775332,-336405.4164779978,56,-,-,-,-,Maximo
1041,41.64,-16775379,-606904.9863575851,56,-,-,-,-,Maximo
1042,41.68,-16775364,-1029134.7607470406,56,-,-,-,-,Maximo
1043,41.72,-16775333,-1493041.9064492756,56,-,-,-,-,Maximo
1044,41.76,-16775470,-1607961.9021008094,56,-,-,-,-,Maximo
1045,41.8,-16775449,-1047447.9270080603,56,-,-,-,-,Maximo
1046,41.84,-16775470,-36856.020629066275,56,-,-,-,-,Maximo
1047,41.88,-16775413,783307.0990598036,56,-,-,-,-,Maximo
1048,41.92,-16775238,1041849.4624697298,56,-,-,-,-,Maximo
1049,41.96,-16775387,914022.6770566199,56,-,-,-,-,Maximo
1050,42.0,-16775368,737306.9808003431,nan,55.0,-,-,-,-
1051,42.04,-16775330,643923.128493401,nan,-,-,-,-,-
1052,42.08,-16775391,584468.4469092108,nan,-,-,-,-,-
1053,42.12,-16775407,499557.9455476331,nan,-,-,-,-,-
1054,42.16,-16775460,388188.3299609672,nan,-,-,-,-,-
1055,42.2,-16775424,276096.4694797336,nan,-,-,-,-,-
1056,42.24,-16775374,178370.53752098023,nan,-,-,-,-,-
1057,42.28,-16775357,95097.5123346094,nan,-,-,-,-,-
1058,42.32,-16775298,22927.004092744086,nan,-,-,-,-,-
1059,42.36,-16775257,-38418.4287797322,nan,-,-,-,-,-
1060,42.4,-16775291,-87419.47626634699,nan,-,-,-,-,-
1061,42.44,-16775320,-123491.30142848846,nan,-,-,-,-,-
1062,42.48,-16775411,-147542.37099855818,nan,-,-,-,-,-
1063,42.52,-16775334,-161134.32277053245,nan,-,-,-,-,-
1064,42.56,-16775333,-165788.26459784427,nan,-,-,-,-,-
1065,42.6,-16775475,-162934.73264959428,nan,-,-,-,-,-
1066,42.64,-16775448,-154044.97267753075,nan,-,-,-,-,-
1067,42.68,-16775460,-140606.33639527363,nan,-,-,-,-,-
1068,42.72,-16775430,-124046.94288319649,nan,-,-,-,-,-
1069,42.76,-16775442,-105638.37998051776,nan,-,-,-,-,-
1070,42.8,-16775383,-86477.89595161201,nan,-,-,-,-,-
1071,42.84,-16775391,-67473.89946902316,nan,-,-,-,-,-
1072,42.88,-16775343,-49368.50402831787,nan,-,-,-,-,-
1073,42.92,-16775227,-32730.721739120578,nan,-,-,-,-,-
1074,42.96,-16775326,-17954.481706561783,nan,-,-,-,-,-
1075,43.0,-16775259,-5296.932441218494,nan,-,-,-,-,-
1076,43.04,-16775342,5144.581461548543,nan,-,-,-,-,-
1077,43.08,-16775383,13365.76854722666,nan,-,-,-,-,-
1078,43.12,-16775376,19452.483924198794,nan,-,-,-,-,-
1079,43.16,-16775395,23563.71943422513,nan,-,-,-,-,-
1080,43.2,-16775357,25907.756221516873,nan,-,-,-,-,-
1081,43.24,-16775454,26735.683810958042,nan,-,-,-,-,-
1082,43.28,-16775408,26296.994726882847,nan,-,-,-,-,-
1083,43.32,-16775463,24857.72440837408,nan,-,-,-,-,-
1084,43.36,-16775420,22663.069865487338,nan,-,-,-,-,-
1085,43.4,-16775470,19955.620810047578,nan,-,-,-,-,-
1086,43.44,-16775411,16943.905450995815,nan,-,-,-,-,-
1087,43.48,-16775323,13813.842865383107,nan,-,-,-,-,-
1088,43.52,-16775358,10722.22151504735,nan,-,-,-,-,-
1089,43.56,-16775378,7786.13142719859,nan,-,-,-,-,-
1090,43.6,-16775352,5094.170953118566,nan,-,-,-,-,-
1091,43.64,-16775328,2700.618620678597,nan,-,-,-,-,-
1092,43.68,-16775301,633.1753054914589,nan,-,-,-,-,-
1093,43.72,-16775360,-1068.642885267247,nan,-,-,-,-,-
1094,43.76,-16775339,-2344.6999111719015,nan,-,-,-,-,-
1095,43.8,-16775242,-3153.6863088582068,nan,-,-,-,-,-
1096,43.84,-16775323,-3554.946332202446,nan,-,-,-,-,-
1097,43.88,-16775346,-3708.00878214944,nan,-,-,-,-,-
1098,43.92,-16775360,-3721.3615108980102,nan,-,-,-,-,-
1099,43.96,-16775409,-3609.2321481305235,nan,-,-,-,-,-
1100,44.0,-16775350,-3364.797093509859,nan,-,-,-,-,-
1101,44.04,-16775357,-3010.5931231484738,nan,-,-,-,-,-
1102,44.08,-16775475,-2604.072102404211,nan,-,-,-,-,-
1103,44.12,-16775489,-2205.6175318469295,nan,-,-,-,-,-
1104,44.16,-16775412,-1848.1501562046678,nan,-,-,-,-,-
1105,44.2,-16775396,-1553.784871270289,nan,-,-,-,-,-
1106,44.24,-16775247,-1351.0432681623552,nan,-,-,-,-,-
1107,44.28,-16775210,-1245.629627575534,nan,-,-,-,-,-
1108,44.32,-16775255,-17.65036814482437,nan,-,-,-,-,-
1109,44.36,-16775245,-11.744570703663044,nan,-,-,-,-,-
1110,44.4,-16775324,-3.021832855188542,nan,-,-,-,-,-
1111,44.44,-16775331,-0.3502293121509297,nan,-,-,-,-,-
1112,44.48,-16775371,2.5871285866808904,nan,-,-,-,-,-
1113,44.52,-16775347,8.467100941894628,nan,-,-,-,-,-
1114,44.56,-16775359,20.326052506344297,nan,-,-,-,-,-
1115,44.6,-16775333,27.857762362270943,nan,-,-,-,-,-
1116,44.64,-16775129,18.87951447868933,nan,-,-,-,-,-
1117,44.68,-16775340,12.453779543872251,nan,-,-,-,-,-
1118,44.72,-16775305,-5.26639496186953,nan,-,-,-,-,-
1119,44.76,-16775178,-20.605208475229695,nan,-,-,-,-,-
1120,44.8,-16775334,-17.57187712453726,nan,-,-,-,-,-
1121,44.84,-13130,-527027.1901386436,nan,-,-,-,-,-
1122,44.88,-16648595,39113.111987285316,nan,-,-,-,-,-
1123,44.92,-138504,-429158.40169937164,nan,-,-,-,-,-
1124,44.96,-123094,-331051.1071151369,nan,-,-,-,-,-
1125,45.0,-371211,-187671.75339259452,nan,55.0,-,-,-,Desconexión
1126,45.04,-16776714,487662.5492362473,nan,-,-,-,-,Desconexión
1127,45.08,-16775391,641559.417103935,nan,-,-,-,-,Desconexión
1128,45.12,-16775390,828364.7809262071,nan,-,-,-,-,Desconexión
1129,45.16,-16775324,1053256.5026493585,nan,-,-,-,-,Desconexión
1130,45.2,-16775360,1197711.4173043007,nan,-,-,-,-,Desconexión
1131,45.24,-16775362,1071369.6655955277,nan,-,-,-,-,Desconexión
1132,45.28,-16775325,626960.7087045459,nan,-,-,-,-,Desconexión
1133,45.32,-16775350,-29479.181462018052,nan,-,-,-,-,Desconexión
1134,45.36,-16775341,-877376.903450348,nan,-,-,-,-,Desconexión
1135,45.4,-16775356,-1841561.5407485566,nan,-,-,-,-,Desconexión
1136,45.44,-16775404,-2410950.9251573505,nan,-,-,-,-,Desconexión
1137,45.48,-16775325,-2026264.5662275502,nan,-,-,-,-,Desconexión
1138,45.52,-16775292,-901772.2481985288,nan,-,-,-,-,Desconexión
1139,45.56,-16775318,118179.84367161244,nan,-,-,-,-,Desconexión
1140,45.6,-16775453,515661.9287403715,nan,-,-,-,-,Desconexión
1141,45.64,-16775578,470448.1451490803,nan,-,-,-,-,Desconexión
1142,45.68,-16775460,374478.8844806317,nan,-,-,-,-,Desconexión
1143,45.72,-16775430,378714.2270076182,nan,-,-,-,-,Desconexión
1144,45.76,-16775330,418889.42807018425,nan,-,-,-,-,Desconexión
1145,45.8,-16775322,420088.51638842246,nan,-,-,-,-,Desconexión
1146,45.84,-16775373,378268.918851895,nan,-,-,-,-,Desconexión
1147,45.88,-16775370,322402.06217266165,nan,-,-,-,-,Desconexión
1148,45.92,-16775400,269674.51292158704,nan,-,-,-,-,Desconexión
1149,45.96,-16775441,220130.18609416735,nan,-,-,-,-,Desconexión
1150,46.0,-16775397,170329.2777195162,nan,-,-,-,-,Desconexión
1151,46.04,-16775526,120968.591467352,nan,-,-,-,-,Desconexión
1152,46.08,-16775430,75186.19393716415,nan,-,-,-,-,Desconexión
1153,46.12,-16775331,35234.65817845042,nan,-,-,-,-,Desconexión
1154,46.16,-16775398,1692.6381514503155,nan,-,-,-,-,Desconexión
1155,46.2,-16775420,-25613.273836511187,nan,-,-,-,-,Desconexión
1156,46.24,-16775465,-46871.787856184994,nan,-,-,-,-,Desconexión
1157,46.28,-16775396,-62281.97968084953,nan,-,-,-,-,Desconexión
1158,46.32,-16775366,-72228.31732642456,nan,-,-,-,-,Desconexión
1159,46.36,-16775342,-77326.69021040486,nan,-,-,-,-,Desconexión
1160,46.4,-16775454,-78306.18003321614,nan,-,-,-,-,Desconexión
1161,46.44,-16775331,-75930.9080638501,nan,-,-,-,-,Desconexión
1162,46.48,-16775358,-70921.31268137426,nan,-,-,-,-,Desconexión
1163,46.52,-16775379,-63984.343320649205,nan,-,-,-,-,Desconexión
1164,46.56,-16775376,-55771.64907480742,nan,-,-,-,-,Desconexión
1165,46.6,-16775421,-46856.80420781967,nan,-,-,-,-,Desconexión
1166,46.64,-16775358,-37736.73083404938,nan,-,-,-,-,Desconexión
1167,46.68,-16775354,-28818.05163852696,nan,-,-,-,-,Desconexión
1168,46.72,-16775345,-20434.218308990166,nan,-,-,-,-,Desconexión
1169,46.76,-16775289,-12830.813382178952,nan,-,-,-,-,Desconexión
1170,46.8,-16775333,-6162.252323320485,nan,-,-,-,-,Desconexión
1171,46.84,-16775322,-522.6906180764927,nan,-,-,-,-,Desconexión
1172,46.88,-16775319,4055.4149439173925,nan,-,-,-,-,Desconexión
1173,46.92,-16775319,7585.903992287145,nan,-,-,-,-,Desconexión
1174,46.96,-16775331,10126.161508777273,nan,-,-,-,-,Desconexión
1175,47.0,-16775287,11761.249530120305,nan,-,-,-,-,Desconexión
1176,47.04,-16775300,12599.234568784454,nan,-,-,-,-,Desconexión
1177,47.08,-16775249,12754.220597847252,nan,-,-,-,-,Desconexión
1178,47.12,-16775272,12360.133432277444,nan,-,-,-,-,Desconexión
1179,47.16,-16775243,11538.822131728972,nan,-,-,-,-,Desconexión
1180,47.2,-16775284,10393.8122193772,nan,-,-,-,-,Desconexión
1181,47.24,-16775292,8998.164976188316,nan,-,-,-,-,Desconexión
1182,47.28,-16775228,7437.752424667948,nan,-,-,-,-,Desconexión
1183,47.32,-16775272,5817.75237065369,nan,-,-,-,-,Desconexión
1184,47.36,-16775244,4203.566342565864,nan,-,-,-,-,Desconexión
1185,47.4,-16775244,2663.3473644458336,nan,-,-,-,-,Desconexión
1186,47.44,-16775276,1330.5822030822474,nan,-,-,-,-,Desconexión
1187,47.48,-16775284,334.3233636693585,nan,-,-,-,-,Desconexión
1188,47.52,-16775274,-338.64014967496223,nan,-,-,-,-,Desconexión
1189,47.56,-16775313,-821.7358654069903,nan,-,-,-,-,Desconexión
1190,47.6,-16775247,-1208.2301251585395,nan,-,-,-,-,Desconexión
1191,47.64,-16775320,-1467.8223773137088,nan,-,-,-,-,Desconexión
1192,47.68,-16775323,-1557.1363279497818,nan,-,-,-,-,Desconexión
1193,47.72,-16775356,-1470.892922627144,nan,-,-,-,-,Desconexión
1194,47.76,-16775282,-1250.9069321693214,nan,-,-,-,-,Desconexión
1195,47.8,-16775309,-2249.9860591269617,nan,-,-,-,-,Desconexión
1196,47.84,-16775230,-675.3071167936475,nan,-,-,-,-,Desconexión
1197,47.88,-16775310,-1655.1682810409675,nan,-,-,-,-,Desconexión
1198,47.92,-16775295,-1429.865602045371,nan,-,-,-,-,Desconexión
1199,47.96,-16775295,-1292.0397238647256,nan,-,-,-,-,Desconexión
1200,48.0,-16775248,-1.7436724358977571,nan,56.0,-,-,-,Desconexión
1201,48.04,-16775277,-1.4407921943736994,nan,-,-,-,-,Desconexión
1202,48.08,-16775278,-0.46916848208654605,nan,-,-,-,-,Desconexión
1203,48.12,-16775265,3.139005770605489,nan,-,-,-,-,Desconexión
1204,48.16,-16775343,10.491705135622432,nan,-,-,-,-,Desconexión
1205,48.2,-16775238,8.461249513326308,nan,-,-,-,-,Desconexión
1206,48.24,-16775296,6.78780231283274,nan,-,-,-,-,Desconexión
1207,48.28,-16775234,-0.21042377936062806,nan,-,-,-,-,Desconexión
1208,48.32,-16775280,-0.7878724627384095,nan,-,-,-,-,Desconexión
1209,48.36,-16775346,2.8162764775476106,nan,-,-,-,-,Desconexión
1210,48.4,-16775230,0.5889074042415423,nan,-,-,-,-,Desconexión
1211,48.44,-16775254,-0.005744492773047227,nan,-,-,-,-,Desconexión
1212,48.48,-16775272,-2.413798878369402,nan,-,-,-,-,Desconexión
1213,48.52,-16775316,-2.327980238939851,nan,-,-,-,-,Desconexión
1214,48.56,-16775300,-1.1263921091784894,nan,-,-,-,-,Desconexión
1215,48.6,-16775276,0.9329520794202892,nan,-,-,-,-,Desconexión
1216,48.64,-16775328,3.2626697310494954,nan,-,-,-,-,Desconexión
1217,48.68,-16775326,0.6998685844670653,nan,-,-,-,-,Desconexión
1218,48.72,-16775312,-2.620510433386253,nan,-,-,-,-,Desconexión
1219,48.76,-16775331,-1.9240057659616987,nan,-,-,-,-,Desconexión
1220,48.8,-16775305,-0.567773093405215,nan,-,-,-,-,Desconexión
1221,48.84,-16775295,-0.7512452645507253,nan,-,-,-,-,Desconexión
1222,48.88,-16775301,-3.663831495311232,nan,-,-,-,-,Desconexión
1223,48.92,-16775241,-8.045310625684671,nan,-,-,-,-,Desconexión
1224,48.96,-16775280,-5.515902807304428,nan,-,-,-,-,Desconexión
1225,49.0,-16775345,-0.31997926136348553,nan,-,-,-,-,Desconexión
1226,49.04,-16775280,-0.5145793325785268,nan,-,-,-,-,Desconexión
1227,49.08,-16775273,0.1815932751207292,nan,-,-,-,-,Desconexión
1228,49.12,-16775276,1.8967725346377255,nan,-,-,-,-,Desconexión
1229,49.16,-16775211,2.098597834543412,nan,-,-,-,-,Desconexión
1230,49.2,-16775258,5.409540903190797,nan,-,-,-,-,Desconexión
1231,49.24,-16775226,4.945889628350498,nan,-,-,-,-,Desconexión
1232,49.28,-16775246,4.565852488414281,nan,-,-,-,-,Desconexión
1233,49.32,-16775341,4.903048424878762,nan,-,-,-,-,Desconexión
1234,49.36,-16775282,-0.13709188769617597,nan,-,-,-,-,Desconexión
1235,49.4,-16775335,0.6380066290579904,nan,-,-,-,-,Desconexión
1236,49.44,-16775293,1.758193024560957,nan,-,-,-,-,Desconexión
1237,49.48,-16775217,2.5024361527223533,nan,-,-,-,-,Desconexión
1238,49.52,-16775241,3.550290536967836,nan,-,-,-,-,Desconexión
1239,49.56,-16775313,2.5888034925388688,nan,-,-,-,-,Desconexión
1240,49.6,-16775302,-2.6617581902597927,nan,-,-,-,-,Desconexión
1241,49.64,-16775231,-9.373860197128941,nan,-,-,-,-,Desconexión
1242,49.68,-16775258,-10.922460643146733,nan,-,-,-,-,Desconexión
1243,49.72,-16775341,-7.230472802400399,nan,-,-,-,-,Desconexión
1244,49.76,-16775249,-5.157697255425376,nan,-,-,-,-,Desconexión
1245,49.8,-16775281,2.8839275714557293,nan,-,-,-,-,Desconexión
1246,49.84,-16775365,10.289518683887891,nan,-,-,-,-,Desconexión
1247,49.88,-16775262,5.980346446074769,nan,-,-,-,-,Desconexión
1248,49.92,-16775334,2.5888239175481775,nan,-,-,-,-,Desconexión
1249,49.96,-16775400,-0.3572880447648501,nan,-,-,-,-,Desconexión
1250,50.0,-16775335,-2.7335508147399175,nan,-,-,-,-,Desconexión
1251,50.04,-16682314,-2925.0730133895267,nan,-,-,-,-,Desconexión
1252,50.08,-16681736,-2703.979737945927,nan,-,-,-,-,Desconexión
1253,50.12,-1177606,-489645.68783522956,nan,-,-,-,-,Desconexión
1254,50.16,-1178383,-448925.5085355686,nan,-,-,-,-,Desconexión
1255,50.2,-1176371,-361363.12166774087,nan,-,-,-,-,Desconexión
1256,50.24,-1164167,-222786.3175880025,nan,-,-,-,-,Desconexión
1257,50.28,-1155701,-44952.452439217595,nan,-,-,-,-,Desconexión
1258,50.32,-1182017,145461.3059475515,nan,-,-,-,-,Desconexión
1259,50.36,-1196146,343325.0264359019,nan,-,-,-,-,Desconexión
1260,50.4,-1201624,613987.0505626793,nan,-,-,-,-,Desconexión
1261,50.44,-1206202,1033888.0117044011,nan,-,-,-,-,Desconexión
1262,50.48,-1206722,1492011.9349463806,nan,-,-,-,-,Desconexión
1263,50.52,-1207185,1600741.6277096393,nan,-,-,-,-,Desconexión
1264,50.56,-1209557,1038358.1908480637,nan,-,-,-,-,Desconexión
1265,50.6,-1212283,30808.530942572514,nan,-,-,-,-,Desconexión
1266,50.64,-1214953,-785769.6992658649,nan,-,-,-,-,Desconexión
1267,50.68,-1216928,-1043952.8649754134,nan,-,-,-,-,Desconexión
1268,50.72,-1219095,-918097.3091555473,nan,-,-,-,-,Desconexión
1269,50.76,-1219939,-742443.2327094954,nan,-,-,-,-,Desconexión
1270,50.8,-1220948,-647582.1757745391,nan,-,-,-,-,Desconexión
1271,50.84,-1221170,-585393.4063310237,nan,-,-,-,-,Desconexión
1272,50.88,-1221172,-498443.4777525292,nan,-,-,-,-,Desconexión
1273,50.92,-1218236,-386488.7587669606,nan,-,-,-,-,Desconexión
1274,50.96,-1204975,-274935.94863048475,nan,-,-,-,-,Desconexión
1275,51.0,-1196710,-177626.26155501953,nan,nan,-,-,-,-
1276,51.04,-1196268,-94238.28074274026,nan,-,-,-,-,-
1277,51.08,-1199756,-21619.044779222226,nan,-,-,-,-,-
1278,51.12,-1204217,40239.36195656459,nan,-,-,-,-,-
1279,51.16,-1207731,89646.44035301008,nan,-,-,-,-,-
1280,51.2,-1208618,125948.62009899225,nan,-,-,-,-,-
1281,51.24,-1208541,150187.6084848583,nan,-,-,-,-,-
1282,51.28,-1210639,164110.14427809702,nan,-,-,-,-,-
1283,51.32,-1212629,169067.6123861294,nan,-,-,-,-,-
1284,51.36,-1216032,166105.17926343705,nan,-,-,-,-,-
1285,51.4,-1219488,156182.93905572378,nan,-,-,-,-,-
1286,51.44,-1218832,140791.55971212866,nan,-,-,-,-,-
1287,51.48,-1222292,122451.97773891695,nan,-,-,-,-,-
1288,51.52,-1223207,103063.09379004358,nan,-,-,-,-,-
1289,51.56,-1223712,83924.60578106242,nan,-,-,-,-,-
1290,51.6,-1218690,65269.708932472044,nan,-,-,-,-,-
1291,51.64,-1206330,47197.30922821464,nan,-,-,-,-,-
1292,51.68,-1196036,30388.21192051019,nan,-,-,-,-,-
1293,51.72,-1195121,15685.227293044329,nan,-,-,-,-,-
1294,51.76,-1199713,3501.138285687659,nan,-,-,-,-,-
1295,51.8,-1206202,-6088.130036103306,nan,-,-,-,-,-
1296,51.84,-1208694,-13435.92799797142,nan,-,-,-,-,-
1297,51.88,-1207700,-18800.62389351998,nan,-,-,-,-,-
1298,51.92,-1207276,-22198.064341232282,nan,-,-,-,-,-
1299,51.96,-1209392,-23660.26201222834,nan,-,-,-,-,-
1300,52.0,-1212732,-23617.70841244336,nan,-,-,-,-,-
1301,52.04,-1215074,-22949.795264596883,nan,-,-,-,-,-
1302,52.08,-1218180,-22382.319928437882,nan,-,-,-,-,-
1303,52.12,-1219175,-22084.65875230177,nan,-,-,-,-,-
1304,52.16,-1220397,-21254.192315245193,nan,-,-,-,-,-
1305,52.2,-1221208,-19137.462386443636,nan,-,-,-,-,-
1306,52.24,-1219863,-15813.310453128197,nan,-,-,-,-,-
1307,52.28,-1219827,-12006.640489470068,nan,-,-,-,-,-
1308,52.32,-1213851,-8842.009616288531,nan,-,-,-,-,-
1309,52.36,-1198038,-6707.22727654819,nan,-,-,-,-,-
1310,52.4,-1196789,-4482.6999665321055,nan,-,-,-,-,-
1311,52.44,-1198131,-2165.3693111765024,nan,-,-,-,-,-
1312,52.48,-1203138,301.4930475959991,nan,-,-,-,-,-
1313,52.52,-1207516,2486.5670058365868,nan,-,-,-,-,-
1314,52.56,-1206915,3972.199907163651,nan,-,-,-,-,-
1315,52.6,-1206525,4926.045910662158,nan,-,-,-,-,-
1316,52.64,-1209342,5683.203037676027,nan,-,-,-,-,-
1317,52.68,-1211339,6277.942620012402,nan,-,-,-,-,-
1318,52.72,-1213593,6538.897911015967,nan,-,-,-,-,-
1319,52.76,-1216950,5992.615254968952,nan,-,-,-,-,-
1320,52.8,-1217734,4292.442619226375,nan,-,-,-,-,-
1321,52.84,-1218915,2095.180887011843,nan,-,-,-,-,-
1322,52.88,-1219555,404.3152146968723,nan,-,-,-,-,-
1323,52.92,-1219699,-206.06900525191577,nan,-,-,-,-,-
1324,52.96,-1220195,-25.81673148504342,nan,-,-,-,-,-
1325,53.0,-1217330,120.68014679071257,nan,-,-,-,-,-
1326,53.04,-1204623,-294.81211852708384,nan,-,-,-,-,-
1327,53.08,-1196341,-1829.5214822755934,nan,-,-,-,-,-
1328,53.12,-1195556,-1692.02796140614,nan,-,-,-,-,-
1329,53.16,-1199114,-1079.0425424663117,nan,-,-,-,-,-
1330,53.2,-1204168,-222.7317180452551,nan,-,-,-,-,-
1331,53.24,-1208074,575.8993530722864,nan,-,-,-,-,-
1332,53.28,-1207007,1081.1112366396865,nan,-,-,-,-,-
1333,53.32,-1207186,1550.8997319036262,nan,-,-,-,-,-
1334,53.36,-1210495,2179.298211796189,nan,-,-,-,-,-
1335,53.4,-1214008,2801.4734332962844,nan,-,-,-,-,-
1336,53.44,-1215471,2906.5550075083365,nan,-,-,-,-,-
1337,53.48,-1217428,2089.4336417773557,nan,-,-,-,-,-
1338,53.52,-1217655,373.0550930934992,nan,-,-,-,-,-
1339,53.56,-1218289,-1349.8236697662078,nan,-,-,-,-,-
1340,53.6,-1218869,-2217.3070172088087,nan,-,-,-,-,-
1341,53.64,-1219195,-2071.223750260141,nan,-,-,-,-,-
1342,53.68,-1219837,-1458.371098394924,nan,-,-,-,-,-
1343,53.72,-1214762,-1223.4061730736912,nan,-,-,-,-,-
1344,53.76,-1200081,-1638.723841020963,nan,-,-,-,-,-
1345,53.8,-1196384,-1706.93542998247,nan,-,-,-,-,-
1346,53.84,-1198852,-1255.8031661861924,nan,-,-,-,-,-
1347,53.88,-1202782,-468.27148206148433,nan,-,-,-,-,-
1348,53.92,-1207730,368.46463076929376,nan,-,-,-,-,-
1349,53.96,-1207667,858.4592299703054,nan,-,-,-,-,-
1350,54.0,-1207131,1170.2221836381486,60,60.0,-,-,-,-
1351,54.04,-1210887,1643.851037013077,60,-,-,-,-,-
1352,54.08,-1213083,2216.4476436089535,60,-,-,-,-,-
1353,54.12,-1215613,2730.3540235547407,60,-,-,-,-,-
1354,54.16,-1217162,2577.63588457458,60,-,-,-,-,-
1355,54.2,-1216726,1353.682232738366,60,-,-,-,-,-
1356,54.24,-1218548,-382.54480106913184,60,-,-,-,-,-
1357,54.28,-1218793,-1759.6558349527368,60,-,-,-,-,-
1358,54.32,-1219652,-2083.555313624441,60,-,-,-,-,-
1359,54.36,-1219147,-1686.846820818862,60,-,-,-,-,-
1360,54.4,-1216837,-1288.2548846250202,60,-,-,-,-,-
1361,54.44,-1204500,-1514.7334778779568,60,-,-,-,-,-
1362,54.48,-1195591,-1737.229874989207,60,-,-,-,-,-
1363,54.52,-1195693,-1434.2900850962542,60,-,-,-,-,-
1364,54.56,-1199761,-716.0473959716076,60,-,-,-,-,-
1365,54.6,-1204174,77.6370984280029,60,-,-,-,-,-
1366,54.64,-1208022,710.8135881243807,60,-,-,-,-,-
1367,54.68,-1208804,1101.208371888455,60,-,-,-,-,-
1368,54.72,-1206623,1410.3539677356348,60,-,-,-,-,-
1369,54.76,-1209161,2008.347269108779,60,-,-,-,-,-
1370,54.8,-1212463,2630.490583224946,60,-,-,-,-,-
1371,54.84,-1214313,2738.4654364262997,60,-,-,-,-,-
1372,54.88,-1216902,1936.3063075783057,60,-,-,-,-,-
1373,54.92,-1217985,268.6248097862208,60,-,-,-,-,-
1374,54.96,-1218480,-1410.7719541699385,60,-,-,-,-,-
1375,55.0,-1219346,-2210.359320412906,60,-,-,-,-,-
1376,55.04,-1220068,-1994.0119099728688,60,-,-,-,-,-
1377,55.08,-1219430,-1357.5999359467705,60,-,-,-,-,-
1378,55.12,-1218753,-919.1166924736103,60,-,-,-,-,-
1379,55.16,-1207537,-1236.359074718006,60,-,-,-,-,-
1380,55.2,-1196441,-1689.658249852424,60,-,-,-,-,-
1381,55.24,-1194246,-1603.9121194366144,60,-,-,-,-,-
1382,55.28,-1197678,-971.3836753876512,60,-,-,-,-,-
1383,55.32,-1201309,-155.03106704472475,60,-,-,-,-,-
1384,55.36,-1206399,644.9724387502356,60,-,-,-,-,-
1385,55.4,-1207408,1154.6230307113628,60,-,-,-,-,-
1386,55.44,-1206293,1524.5000895756211,60,-,-,-,-,-
1387,55.48,-1208158,2069.745692367971,60,-,-,-,-,-
1388,55.52,-1210409,2679.866421941403,60,-,-,-,-,-
1389,55.56,-1211997,2937.004705504931,60,-,-,-,-,-
1390,55.6,-1215858,2403.7494575406345,60,-,-,-,-,-
1391,55.64,-1217825,865.6224514406977,60,-,-,-,-,-
1392,55.68,-1219280,-944.419437007165,60,-,-,-,-,-
1393,55.72,-1219764,-2099.5422381675494,60,-,-,-,-,-
1394,55.76,-1220704,-2184.495673793879,60,-,-,-,-,-
1395,55.8,-1220112,-1663.6009677713482,60,-,-,-,-,-
1396,55.84,-1220863,-1109.8789895336572,60,-,-,-,-,-
1397,55.88,-1216269,-1090.335790140578,60,-,-,-,-,-
1398,55.92,-1201958,-1622.1951479477539,60,-,-,-,-,-
1399,55.96,-1195189,-1817.1847678090762,60,-,-,-,-,-
1400,56.0,-1195959,-1468.3181327314815,60,-,-,-,-,-
1401,56.04,-1200071,-731.2716629363332,60,-,-,-,-,-
1402,56.08,-1204061,121.02210618755089,60,-,-,-,-,-
1403,56.12,-1207903,904.7700469691663,60,-,-,-,-,-
1404,56.16,-1207123,1394.3987666576159,60,-,-,-,-,-
1405,56.2,-1209160,1911.5767238194467,60,-,-,-,-,-
1406,56.24,-1212104,2516.513417197506,60,-,-,-,-,-
1407,56.28,-1214884,3043.972542470611,60,-,-,-,-,-
1408,56.32,-1215407,2930.3432959416223,60,-,-,-,-,-
1409,56.36,-1217431,1857.496457257188,60,-,-,-,-,-
1410,56.4,-1218753,15.316194174354678,60,-,-,-,-,-
1411,56.44,-1218456,-1688.4040292800828,60,-,-,-,-,-
1412,56.48,-1220917,-2330.7045205487357,60,-,-,-,-,-
1413,56.52,-1220614,-2116.8423483868532,60,-,-,-,-,-
1414,56.56,-1217789,-1654.0748016627786,60,-,-,-,-,-
1415,56.6,-1205343,-1680.3422429082184,60,-,-,-,-,-
1416,56.64,-1197821,-1751.6571932577117,60,-,-,-,-,-
1417,56.68,-1195481,-1582.467503118567,60,-,-,-,-,-
1418,56.72,-1198659,-997.5018502543876,60,-,-,-,-,-
1419,56.76,-1202280,-258.3655807739369,60,-,-,-,-,-
1420,56.8,-1207105,473.45813894743515,60,-,-,-,-,-
1421,56.84,-1207647,962.673606983426,60,-,-,-,-,-
1422,56.88,-1206006,1381.98331170873,60,-,-,-,-,-
1423,56.92,-1207885,2039.659496540664,60,-,-,-,-,-
1424,56.96,-1211591,2766.289720442858,60,-,-,-,-,-
1425,57.0,-1213051,2960.8264872094705,55,57.5,-,-,-,-
1426,57.04,-1217687,2316.303079066257,55,-,-,-,-,-
1427,57.08,-1219055,716.5058370708102,55,-,-,-,-,-
1428,57.12,-1219641,-998.2510546102612,55,-,-,-,-,-
1429,57.16,-1218339,-2038.6477663875303,55,-,-,-,-,-
1430,57.2,-1219526,-2031.7440435624037,55,-,-,-,-,-
1431,57.24,-1218220,-1558.439085681508,55,-,-,-,-,-
1432,57.28,-1213217,-1268.3323789427513,55,-,-,-,-,-
1433,57.32,-1198248,-1650.46450849981,55,-,-,-,-,-
1434,57.36,-1195587,-1801.7637504481372,55,-,-,-,-,-
1435,57.4,-1198188,-1571.8349847349737,55,-,-,-,-,-
1436,57.44,-1202657,-889.2556939391288,55,-,-,-,-,-
1437,57.48,-1206468,38.616201824209384,55,-,-,-,-,-
1438,57.52,-1207589,872.3356089029921,55,-,-,-,-,-
1439,57.56,-1206422,1434.9508844711295,55,-,-,-,-,-
1440,57.6,-1206240,1869.995293665108,55,-,-,-,-,-
1441,57.64,-1211155,2450.293609099217,55,-,-,-,-,-
1442,57.68,-1213584,2813.078417738344,55,-,-,-,-,-
1443,57.72,-1215843,2548.0522782242006,55,-,-,-,-,-
1444,57.76,-1216498,1286.0531912422489,55,-,-,-,-,-
1445,57.8,-1218748,-425.27208860555174,55,-,-,-,-,-
1446,57.84,-1218114,-1755.2587113204572,55,-,-,-,-,-
1447,57.88,-1220102,-1952.5443086562427,55,-,-,-,-,-
1448,57.92,-1219091,-1502.071055641136,55,-,-,-,-,-
1449,57.96,-1218555,-1026.5985830545178,55,-,-,-,-,-
1450,58.0,-1214038,-1093.4718455236862,55,-,-,-,-,-
1451,58.04,-1199956,-1711.0440758244913,55,-,-,-,-,-
1452,58.08,-1195620,-1812.7756213364028,55,-,-,-,-,-
1453,58.12,-1196645,-1325.6124267077012,55,-,-,-,-,-
1454,58.16,-1200865,-487.5224323652032,55,-,-,-,-,-
1455,58.2,-1205967,343.2331504582853,55,-,-,-,-,-
1456,58.24,-1207688,904.0005869624129,55,-,-,-,-,-
1457,58.28,-1206325,1266.5080231213951,55,-,-,-,-,-
1458,58.32,-1207044,1729.359511386011,55,-,-,-,-,-
1459,58.36,-1211071,2372.237196927411,55,-,-,-,-,-
1460,58.4,-1212849,2792.8189988478525,55,-,-,-,-,-
1461,58.44,-1214104,2571.303542574431,55,-,-,-,-,-
1462,58.48,-1215947,1433.0208024024469,55,-,-,-,-,-
1463,58.52,-1217831,-280.48820049375536,55,-,-,-,-,-
1464,58.56,-1219572,-1672.1727597604338,55,-,-,-,-,-
1465,58.6,-1220507,-2103.7667406191877,55,-,-,-,-,-
1466,58.64,-1220979,-1704.2766553677027,55,-,-,-,-,-
1467,58.68,-1218838,-1216.084486897394,55,-,-,-,-,-
1468,58.72,-1215306,-1104.3763795595323,55,-,-,-,-,-
1469,58.76,-1200009,-1644.4090637050049,55,-,-,-,-,-
1470,58.8,-1195330,-1739.3708034224437,55,-,-,-,-,-
1471,58.84,-1195998,-1355.370655237628,55,-,-,-,-,-
1472,58.88,-1200858,-646.0778715717312,55,-,-,-,-,-
1473,58.92,-1204450,31.16515699016327,55,-,-,-,-,-
1474,58.96,-1207194,642.8579197929257,55,-,-,-,-,-
1475,59.0,-1206510,1162.24589120167,55,-,-,-,-,-
1476,59.04,-1207697,1813.3785127443407,55,-,-,-,-,-
1477,59.08,-1210814,2557.7425078490587,55,-,-,-,-,-
1478,59.12,-1212565,3033.6258266335362,55,-,-,-,-,-
1479,59.16,-1215436,2857.165783088625,55,-,-,-,-,-
1480,59.2,-1217526,1675.7323059809733,55,-,-,-,-,-
1481,59.24,-1219164,-126.60543008836066,55,-,-,-,-,-
1482,59.28,-1218520,-1688.2852695916354,55,-,-,-,-,-
1483,59.32,-1220083,-2191.186095865871,55,-,-,-,-,-
1484,59.36,-1220136,-1881.6749549126046,55,-,-,-,-,-
1485,59.4,-1219091,-1387.366774372651,55,-,-,-,-,-
1486,59.44,-1215025,-1250.8226952273753,55,-,-,-,-,-
1487,59.48,-1201433,-1668.946022404407,55,-,-,-,-,-
1488,59.52,-1195544,-1781.2712814869483,55,-,-,-,-,-
1489,59.56,-1196599,-1391.374347857235,55,-,-,-,-,-
1490,59.6,-1200249,-661.64253286833,55,-,-,-,-,-
1491,59.64,-1205358,199.20515762572632,55,-,-,-,-,-
1492,59.68,-1208780,918.6298565763445,55,-,-,-,-,-
1493,59.72,-1207009,1330.2188239235302,55,-,-,-,-,-
1494,59.76,-1206975,1759.459073214428,55,-,-,-,-,-
1495,59.8,-1209794,2348.3449791178846,55,-,-,-,-,-
1496,59.84,-1211869,2815.625442584541,55,-,-,-,-,-
1497,59.88,-1215015,2735.846948360175,55,-,-,-,-,-
1498,59.92,-1216816,1662.1567680775806,55,-,-,-,-,-
1499,59.96,-1218367,-76.20945282227922,55,-,-,-,-,-
1500,60.0,-1218393,-1630.6615527416789,57,57.333333333333336,-,-,-,-
1501,60.04,-1221370,-2129.7715255297403,57,-,-,-,-,-
1502,60.08,-1219203,-1865.5403845922424,57,-,-,-,-,-
1503,60.12,-1209641,-1535.5238040657769,57,-,-,-,-,-
1504,60.16,-1197696,-1554.5657625188614,57,-,-,-,-,-
1505,60.2,-1194733,-1628.982040945457,57,-,-,-,-,-
1506,60.24,-1198911,-1472.9708868403623,57,-,-,-,-,-
1507,60.28,-1201658,-1050.9896522404658,57,-,-,-,-,-
1508,60.32,-1206167,-276.8034149829291,57,-,-,-,-,-
1509,60.36,-1207286,456.02074259494384,57,-,-,-,-,-
1510,60.4,-1206633,1069.1455403765267,57,-,-,-,-,-
1511,60.44,-1210060,1827.9348882262448,57,-,-,-,-,-
1512,60.48,-1212524,2604.060010598566,57,-,-,-,-,-
1513,60.52,-1214958,3080.9321995999344,57,-,-,-,-,-
1514,60.56,-1216687,2649.380657711973,57,-,-,-,-,-
1515,60.6,-1218024,1170.6731152230896,57,-,-,-,-,-
1516,60.64,-1218275,-687.8877603696326,57,-,-,-,-,-
1517,60.68,-1218836,-1891.9784873114156,57,-,-,-,-,-
1518,60.72,-1219624,-2052.1458621390684,57,-,-,-,-,-
1519,60.76,-1219700,-1608.900268204145,57,-,-,-,-,-
1520,60.8,-1217854,-1241.072172257585,57,-,-,-,-,-
1521,60.84,-1210022,-1345.9091129172575,57,-,-,-,-,-
1522,60.88,-1198022,-1675.3123690429693,57,-,-,-,-,-
1523,60.92,-1195484,-1495.0489076500035,57,-,-,-,-,-
1524,60.96,-1196681,-918.3413432548232,57,-,-,-,-,-
1525,61.0,-1200046,-154.7141142598589,57,-,-,-,-,-
1526,61.04,-1205019,589.3085295014525,57,-,-,-,-,-
1527,61.08,-1207363,1104.4919127936018,57,-,-,-,-,-
1528,61.12,-1205939,1431.2363643418385,57,-,-,-,-,-
1529,61.16,-1210024,2005.5700633514052,57,-,-,-,-,-
1530,61.2,-1211205,2548.692550079136,57,-,-,-,-,-
1531,61.24,-1215054,2911.5109011357554,57,-,-,-,-,-
1532,61.28,-1216353,2437.082261327907,57,-,-,-,-,-
1533,61.32,-1217157,1048.621219548973,57,-,-,-,-,-
1534,61.36,-1218143,-699.1348536807764,57,-,-,-,-,-
1535,61.4,-1219025,-1965.8094231211992,57,-,-,-,-,-
1536,61.44,-1220583,-2274.331330677175,57,-,-,-,-,-
1537,61.48,-1219157,-1971.7593134399845,57,-,-,-,-,-
1538,61.52,-1218095,-1514.3306372907673,57,-,-,-,-,-
1539,61.56,-1212087,-1435.5871975179325,57,-,-,-,-,-
1540,61.6,-1198201,-1758.9212903880434,57,-,-,-,-,-
1541,61.64,-1195422,-1591.0402850403007,57,-,-,-,-,-
1542,61.68,-1198172,-982.1480228162673,57,-,-,-,-,-
1543,61.72,-1201818,-212.24250483102514,57,-,-,-,-,-
1544,61.76,-1207167,544.4214283723204,57,-,-,-,-,-
1545,61.8,-1206445,969.7185180199021,57,-,-,-,-,-
1546,61.84,-1207040,1394.8202311074283,57,-,-,-,-,-
1547,61.88,-1209831,1968.2982653498984,57,-,-,-,-,-
1548,61.92,-1211237,2539.580953431533,57,-,-,-,-,-
1549,61.96,-1213581,2874.440571926979,57,-,-,-,-,-
1550,62.0,-1214736,2436.95556138986,57,-,-,-,-,-
1551,62.04,-1215557,1078.2836341410898,57,-,-,-,-,-
1552,62.08,-1218040,-621.8445282262344,57,-,-,-,-,-
1553,62.12,-1219061,-1850.1525913910723,57,-,-,-,-,-
1554,62.16,-1218706,-2113.5068791012477,57,-,-,-,-,-
1555,62.2,-1219009,-1660.0702257616965,57,-,-,-,-,-
1556,62.24,-1219379,-1167.581131289745,57,-,-,-,-,-
1557,62.28,-1214635,-1134.7395683084687,57,-,-,-,-,-
1558,62.32,-1200610,-1540.679464436098,57,-,-,-,-,-
1559,62.36,-1195695,-1513.8342807618428,57,-,-,-,-,-
1560,62.4,-1196459,-1093.795010932934,57,-,-,-,-,-
1561,62.44,-1201186,-447.96472432346235,57,-,-,-,-,-
1562,62.48,-1205154,174.8786090905969,57,-,-,-,-,-
1563,62.52,-1208078,744.2732583697589,57,-,-,-,-,-
1564,62.56,-1207363,1182.612142329308,57,-,-,-,-,-
1565,62.6,-1206705,1635.1140406569398,57,-,-,-,-,-
1566,62.64,-1210779,2279.7047203803204,57,-,-,-,-,-
1567,62.68,-1211992,2716.600847674428,57,-,-,-,-,-
1568,62.72,-1213955,2605.626685227985,57,-,-,-,-,-
1569,62.76,-1217611,1600.148048787115,57,-,-,-,-,-
1570,62.8,-1219781,-102.96244200341107,57,-,-,-,-,-
1571,62.84,-1219058,-1635.6788668306724,57,-,-,-,-,-
1572,62.88,-1219233,-2165.3207509014474,57,-,-,-,-,-
1573,62.92,-1219180,-1817.4137303245325,57,-,-,-,-,-
1574,62.96,-1219891,-1205.6433266812537,57,-,-,-,-,-
1575,63.0,-1213658,-1107.604781515306,57,57.25,-,-,-,-
1576,63.04,-1195233,-1716.4397307926774,57,-,-,-,-,-
1577,63.08,-1195718,-1709.6743197479009,57,-,-,-,-,-
1578,63.12,-1199959,-1307.7023654105706,57,-,-,-,-,-
1579,63.16,-1203066,-647.8065356993416,57,-,-,-,-,-
1580,63.2,-1208019,226.58246455877907,57,-,-,-,-,-
1581,63.24,-1207163,884.5913114316909,57,-,-,-,-,-
1582,63.28,-1207351,1421.2154273233782,57,-,-,-,-,-
1583,63.32,-1209344,1918.3745497603504,57,-,-,-,-,-
1584,63.36,-1211446,2457.9273164794768,57,-,-,-,-,-
1585,63.4,-1214517,2889.422465240221,57,-,-,-,-,-
1586,63.44,-1216025,2542.718224023639,57,-,-,-,-,-
1587,63.48,-1218450,1164.4598478691278,57,-,-,-,-,-
1588,63.52,-1218151,-755.6529380063137,57,-,-,-,-,-
1589,63.56,-1219177,-1970.8640391106683,57,-,-,-,-,-
1590,63.6,-1219200,-2062.7952663259634,57,-,-,-,-,-
1591,63.64,-1219862,-1469.904829688266,57,-,-,-,-,-
1592,63.68,-1217605,-1072.3374039022515,57,-,-,-,-,-
1593,63.72,-1207821,-1308.8505662509488,57,-,-,-,-,-
1594,63.76,-1196325,-1743.0720394656219,57,-,-,-,-,-
1595,63.8,-1195359,-1620.5100730806935,57,-,-,-,-,-
1596,63.84,-1199938,-987.8158074743842,57,-,-,-,-,-
1597,63.88,-1203262,-208.20884577557354,57,-,-,-,-,-
1598,63.92,-1207103,558.3941369799004,57,-,-,-,-,-
1599,63.96,-1207840,1076.2307724127422,57,-,-,-,-,-
1600,64.0,-1207084,1450.080736337598,57,-,-,-,-,-
1601,64.04,-1209476,1980.0859011254552,57,-,-,-,-,-
1602,64.08,-1211547,2547.8685609096447,57,-,-,-,-,-
1603,64.12,-1214101,2799.878665196309,57,-,-,-,-,-
1604,64.16,-1215916,2169.64500854625,57,-,-,-,-,-
1605,64.2,-1217319,627.4529081080159,57,-,-,-,-,-
1606,64.24,-1217128,-1128.7510531320586,57,-,-,-,-,-
1607,64.28,-1218378,-2078.3100184267873,57,-,-,-,-,-
1608,64.32,-1218711,-2030.8436749777395,57,-,-,-,-,-
1609,64.36,-1219686,-1434.623196868772,57,-,-,-,-,-
1610,64.4,-1218471,-1024.6837818863705,57,-,-,-,-,-
1611,64.44,-1210067,-1190.875806098442,57,-,-,-,-,-
1612,64.48,-1198085,-1597.1534400217442,57,-,-,-,-,-
1613,64.52,-1195319,-1513.6216189680672,57,-,-,-,-,-
1614,64.56,-1197334,-978.9415973995265,57,-,-,-,-,-
1615,64.6,-1201743,-207.8716033287078,57,-,-,-,-,-
1616,64.64,-1207096,542.4499358076337,57,-,-,-,-,-
1617,64.68,-1205985,929.614252286492,57,-,-,-,-,-
1618,64.72,-1205607,1262.146565580856,57,-,-,-,-,-
1619,64.76,-1207760,1771.4471961436502,57,-,-,-,-,-
1620,64.8,-1209339,2382.6257549979973,57,-,-,-,-,-
1621,64.84,-1212354,2816.7733847400395,57,-,-,-,-,-
1622,64.88,-1215606,2479.658052058825,57,-,-,-,-,-
1623,64.92,-1217270,1125.811071332725,57,-,-,-,-,-
1624,64.96,-1218641,-624.8849973939027,57,-,-,-,-,-
1625,65.0,-1219867,-1822.7659636123155,57,-,-,-,-,-
1626,65.04,-1220892,-1996.7075838575647,57,-,-,-,-,-
1627,65.08,-1219211,-1567.7400136706478,57,-,-,-,-,-
1628,65.12,-1218155,-1127.5094470193499,57,-,-,-,-,-
1629,65.16,-1208669,-1340.3538692366255,57,-,-,-,-,-
1630,65.2,-1197365,-1821.5020125716965,57,-,-,-,-,-
1631,65.24,-1194458,-1860.89746570444,57,-,-,-,-,-
1632,65.28,-1196613,-1379.7657128138735,57,-,-,-,-,-
1633,65.32,-1200447,-577.8225944571054,57,-,-,-,-,-
1634,65.36,-1207041,369.3834822564286,57,-,-,-,-,-
1635,65.4,-1208063,1050.7162332359967,57,-,-,-,-,-
1636,65.44,-1206754,1576.1812858194917,57,-,-,-,-,-
1637,65.48,-1208505,2198.5121661448247,57,-,-,-,-,-
1638,65.52,-1210608,2786.2129749386804,57,-,-,-,-,-
1639,65.56,-1213351,3034.9990642701487,57,-,-,-,-,-
1640,65.6,-1215287,2461.5361564586256,57,-,-,-,-,-
1641,65.64,-1216920,989.8419442253767,57,-,-,-,-,-
1642,65.68,-1217325,-837.903616726266,57,-,-,-,-,-
1643,65.72,-1218706,-2066.4117375217343,57,-,-,-,-,-
1644,65.76,-1218564,-2306.5474837696793,57,-,-,-,-,-
1645,65.8,-1219356,-1749.5440700567083,57,-,-,-,-,-
1646,65.84,-1218215,-1154.4403967380608,57,-,-,-,-,-
1647,65.88,-1211964,-1081.797002983284,57,-,-,-,-,-
1648,65.92,-1195658,-1620.6547701126146,57,-,-,-,-,-
1649,65.96,-1194861,-1576.2493999879516,57,-,-,-,-,-
1650,66.0,-1198058,-1086.1839599293662,60,57.25,-,-,-,Minimo
1651,66.04,-1202032,-333.845941106807,60,-,-,-,-,Minimo
1652,66.08,-1205756,419.82309240114773,60,-,-,-,-,Minimo
1653,66.12,-1206889,954.2592371990249,60,-,-,-,-,Minimo
1654,66.16,-1205882,1319.5931277765376,60,-,-,-,-,Minimo
1655,66.2,-1208949,1866.2761584449263,60,-,-,-,-,Minimo
1656,66.24,-1212648,2531.0662134203703,60,-,-,-,-,Minimo
1657,66.28,-1215134,2947.0861758568653,60,-,-,-,-,Minimo
1658,66.32,-1216785,2549.7081646041843,60,-,-,-,-,Minimo
1659,66.36,-1218030,1114.7926165659742,60,-,-,-,-,Minimo
1660,66.4,-1218848,-748.4150357598758,60,-,-,-,-,Minimo
1661,66.44,-1219128,-2009.6165999568734,60,-,-,-,-,Minimo
1662,66.48,-1219441,-2181.37931900925,60,-,-,-,-,Minimo
1663,66.52,-1218810,-1720.3182128744334,60,-,-,-,-,Minimo
1664,66.56,-1215194,-1400.4817171122513,60,-,-,-,-,Minimo
1665,66.6,-1198108,-1836.1140649782647,60,-,-,-,-,Minimo
1666,66.64,-1195810,-1867.760614967634,60,-,-,-,-,Minimo
1667,66.68,-1196548,-1519.7245884193744,60,-,-,-,-,Minimo
1668,66.72,-1200761,-726.7467778440205,60,-,-,-,-,Minimo
1669,66.76,-1205110,170.42131136045828,60,-,-,-,-,Minimo
1670,66.8,-1206535,840.850191598377,60,-,-,-,-,Minimo
1671,66.84,-1204821,1248.2912513952406,60,-,-,-,-,Minimo
1672,66.88,-1207263,1771.4052184782067,60,-,-,-,-,Minimo
1673,66.92,-1209695,2385.053772964916,60,-,-,-,-,Minimo
1674,66.96,-1213679,2940.137911837005,60,-,-,-,-,Minimo
1675,67.0,-1215296,2776.386147143591,60,-,-,-,-,Minimo
1676,67.04,-1216055,1573.6657633801033,60,-,-,-,-,Minimo
1677,67.08,-1217547,-216.71663852603115,60,-,-,-,-,Minimo
1678,67.12,-1218903,-1640.087458606104,60,-,-,-,-,Minimo
1679,67.16,-1218796,-2085.857415808612,60,-,-,-,-,Minimo
1680,67.2,-1218765,-1720.2177565354664,60,-,-,-,-,Minimo
1681,67.24,-1218362,-1256.2576014903857,60,-,-,-,-,Minimo
1682,67.28,-1210121,-1379.1060848391462,60,-,-,-,-,Minimo
1683,67.32,-1197262,-1858.6008896825533,60,-,-,-,-,Minimo
1684,67.36,-1195847,-1780.9274571968763,60,-,-,-,-,Minimo
1685,67.4,-1197276,-1237.2102892807297,60,-,-,-,-,Minimo
1686,67.44,-1203917,-317.87851881554525,60,-,-,-,-,Minimo
1687,67.48,-1208270,469.47406753673204,60,-,-,-,-,Minimo
1688,67.52,-1207720,938.07494190526,60,-,-,-,-,Minimo
1689,67.56,-1206237,1304.6724984599655,60,-,-,-,-,Minimo
1690,67.6,-1208619,1856.0425167452759,60,-,-,-,-,Minimo
1691,67.64,-1211912,2485.941923229416,60,-,-,-,-,Minimo
1692,67.68,-1214459,2831.715907041831,60,-,-,-,-,Minimo
1693,67.72,-1215131,2351.944909918196,60,-,-,-,-,Minimo
1694,67.76,-1217683,988.0111823307952,60,-,-,-,-,Minimo
1695,67.8,-1218007,-810.3572598131439,60,-,-,-,-,Minimo
1696,67.84,-1218981,-1972.5923142669608,60,-,-,-,-,Minimo
1697,67.88,-1218682,-2073.587328452263,60,-,-,-,-,Minimo
1698,67.92,-1219125,-1448.4379934665044,60,-,-,-,-,Minimo
1699,67.96,-1214327,-1069.8575788225207,60,-,-,-,-,Minimo
1700,68.0,-1200935,-1416.4661393594288,60,-,-,-,-,Minimo
1701,68.04,-1195215,-1696.3950425164949,60,-,-,-,-,Minimo
1702,68.08,-1193874,-1569.5335490933521,60,-,-,-,-,Minimo
1703,68.12,-1199529,-843.200856442954,60,-,-,-,-,Minimo
1704,68.16,-1204879,22.022802257598414,60,-,-,-,-,Minimo
1705,68.2,-1208034,731.8535503883768,60,-,-,-,-,Minimo
1706,68.24,-1207131,1184.7157362199705,60,-,-,-,-,Minimo
1707,68.28,-1206957,1643.0767711406052,60,-,-,-,-,Minimo
1708,68.32,-1210049,2276.7825295652656,60,-,-,-,-,Minimo
1709,68.36,-1211920,2781.9493379511478,60,-,-,-,-,Minimo
1710,68.4,-1216135,2797.791330634406,60,-,-,-,-,Minimo
1711,68.44,-1217806,1759.806648042766,60,-,-,-,-,Minimo
1712,68.48,-1217619,-70.32343464783776,60,-,-,-,-,Minimo
1713,68.52,-1218930,-1688.6372372391943,60,-,-,-,-,Minimo
1714,68.56,-1220077,-2336.2799671263956,60,-,-,-,-,Minimo
1715,68.6,-1218865,-2042.3676709479064,60,-,-,-,-,Minimo
1716,68.64,-1218818,-1341.5435117664947,60,-,-,-,-,Minimo
1717,68.68,-1213702,-1094.0576641639736,60,-,-,-,-,Minimo
1718,68.72,-1199983,-1532.6338388832264,60,-,-,-,-,Minimo
1719,68.76,-1195301,-1723.7192858719882,60,-,-,-,-,Minimo
1720,68.8,-1196670,-1388.8611492512337,60,-,-,-,-,Minimo
1721,68.84,-1200869,-599.7725287314404,60,-,-,-,-,Minimo
1722,68.88,-1206705,346.46226331268554,60,-,-,-,-,Minimo
1723,68.92,-1207920,993.8190705506522,60,-,-,-,-,Minimo
1724,68.96,-1205616,1348.2277868791352,60,-,-,-,-,Minimo
1725,69.0,-1207954,1832.8781380374503,53,56.75,-,-,-,Minimo
1726,69.04,-1211680,2438.5292381640456,53,-,-,-,-,Minimo
1727,69.08,-1213538,2847.285204722585,53,-,-,-,-,Minimo
1728,69.12,-1214978,2615.019359923178,53,-,-,-,-,Minimo
1729,69.16,-1218971,1514.6736595726807,53,-,-,-,-,Minimo
1730,69.2,-1220288,-257.98014523677693,53,-,-,-,-,Minimo
1731,69.24,-1220609,-1724.1266894070457,53,-,-,-,-,Minimo
1732,69.28,-1220158,-2199.031323133418,53,-,-,-,-,Minimo
1733,69.32,-1219988,-1803.3436058040988,53,-,-,-,-,Minimo
1734,69.36,-1214273,-1430.0676938140032,53,-,-,-,-,Minimo
1735,69.4,-1199990,-1674.9410572495744,53,-,-,-,-,Minimo
1736,69.44,-1196366,-1817.960276425003,53,-,-,-,-,Minimo
1737,69.48,-1196876,-1672.2423559652862,53,-,-,-,-,Minimo
1738,69.52,-1200734,-1081.990144494429,53,-,-,-,-,Minimo
1739,69.56,-1204864,-267.74697266424846,53,-,-,-,-,Minimo
1740,69.6,-1208692,578.0982835125542,53,-,-,-,-,Minimo
1741,69.64,-1206068,1179.1332153054636,53,-,-,-,-,Minimo
1742,69.68,-1208048,1889.8199286044228,53,-,-,-,-,Minimo
1743,69.72,-1210239,2559.4447308595454,53,-,-,-,-,Minimo
1744,69.76,-1213775,3035.950250676673,53,-,-,-,-,Minimo
1745,69.8,-1216017,2810.071523725368,53,-,-,-,-,Minimo
1746,69.84,-1218140,1639.7595664827804,53,-,-,-,-,Minimo
1747,69.88,-1218285,-159.96127548478262,53,-,-,-,-,Minimo
1748,69.92,-1219040,-1616.8573718374748,53,-,-,-,-,Minimo
1749,69.96,-1219104,-2139.9295913212773,53,-,-,-,-,Minimo
1750,70.0,-1219447,-1815.6120771204096,53,-,-,-,-,Minimo
1751,70.04,-1217950,-1325.3348759647442,53,-,-,-,-,Minimo
1752,70.08,-1209671,-1326.6112350670846,53,-,-,-,-,Minimo
1753,70.12,-1198369,-1704.524836525885,53,-,-,-,-,Minimo
1754,70.16,-1194942,-1755.249622289697,53,-,-,-,-,Minimo
1755,70.2,-1197348,-1267.29025890904,53,-,-,-,-,Minimo
1756,70.24,-1203141,-374.38580832084017,53,-,-,-,-,Minimo
1757,70.28,-1207397,500.766471213803,53,-,-,-,-,Minimo
1758,70.32,-1207537,1072.9445157256414,53,-,-,-,-,Minimo
1759,70.36,-1206585,1451.2477339891466,53,-,-,-,-,Minimo
1760,70.4,-1209688,1962.390909270116,53,-,-,-,-,Minimo
1761,70.44,-1211866,2499.537952818673,53,-,-,-,-,Minimo
1762,70.48,-1214267,2807.9001672210943,53,-,-,-,-,Minimo
1763,70.52,-1216295,2358.048334121895,53,-,-,-,-,Minimo
1764,70.56,-1217757,966.1504594268995,53,-,-,-,-,Minimo
1765,70.6,-1218661,-806.2387752253675,53,-,-,-,-,Minimo
1766,70.64,-1219225,-2011.7112370333248,53,-,-,-,-,Minimo
1767,70.68,-1219235,-2175.6195798495187,53,-,-,-,-,Minimo
1768,70.72,-1218561,-1654.8163272743595,53,-,-,-,-,Minimo
1769,70.76,-1214211,-1264.23762879661,53,-,-,-,-,Minimo
1770,70.8,-1199589,-1569.7436653398963,53,-,-,-,-,Minimo
1771,70.84,-1196344,-1666.1477655524632,53,-,-,-,-,Minimo
1772,70.88,-1197804,-1401.1250640095805,53,-,-,-,-,Minimo
1773,70.92,-1199941,-802.6142607307977,53,-,-,-,-,Minimo
1774,70.96,-1204995,32.83022621741566,53,-,-,-,-,Minimo
1775,71.0,-1207637,736.8600565837687,53,-,-,-,-,Minimo
1776,71.04,-1206646,1213.8129150796158,53,-,-,-,-,Minimo
1777,71.08,-1206874,1705.6995321301965,53,-,-,-,-,Minimo
1778,71.12,-1209401,2312.245376635995,53,-,-,-,-,Minimo
1779,71.16,-1212720,2794.1556119422194,53,-,-,-,-,Minimo
1780,71.2,-1215577,2644.710193305952,53,-,-,-,-,Minimo
1781,71.24,-1218074,1563.288778590697,53,-,-,-,-,Minimo
1782,71.28,-1218375,-145.14678156521722,53,-,-,-,-,Minimo
1783,71.32,-1218793,-1543.6286780507605,53,-,-,-,-,Minimo
1784,71.36,-1219632,-2022.2665806787434,53,-,-,-,-,Minimo
1785,71.4,-1219720,-1734.748365295358,53,-,-,-,-,Minimo
1786,71.44,-1218087,-1282.0842082393624,53,-,-,-,-,Minimo
1787,71.48,-1212632,-1207.2094635465892,53,-,-,-,-,Minimo
1788,71.52,-1198412,-1705.6793096173005,53,-,-,-,-,Minimo
1789,71.56,-1194383,-1842.5572220457561,53,-,-,-,-,Minimo
1790,71.6,-1197540,-1403.2351752118584,53,-,-,-,-,Minimo
1791,71.64,-1204168,-504.54194662353257,53,-,-,-,-,Minimo
1792,71.68,-1207533,382.03688052568486,53,-,-,-,-,Minimo
1793,71.72,-1207022,988.3234028972574,53,-,-,-,-,Minimo
1794,71.76,-1206816,1415.1802487812047,53,-,-,-,-,Minimo
1795,71.8,-1208512,1878.7857627776066,53,-,-,-,-,Minimo
1796,71.84,-1212519,2494.157231830136,53,-,-,-,-,Minimo
1797,71.88,-1214051,2857.3309572340304,53,-,-,-,-,Minimo
1798,71.92,-1215496,2502.271710157531,53,-,-,-,-,Minimo
1799,71.96,-1218060,1188.3162920863451,53,-,-,-,-,Minimo
1800,72.0,-1218880,-659.2278214616122,59,57.25,-,-,-,Minimo
1801,72.04,-1219844,-1945.3644305393636,59,-,-,-,-,Minimo
1802,72.08,-1217091,-2209.6552153945327,59,-,-,-,-,Minimo
1803,72.12,-1207493,-1930.0556632621046,59,-,-,-,-,Minimo
1804,72.16,-1197078,-1707.2430200498893,59,-,-,-,-,Minimo
1805,72.2,-1194463,-1618.8088111074994,59,-,-,-,-,Minimo
1806,72.24,-1196372,-1504.9044875427344,59,-,-,-,-,Minimo
1807,72.28,-1202873,-990.5535018635019,59,-,-,-,-,Minimo
1808,72.32,-1207397,-251.7653366141567,59,-,-,-,-,Minimo
1809,72.36,-1208760,468.0864826744082,59,-,-,-,-,Minimo
1810,72.4,-1207451,1081.9767683943946,59,-,-,-,-,Minimo
1811,72.44,-1208611,1812.0804070967497,59,-,-,-,-,Minimo
1812,72.48,-1211007,2564.981622989956,59,-,-,-,-,Minimo
1813,72.52,-1215356,2982.1162713220083,59,-,-,-,-,Minimo
1814,72.56,-1217358,2433.105458297923,59,-,-,-,-,Minimo
1815,72.6,-1218678,919.5810277244977,59,-,-,-,-,Minimo
1816,72.64,-1219796,-881.3280876931749,59,-,-,-,-,Minimo
1817,72.68,-1221270,-2025.748580670702,59,-,-,-,-,Minimo
1818,72.72,-1219101,-2207.431960885559,59,-,-,-,-,Minimo
1819,72.76,-1220267,-1553.2030509875344,59,-,-,-,-,Minimo
1820,72.8,-1218404,-993.0860780879748,59,-,-,-,-,Minimo
1821,72.84,-1207539,-1157.9417780023032,59,-,-,-,-,Minimo
1822,72.88,-1196820,-1610.5070389032317,59,-,-,-,-,Minimo
1823,72.92,-1195149,-1620.5618760032212,59,-,-,-,-,Minimo
1824,72.96,-1196990,-1107.125935203057,59,-,-,-,-,Minimo
1825,73.0,-1204053,-134.53187197277748,59,-,-,-,-,Minimo
1826,73.04,-1206526,691.1771984256748,59,-,-,-,-,Minimo
1827,73.08,-1205712,1240.678324228631,59,-,-,-,-,Minimo
1828,73.12,-1206060,1694.405649571533,59,-,-,-,-,Minimo
1829,73.16,-1209997,2258.813352323841,59,-,-,-,-,Minimo
1830,73.2,-1212878,2786.739695723665,59,-,-,-,-,Minimo
1831,73.24,-1214094,2937.632565446862,59,-,-,-,-,Minimo
1832,73.28,-1216920,2319.6747087086796,59,-,-,-,-,Minimo
1833,73.32,-1218140,743.8315225164101,59,-,-,-,-,Minimo
1834,73.36,-1218615,-1078.026103670241,59,-,-,-,-,Minimo
1835,73.4,-1219600,-2156.498661704376,59,-,-,-,-,Minimo
1836,73.44,-1219368,-2207.050318667393,59,-,-,-,-,Minimo
1837,73.48,-1218529,-1705.0621134724647,59,-,-,-,-,Minimo
1838,73.52,-1208802,-1614.3462933686278,59,-,-,-,-,Minimo
1839,73.56,-1197983,-1879.2718856580304,59,-,-,-,-,Minimo
1840,73.6,-1194725,-1899.462871063959,59,-,-,-,-,Minimo
1841,73.64,-1197595,-1413.0028802161532,59,-,-,-,-,Minimo
1842,73.68,-1200752,-643.3532175792718,59,-,-,-,-,Minimo
1843,73.72,-1205638,227.67510342813057,59,-,-,-,-,Minimo
1844,73.76,-1207479,895.3195667743676,59,-,-,-,-,Minimo
1845,73.8,-1206548,1387.02645550745,59,-,-,-,-,Minimo
1846,73.84,-1208343,1987.7910752656144,59,-,-,-,-,Minimo
1847,73.88,-1208824,2565.2932656408475,59,-,-,-,-,Minimo
1848,73.92,-1213939,2993.271187686616,59,-,-,-,-,Minimo
1849,73.96,-1214652,2486.572647440863,59,-,-,-,-,Minimo
1850,74.0,-1216374,1091.2737999447172,59,-,-,-,-,Minimo
1851,74.04,-1218365,-629.5207396436176,59,-,-,-,-,Minimo
1852,74.08,-1219812,-1814.7832704745194,59,-,-,-,-,Minimo
1853,74.12,-1221096,-2026.4709744637532,59,-,-,-,-,Minimo
1854,74.16,-1220430,-1613.9117216443997,59,-,-,-,-,Minimo
1855,74.2,-1219312,-1136.8278361246803,59,-,-,-,-,Minimo
1856,74.24,-1207728,-1298.3861405511798,59,-,-,-,-,Minimo
1857,74.28,-1197562,-1651.4662233505187,59,-,-,-,-,Minimo
1858,74.32,-1195525,-1657.8135432882264,59,-,-,-,-,Minimo
1859,74.36,-1198591,-1198.3499107066632,59,-,-,-,-,Minimo
1860,74.4,-1203082,-458.7870380311774,59,-,-,-,-,Minimo
1861,74.44,-1206942,286.34355267151113,59,-,-,-,-,Minimo
1862,74.48,-1206159,807.9582077687937,59,-,-,-,-,Minimo
1863,74.52,-1206397,1364.7420069183518,59,-,-,-,-,Minimo
1864,74.56,-1210238,2135.646494958497,59,-,-,-,-,Minimo
1865,74.6,-1212239,2837.23510662674,59,-,-,-,-,Minimo
1866,74.64,-1213540,3085.3540129419653,59,-,-,-,-,Minimo
1867,74.68,-1215783,2445.516958034378,59,-,-,-,-,Minimo
1868,74.72,-1216976,856.6065335591697,59,-,-,-,-,Minimo
1869,74.76,-1219262,-879.5177207341819,59,-,-,-,-,Minimo
1870,74.8,-1220324,-1927.1189425642483,59,-,-,-,-,Minimo
1871,74.84,-1219304,-2028.3763449622224,59,-,-,-,-,Minimo
1872,74.88,-1219448,-1554.5266368061898,59,-,-,-,-,Minimo
1873,74.92,-1214060,-1355.1677963707634,59,-,-,-,-,Minimo
1874,74.96,-1200825,-1689.9022956391364,59,-,-,-,-,Minimo
1875,75.0,-1194353,-1824.4368534529985,55,56.75,-,-,-,Minimo
1876,75.04,-1198840,-1366.53080247065,55,-,-,-,-,Minimo
1877,75.08,-1202925,-708.5139255672007,55,-,-,-,-,Minimo
1878,75.12,-1206711,-13.912897693166997,55,-,-,-,-,Minimo
1879,75.16,-1208473,579.3642651046703,55,-,-,-,-,Minimo
1880,75.2,-1207001,1062.597892899772,55,-,-,-,-,Minimo
1881,75.24,-1208459,1690.623756892057,55,-,-,-,-,Minimo
1882,75.28,-1211704,2402.145153710221,55,-,-,-,-,Minimo
1883,75.32,-1214783,2892.681501399925,55,-,-,-,-,Minimo
1884,75.36,-1216292,2651.210410679334,55,-,-,-,-,Minimo
1885,75.4,-1217163,1416.7552869754809,55,-,-,-,-,Minimo
1886,75.44,-1217914,-377.81003610001767,55,-,-,-,-,Minimo
1887,75.48,-1219767,-1718.3976845243767,55,-,-,-,-,Minimo
1888,75.52,-1218969,-2082.5023080242217,55,-,-,-,-,Minimo
1889,75.56,-1220476,-1566.7661234421216,55,-,-,-,-,Minimo
1890,75.6,-1215064,-1207.7843067288413,55,-,-,-,-,Minimo
1891,75.64,-1202412,-1452.1528171783975,55,-,-,-,-,Minimo
1892,75.68,-1196007,-1707.3555067437883,55,-,-,-,-,Minimo
1893,75.72,-1196719,-1536.0440502057209,55,-,-,-,-,Minimo
1894,75.76,-1201875,-855.6839718026056,55,-,-,-,-,Minimo
1895,75.8,-1205930,-35.02402251361764,55,-,-,-,-,Minimo
1896,75.84,-1208495,641.4371709714515,55,-,-,-,-,Minimo
1897,75.88,-1206092,1001.0644093885271,55,-,-,-,-,Minimo
1898,75.92,-1207890,1494.9731242961134,55,-,-,-,-,Minimo
1899,75.96,-1210729,2150.4853418234215,55,-,-,-,-,Minimo
1900,76.0,-1212828,2723.896397337866,55,-,-,-,-,Minimo
1901,76.04,-1214562,2703.1331707637955,55,-,-,-,-,Minimo
1902,76.08,-1217224,1719.3649343874613,55,-,-,-,-,Minimo
1903,76.12,-1218213,-17.819371002686694,55,-,-,-,-,Minimo
1904,76.16,-1219683,-1505.8838152019396,55,-,-,-,-,Minimo
1905,76.2,-1219522,-2060.0102535765723,55,-,-,-,-,Minimo
1906,76.24,-1218989,-1723.1174846330487,55,-,-,-,-,Minimo
1907,76.28,-1218518,-1171.478772621882,55,-,-,-,-,Minimo
1908,76.32,-1208869,-1242.9348765923423,55,-,-,-,-,Minimo
1909,76.36,-1197865,-1646.2838514897157,55,-,-,-,-,Minimo
1910,76.4,-1195072,-1695.6510687737518,55,-,-,-,-,Minimo
1911,76.44,-1197655,-1253.7164542954379,55,-,-,-,-,Minimo
1912,76.48,-1200475,-562.155260365179,55,-,-,-,-,Minimo
1913,76.52,-1205355,251.72904898753677,55,-,-,-,-,Minimo
1914,76.56,-1207653,926.4527461600373,55,-,-,-,-,Minimo
1915,76.6,-1206381,1426.3432310334001,55,-,-,-,-,Minimo
1916,76.64,-1209339,2057.4072548147487,55,-,-,-,-,Minimo
1917,76.68,-1212069,2651.704262756475,55,-,-,-,-,Minimo
1918,76.72,-1213760,2901.2037723410485,55,-,-,-,-,Minimo
1919,76.76,-1216174,2414.928719488843,55,-,-,-,-,Minimo
1920,76.8,-1218284,1038.0010589489611,55,-,-,-,-,Minimo
1921,76.84,-1218998,-707.1009270795105,55,-,-,-,-,Minimo
1922,76.88,-1219751,-1915.6833396062132,55,-,-,-,-,Minimo
1923,76.92,-1220205,-2186.7387692547486,55,-,-,-,-,Minimo
1924,76.96,-1220012,-1811.9240491338624,55,-,-,-,-,Minimo
1925,77.0,-1216108,-1458.717741600054,55,-,-,-,-,Minimo
1926,77.04,-1204217,-1593.414097871073,55,-,-,-,-,Minimo
1927,77.08,-1195991,-1751.5858008574833,55,-,-,-,-,Minimo
1928,77.12,-1195080,-1544.3878888777235,55,-,-,-,-,Minimo
1929,77.16,-1198056,-957.8109404979532,55,-,-,-,-,Minimo
1930,77.2,-1202118,-175.95343926703936,55,-,-,-,-,Minimo
1931,77.24,-1205620,588.9475450851696,55,-,-,-,-,Minimo
1932,77.28,-1206041,1172.516147605831,55,-,-,-,-,Minimo
1933,77.32,-1206139,1704.0584996469242,55,-,-,-,-,Minimo
1934,77.36,-1207088,2300.7314199624543,55,-,-,-,-,Minimo
1935,77.4,-1210683,2908.5380301857276,55,-,-,-,-,Minimo
1936,77.44,-1213011,2978.7264275209945,55,-,-,-,-,Minimo
1937,77.48,-1215752,2148.005541095812,55,-,-,-,-,Minimo
1938,77.52,-1217767,519.4984873084018,55,-,-,-,-,Minimo
1939,77.56,-1219547,-1117.3302839148753,55,-,-,-,-,Minimo
1940,77.6,-1220905,-1987.0787781944496,55,-,-,-,-,Minimo
1941,77.64,-1220807,-1975.5085865217259,55,-,-,-,-,Minimo
1942,77.68,-1221058,-1495.043686232495,55,-,-,-,-,Minimo
1943,77.72,-1219521,-1180.6091862731082,55,-,-,-,-,Minimo
1944,77.76,-1214124,-1309.886124682559,55,-,-,-,-,Minimo
1945,77.8,-1199280,-1865.005746752453,55,-,-,-,-,Minimo
1946,77.84,-1195494,-1871.088496980241,55,-,-,-,-,Minimo
1947,77.88,-1196580,-1396.6154828718863,55,-,-,-,-,Minimo
1948,77.92,-1201238,-586.4752439071068,55,-,-,-,-,Minimo
1949,77.96,-1205126,245.33266492293023,55,-,-,-,-,Minimo
1950,78.0,-1207777,971.5755861968755,52,54.75,-,-,-,Minimo
1951,78.04,-1206665,1496.5158138809102,52,-,-,-,-,Minimo
1952,78.08,-1209736,2134.010653193527,52,-,-,-,-,Minimo
1953,78.12,-1213149,2778.060516921162,52,-,-,-,-,Minimo
1954,78.16,-1214735,3136.6081191862213,52,-,-,-,-,Minimo
1955,78.2,-1216419,2800.7724232432456,52,-,-,-,-,Minimo
1956,78.24,-1218342,1500.8733929172254,52,-,-,-,-,Minimo
1957,78.28,-1219254,-370.3346884707869,52,-,-,-,-,Minimo
1958,78.32,-1218993,-1877.0704521817484,52,-,-,-,-,Minimo
1959,78.36,-1218405,-2377.620521552229,52,-,-,-,-,Minimo
1960,78.4,-1219288,-2012.4035272105525,52,-,-,-,-,Minimo
1961,78.44,-1215539,-1620.4765067760745,52,-,-,-,-,Minimo
1962,78.48,-1202738,-1747.852047557697,52,-,-,-,-,Minimo
1963,78.52,-1196477,-1799.438227331444,52,-,-,-,-,Minimo
1964,78.56,-1196193,-1503.0398002754428,52,-,-,-,-,Minimo
1965,78.6,-1199534,-835.5707130700828,52,-,-,-,-,Minimo
1966,78.64,-1204494,3.691716421579258,52,-,-,-,-,Minimo
1967,78.68,-1206907,711.5000574478836,52,-,-,-,-,Minimo
1968,78.72,-1207342,1236.0197258384078,52,-,-,-,-,Minimo
1969,78.76,-1206391,1640.5946207355792,52,-,-,-,-,Minimo
1970,78.8,-1209164,2179.229460366082,52,-,-,-,-,Minimo
1971,78.84,-1212139,2665.00563425379,52,-,-,-,-,Minimo
1972,78.88,-1214629,2681.2998867652213,52,-,-,-,-,Minimo
1973,78.92,-1216339,1801.4463224804413,52,-,-,-,-,Minimo
1974,78.96,-1217615,190.4107472748019,52,-,-,-,-,Minimo
1975,79.0,-1218903,-1337.5292012551665,52,-,-,-,-,Minimo
1976,79.04,-1218931,-2063.4708328401252,52,-,-,-,-,Minimo
1977,79.08,-1219159,-1872.2470725917576,52,-,-,-,-,Minimo
1978,79.12,-1218512,-1343.872563167104,52,-,-,-,-,Minimo
1979,79.16,-1217755,-1026.2740303054707,52,-,-,-,-,Minimo
1980,79.2,-1206965,-1367.3472126110992,52,-,-,-,-,Minimo
1981,79.24,-1197043,-1725.0966658275338,52,-,-,-,-,Minimo
1982,79.28,-1195038,-1551.0976248108964,52,-,-,-,-,Minimo
1983,79.32,-1198670,-877.0736308904306,52,-,-,-,-,Minimo
1984,79.36,-1203937,-25.31093046080605,52,-,-,-,-,Minimo
1985,79.4,-1208148,720.5903520241891,52,-,-,-,-,Minimo
1986,79.44,-1207237,1164.9507845589233,52,-,-,-,-,Minimo
1987,79.48,-1206311,1532.3981428521893,52,-,-,-,-,Minimo
1988,79.52,-1208446,2027.1295566436884,52,-,-,-,-,Minimo
1989,79.56,-1211719,2565.9956268763035,52,-,-,-,-,Minimo
1990,79.6,-1213476,2737.8357765990177,52,-,-,-,-,Minimo
1991,79.64,-1215293,2113.8842283205377,52,-,-,-,-,Minimo
1992,79.68,-1217462,633.977766388166,52,-,-,-,-,Minimo
1993,79.72,-1219657,-1041.168461435279,52,-,-,-,-,Minimo
1994,79.76,-1218456,-2097.175387938302,52,-,-,-,-,Minimo
1995,79.8,-1218913,-2036.2463473546284,52,-,-,-,-,Minimo
1996,79.84,-1218658,-1418.784426268152,52,-,-,-,-,Minimo
1997,79.88,-1217588,-979.0685070499821,52,-,-,-,-,Minimo
1998,79.92,-1210524,-1167.6799604353519,52,-,-,-,-,Minimo
1999,79.96,-1198981,-1655.742540595411,52,-,-,-,-,Minimo
2000,80.0,-1196401,-1618.1408962105706,52,-,-,-,-,Minimo
2001,80.04,-1197145,-1136.596485952151,52,-,-,-,-,Minimo
2002,80.08,-1201565,-355.93396648664134,52,-,-,-,-,Minimo
2003,80.12,-1206939,467.87699930183317,52,-,-,-,-,Minimo
2004,80.16,-1207006,1040.7434811147414,52,-,-,-,-,Minimo
2005,80.2,-1206736,1491.5754735242745,52,-,-,-,-,Minimo
2006,80.24,-1208222,1938.6431025955026,52,-,-,-,-,Minimo
2007,80.28,-1210983,2413.579400259525,52,-,-,-,-,Minimo
2008,80.32,-1212727,2654.875943271446,52,-,-,-,-,Minimo
2009,80.36,-1214821,2279.683892605759,52,-,-,-,-,Minimo
2010,80.4,-1216329,1050.353690909773,52,-,-,-,-,Minimo
2011,80.44,-1217768,-576.6778870841943,52,-,-,-,-,Minimo
2012,80.48,-1219465,-1756.659942559645,52,-,-,-,-,Minimo
2013,80.52,-1221051,-2003.5383093267628,52,-,-,-,-,Minimo
2014,80.56,-1220293,-1613.3859951344002,52,-,-,-,-,Minimo
2015,80.6,-1218801,-1157.9284299867445,52,-,-,-,-,Minimo
2016,80.64,-1214133,-1119.071922368782,52,-,-,-,-,Minimo
2017,80.68,-1199656,-1611.841261674017,52,-,-,-,-,Minimo
2018,80.72,-1196906,-1612.6267536421565,52,-,-,-,-,Minimo
2019,80.76,-1196744,-1255.8270946775538,52,-,-,-,-,Minimo
2020,80.8,-1201208,-573.4852067203673,52,-,-,-,-,Minimo
2021,80.84,-1206085,138.73095018442018,52,-,-,-,-,Minimo
2022,80.88,-1206794,676.15016898656,52,-,-,-,-,Minimo
2023,80.92,-1205234,1150.3291848848621,52,-,-,-,-,Minimo
2024,80.96,-1205944,1771.2740640276334,52,-,-,-,-,Minimo
2025,81.0,-1209535,2506.093176275982,58,56.0,-,-,-,Minimo
2026,81.04,-1215042,3044.264339014575,58,-,-,-,-,Minimo
2027,81.08,-1216514,2750.8363763878515,58,-,-,-,-,Minimo
2028,81.12,-1218586,1552.7318545155285,58,-,-,-,-,Minimo
2029,81.16,-1218920,-211.30605983847954,58,-,-,-,-,Minimo
2030,81.2,-1219808,-1592.2123993220712,58,-,-,-,-,Minimo
2031,81.24,-1220601,-2012.5718437638893,58,-,-,-,-,Minimo
2032,81.28,-1219322,-1709.1213308699453,58,-,-,-,-,Minimo
2033,81.32,-1218404,-1281.3315283485426,58,-,-,-,-,Minimo
2034,81.36,-1205578,-1610.5992153930965,58,-,-,-,-,Minimo
2035,81.4,-1196782,-2068.1300357313976,58,-,-,-,-,Minimo
2036,81.44,-1194617,-2083.2470444406754,58,-,-,-,-,Minimo
2037,81.48,-1197988,-1407.2016039642076,58,-,-,-,-,Minimo
2038,81.52,-1201956,-382.2969549395102,58,-,-,-,-,Minimo
2039,81.56,-1206293,597.4686411892217,58,-,-,-,-,Minimo
2040,81.6,-1206824,1207.3504751002156,58,-,-,-,-,Minimo
2041,81.64,-1205837,1631.0684087350628,58,-,-,-,-,Minimo
2042,81.68,-1208967,2241.497850544096,58,-,-,-,-,Minimo
2043,81.72,-1212403,2871.722550286877,58,-,-,-,-,Minimo
2044,81.76,-1214446,3052.056762511452,58,-,-,-,-,Minimo
2045,81.8,-1217292,2360.135607753409,58,-,-,-,-,Minimo
2046,81.84,-1218086,723.610402116085,58,-,-,-,-,Minimo
2047,81.88,-1218165,-1075.7913683706506,58,-,-,-,-,Minimo
2048,81.92,-1219523,-2092.9951728776123,58,-,-,-,-,Minimo
2049,81.96,-1220910,-2102.2573524476056,58,-,-,-,-,Minimo
2050,82.0,-1219845,-1638.35658319285,58,-,-,-,-,Minimo
2051,82.04,-1219864,-1223.542372885394,58,-,-,-,-,Minimo
2052,82.08,-1206389,-1572.2526544583761,58,-,-,-,-,Minimo
2053,82.12,-1197856,-1853.1871494460047,58,-,-,-,-,Minimo
2054,82.16,-1195868,-1663.1749072076163,58,-,-,-,-,Minimo
2055,82.2,-1198646,-978.0960488870119,58,-,-,-,-,Minimo
2056,82.24,-1202025,-136.5651937162902,58,-,-,-,-,Minimo
2057,82.28,-1207073,649.2651894271594,58,-,-,-,-,Minimo
2058,82.32,-1207160,1092.8117304906118,58,-,-,-,-,Minimo
2059,82.36,-1205769,1442.927902781068,58,-,-,-,-,Minimo
2060,82.4,-1208550,2059.8200038035047,58,-,-,-,-,Minimo
2061,82.44,-1211114,2734.6996153013206,58,-,-,-,-,Minimo
2062,82.48,-1213445,3016.1669792111925,58,-,-,-,-,Minimo
2063,82.52,-1215810,2386.727506262403,58,-,-,-,-,Minimo
2064,82.56,-1217098,816.7255896501792,58,-,-,-,-,Minimo
2065,82.6,-1218740,-909.2204545734367,58,-,-,-,-,Minimo
2066,82.64,-1221187,-1898.2262171308976,58,-,-,-,-,Minimo
2067,82.68,-1221304,-1976.3296980841596,58,-,-,-,-,Minimo
2068,82.72,-1220069,-1539.4868067460197,58,-,-,-,-,Minimo
2069,82.76,-1219098,-1159.3688103747372,58,-,-,-,-,Minimo
2070,82.8,-1207906,-1447.6930137821146,58,-,-,-,-,Minimo
2071,82.84,-1197230,-1854.8250222286988,58,-,-,-,-,Minimo
2072,82.88,-1195326,-1766.7204126942106,58,-,-,-,-,Minimo
2073,82.92,-1198401,-1197.0619619468566,58,-,-,-,-,Minimo
2074,82.96,-1201208,-469.34206204607426,58,-,-,-,-,Minimo
2075,83.0,-1206749,332.5635415049892,58,-,-,-,-,Minimo
2076,83.04,-1206762,906.1025248076567,58,-,-,-,-,Minimo
2077,83.08,-1205781,1469.5721913895222,58,-,-,-,-,Minimo
2078,83.12,-1207753,2192.812117797979,58,-,-,-,-,Minimo
2079,83.16,-1211525,2906.1859944006756,58,-,-,-,-,Minimo
2080,83.2,-1213821,3127.6611601911654,58,-,-,-,-,Minimo
2081,83.24,-1217517,2518.8837911204837,58,-,-,-,-,Minimo
2082,83.28,-1217887,925.6838662896557,58,-,-,-,-,Minimo
2083,83.32,-1219065,-844.5839214284483,58,-,-,-,-,Minimo
2084,83.36,-1219970,-1953.186649478942,58,-,-,-,-,Minimo
2085,83.4,-1220937,-2063.6321388881083,58,-,-,-,-,Minimo
2086,83.44,-1219738,-1642.3881803963986,58,-,-,-,-,Minimo
2087,83.48,-1217849,-1280.0535374101946,58,-,-,-,-,Minimo
2088,83.52,-1208332,-1508.7935319708013,58,-,-,-,-,Minimo
2089,83.56,-1197144,-1942.5560882996797,58,-,-,-,-,Minimo
2090,83.6,-1194649,-1860.1681206238209,58,-,-,-,-,Minimo
2091,83.64,-1198060,-1194.9715350695055,58,-,-,-,-,Minimo
2092,83.68,-1202287,-282.74564234428226,58,-,-,-,-,Minimo
2093,83.72,-1205308,538.379461712886,58,-,-,-,-,Minimo
2094,83.76,-1208950,1206.422834570356,58,-,-,-,-,Minimo
2095,83.8,-1207110,1612.4577608733161,58,-,-,-,-,Minimo
2096,83.84,-1209459,2204.595222677326,58,-,-,-,-,Minimo
2097,83.88,-1211522,2782.0785731420856,58,-,-,-,-,Minimo
2098,83.92,-1213959,2994.3054005484237,58,-,-,-,-,Minimo
2099,83.96,-1215755,2347.635612466559,58,-,-,-,-,Minimo
2100,84.0,-1217494,824.1559658382998,55,55.0,-,-,-,Minimo
2101,84.04,-1218294,-955.2339529119942,55,-,-,-,-,Minimo
2102,84.08,-1219103,-2082.814621239123,55,-,-,-,-,Minimo
2103,84.12,-1219374,-2223.161737115513,55,-,-,-,-,Minimo
2104,84.16,-1215954,-1837.0654932254847,55,-,-,-,-,Minimo
2105,84.2,-1201575,-1751.0177804895375,55,-,-,-,-,Minimo
2106,84.24,-1194963,-1668.2779972460412,55,-,-,-,-,Minimo
2107,84.28,-1195468,-1504.8850277152778,55,-,-,-,-,Minimo
2108,84.32,-1199512,-1109.4115799120095,55,-,-,-,-,Minimo
2109,84.36,-1204706,-439.96767976303636,55,-,-,-,-,Minimo
2110,84.4,-1208225,302.4078368495793,55,-,-,-,-,Minimo
2111,84.44,-1207913,897.9779696723926,55,-,-,-,-,Minimo
2112,84.48,-1206798,1440.980543979666,55,-,-,-,-,Minimo
2113,84.52,-1209752,2167.9116638146215,55,-,-,-,-,Minimo
2114,84.56,-1211617,2783.995486558544,55,-,-,-,-,Minimo
2115,84.6,-1214387,2868.163840763549,55,-,-,-,-,Minimo
2116,84.64,-1216166,1908.5364267506084,55,-,-,-,-,Minimo
2117,84.68,-1218185,168.7096826157176,55,-,-,-,-,Minimo
2118,84.72,-1217960,-1507.4511580999883,55,-,-,-,-,Minimo
2119,84.76,-1218596,-2189.3274153175607,55,-,-,-,-,Minimo
2120,84.8,-1219837,-1846.2646151178244,55,-,-,-,-,Minimo
2121,84.84,-1218809,-1198.3915038873179,55,-,-,-,-,Minimo
2122,84.88,-1218051,-802.4146107122378,55,-,-,-,-,Minimo
2123,84.92,-1204448,-1228.398835152424,55,-,-,-,-,Minimo
2124,84.96,-1196763,-1565.0994184003703,55,-,-,-,-,Minimo
2125,85.0,-1196564,-1406.8810227579725,55,-,-,-,-,Minimo
2126,85.04,-1198722,-841.4643491225729,55,-,-,-,-,Minimo
2127,85.08,-1202643,-57.66420662598375,55,-,-,-,-,Minimo
2128,85.12,-1207074,688.0136358189866,55,-,-,-,-,Minimo
2129,85.16,-1206690,1128.5962334193719,55,-,-,-,-,Minimo
2130,85.2,-1206813,1518.8443198013128,55,-,-,-,-,Minimo
2131,85.24,-1208781,2053.7549672022005,55,-,-,-,-,Minimo
2132,85.28,-1211323,2631.4252381426504,55,-,-,-,-,Minimo
2133,85.32,-1213566,2791.904382267975,55,-,-,-,-,Minimo
2134,85.36,-1215893,2064.321374136959,55,-,-,-,-,Minimo
2135,85.4,-1217564,501.6739742013342,55,-,-,-,-,Minimo
2136,85.44,-1218243,-1139.675931840235,55,-,-,-,-,Minimo
2137,85.48,-1219625,-1998.5550587079372,55,-,-,-,-,Minimo
2138,85.52,-1218908,-1998.0956732119396,55,-,-,-,-,Minimo
2139,85.56,-1219642,-1483.9846893355916,55,-,-,-,-,Minimo
2140,85.6,-1217426,-1159.4987623769612,55,-,-,-,-,Minimo
2141,85.64,-1209506,-1321.1512931710386,55,-,-,-,-,Minimo
2142,85.68,-1198002,-1703.4683059775543,55,-,-,-,-,Minimo
2143,85.72,-1195131,-1617.1121394781676,55,-,-,-,-,Minimo
2144,85.76,-1196361,-1108.6419029004446,55,-,-,-,-,Minimo
2145,85.8,-1200726,-325.07695449714424,55,-,-,-,-,Minimo
2146,85.84,-1205369,469.0288224779242,55,-,-,-,-,Minimo
2147,85.88,-1206322,1046.8257826761346,55,-,-,-,-,Minimo
2148,85.92,-1205809,1498.7109680466983,55,-,-,-,-,Minimo
2149,85.96,-1208871,2075.343896839372,55,-,-,-,-,Minimo
2150,86.0,-1211058,2625.7470768423773,55,-,-,-,-,Minimo
2151,86.04,-1212829,2882.5830326108617,55,-,-,-,-,Minimo
2152,86.08,-1216328,2460.501673530519,55,-,-,-,-,Minimo
2153,86.12,-1218250,1109.2784264128895,55,-,-,-,-,Minimo
2154,86.16,-1218865,-640.4025157087383,55,-,-,-,-,Minimo
2155,86.2,-1219334,-1895.4174700948581,55,-,-,-,-,Minimo
2156,86.24,-1218916,-2224.178550178023,55,-,-,-,-,Minimo
2157,86.28,-1219962,-1811.7918261217537,55,-,-,-,-,Minimo
2158,86.32,-1219550,-1354.9327356034187,55,-,-,-,-,Minimo
2159,86.36,-1215069,-1296.1812814285558,55,-,-,-,-,Minimo
2160,86.4,-1201771,-1690.6896205125486,55,-,-,-,-,Minimo
2161,86.44,-1195856,-1728.252320397858,55,-,-,-,-,Minimo
2162,86.48,-1196122,-1294.5710956067933,55,-,-,-,-,Minimo
2163,86.52,-1198492,-570.2670944490371,55,-,-,-,-,Minimo
2164,86.56,-1202225,263.51707208966945,55,-,-,-,-,Minimo
2165,86.6,-1206295,1003.1359894942443,55,-,-,-,-,Minimo
2166,86.64,-1205906,1427.5362017499392,55,-,-,-,-,Minimo
2167,86.68,-1207057,1839.1802119848162,55,-,-,-,-,Minimo
2168,86.72,-1209528,2376.869532804926,55,-,-,-,-,Minimo
2169,86.76,-1212125,2873.8795145746944,55,-,-,-,-,Minimo
2170,86.8,-1212959,2784.5418910544986,55,-,-,-,-,Minimo
2171,86.84,-1215966,1831.5205016203918,55,-,-,-,-,Minimo
2172,86.88,-1217104,136.27891397806889,55,-,-,-,-,Minimo
2173,86.92,-1218344,-1406.2915385389438,55,-,-,-,-,Minimo
2174,86.96,-1219225,-2127.1261425505104,55,-,-,-,-,Minimo
2175,87.0,-1220565,-1989.9071065475832,57,55.5,-,-,-,Minimo
2176,87.04,-1219157,-1584.174037848345,57,-,-,-,-,Minimo
2177,87.08,-1212808,-1442.1675095535047,57,-,-,-,-,Minimo
2178,87.12,-1198654,-1754.630643811095,57,-,-,-,-,Minimo
2179,87.16,-1194106,-1761.2776104334953,57,-,-,-,-,Minimo
2180,87.2,-1197823,-1308.4864686022747,57,-,-,-,-,Minimo
2181,87.24,-1201769,-655.2300106573623,57,-,-,-,-,Minimo
2182,87.28,-1207275,113.4415718900027,57,-,-,-,-,Minimo
2183,87.32,-1208800,712.4722294562616,57,-,-,-,-,Minimo
2184,87.36,-1206861,1156.7860438228354,57,-,-,-,-,Minimo
2185,87.4,-1208303,1763.4015531267687,57,-,-,-,-,Minimo
2186,87.44,-1210787,2486.1160522540795,57,-,-,-,-,Minimo
2187,87.48,-1213269,3000.1771625912706,57,-,-,-,-,Minimo
2188,87.52,-1215715,2738.979021244687,57,-,-,-,-,Minimo
2189,87.56,-1217364,1396.6536712598568,57,-,-,-,-,Minimo
2190,87.6,-1219109,-472.408284490748,57,-,-,-,-,Minimo
2191,87.64,-1217942,-1928.1640991762665,57,-,-,-,-,Minimo
2192,87.68,-1219259,-2177.1859860629816,57,-,-,-,-,Minimo
2193,87.72,-1218781,-1640.7536095183714,57,-,-,-,-,Minimo
2194,87.76,-1218057,-1032.7395659623226,57,-,-,-,-,Minimo
2195,87.8,-1213215,-971.9028768978005,57,-,-,-,-,Minimo
2196,87.84,-1199252,-1519.505925714362,57,-,-,-,-,Minimo
2197,87.88,-1196524,-1611.2583256496873,57,-,-,-,-,Minimo
2198,87.92,-1197222,-1241.092778599319,57,-,-,-,-,Minimo
2199,87.96,-1201384,-475.20912791860644,57,-,-,-,-,Minimo
2200,88.0,-1206512,378.820450352383,57,-,-,-,-,Minimo
2201,88.04,-1207839,984.2842513703317,57,-,-,-,-,Minimo
2202,88.08,-1207198,1367.6338270196784,57,-,-,-,-,Minimo
2203,88.12,-1207931,1754.3984503838374,57,-,-,-,-,Minimo
2204,88.16,-1210632,2264.627268293216,57,-,-,-,-,Minimo
2205,88.2,-1212577,2628.10052846298,57,-,-,-,-,Minimo
2206,88.24,-1215208,2414.1379151105484,57,-,-,-,-,Minimo
2207,88.28,-1217788,1298.558976435178,57,-,-,-,-,Minimo
2208,88.32,-1216608,-454.25472303019524,57,-,-,-,-,Minimo
2209,88.36,-1219367,-1716.9329983381429,57,-,-,-,-,Minimo
2210,88.4,-1218918,-2123.2571883310884,57,-,-,-,-,Minimo
2211,88.44,-1219154,-1712.4373316376825,57,-,-,-,-,Minimo
2212,88.48,-1218832,-1157.7492041926253,57,-,-,-,-,Minimo
2213,88.52,-1215287,-1017.8558513480393,57,-,-,-,-,Minimo
2214,88.56,-1202575,-1459.3952656693073,57,-,-,-,-,Minimo
2215,88.6,-1195596,-1664.9262938649463,57,-,-,-,-,Minimo
2216,88.64,-1196881,-1303.4557289160957,57,-,-,-,-,Minimo
2217,88.68,-1201334,-570.2315181204106,57,-,-,-,-,Minimo
2218,88.72,-1204959,199.66536135221213,57,-,-,-,-,Minimo
2219,88.76,-1208388,849.6655056404197,57,-,-,-,-,Minimo
2220,88.8,-1206320,1192.0181242023145,57,-,-,-,-,Minimo
2221,88.84,-1206193,1586.80158435874,57,-,-,-,-,Minimo
2222,88.88,-1209311,2169.691100357809,57,-,-,-,-,Minimo
2223,88.92,-1211605,2656.8565750347943,57,-,-,-,-,Minimo
2224,88.96,-1214816,2649.984043056169,57,-,-,-,-,Minimo
2225,89.0,-1216434,1677.5840301258586,57,-,-,-,-,Minimo
2226,89.04,-1216740,-16.743864879812463,57,-,-,-,-,Minimo
2227,89.08,-1218689,-1470.5187655532527,57,-,-,-,-,Minimo
2228,89.12,-1217530,-2086.4693456121863,57,-,-,-,-,Minimo
2229,89.16,-1219191,-1704.7844686030408,57,-,-,-,-,Minimo
2230,89.2,-1219065,-1123.2618432695535,57,-,-,-,-,Minimo
2231,89.24,-1216848,-933.7947130034818,57,-,-,-,-,Minimo
2232,89.28,-1204998,-1421.5656197677617,57,-,-,-,-,Minimo
2233,89.32,-1197165,-1766.7277504422837,57,-,-,-,-,Minimo
2234,89.36,-1196083,-1543.5141373332972,57,-,-,-,-,Minimo
2235,89.4,-1198614,-856.069221675366,57,-,-,-,-,Minimo
2236,89.44,-1203285,0.7446593434438,57,-,-,-,-,Minimo
2237,89.48,-1207814,727.6382255957651,57,-,-,-,-,Minimo
2238,89.52,-1207672,1131.1529944673557,57,-,-,-,-,Minimo
2239,89.56,-1206909,1463.0989001062326,57,-,-,-,-,Minimo
2240,89.6,-1209522,2000.9082973264285,57,-,-,-,-,Minimo
2241,89.64,-1212053,2566.360473463247,57,-,-,-,-,Minimo
2242,89.68,-1213615,2710.4182624664636,57,-,-,-,-,Minimo
2243,89.72,-1216335,2026.0889652210717,57,-,-,-,-,Minimo
2244,89.76,-1217250,472.58359229400776,57,-,-,-,-,Minimo
2245,89.8,-1216325,-1217.0880928977508,57,-,-,-,-,Minimo
2246,89.84,-1219390,-2036.778167192438,57,-,-,-,-,Minimo
2247,89.88,-1220014,-1973.2849106271015,57,-,-,-,-,Minimo
2248,89.92,-1219640,-1427.1252826811444,57,-,-,-,-,Minimo
2249,89.96,-1218344,-1010.0893421015876,57,-,-,-,-,Minimo
2250,90.0,-1209652,-1182.5810586054686,58,57.0,-,-,-,Minimo
2251,90.04,-1196194,-1643.0488329249802,58,-,-,-,-,Minimo
2252,90.08,-1198655,-1389.2040626791422,58,-,-,-,-,Minimo
2253,90.12,-1202659,-787.4693933899173,58,-,-,-,-,Minimo
2254,90.16,-1207095,-46.09384104553783,58,-,-,-,-,Minimo
2255,90.2,-1207663,479.95887025705997,58,-,-,-,-,Minimo
2256,90.24,-1205774,778.8074761692551,58,-,-,-,-,Minimo
2257,90.28,-1208225,1210.829597191183,58,-,-,-,-,Minimo
2258,90.32,-1211798,1839.124447360753,58,-,-,-,-,Minimo
2259,90.36,-1214943,2524.7290164938977,58,-,-,-,-,Minimo
2260,90.4,-1216527,2774.2082947666804,58,-,-,-,-,Minimo
2261,90.44,-1218046,2114.62539170878,58,-,-,-,-,Minimo
2262,90.48,-1219754,585.9477356301672,58,-,-,-,-,Minimo
2263,90.52,-1219612,-1058.7808956358717,58,-,-,-,-,Minimo
2264,90.56,-1220425,-1817.088935888166,58,-,-,-,-,Minimo
2265,90.6,-1220213,-1658.835836817668,58,-,-,-,-,Minimo
2266,90.64,-1217896,-1302.2576017765164,58,-,-,-,-,Minimo
2267,90.68,-1209277,-1460.1530994498498,58,-,-,-,-,Minimo
2268,90.72,-1196218,-1981.866214947544,58,-,-,-,-,Minimo
2269,90.76,-1195353,-1892.4234661104674,58,-,-,-,-,Minimo
2270,90.8,-1201772,-1159.6326326029473,58,-,-,-,-,Minimo
2271,90.84,-1206152,-277.5704769796048,58,-,-,-,-,Minimo
2272,90.88,-1207559,447.2395820054371,58,-,-,-,-,Minimo
2273,90.92,-1207098,951.0985427831902,58,-,-,-,-,Minimo
2274,90.96,-1207608,1408.601293685394,58,-,-,-,-,Minimo
2275,91.0,-1211088,2014.3461846088485,58,-,-,-,-,Minimo
2276,91.04,-1213156,2592.8698879966832,58,-,-,-,-,Minimo
2277,91.08,-1215536,2824.038734180863,58,-,-,-,-,Minimo
2278,91.12,-1217133,2153.6736969430704,58,-,-,-,-,Minimo
2279,91.16,-1218267,553.9307615763933,58,-,-,-,-,Minimo
2280,91.2,-1218869,-1192.9192121909057,58,-,-,-,-,Minimo
2281,91.24,-1220029,-2061.9971793901277,58,-,-,-,-,Minimo
2282,91.28,-1218643,-1934.83306344199,58,-,-,-,-,Minimo
2283,91.32,-1218478,-1347.9686180908848,58,-,-,-,-,Minimo
2284,91.36,-1215778,-1118.5557308957796,58,-,-,-,-,Minimo
2285,91.4,-1200752,-1625.5579884236595,58,-,-,-,-,Minimo
2286,91.44,-1196229,-1747.257948637176,58,-,-,-,-,Minimo
2287,91.48,-1196364,-1390.632870255824,58,-,-,-,-,Minimo
2288,91.52,-1201499,-607.8236024361764,58,-,-,-,-,Minimo
2289,91.56,-1205355,178.80606560838442,58,-,-,-,-,Minimo
2290,91.6,-1208323,832.7468976005293,58,-,-,-,-,Minimo
2291,91.64,-1206720,1229.7949328824634,58,-,-,-,-,Minimo
2292,91.68,-1206772,1658.9343648785593,58,-,-,-,-,Minimo
2293,91.72,-1209971,2232.8419304179006,58,-,-,-,-,Minimo
2294,91.76,-1213457,2711.980410095958,58,-,-,-,-,Minimo
2295,91.8,-1214571,2579.3888424999486,58,-,-,-,-,Minimo
2296,91.84,-1216450,1563.4202065442096,58,-,-,-,-,Minimo
2297,91.88,-1217438,-134.1772703557731,58,-,-,-,-,Minimo
2298,91.92,-1217983,-1616.8433374239335,58,-,-,-,-,Minimo
2299,91.96,-1219228,-2113.969563948823,58,-,-,-,-,Minimo
2300,92.0,-1221482,-1681.8569274173349,58,-,-,-,-,Minimo
2301,92.04,-1219552,-1155.2551499325536,58,-,-,-,-,Minimo
2302,92.08,-1216660,-994.7638730661065,58,-,-,-,-,Minimo
2303,92.12,-1203466,-1502.8686846802302,58,-,-,-,-,Minimo
2304,92.16,-1195356,-1786.9192517035335,58,-,-,-,-,Minimo
2305,92.2,-1196297,-1421.5618436947389,58,-,-,-,-,Minimo
2306,92.24,-1200394,-671.7920758343978,58,-,-,-,-,Minimo
2307,92.28,-1203266,53.8702067035033,58,-,-,-,-,Minimo
2308,92.32,-1207781,683.3528776148096,58,-,-,-,-,Minimo
2309,92.36,-1207371,1053.9888904441805,58,-,-,-,-,Minimo
2310,92.4,-1206603,1489.0222094682958,58,-,-,-,-,Minimo
2311,92.44,-1209945,2226.2073275822368,58,-,-,-,-,Minimo
2312,92.48,-1212535,2883.9033143312436,58,-,-,-,-,Minimo
2313,92.52,-1212773,2871.4609761352713,58,-,-,-,-,Minimo
2314,92.56,-1215700,1935.3023667037378,58,-,-,-,-,Minimo
2315,92.6,-1217458,208.28570070887417,58,-,-,-,-,Minimo
2316,92.64,-1219493,-1372.6810138565565,58,-,-,-,-,Minimo
2317,92.68,-1219145,-2119.1145579188674,58,-,-,-,-,Minimo
2318,92.72,-1221048,-1862.5777783760689,58,-,-,-,-,Minimo
2319,92.76,-1220672,-1326.90407613161,58,-,-,-,-,Minimo
2320,92.8,-1215806,-1132.4846347240236,58,-,-,-,-,Minimo
2321,92.84,-1200554,-1569.302838902213,58,-,-,-,-,Minimo
2322,92.88,-1195100,-1720.6331833562326,58,-,-,-,-,Minimo
2323,92.92,-1195057,-1473.2350355272283,58,-,-,-,-,Minimo
2324,92.96,-1200296,-827.3683691639399,58,-,-,-,-,Minimo
2325,93.0,-1205136,-100.91349744213676,52,55.5,-,-,-,Minimo
2326,93.04,-1207321,537.8516961974028,52,-,-,-,-,Minimo
2327,93.08,-1206166,1049.66617601315,52,-,-,-,-,Minimo
2328,93.12,-1208141,1696.690742363844,52,-,-,-,-,Minimo
2329,93.16,-1212240,2491.2319723199917,52,-,-,-,-,Minimo
2330,93.2,-1215152,3124.002092441987,52,-,-,-,-,Minimo
2331,93.24,-1216562,3042.656687351563,52,-,-,-,-,Minimo
2332,93.28,-1219209,1912.6524734089971,52,-,-,-,-,Minimo
2333,93.32,-1219748,-32.59604673067565,52,-,-,-,-,Minimo
2334,93.36,-1220241,-1714.8042152371077,52,-,-,-,-,Minimo
2335,93.4,-1219668,-2375.4262053881107,52,-,-,-,-,Minimo
2336,93.44,-1219907,-2050.7403054450047,52,-,-,-,-,Minimo
2337,93.48,-1217322,-1570.091414224772,52,-,-,-,-,Minimo
2338,93.52,-1204729,-1702.2357443138862,52,-,-,-,-,Minimo
2339,93.56,-1195910,-1940.607007706456,52,-,-,-,-,Minimo
2340,93.6,-1195405,-1749.5386694301233,52,-,-,-,-,Minimo
2341,93.64,-1197140,-1128.1629455101715,52,-,-,-,-,Minimo
2342,93.68,-1203571,-144.54444854842222,52,-,-,-,-,Minimo
2343,93.72,-1207164,710.4586985584283,52,-,-,-,-,Minimo
2344,93.76,-1207583,1305.3604503827946,52,-,-,-,-,Minimo
2345,93.8,-1207595,1778.11318613014,52,-,-,-,-,Minimo
2346,93.84,-1209638,2321.2567243387293,52,-,-,-,-,Minimo
2347,93.88,-1212322,2844.4323738806524,52,-,-,-,-,Minimo
2348,93.92,-1214623,2935.0850384036103,52,-,-,-,-,Minimo
2349,93.96,-1216625,2130.503999744108,52,-,-,-,-,Minimo
2350,94.0,-1217292,446.1412742188436,52,-,-,-,-,Minimo
2351,94.04,-1217935,-1315.2318160105997,52,-,-,-,-,Minimo
2352,94.08,-1219898,-2241.4924929614326,52,-,-,-,-,Minimo
2353,94.12,-1219209,-2220.913718052552,52,-,-,-,-,Minimo
2354,94.16,-1220192,-1588.8878695789854,52,-,-,-,-,Minimo
2355,94.2,-1219056,-1116.966431551396,52,-,-,-,-,Minimo
2356,94.24,-1207054,-1348.3491229080973,52,-,-,-,-,Minimo
2357,94.28,-1197339,-1642.6629836428147,52,-,-,-,-,Minimo
2358,94.32,-1196060,-1467.6862313893907,52,-,-,-,-,Minimo
2359,94.36,-1199383,-853.8046844117302,52,-,-,-,-,Minimo
2360,94.4,-1203234,-94.77236017376981,52,-,-,-,-,Minimo
2361,94.44,-1206439,567.6658401926234,52,-,-,-,-,Minimo
2362,94.48,-1208106,1046.6034545400944,52,-,-,-,-,Minimo
2363,94.52,-1207536,1426.0321764163264,52,-,-,-,-,Minimo
2364,94.56,-1208837,1975.7554538248787,52,-,-,-,-,Minimo
2365,94.6,-1211416,2615.626985609939,52,-,-,-,-,Minimo
2366,94.64,-1213667,2882.6736217699827,52,-,-,-,-,Minimo
2367,94.68,-1215264,2247.200693584292,52,-,-,-,-,Minimo
2368,94.72,-1216791,711.3836551926461,52,-,-,-,-,Minimo
2369,94.76,-1218621,-976.3887025423176,52,-,-,-,-,Minimo
2370,94.8,-1219640,-1962.1897832104041,52,-,-,-,-,Minimo
2371,94.84,-1220136,-1981.3929921805434,52,-,-,-,-,Minimo
2372,94.88,-1220328,-1476.2936871197742,52,-,-,-,-,Minimo
2373,94.92,-1218267,-1103.7235103520725,52,-,-,-,-,Minimo
2374,94.96,-1209549,-1248.8559469491393,52,-,-,-,-,Minimo
2375,95.0,-1198274,-1618.416396897057,52,-,-,-,-,Minimo
2376,95.04,-1195910,-1557.5228878750622,52,-,-,-,-,Minimo
2377,95.08,-1197773,-1099.9226383949008,52,-,-,-,-,Minimo
2378,95.12,-1202314,-392.7773547847171,52,-,-,-,-,Minimo
2379,95.16,-1206379,311.6125532279575,52,-,-,-,-,Minimo
2380,95.2,-1208200,893.670040135311,52,-,-,-,-,Minimo
2381,95.24,-1206574,1354.9852622457329,52,-,-,-,-,Minimo
2382,95.28,-1207116,1940.8601550077128,52,-,-,-,-,Minimo
2383,95.32,-1210693,2614.7614711278893,52,-,-,-,-,Minimo
2384,95.36,-1212861,2902.886872517067,52,-,-,-,-,Minimo
2385,95.4,-1215502,2411.3695204332807,52,-,-,-,-,Minimo
2386,95.44,-1216809,994.0012576776126,52,-,-,-,-,Minimo
2387,95.48,-1217778,-730.6705908026893,52,-,-,-,-,Minimo
2388,95.52,-1219578,-1854.9569118286988,52,-,-,-,-,Minimo
2389,95.56,-1221303,-1992.835042841937,52,-,-,-,-,Minimo
2390,95.6,-1221243,-1512.0380611017172,52,-,-,-,-,Minimo
2391,95.64,-1220363,-1030.88749703665,52,-,-,-,-,Minimo
2392,95.68,-1213964,-1099.2044421368764,52,-,-,-,-,Minimo
2393,95.72,-1199360,-1689.675495972564,52,-,-,-,-,Minimo
2394,95.76,-1195173,-1812.2317237943953,52,-,-,-,-,Minimo
2395,95.8,-1196607,-1391.9155879938753,52,-,-,-,-,Minimo
2396,95.84,-1201821,-595.4102126641113,52,-,-,-,-,Minimo
2397,95.88,-1205145,146.40421220836924,52,-,-,-,-,Minimo
2398,95.92,-1207139,728.8900551380666,52,-,-,-,-,Minimo
2399,95.96,-1206352,1183.9913378623542,52,-,-,-,-,Minimo
2400,96.0,-1207739,1820.262035082811,51,54.5,-,-,-,Minimo
2401,96.04,-1215166,2750.5465531276586,51,-,-,-,-,Minimo
2402,96.08,-1217788,3282.4504164886202,51,-,-,-,-,Minimo
2403,96.12,-1218620,2952.899495930027,51,-,-,-,-,Minimo
2404,96.16,-1218345,1525.5048747580486,51,-,-,-,-,Minimo
2405,96.2,-1219698,-398.50480395259933,51,-,-,-,-,Minimo
2406,96.24,-1219614,-1909.6515036983617,51,-,-,-,-,Minimo
2407,96.28,-1219510,-2350.68249907257,51,-,-,-,-,Minimo
2408,96.32,-1217190,-2061.0000308175513,51,-,-,-,-,Minimo
2409,96.36,-1204117,-2026.4931254118255,51,-,-,-,-,Minimo
2410,96.4,-1195627,-2133.8734061145515,51,-,-,-,-,Minimo
2411,96.44,-1195846,-2017.398006017127,51,-,-,-,-,Minimo
2412,96.48,-1198515,-1451.1555888896155,51,-,-,-,-,Minimo
2413,96.52,-1204789,-355.85426908856425,51,-,-,-,-,Minimo
2414,96.56,-1208031,666.2340500330756,51,-,-,-,-,Minimo
2415,96.6,-1208294,1290.0043755877314,51,-,-,-,-,Minimo
2416,96.64,-1206752,1635.0214062870818,51,-,-,-,-,Minimo
2417,96.68,-1210366,2194.5466510262695,51,-,-,-,-,Minimo
2418,96.72,-1211708,2720.269820071946,51,-,-,-,-,Minimo
2419,96.76,-1213301,2830.3884123050666,51,-,-,-,-,Minimo
2420,96.8,-1215730,2028.60560067175,51,-,-,-,-,Minimo
2421,96.84,-1217730,368.8879109331697,51,-,-,-,-,Minimo
2422,96.88,-1219515,-1306.733518272447,51,-,-,-,-,Minimo
2423,96.92,-1218289,-2206.9227594735803,51,-,-,-,-,Minimo
2424,96.96,-1219630,-1984.8516381053564,51,-,-,-,-,Minimo
2425,97.0,-1219837,-1317.8347834538945,51,-,-,-,-,Minimo
2426,97.04,-1217656,-912.771153900354,51,-,-,-,-,Minimo
2427,97.08,-1208447,-1129.7893978881912,51,-,-,-,-,Minimo
2428,97.12,-1197976,-1520.956122317115,51,-,-,-,-,Minimo
2429,97.16,-1195515,-1464.9402535693753,51,-,-,-,-,Minimo
2430,97.2,-1197565,-993.0030670632987,51,-,-,-,-,Minimo
2431,97.24,-1203528,-226.95415697926364,51,-,-,-,-,Minimo
2432,97.28,-1207345,506.7899970993458,51,-,-,-,-,Minimo
2433,97.32,-1207889,1066.7354821313675,51,-,-,-,-,Minimo
2434,97.36,-1206580,1475.2757846066834,51,-,-,-,-,Minimo
2435,97.4,-1209134,2004.1811525716776,51,-,-,-,-,Minimo
2436,97.44,-1211890,2554.7926893747162,51,-,-,-,-,Minimo
2437,97.48,-1212973,2763.1370363712886,51,-,-,-,-,Minimo
2438,97.52,-1215790,2247.5924134714724,51,-,-,-,-,Minimo
2439,97.56,-1216950,792.4748227839023,51,-,-,-,-,Minimo
2440,97.6,-1218682,-914.6150687526949,51,-,-,-,-,Minimo
2441,97.64,-1217932,-2066.496001672083,51,-,-,-,-,Minimo
2442,97.68,-1218658,-2133.787521478873,51,-,-,-,-,Minimo
2443,97.72,-1219142,-1554.0698513914188,51,-,-,-,-,Minimo
2444,97.76,-1218991,-1034.9608798192821,51,-,-,-,-,Minimo
2445,97.8,-1211513,-1133.1621129978266,51,-,-,-,-,Minimo
2446,97.84,-1198740,-1588.6809482273784,51,-,-,-,-,Minimo
2447,97.88,-1195637,-1563.1475716850582,51,-,-,-,-,Minimo
2448,97.92,-1197405,-1083.5583992870224,51,-,-,-,-,Minimo
2449,97.96,-1201866,-336.65871150989005,51,-,-,-,-,Minimo
2450,98.0,-1206806,434.7748422992581,51,-,-,-,-,Minimo
2451,98.04,-1208258,985.6739308892847,51,-,-,-,-,Minimo
2452,98.08,-1206274,1309.4655609136798,51,-,-,-,-,Minimo
2453,98.12,-1208172,1761.3237977273184,51,-,-,-,-,Minimo
2454,98.16,-1210329,2312.7138920656907,51,-,-,-,-,Minimo
2455,98.2,-1213843,2762.7525142202194,51,-,-,-,-,Minimo
2456,98.24,-1215051,2454.7639408422865,51,-,-,-,-,Minimo
2457,98.28,-1218154,1240.2663251580589,51,-,-,-,-,Minimo
2458,98.32,-1219105,-526.7130925094161,51,-,-,-,-,Minimo
2459,98.36,-1220627,-1806.729354148302,51,-,-,-,-,Minimo
2460,98.4,-1219770,-2131.391917754394,51,-,-,-,-,Minimo
2461,98.44,-1220452,-1632.7849423355374,51,-,-,-,-,Minimo
2462,98.48,-1218224,-1150.3201463694559,51,-,-,-,-,Minimo
2463,98.52,-1211655,-1182.6830719480822,51,-,-,-,-,Minimo
2464,98.56,-1198875,-1685.6260225480764,51,-,-,-,-,Minimo
2465,98.6,-1195155,-1774.697726652881,51,-,-,-,-,Minimo
2466,98.64,-1196897,-1338.8196263901436,51,-,-,-,-,Minimo
2467,98.68,-1201095,-558.5319969674604,51,-,-,-,-,Minimo
2468,98.72,-1205671,296.27937200261385,51,-,-,-,-,Minimo
2469,98.76,-1208051,1007.3175596831843,51,-,-,-,-,Minimo
2470,98.8,-1207244,1523.0159708188412,51,-,-,-,-,Minimo
2471,98.84,-1208398,2066.99212330508,51,-,-,-,-,Minimo
2472,98.88,-1212094,2667.2033911368762,51,-,-,-,-,Minimo
2473,98.92,-1213059,2922.92720023343,51,-,-,-,-,Minimo
2474,98.96,-1215492,2527.3310059724436,51,-,-,-,-,Minimo
2475,99.0,-1218174,1238.075893720119,58,54.75,-,-,-,Minimo
2476,99.04,-1219211,-541.5503607243675,58,-,-,-,-,Minimo
2477,99.08,-1219315,-1903.7290400749016,58,-,-,-,-,Minimo
2478,99.12,-1221226,-2220.3341747488694,58,-,-,-,-,Minimo
2479,99.16,-1219859,-1863.7739105495634,58,-,-,-,-,Minimo
2480,99.2,-1215566,-1445.4968578734497,58,-,-,-,-,Minimo
2481,99.24,-1197380,-1736.3515292150369,58,-,-,-,-,Minimo
2482,99.28,-1196298,-1686.601263014074,58,-,-,-,-,Minimo
2483,99.32,-1197797,-1463.3542835574508,58,-,-,-,-,Minimo
2484,99.36,-1201833,-899.4144404590065,58,-,-,-,-,Minimo
2485,99.4,-1208235,-76.0918874355848,58,-,-,-,-,Minimo
2486,99.44,-1207985,551.0715243007407,58,-,-,-,-,Minimo
2487,99.48,-1207115,1097.8757331951165,58,-,-,-,-,Minimo
2488,99.52,-1207509,1689.280205797952,58,-,-,-,-,Minimo
2489,99.56,-1211488,2464.343344565018,58,-,-,-,-,Minimo
2490,99.6,-1213459,3008.407391099765,58,-,-,-,-,Minimo
2491,99.64,-1215130,2800.881397528373,58,-,-,-,-,Minimo
2492,99.68,-1215946,1477.808863852505,58,-,-,-,-,Minimo
2493,99.72,-1217537,-402.2894534933964,58,-,-,-,-,Minimo
2494,99.76,-1218421,-1812.5291708987015,58,-,-,-,-,Minimo
2495,99.8,-1219316,-2084.266964792159,58,-,-,-,-,Minimo
2496,99.84,-1218924,-1556.861455385583,58,-,-,-,-,Minimo
2497,99.88,-1219392,-947.4116328330056,58,-,-,-,-,Minimo
2498,99.92,-1214722,-935.6328663444565,58,-,-,-,-,Minimo
2499,99.96,-1200537,-1518.21404569906,58,-,-,-,-,Minimo
2500,100.0,-1195775,-1644.8148256346412,58,-,-,-,-,Minimo
2501,100.04,-1197372,-1205.5252066403036,58,-,-,-,-,Minimo
2502,100.08,-1200897,-497.30502290002585,58,-,-,-,-,Minimo
2503,100.12,-1205067,200.27715945860928,58,-,-,-,-,Minimo
2504,100.16,-1208026,742.893832992936,58,-,-,-,-,Minimo
2505,100.2,-1207980,1137.741478638196,58,-,-,-,-,Minimo
2506,100.24,-1207865,1587.8295680190722,58,-,-,-,-,Minimo
2507,100.28,-1209790,2194.81902438036,58,-,-,-,-,Minimo
2508,100.32,-1212429,2705.180206794351,58,-,-,-,-,Minimo
2509,100.36,-1215021,2608.7570112098438,58,-,-,-,-,Minimo
2510,100.4,-1217124,1541.5195878211325,58,-,-,-,-,Minimo
2511,100.44,-1217542,-199.82509519173846,58,-,-,-,-,Minimo
2512,100.48,-1217659,-1667.2530734826114,58,-,-,-,-,Minimo
2513,100.52,-1219909,-2116.160530030647,58,-,-,-,-,Minimo
2514,100.56,-1218910,-1818.9442501942926,58,-,-,-,-,Minimo
2515,100.6,-1218655,-1244.962627577524,58,-,-,-,-,Minimo
2516,100.64,-1216334,-983.0354253995183,58,-,-,-,-,Minimo
2517,100.68,-1202241,-1411.2251409047658,58,-,-,-,-,Minimo
2518,100.72,-1196192,-1613.9458461830218,58,-,-,-,-,Minimo
2519,100.76,-1196767,-1344.7837850125397,58,-,-,-,-,Minimo
2520,100.8,-1199681,-696.4177051574891,58,-,-,-,-,Minimo
2521,100.84,-1204499,127.27498805749838,58,-,-,-,-,Minimo
2522,100.88,-1207881,801.006384123637,58,-,-,-,-,Minimo
2523,100.92,-1207874,1214.3574456022816,58,-,-,-,-,Minimo
2524,100.96,-1206615,1569.2690383252134,58,-,-,-,-,Minimo
2525,101.0,-1210079,2173.55604818943,58,-,-,-,-,Minimo
2526,101.04,-1212570,2693.5282664792394,58,-,-,-,-,Minimo
2527,101.08,-1215543,2715.1695769599737,58,-,-,-,-,Minimo
2528,101.12,-1215990,1741.2260518932849,58,-,-,-,-,Minimo
2529,101.16,-1217105,80.76354856363105,58,-,-,-,-,Minimo
2530,101.2,-1218220,-1458.1159797707064,58,-,-,-,-,Minimo
2531,101.24,-1219327,-2124.1039378175315,58,-,-,-,-,Minimo
2532,101.28,-1219026,-1915.935115646962,58,-,-,-,-,Minimo
2533,101.32,-1219758,-1311.2953109256573,58,-,-,-,-,Minimo
2534,101.36,-1218913,-972.399490515495,58,-,-,-,-,Minimo
2535,101.4,-1208711,-1282.8118441294591,58,-,-,-,-,Minimo
2536,101.44,-1197687,-1664.9292058129522,58,-,-,-,-,Minimo
2537,101.48,-1196070,-1457.7283668711352,58,-,-,-,-,Minimo
2538,101.52,-1198310,-823.5604067647009,58,-,-,-,-,Minimo
2539,101.56,-1203298,-30.842725346897623,58,-,-,-,-,Minimo
2540,101.6,-1207129,602.7788450056341,58,-,-,-,-,Minimo
2541,101.64,-1209249,1052.8483290584509,58,-,-,-,-,Minimo
2542,101.68,-1207513,1366.4568957122465,58,-,-,-,-,Minimo
2543,101.72,-1208360,1864.2888749092326,58,-,-,-,-,Minimo
2544,101.76,-1211927,2505.9091347577123,58,-,-,-,-,Minimo
2545,101.8,-1213430,2783.1751702014026,58,-,-,-,-,Minimo
2546,101.84,-1216694,2306.703382221486,58,-,-,-,-,Minimo
2547,101.88,-1217938,845.7462754039184,58,-,-,-,-,Minimo
2548,101.92,-1219330,-891.8112026472488,58,-,-,-,-,Minimo
2549,101.96,-1219687,-2024.3333440622373,58,-,-,-,-,Minimo
2550,102.0,-1220952,-2096.0246804705566,58,54.75,-,-,-,Minimo
2551,102.04,-1219722,-1584.1526578842318,58,-,-,-,-,Minimo
2552,102.08,-1214630,-1196.3377653428224,58,-,-,-,-,Minimo
2553,102.12,-1199265,-1503.8523815240223,58,-,-,-,-,Minimo
2554,102.16,-1195190,-1676.4389524695907,58,-,-,-,-,Minimo
2555,102.2,-1196508,-1531.4354482254648,58,-,-,-,-,Minimo
2556,102.24,-1199875,-975.029351388537,58,-,-,-,-,Minimo
2557,102.28,-1204998,-127.75887686882652,58,-,-,-,-,Minimo
2558,102.32,-1207225,629.3176964367958,58,-,-,-,-,Minimo
2559,102.36,-1206805,1196.6928510011885,58,-,-,-,-,Minimo
2560,102.4,-1207484,1776.8549506442268,58,-,-,-,-,Minimo
2561,102.44,-1209906,2474.7543782902267,58,-,-,-,-,Minimo
2562,102.48,-1213540,3054.064210828855,58,-,-,-,-,Minimo
2563,102.52,-1216722,2921.129780676185,58,-,-,-,-,Minimo
2564,102.56,-1217546,1672.8884091017503,58,-,-,-,-,Minimo
2565,102.6,-1218788,-183.00391906505388,58,-,-,-,-,Minimo
2566,102.64,-1219521,-1706.250133736696,58,-,-,-,-,Minimo
2567,102.68,-1219615,-2235.885116428737,58,-,-,-,-,Minimo
2568,102.72,-1220280,-1880.119876788144,58,-,-,-,-,Minimo
2569,102.76,-1221041,-1302.3143011875745,58,-,-,-,-,Minimo
2570,102.8,-1217140,-1162.2856671613508,58,-,-,-,-,Minimo
2571,102.84,-1204711,-1593.9286963941795,58,-,-,-,-,Minimo
2572,102.88,-1197425,-1811.112328609137,58,-,-,-,-,Minimo
2573,102.92,-1195905,-1500.3419786479717,58,-,-,-,-,Minimo
2574,102.96,-1199940,-693.1351318600628,58,-,-,-,-,Minimo
2575,103.0,-1203808,169.32941835090514,58,-,-,-,-,Minimo
2576,103.04,-1208084,883.1668633410336,58,-,-,-,-,Minimo
2577,103.08,-1207728,1266.2205643656353,58,-,-,-,-,Minimo
2578,103.12,-1207629,1629.2097775376715,58,-,-,-,-,Minimo
2579,103.16,-1211588,2243.5433961082517,58,-,-,-,-,Minimo
2580,103.2,-1213175,2788.9538200245142,58,-,-,-,-,Minimo
2581,103.24,-1214955,2871.774907098774,58,-,-,-,-,Minimo
2582,103.28,-1216348,2003.4538348038514,58,-,-,-,-,Minimo
2583,103.32,-1218111,345.7640557144832,58,-,-,-,-,Minimo
2584,103.36,-1220187,-1287.5307478554128,58,-,-,-,-,Minimo
2585,103.4,-1220625,-2146.6822867290034,58,-,-,-,-,Minimo
2586,103.44,-1220916,-2052.099286082776,58,-,-,-,-,Minimo
2587,103.48,-1220695,-1531.099735407688,58,-,-,-,-,Minimo
2588,103.52,-1218850,-1197.848552808764,58,-,-,-,-,Minimo
2589,103.56,-1208752,-1414.195832961379,58,-,-,-,-,Minimo
2590,103.6,-1198369,-1675.8127331514188,58,-,-,-,-,Minimo
2591,103.64,-1195163,-1497.8409166031051,58,-,-,-,-,Minimo
2592,103.68,-1198268,-913.2759459213512,58,-,-,-,-,Minimo
2593,103.72,-1201858,-246.4510092541184,58,-,-,-,-,Minimo
2594,103.76,-1206941,458.67066554645044,58,-,-,-,-,Minimo
2595,103.8,-1207340,1002.7241783356112,58,-,-,-,-,Minimo
2596,103.84,-1206233,1506.2427156373087,58,-,-,-,-,Minimo
2597,103.88,-1207945,2127.1641102789736,58,-,-,-,-,Minimo
2598,103.92,-1210612,2732.5679752848982,58,-,-,-,-,Minimo
2599,103.96,-1213232,2972.9246730930736,58,-,-,-,-,Minimo
2600,104.0,-1215523,2394.629982025447,58,-,-,-,-,Minimo
2601,104.04,-1218316,953.7510999330816,58,-,-,-,-,Minimo
2602,104.08,-1219071,-815.5914346751124,58,-,-,-,-,Minimo
2603,104.12,-1220303,-1950.5818555279507,58,-,-,-,-,Minimo
2604,104.16,-1221056,-2092.892309250102,58,-,-,-,-,Minimo
2605,104.2,-1220361,-1628.464244154697,58,-,-,-,-,Minimo
2606,104.24,-1219200,-1183.0352144621475,58,-,-,-,-,Minimo
2607,104.28,-1210434,-1342.3196514940864,58,-,-,-,-,Minimo
2608,104.32,-1199072,-1794.9724718360212,58,-,-,-,-,Minimo
2609,104.36,-1196067,-1822.5809821531366,58,-,-,-,-,Minimo
2610,104.4,-1196878,-1384.031672461806,58,-,-,-,-,Minimo
2611,104.44,-1201160,-581.6043936951161,58,-,-,-,-,Minimo
2612,104.48,-1206002,290.5425813802585,58,-,-,-,-,Minimo
2613,104.52,-1208432,1002.105633096885,58,-,-,-,-,Minimo
2614,104.56,-1206341,1484.9274428916315,58,-,-,-,-,Minimo
2615,104.6,-1208039,2089.1812406408444,58,-,-,-,-,Minimo
2616,104.64,-1210057,2689.815092161809,58,-,-,-,-,Minimo
2617,104.68,-1211954,2983.841383030627,58,-,-,-,-,Minimo
2618,104.72,-1216137,2597.3251745882344,58,-,-,-,-,Minimo
2619,104.76,-1218188,1248.7664522462865,58,-,-,-,-,Minimo
2620,104.8,-1220341,-474.99560221176444,58,-,-,-,-,Minimo
2621,104.84,-1220151,-1799.3057261824574,58,-,-,-,-,Minimo
2622,104.88,-1219635,-2169.004948128435,58,-,-,-,-,Minimo
2623,104.92,-1221041,-1719.6595913280748,58,-,-,-,-,Minimo
2624,104.96,-1219555,-1217.2801851704435,58,-,-,-,-,Minimo
2625,105.0,-1215453,-1114.1560196504606,55,55.5,-,-,-,Minimo
2626,105.04,-1196259,-1797.8333255262114,55,-,-,-,-,Minimo
2627,105.08,-1195780,-1845.8599978623224,55,-,-,-,-,Minimo
2628,105.12,-1199523,-1437.9269851628496,55,-,-,-,-,Minimo
2629,105.16,-1204825,-634.8225895462151,55,-,-,-,-,Minimo
2630,105.2,-1209283,301.3326279424282,55,-,-,-,-,Minimo
2631,105.24,-1208171,974.0612340208236,55,-,-,-,-,Minimo
2632,105.28,-1207161,1445.7576477857674,55,-,-,-,-,Minimo
2633,105.32,-1209848,1942.2491180882434,55,-,-,-,-,Minimo
2634,105.36,-1213031,2520.9898951701807,55,-,-,-,-,Minimo
2635,105.4,-1215503,2953.7015951480353,55,-,-,-,-,Minimo
2636,105.44,-1216160,2600.0096956285024,55,-,-,-,-,Minimo
2637,105.48,-1217998,1194.063528884495,55,-,-,-,-,Minimo
2638,105.52,-1218123,-773.6112325144694,55,-,-,-,-,Minimo
2639,105.56,-1219426,-2045.698662956999,55,-,-,-,-,Minimo
2640,105.6,-1219442,-2121.430026400465,55,-,-,-,-,Minimo
2641,105.64,-1220327,-1431.8411841374384,55,-,-,-,-,Minimo
2642,105.68,-1216991,-1019.1803926061348,55,-,-,-,-,Minimo
2643,105.72,-1204689,-1376.6234020261654,55,-,-,-,-,Minimo
2644,105.76,-1197163,-1725.1973721523118,55,-,-,-,-,Minimo
2645,105.8,-1196999,-1533.038713911279,55,-,-,-,-,Minimo
2646,105.84,-1200010,-869.60581325108,55,-,-,-,-,Minimo
2647,105.88,-1203682,-76.93748562256451,55,-,-,-,-,Minimo
2648,105.92,-1207574,595.1468039247038,55,-,-,-,-,Minimo
2649,105.96,-1206327,957.7649115435088,55,-,-,-,-,Minimo
2650,106.0,-1206469,1368.7851622619473,55,-,-,-,-,Minimo
2651,106.04,-1210699,2040.2858023848075,55,-,-,-,-,Minimo
2652,106.08,-1213343,2658.7793779828025,55,-,-,-,-,Minimo
2653,106.12,-1215325,2784.8736219427674,55,-,-,-,-,Minimo
2654,106.16,-1217587,1995.6117987010002,55,-,-,-,-,Minimo
2655,106.2,-1218589,387.18021665424794,55,-,-,-,-,Minimo
2656,106.24,-1218970,-1213.6604019176643,55,-,-,-,-,Minimo
2657,106.28,-1219821,-1992.2715801489717,55,-,-,-,-,Minimo
2658,106.32,-1219957,-1896.9846084764135,55,-,-,-,-,Minimo
2659,106.36,-1219723,-1446.9088452269957,55,-,-,-,-,Minimo
2660,106.4,-1217399,-1245.7255357015856,55,-,-,-,-,Minimo
2661,106.44,-1204769,-1645.8068979390646,55,-,-,-,-,Minimo
2662,106.48,-1196586,-1860.3503291160341,55,-,-,-,-,Minimo
2663,106.52,-1195360,-1532.1546095346039,55,-,-,-,-,Minimo
2664,106.56,-1198063,-794.1887996039522,55,-,-,-,-,Minimo
2665,106.6,-1204290,114.64725988813188,55,-,-,-,-,Minimo
2666,106.64,-1206985,791.0125885349453,55,-,-,-,-,Minimo
2667,106.68,-1207787,1261.0009799385853,55,-,-,-,-,Minimo
2668,106.72,-1206915,1637.6778943511554,55,-,-,-,-,Minimo
2669,106.76,-1210400,2233.0763010650426,55,-,-,-,-,Minimo
2670,106.8,-1212749,2780.3432860954863,55,-,-,-,-,Minimo
2671,106.84,-1215195,2893.8672385112322,55,-,-,-,-,Minimo
2672,106.88,-1217256,2090.9154238761703,55,-,-,-,-,Minimo
2673,106.92,-1217983,414.57682914375573,55,-,-,-,-,Minimo
2674,106.96,-1219121,-1303.9373984252884,55,-,-,-,-,Minimo
2675,107.0,-1220562,-2205.855284126953,55,-,-,-,-,Minimo
2676,107.04,-1220027,-2154.4827299711324,55,-,-,-,-,Minimo
2677,107.08,-1220345,-1567.1329248542747,55,-,-,-,-,Minimo
2678,107.12,-1218396,-1190.2838870423166,55,-,-,-,-,Minimo
2679,107.16,-1209315,-1390.2494937522897,55,-,-,-,-,Minimo
2680,107.2,-1198148,-1738.2181703461538,55,-,-,-,-,Minimo
2681,107.24,-1196112,-1546.4029616515672,55,-,-,-,-,Minimo
2682,107.28,-1197108,-961.5407383684887,55,-,-,-,-,Minimo
2683,107.32,-1202859,-114.34032161790492,55,-,-,-,-,Minimo
2684,107.36,-1206978,606.5552675556055,55,-,-,-,-,Minimo
2685,107.4,-1207793,1106.2862905216425,55,-,-,-,-,Minimo
2686,107.44,-1205665,1477.439577600343,55,-,-,-,-,Minimo
2687,107.48,-1208849,2077.3094536599738,55,-,-,-,-,Minimo
2688,107.52,-1211560,2664.9667006187747,55,-,-,-,-,Minimo
2689,107.56,-1215138,2953.565126809186,55,-,-,-,-,Minimo
2690,107.6,-1216682,2390.678467765786,55,-,-,-,-,Minimo
2691,107.64,-1218604,956.7409350183352,55,-,-,-,-,Minimo
2692,107.68,-1218622,-833.427819765411,55,-,-,-,-,Minimo
2693,107.72,-1219722,-1996.6774095188207,55,-,-,-,-,Minimo
2694,107.76,-1219991,-2166.9807470315527,55,-,-,-,-,Minimo
2695,107.8,-1220904,-1639.9509683130825,55,-,-,-,-,Minimo
2696,107.84,-1219236,-1211.335104226468,55,-,-,-,-,Minimo
2697,107.88,-1214535,-1269.2829269708918,55,-,-,-,-,Minimo
2698,107.92,-1198851,-1867.1321766195415,55,-,-,-,-,Minimo
2699,107.96,-1195983,-1816.7134087721224,55,-,-,-,-,Minimo
2700,108.0,-1199237,-1174.847647768962,61,58.0,-,-,-,Minimo
2701,108.04,-1207983,-154.09160321811214,61,-,-,-,-,Minimo
2702,108.08,-1206997,477.1037362846282,61,-,-,-,-,Minimo
2703,108.12,-1207161,945.2067607384697,61,-,-,-,-,Minimo
2704,108.16,-1208993,1346.4442153851141,61,-,-,-,-,Minimo
2705,108.2,-1212091,1846.9887839461826,61,-,-,-,-,Minimo
2706,108.24,-1214066,2433.3471198741126,61,-,-,-,-,Minimo
2707,108.28,-1217247,2887.858219499115,61,-,-,-,-,Minimo
2708,108.32,-1217301,2492.7122407920524,61,-,-,-,-,Minimo
2709,108.36,-1220016,1153.4629696179973,61,-,-,-,-,Minimo
2710,108.4,-1220874,-696.4006644438896,61,-,-,-,-,Minimo
2711,108.44,-1221359,-1928.8627504335268,61,-,-,-,-,Minimo
2712,108.48,-1220038,-2083.8949398652016,61,-,-,-,-,Minimo
2713,108.52,-1216509,-1681.7294397398164,61,-,-,-,-,Minimo
2714,108.56,-1203413,-1721.9108913227228,61,-,-,-,-,Minimo
2715,108.6,-1196006,-1878.3985730876757,61,-,-,-,-,Minimo
2716,108.64,-1196072,-1739.516919934089,61,-,-,-,-,Minimo
2717,108.68,-1200131,-1159.637248479941,61,-,-,-,-,Minimo
2718,108.72,-1204547,-349.80387649677505,61,-,-,-,-,Minimo
2719,108.76,-1206320,373.9186169349914,61,-,-,-,-,Minimo
2720,108.8,-1206415,966.8473068801122,61,-,-,-,-,Minimo
2721,108.84,-1205811,1545.7837588921157,61,-,-,-,-,Minimo
2722,108.88,-1208864,2302.3292369809815,61,-,-,-,-,Minimo
2723,108.92,-1212566,2941.6178957312786,61,-,-,-,-,Minimo
2724,108.96,-1215634,2960.148370402375,61,-,-,-,-,Minimo
2725,109.0,-1217876,1986.46414955014,61,-,-,-,-,Minimo
2726,109.04,-1218760,249.32402690761137,61,-,-,-,-,Minimo
2727,109.08,-1220188,-1330.009724918986,61,-,-,-,-,Minimo
2728,109.12,-1219494,-2072.196365494522,61,-,-,-,-,Minimo
2729,109.16,-1220509,-1841.0428360829321,61,-,-,-,-,Minimo
2730,109.2,-1219215,-1378.0247526054727,61,-,-,-,-,Minimo
2731,109.24,-1217927,-1181.721504039252,61,-,-,-,-,Minimo
2732,109.28,-1205277,-1676.593559382687,61,-,-,-,-,Minimo
2733,109.32,-1195868,-2033.6779619562622,61,-,-,-,-,Minimo
2734,109.36,-1194338,-1766.2157335575557,61,-,-,-,-,Minimo
2735,109.4,-1198838,-927.2144795650679,61,-,-,-,-,Minimo
2736,109.44,-1203813,53.84106458828046,61,-,-,-,-,Minimo
2737,109.48,-1208000,887.5920093848908,61,-,-,-,-,Minimo
2738,109.52,-1208151,1393.1091588796326,61,-,-,-,-,Minimo
2739,109.56,-1207124,1760.024374484662,61,-,-,-,-,Minimo
2740,109.6,-1209810,2289.2315339659845,61,-,-,-,-,Minimo
2741,109.64,-1212462,2815.8734598225046,61,-,-,-,-,Minimo
2742,109.68,-1214743,2930.296337115219,61,-,-,-,-,Minimo
2743,109.72,-1216359,2124.684678289769,61,-,-,-,-,Minimo
2744,109.76,-1217904,438.8638715773395,61,-,-,-,-,Minimo
2745,109.8,-1219587,-1334.3047588515738,61,-,-,-,-,Minimo
2746,109.84,-1219044,-2334.118891685823,61,-,-,-,-,Minimo
2747,109.88,-1219344,-2209.200887883998,61,-,-,-,-,Minimo
2748,109.92,-1219030,-1549.2811740791522,61,-,-,-,-,Minimo
2749,109.96,-1217025,-1100.7396331330401,61,-,-,-,-,Minimo
2750,110.0,-1205097,-1376.9535000495744,61,-,-,-,-,Minimo
2751,110.04,-1196352,-1683.7640735001532,61,-,-,-,-,Minimo
2752,110.08,-1196355,-1477.626021321008,61,-,-,-,-,Minimo
2753,110.12,-1199632,-853.0582693999615,61,-,-,-,-,Minimo
2754,110.16,-1203727,-60.13794790439715,61,-,-,-,-,Minimo
2755,110.2,-1207022,664.4464268663733,61,-,-,-,-,Minimo
2756,110.24,-1207157,1176.3088982068175,61,-,-,-,-,Minimo
2757,110.28,-1207771,1637.2589694602575,61,-,-,-,-,Minimo
2758,110.32,-1209265,2144.850168357638,61,-,-,-,-,Minimo
2759,110.36,-1212123,2656.3951147035696,61,-,-,-,-,Minimo
2760,110.4,-1213200,2705.544619903515,61,-,-,-,-,Minimo
2761,110.44,-1215712,1955.2669842114137,61,-,-,-,-,Minimo
2762,110.48,-1216861,382.45331175516094,61,-,-,-,-,Minimo
2763,110.52,-1218545,-1198.1292733657285,61,-,-,-,-,Minimo
2764,110.56,-1219682,-2010.204379297257,61,-,-,-,-,Minimo
2765,110.6,-1220199,-1908.8017712822593,61,-,-,-,-,Minimo
2766,110.64,-1221178,-1362.69720045691,61,-,-,-,-,Minimo
2767,110.68,-1219445,-1036.7561053222994,61,-,-,-,-,Minimo
2768,110.72,-1209838,-1257.541492550572,61,-,-,-,-,Minimo
2769,110.76,-1197832,-1634.5171487954158,61,-,-,-,-,Minimo
2770,110.8,-1195888,-1512.7277175235122,61,-,-,-,-,Minimo
2771,110.84,-1198841,-1002.1711476639466,61,-,-,-,-,Minimo
2772,110.88,-1202823,-336.53141490648727,61,-,-,-,-,Minimo
2773,110.92,-1207980,366.8352733471538,61,-,-,-,-,Minimo
2774,110.96,-1206356,803.0118831464033,61,-,-,-,-,Minimo
2775,111.0,-1206381,1289.8885016000968,51,56.25,-,-,-,Maximo
2776,111.04,-1211708,2034.1983682158489,51,-,-,-,-,Maximo
2777,111.08,-1213765,2712.6879444979095,51,-,-,-,-,Maximo
2778,111.12,-1216330,3069.153073673746,51,-,-,-,-,Maximo
2779,111.16,-1218057,2524.6288022356994,51,-,-,-,-,Maximo
2780,111.2,-1217462,933.629197179298,51,-,-,-,-,Maximo
2781,111.24,-1218148,-898.9796866386707,51,-,-,-,-,Maximo
2782,111.28,-1220165,-2007.1985202418136,51,-,-,-,-,Maximo
2783,111.32,-1219850,-2140.521991940463,51,-,-,-,-,Maximo
2784,111.36,-1219086,-1696.09069596887,51,-,-,-,-,Maximo
2785,111.4,-1214988,-1447.162672953964,51,-,-,-,-,Maximo
2786,111.44,-1200065,-1842.6339441295459,51,-,-,-,-,Maximo
2787,111.48,-1196600,-1850.0047328859182,51,-,-,-,-,Maximo
2788,111.52,-1198698,-1338.82823583975,51,-,-,-,-,Maximo
2789,111.56,-1201291,-531.7750458768124,51,-,-,-,-,Maximo
2790,111.6,-1205701,310.52114692634404,51,-,-,-,-,Maximo
2791,111.64,-1207579,850.7238737439002,51,-,-,-,-,Maximo
2792,111.68,-1206999,1163.1920143841762,51,-,-,-,-,Maximo
2793,111.72,-1208516,1617.057657405364,51,-,-,-,-,Maximo
2794,111.76,-1210740,2252.1442984416826,51,-,-,-,-,Maximo
2795,111.8,-1213247,2773.994124189575,51,-,-,-,-,Maximo
2796,111.84,-1216226,2644.01375386745,51,-,-,-,-,Maximo
2797,111.88,-1216336,1454.2887743418164,51,-,-,-,-,Maximo
2798,111.92,-1217795,-238.7817855402402,51,-,-,-,-,Maximo
2799,111.96,-1217944,-1612.3739024625502,51,-,-,-,-,Maximo
2800,112.0,-1218618,-2028.2748613813046,51,-,-,-,-,Maximo
2801,112.04,-1219891,-1671.4910086081145,51,-,-,-,-,Maximo
2802,112.08,-1219934,-1200.3451385804692,51,-,-,-,-,Maximo
2803,112.12,-1215505,-1126.2344585768642,51,-,-,-,-,Maximo
2804,112.16,-1203104,-1521.101121624728,51,-,-,-,-,Maximo
2805,112.2,-1196312,-1650.3869849645544,51,-,-,-,-,Maximo
2806,112.24,-1197480,-1236.9268164469877,51,-,-,-,-,Maximo
2807,112.28,-1200411,-539.4620627349107,51,-,-,-,-,Maximo
2808,112.32,-1205821,248.70208185551837,51,-,-,-,-,Maximo
2809,112.36,-1208676,803.1847603198785,51,-,-,-,-,Maximo
2810,112.4,-1207252,1087.038872803114,51,-,-,-,-,Maximo
2811,112.44,-1206819,1439.2472302418246,51,-,-,-,-,Maximo
2812,112.48,-1210223,2076.192192010876,51,-,-,-,-,Maximo
2813,112.52,-1213697,2693.0149540538005,51,-,-,-,-,Maximo
2814,112.56,-1216087,2726.0311135223055,51,-,-,-,-,Maximo
2815,112.6,-1216044,1710.4100258679441,51,-,-,-,-,Maximo
2816,112.64,-1217663,35.50962727656906,51,-,-,-,-,Maximo
2817,112.68,-1219075,-1475.6646262640434,51,-,-,-,-,Maximo
2818,112.72,-1219958,-2080.910021149993,51,-,-,-,-,Maximo
2819,112.76,-1219816,-1798.0355436620546,51,-,-,-,-,Maximo
2820,112.8,-1220725,-1183.7181525132119,51,-,-,-,-,Maximo
2821,112.84,-1216541,-1031.2010918714432,51,-,-,-,-,Maximo
2822,112.88,-1203472,-1522.9214382144655,51,-,-,-,-,Maximo
2823,112.92,-1196524,-1779.8580148905894,51,-,-,-,-,Maximo
2824,112.96,-1196658,-1436.3106311681731,51,-,-,-,-,Maximo
2825,113.0,-1200559,-668.1516996268876,51,-,-,-,-,Maximo
2826,113.04,-1204324,99.75398755763217,51,-,-,-,-,Maximo
2827,113.08,-1208190,706.9493908186159,51,-,-,-,-,Maximo
2828,113.12,-1207746,1081.3067165212387,51,-,-,-,-,Maximo
2829,113.16,-1206389,1491.000276314821,51,-,-,-,-,Maximo
2830,113.2,-1208976,2156.981657616613,51,-,-,-,-,Maximo
2831,113.24,-1212212,2781.340770746223,51,-,-,-,-,Maximo
2832,113.28,-1215759,2868.0554163356846,51,-,-,-,-,Maximo
2833,113.32,-1217849,1943.0954310294255,51,-,-,-,-,Maximo
2834,113.36,-1219034,239.30599260019153,51,-,-,-,-,Maximo
2835,113.4,-1219715,-1368.2285862768258,51,-,-,-,-,Maximo
2836,113.44,-1220899,-2068.700853670176,51,-,-,-,-,Maximo
2837,113.48,-1220507,-1879.7035404663716,51,-,-,-,-,Maximo
2838,113.52,-1221323,-1287.1285975991395,51,-,-,-,-,Maximo
2839,113.56,-1218015,-1064.4028185929874,51,-,-,-,-,Maximo
2840,113.6,-1206067,-1506.6708077525745,51,-,-,-,-,Maximo
2841,113.64,-1196570,-1939.7800372699294,51,-,-,-,-,Maximo
2842,113.68,-1196278,-1750.4598465660965,51,-,-,-,-,Maximo
2843,113.72,-1198293,-1069.675877456063,51,-,-,-,-,Maximo
2844,113.76,-1203788,-92.97260903604501,51,-,-,-,-,Maximo
2845,113.8,-1206673,700.591405835964,51,-,-,-,-,Maximo
2846,113.84,-1208190,1257.8011924795665,51,-,-,-,-,Maximo
2847,113.88,-1205732,1616.2122392689216,51,-,-,-,-,Maximo
2848,113.92,-1208533,2227.264702015822,51,-,-,-,-,Maximo
2849,113.96,-1211711,2853.48069748754,51,-,-,-,-,Maximo
2850,114.0,-1213572,2997.6205917191965,57,56.0,-,-,-,Maximo
2851,114.04,-1217264,2272.3588490434067,57,-,-,-,-,Maximo
2852,114.08,-1219180,632.6856110760536,57,-,-,-,-,Maximo
2853,114.12,-1220242,-1108.1190707856242,57,-,-,-,-,Maximo
2854,114.16,-1222132,-2032.4774670425845,57,-,-,-,-,Maximo
2855,114.2,-1221351,-2038.7987897558278,57,-,-,-,-,Maximo
2856,114.24,-1221202,-1507.8313708236087,57,-,-,-,-,Maximo
2857,114.28,-1216131,-1258.8866984691977,57,-,-,-,-,Maximo
2858,114.32,-1202118,-1669.4376928564525,57,-,-,-,-,Maximo
2859,114.36,-1196928,-1930.5395144100803,57,-,-,-,-,Maximo
2860,114.4,-1196252,-1807.1849375770344,57,-,-,-,-,Maximo
2861,114.44,-1199800,-1175.7193515554588,57,-,-,-,-,Maximo
2862,114.48,-1205331,-255.84070866102775,57,-,-,-,-,Maximo
2863,114.52,-1207766,575.7135153122699,57,-,-,-,-,Maximo
2864,114.56,-1206936,1216.7159868099752,57,-,-,-,-,Maximo
2865,114.6,-1206452,1829.1478794974696,57,-,-,-,-,Maximo
2866,114.64,-1208816,2540.8049759389296,57,-,-,-,-,Maximo
2867,114.68,-1212516,3119.589550107761,57,-,-,-,-,Maximo
2868,114.72,-1213832,2988.3879808968604,57,-,-,-,-,Maximo
2869,114.76,-1216211,1919.8792037687444,57,-,-,-,-,Maximo
2870,114.8,-1218692,182.44056169580927,57,-,-,-,-,Maximo
2871,114.84,-1219346,-1413.2105397215707,57,-,-,-,-,Maximo
2872,114.88,-1221373,-2035.187597785708,57,-,-,-,-,Maximo
2873,114.92,-1221224,-1798.6820197790425,57,-,-,-,-,Maximo
2874,114.96,-1220749,-1247.5702085424264,57,-,-,-,-,Maximo
2875,115.0,-1217117,-1066.9725591704728,57,-,-,-,-,Maximo
2876,115.04,-1204610,-1539.527492366904,57,-,-,-,-,Maximo
2877,115.08,-1196326,-1900.8406980758336,57,-,-,-,-,Maximo
2878,115.12,-1196498,-1681.2105348157384,57,-,-,-,-,Maximo
2879,115.16,-1198442,-1079.2044901964891,57,-,-,-,-,Maximo
2880,115.2,-1204353,-221.89983824982892,57,-,-,-,-,Maximo
2881,115.24,-1207717,521.6032768834511,57,-,-,-,-,Maximo
2882,115.28,-1208081,1111.9618840735557,57,-,-,-,-,Maximo
2883,115.32,-1206537,1649.0395010252814,57,-,-,-,-,Maximo
2884,115.36,-1210672,2412.810971967091,57,-,-,-,-,Maximo
2885,115.4,-1211865,2960.0842682754737,57,-,-,-,-,Maximo
2886,115.44,-1214519,3000.015006688036,57,-,-,-,-,Maximo
2887,115.48,-1218000,2124.6193724568193,57,-,-,-,-,Maximo
2888,115.52,-1218493,386.3147949783943,57,-,-,-,-,Maximo
2889,115.56,-1218583,-1328.6255248676712,57,-,-,-,-,Maximo
2890,115.6,-1219402,-2181.942422668064,57,-,-,-,-,Maximo
2891,115.64,-1221184,-2021.273681954901,57,-,-,-,-,Maximo
2892,115.68,-1220869,-1455.8275563226384,57,-,-,-,-,Maximo
2893,115.72,-1218370,-1109.964269820649,57,-,-,-,-,Maximo
2894,115.76,-1209067,-1344.2203752533023,57,-,-,-,-,Maximo
2895,115.8,-1197329,-1767.3509966669208,57,-,-,-,-,Maximo
2896,115.84,-1196164,-1616.6515630531048,57,-,-,-,-,Maximo
2897,115.88,-1198055,-1030.0160792207644,57,-,-,-,-,Maximo
2898,115.92,-1202638,-176.76817402479583,57,-,-,-,-,Maximo
2899,115.96,-1206547,595.4168751414245,57,-,-,-,-,Maximo
2900,116.0,-1207309,1085.0051881764348,57,-,-,-,-,Maximo
2901,116.04,-1207175,1467.3253920568877,57,-,-,-,-,Maximo
2902,116.08,-1209140,2031.8391734304605,57,-,-,-,-,Maximo
2903,116.12,-1211723,2692.4269685155987,57,-,-,-,-,Maximo
2904,116.16,-1213703,2977.842393150846,57,-,-,-,-,Maximo
2905,116.2,-1217424,2436.04804450112,57,-,-,-,-,Maximo
2906,116.24,-1218911,905.9885739766933,57,-,-,-,-,Maximo
2907,116.28,-1218993,-895.5028487269301,57,-,-,-,-,Maximo
2908,116.32,-1219519,-2018.926088578515,57,-,-,-,-,Maximo
2909,116.36,-1220542,-2130.0931496084636,57,-,-,-,-,Maximo
2910,116.4,-1221303,-1643.5463030504436,57,-,-,-,-,Maximo
2911,116.44,-1219494,-1251.7816722932407,57,-,-,-,-,Maximo
2912,116.48,-1208461,-1461.4461858923114,57,-,-,-,-,Maximo
2913,116.52,-1198714,-1782.4245529621985,57,-,-,-,-,Maximo
2914,116.56,-1196068,-1714.3295929807573,57,-,-,-,-,Maximo
2915,116.6,-1199035,-1148.1474809180727,57,-,-,-,-,Maximo
2916,116.64,-1203884,-291.46821436514983,57,-,-,-,-,Maximo
2917,116.68,-1207769,538.2645156436911,57,-,-,-,-,Maximo
2918,116.72,-1208423,1094.0479858624494,57,-,-,-,-,Maximo
2919,116.76,-1206773,1444.4567582986474,57,-,-,-,-,Maximo
2920,116.8,-1209146,1988.6657948245875,57,-,-,-,-,Maximo
2921,116.84,-1211375,2618.613747605941,57,-,-,-,-,Maximo
2922,116.88,-1213525,2938.533714875658,57,-,-,-,-,Maximo
2923,116.92,-1216455,2412.3889174525702,57,-,-,-,-,Maximo
2924,116.96,-1218115,902.0486616101357,57,-,-,-,-,Maximo
2925,117.0,-1219381,-860.2208341579824,55,56.0,-,-,-,Maximo
2926,117.04,-1222020,-1888.3076382036215,55,-,-,-,-,Maximo
2927,117.08,-1220348,-2016.615363857832,55,-,-,-,-,Maximo
2928,117.12,-1220390,-1477.8686542792175,55,-,-,-,-,Maximo
2929,117.16,-1216952,-1119.497830106544,55,-,-,-,-,Maximo
2930,117.2,-1201702,-1519.0710228699354,55,-,-,-,-,Maximo
2931,117.24,-1197242,-1746.3225064691505,55,-,-,-,-,Maximo
2932,117.28,-1196645,-1658.8776344883336,55,-,-,-,-,Maximo
2933,117.32,-1200919,-1083.1992223961288,55,-,-,-,-,Maximo
2934,117.36,-1204754,-313.52927469703764,55,-,-,-,-,Maximo
2935,117.4,-1207589,449.35893835508796,55,-,-,-,-,Maximo
2936,117.44,-1206997,1054.7277570781935,55,-,-,-,-,Maximo
2937,117.48,-1206908,1672.403792778492,55,-,-,-,-,Maximo
2938,117.52,-1209564,2397.9783424350317,55,-,-,-,-,Maximo
2939,117.56,-1212769,2970.5678157925713,55,-,-,-,-,Maximo
2940,117.6,-1215098,2901.080406734378,55,-,-,-,-,Maximo
2941,117.64,-1217063,1866.1105089431749,55,-,-,-,-,Maximo
2942,117.68,-1219851,188.1968722321194,55,-,-,-,-,Maximo
2943,117.72,-1219521,-1390.0758489431394,55,-,-,-,-,Maximo
2944,117.76,-1220481,-2015.0802438315307,55,-,-,-,-,Maximo
2945,117.8,-1221007,-1776.4142738095306,55,-,-,-,-,Maximo
2946,117.84,-1221077,-1269.4496131648652,55,-,-,-,-,Maximo
2947,117.88,-1217830,-1118.6053769786067,55,-,-,-,-,Maximo
2948,117.92,-1203596,-1629.1984843245937,55,-,-,-,-,Maximo
2949,117.96,-1196876,-1888.9012919332017,55,-,-,-,-,Maximo
2950,118.0,-1195014,-1684.538379108113,55,-,-,-,-,Maximo
2951,118.04,-1199106,-961.1928683165474,55,-,-,-,-,Maximo
2952,118.08,-1203121,-100.79108392001308,55,-,-,-,-,Maximo
2953,118.12,-1206019,666.6212173345548,55,-,-,-,-,Maximo
2954,118.16,-1207770,1262.1808866420342,55,-,-,-,-,Maximo
2955,118.2,-1206809,1711.9314536512948,55,-,-,-,-,Maximo
2956,118.24,-1209510,2348.645897249431,55,-,-,-,-,Maximo
2957,118.28,-1212073,2951.6740965744666,55,-,-,-,-,Maximo
2958,118.32,-1215066,3065.418114183606,55,-,-,-,-,Maximo
2959,118.36,-1218092,2200.2628548183093,55,-,-,-,-,Maximo
2960,118.4,-1219495,458.35969089175796,55,-,-,-,-,Maximo
2961,118.44,-1220415,-1274.7309022793302,55,-,-,-,-,Maximo
2962,118.48,-1220966,-2173.188052129173,55,-,-,-,-,Maximo
2963,118.52,-1220976,-2123.91749157455,55,-,-,-,-,Maximo
2964,118.56,-1221169,-1616.8802372147934,55,-,-,-,-,Maximo
2965,118.6,-1218052,-1332.6630792866836,55,-,-,-,-,Maximo
2966,118.64,-1204664,-1674.5703052521694,55,-,-,-,-,Maximo
2967,118.68,-1196573,-1927.8503271984318,55,-,-,-,-,Maximo
2968,118.72,-1195600,-1728.4405135270717,55,-,-,-,-,Maximo
2969,118.76,-1199209,-1047.633445865567,55,-,-,-,-,Maximo
2970,118.8,-1203140,-154.00030745386084,55,-,-,-,-,Maximo
2971,118.84,-1209768,800.8490323737024,55,-,-,-,-,Maximo
2972,118.88,-1207736,1319.4586883247493,55,-,-,-,-,Maximo
2973,118.92,-1207214,1783.0417795405529,55,-,-,-,-,Maximo
2974,118.96,-1210162,2390.882319246509,55,-,-,-,-,Maximo
2975,119.0,-1212388,2941.172900990673,55,-,-,-,-,Maximo
2976,119.04,-1214736,3025.9808306263294,55,-,-,-,-,Maximo
2977,119.08,-1216990,2159.951820998722,55,-,-,-,-,Maximo
2978,119.12,-1217606,399.7626052208807,55,-,-,-,-,Maximo
2979,119.16,-1218479,-1368.3383810332639,55,-,-,-,-,Maximo
2980,119.2,-1219082,-2285.2063373235646,55,-,-,-,-,Maximo
2981,119.24,-1219980,-2135.7349953986486,55,-,-,-,-,Maximo
2982,119.28,-1219943,-1482.8945463796354,55,-,-,-,-,Maximo
2983,119.32,-1218043,-1042.3991685647084,55,-,-,-,-,Maximo
2984,119.36,-1206847,-1314.7916642754244,55,-,-,-,-,Maximo
2985,119.4,-1198016,-1656.9419338324697,55,-,-,-,-,Maximo
2986,119.44,-1195966,-1538.4705058735635,55,-,-,-,-,Maximo
2987,119.48,-1199259,-909.1828284010016,55,-,-,-,-,Maximo
2988,119.52,-1204263,-81.0032268658797,55,-,-,-,-,Maximo
2989,119.56,-1208402,634.1387031902541,55,-,-,-,-,Maximo
2990,119.6,-1208065,1050.366532378509,55,-,-,-,-,Maximo
2991,119.64,-1206106,1370.6884621414888,55,-,-,-,-,Maximo
2992,119.68,-1209114,1955.3178914889959,55,-,-,-,-,Maximo
2993,119.72,-1212602,2594.9014985854346,55,-,-,-,-,Maximo
2994,119.76,-1212697,2751.618851870355,55,-,-,-,-,Maximo
2995,119.8,-1216478,2161.1029468646557,55,-,-,-,-,Maximo
2996,119.84,-1218387,649.1411398874629,55,-,-,-,-,Maximo
2997,119.88,-1219876,-1021.569542367843,55,-,-,-,-,Maximo
2998,119.92,-1221582,-1949.0408337408257,55,-,-,-,-,Maximo
2999,119.96,-1220444,-1948.8959990053252,55,-,-,-,-,Maximo
3000,120.0,-1220426,-1369.3069213708513,55,54.5,-,-,-,Maximo
3001,120.04,-1198976,-1612.4569469412563,55,-,-,-,-,Maximo
3002,120.08,-1194760,-1681.5487262132465,55,-,-,-,-,Maximo
3003,120.12,-1196940,-1645.231818243161,55,-,-,-,-,Maximo
3004,120.16,-1201367,-1281.8507663153625,55,-,-,-,-,Maximo
3005,120.2,-1204977,-640.9167147351318,55,-,-,-,-,Maximo
3006,120.24,-1207568,85.33309443596863,55,-,-,-,-,Maximo
3007,120.28,-1206867,701.5532948349282,55,-,-,-,-,Maximo
3008,120.32,-1207622,1412.0213476904237,55,-,-,-,-,Maximo
3009,120.36,-1210930,2325.339843293097,55,-,-,-,-,Maximo
3010,120.4,-1214675,3163.6081212631334,55,-,-,-,-,Maximo
3011,120.44,-1215683,3215.9648989832112,55,-,-,-,-,Maximo
3012,120.48,-1216454,2054.5000787975778,55,-,-,-,-,Maximo
3013,120.52,-1220102,141.14389367855347,55,-,-,-,-,Maximo
3014,120.56,-1219961,-1591.8309305466328,55,-,-,-,-,Maximo
3015,120.6,-1220723,-2150.817712733229,55,-,-,-,-,Maximo
3016,120.64,-1219795,-1807.350110659645,55,-,-,-,-,Maximo
3017,120.68,-1219832,-1257.3330211408124,55,-,-,-,-,Maximo
3018,120.72,-1215477,-1188.9596169973547,55,-,-,-,-,Maximo
3019,120.76,-1201603,-1682.3641537958774,55,-,-,-,-,Maximo
3020,120.8,-1197239,-1743.4470591703102,55,-,-,-,-,Maximo
3021,120.84,-1197706,-1318.4532873041544,55,-,-,-,-,Maximo
3022,120.88,-1201935,-563.8830464778038,55,-,-,-,-,Maximo
3023,120.92,-1206006,188.07992190507775,55,-,-,-,-,Maximo
3024,120.96,-1208532,816.5792397324676,55,-,-,-,-,Maximo
3025,121.0,-1208002,1298.1580981811085,55,-,-,-,-,Maximo
3026,121.04,-1207500,1769.8814536939972,55,-,-,-,-,Maximo
3027,121.08,-1210314,2347.2300895782982,55,-,-,-,-,Maximo
3028,121.12,-1213181,2770.414430998965,55,-,-,-,-,Maximo
3029,121.16,-1216326,2638.101013477718,55,-,-,-,-,Maximo
3030,121.2,-1217730,1560.8449128479833,55,-,-,-,-,Maximo
3031,121.24,-1217925,-150.8434501508459,55,-,-,-,-,Maximo
3032,121.28,-1219826,-1548.6550279373153,55,-,-,-,-,Maximo
3033,121.32,-1219000,-2107.503682000227,55,-,-,-,-,Maximo
3034,121.36,-1221104,-1724.6604726701403,55,-,-,-,-,Maximo
3035,121.4,-1220115,-1204.8759179625804,55,-,-,-,-,Maximo
3036,121.44,-1216656,-1052.4771248107645,55,-,-,-,-,Maximo
3037,121.48,-1204271,-1513.7780420517065,55,-,-,-,-,Maximo
3038,121.52,-1196768,-1798.777962263035,55,-,-,-,-,Maximo
3039,121.56,-1196655,-1506.5801616640238,55,-,-,-,-,Maximo
3040,121.6,-1200060,-763.9428394178208,55,-,-,-,-,Maximo
3041,121.64,-1203849,75.07842120130044,55,-,-,-,-,Maximo
3042,121.68,-1208429,792.956451956924,55,-,-,-,-,Maximo
3043,121.72,-1207983,1183.1814226397855,55,-,-,-,-,Maximo
3044,121.76,-1206930,1547.7632153233262,55,-,-,-,-,Maximo
3045,121.8,-1209987,2171.4212645523094,55,-,-,-,-,Maximo
3046,121.84,-1212763,2759.896258243435,55,-,-,-,-,Maximo
3047,121.88,-1215212,2824.9171699255076,55,-,-,-,-,Maximo
3048,121.92,-1216739,1919.0418036019255,55,-,-,-,-,Maximo
3049,121.96,-1217730,243.49061154328683,55,-,-,-,-,Maximo
3050,122.0,-1218878,-1357.305220252217,55,-,-,-,-,Maximo
3051,122.04,-1220532,-2098.5423370993108,55,-,-,-,-,Maximo
3052,122.08,-1220231,-1962.6941332886186,55,-,-,-,-,Maximo
3053,122.12,-1221169,-1370.386735147031,55,-,-,-,-,Maximo
3054,122.16,-1218036,-1083.4888276163374,55,-,-,-,-,Maximo
3055,122.2,-1205324,-1452.718577317879,55,-,-,-,-,Maximo
3056,122.24,-1197364,-1740.3118873231615,55,-,-,-,-,Maximo
3057,122.28,-1195813,-1550.7395090772006,55,-,-,-,-,Maximo
3058,122.32,-1200249,-852.531005129048,55,-,-,-,-,Maximo
3059,122.36,-1203516,-90.9516631205338,55,-,-,-,-,Maximo
3060,122.4,-1207444,592.4327573090304,55,-,-,-,-,Maximo
3061,122.44,-1208078,1057.0048061775287,55,-,-,-,-,Maximo
3062,122.48,-1207501,1500.3075973526056,55,-,-,-,-,Maximo
3063,122.52,-1209446,2145.621386176471,55,-,-,-,-,Maximo
3064,122.56,-1212404,2803.81112855645,55,-,-,-,-,Maximo
3065,122.6,-1214027,2934.636739402242,55,-,-,-,-,Maximo
3066,122.64,-1215985,2128.336588452824,55,-,-,-,-,Maximo
3067,122.68,-1217941,492.3507117647391,55,-,-,-,-,Maximo
3068,122.72,-1219132,-1187.0958981027004,55,-,-,-,-,Maximo
3069,122.76,-1219961,-2060.5673757102318,55,-,-,-,-,Maximo
3070,122.8,-1220276,-1980.2779645448677,55,-,-,-,-,Maximo
3071,122.84,-1221948,-1394.2549787783448,55,-,-,-,-,Maximo
3072,122.88,-1218821,-1088.9641431556392,55,-,-,-,-,Maximo
3073,122.92,-1210024,-1286.6685202810604,55,-,-,-,-,Maximo
3074,122.96,-1197890,-1696.372637277931,55,-,-,-,-,Maximo
3075,123.0,-1195961,-1589.8717629387083,56,55.75,-,-,-,Maximo
3076,123.04,-1202562,-937.0625802565025,56,-,-,-,-,Maximo
3077,123.08,-1207248,-203.29782180794655,56,-,-,-,-,Maximo
3078,123.12,-1208340,398.92219353410655,56,-,-,-,-,Maximo
3079,123.16,-1208187,876.6072495194348,56,-,-,-,-,Maximo
3080,123.2,-1208427,1332.3019232351185,56,-,-,-,-,Maximo
3081,123.24,-1210688,1932.335747526101,56,-,-,-,-,Maximo
3082,123.28,-1213828,2607.0516616713176,56,-,-,-,-,Maximo
3083,123.32,-1215477,2883.2939567452995,56,-,-,-,-,Maximo
3084,123.36,-1217537,2269.353284150031,56,-,-,-,-,Maximo
3085,123.4,-1219020,685.8541314000204,56,-,-,-,-,Maximo
3086,123.44,-1219822,-1075.16334156114,56,-,-,-,-,Maximo
3087,123.48,-1220644,-1984.3505354067338,56,-,-,-,-,Maximo
3088,123.52,-1221047,-1817.3825405326518,56,-,-,-,-,Maximo
3089,123.56,-1220237,-1248.147581351369,56,-,-,-,-,Maximo
3090,123.6,-1216545,-1046.7419645504988,56,-,-,-,-,Maximo
3091,123.64,-1202568,-1550.5412683218383,56,-,-,-,-,Maximo
3092,123.68,-1196372,-1799.4349743022722,56,-,-,-,-,Maximo
3093,123.72,-1195659,-1551.4231884750297,56,-,-,-,-,Maximo
3094,123.76,-1199248,-861.7050891312942,56,-,-,-,-,Maximo
3095,123.8,-1204100,-38.787097055945196,56,-,-,-,-,Maximo
3096,123.84,-1207516,665.5291431272244,56,-,-,-,-,Maximo
3097,123.88,-1207814,1177.4366718948022,56,-,-,-,-,Maximo
3098,123.92,-1207370,1666.7518637740786,56,-,-,-,-,Maximo
3099,123.96,-1211105,2359.598797068177,56,-,-,-,-,Maximo
3100,124.0,-1214536,2939.578945242629,56,-,-,-,-,Maximo
3101,124.04,-1216010,2883.6842090715872,56,-,-,-,-,Maximo
3102,124.08,-1217246,1855.5426720579048,56,-,-,-,-,Maximo
3103,124.12,-1218030,82.85641996640925,56,-,-,-,-,Maximo
3104,124.16,-1219661,-1538.766517773153,56,-,-,-,-,Maximo
3105,124.2,-1220683,-2287.5370191779098,56,-,-,-,-,Maximo
3106,124.24,-1219773,-2146.4668866285056,56,-,-,-,-,Maximo
3107,124.28,-1219634,-1583.9434323384835,56,-,-,-,-,Maximo
3108,124.32,-1216986,-1279.4537943616397,56,-,-,-,-,Maximo
3109,124.36,-1203898,-1603.885827588716,56,-,-,-,-,Maximo
3110,124.4,-1196799,-1727.5575471460052,56,-,-,-,-,Maximo
3111,124.44,-1195947,-1361.770681525446,56,-,-,-,-,Maximo
3112,124.48,-1199941,-597.5339307573852,56,-,-,-,-,Maximo
3113,124.52,-1205434,218.52393529898927,56,-,-,-,-,Maximo
3114,124.56,-1207975,807.9193503937231,56,-,-,-,-,Maximo
3115,124.6,-1207697,1224.1586575898236,56,-,-,-,-,Maximo
3116,124.64,-1207708,1678.3100778674689,56,-,-,-,-,Maximo
3117,124.68,-1209829,2265.484035374093,56,-,-,-,-,Maximo
3118,124.72,-1212666,2784.5466666083976,56,-,-,-,-,Maximo
3119,124.76,-1214965,2788.713449412332,56,-,-,-,-,Maximo
3120,124.8,-1216168,1865.645871408719,56,-,-,-,-,Maximo
3121,124.84,-1217003,184.8610425007123,56,-,-,-,-,Maximo
3122,124.88,-1220196,-1364.9431364702104,56,-,-,-,-,Maximo
3123,124.92,-1221263,-2114.569845124728,56,-,-,-,-,Maximo
3124,124.96,-1221818,-1901.1015595443732,56,-,-,-,-,Maximo
3125,125.0,-1220708,-1337.6521586249837,56,-,-,-,-,Maximo
3126,125.04,-1216542,-1095.6629618397483,56,-,-,-,-,Maximo
3127,125.08,-1203150,-1508.1640962883503,56,-,-,-,-,Maximo
3128,125.12,-1197017,-1732.245732281399,56,-,-,-,-,Maximo
3129,125.16,-1196598,-1503.1072877396819,56,-,-,-,-,Maximo
3130,125.2,-1199606,-888.8207206943637,56,-,-,-,-,Maximo
3131,125.24,-1203852,-163.95062563500687,56,-,-,-,-,Maximo
3132,125.28,-1207704,488.7537190973899,56,-,-,-,-,Maximo
3133,125.32,-1207343,1001.7216132909452,56,-,-,-,-,Maximo
3134,125.36,-1207163,1627.9464214348563,56,-,-,-,-,Maximo
3135,125.4,-1211130,2469.777699336416,56,-,-,-,-,Maximo
3136,125.44,-1213250,3060.289655018015,56,-,-,-,-,Maximo
3137,125.48,-1215136,2985.717932265289,56,-,-,-,-,Maximo
3138,125.52,-1216787,1940.0608779142303,56,-,-,-,-,Maximo
3139,125.56,-1219427,251.72751672693676,56,-,-,-,-,Maximo
3140,125.6,-1219769,-1360.824146759505,56,-,-,-,-,Maximo
3141,125.64,-1220022,-2124.000225835246,56,-,-,-,-,Maximo
3142,125.68,-1220179,-2000.446853619675,56,-,-,-,-,Maximo
3143,125.72,-1219206,-1537.9602042032857,56,-,-,-,-,Maximo
3144,125.76,-1215868,-1300.8927189753822,56,-,-,-,-,Maximo
3145,125.8,-1204668,-1578.2097719082703,56,-,-,-,-,Maximo
3146,125.84,-1196792,-1753.229662026064,56,-,-,-,-,Maximo
3147,125.88,-1197128,-1421.195163397313,56,-,-,-,-,Maximo
3148,125.92,-1200852,-743.4113914970724,56,-,-,-,-,Maximo
3149,125.96,-1205168,37.48843043317356,56,-,-,-,-,Maximo
3150,126.0,-1208623,754.8491963761307,51,54.25,-,-,-,Maximo
3151,126.04,-1208381,1273.0802288881105,51,-,-,-,-,Maximo
3152,126.08,-1207515,1714.1494884410886,51,-,-,-,-,Maximo
3153,126.12,-1210370,2264.918832652862,51,-,-,-,-,Maximo
3154,126.16,-1213044,2702.4244724705204,51,-,-,-,-,Maximo
3155,126.2,-1215052,2647.3456409203154,51,-,-,-,-,Maximo
3156,126.24,-1217345,1765.634101621099,51,-,-,-,-,Maximo
3157,126.28,-1217649,138.0905789264416,51,-,-,-,-,Maximo
3158,126.32,-1219192,-1370.0877106114224,51,-,-,-,-,Maximo
3159,126.36,-1222054,-2006.5840595300172,51,-,-,-,-,Maximo
3160,126.4,-1220969,-1852.3928897740745,51,-,-,-,-,Maximo
3161,126.44,-1220306,-1306.326679219037,51,-,-,-,-,Maximo
3162,126.48,-1215101,-1112.1866890080755,51,-,-,-,-,Maximo
3163,126.52,-1197482,-1656.5143759066123,51,-,-,-,-,Maximo
3164,126.56,-1196153,-1717.4569165528446,51,-,-,-,-,Maximo
3165,126.6,-1199065,-1361.5402721113396,51,-,-,-,-,Maximo
3166,126.64,-1202884,-679.1169892395092,51,-,-,-,-,Maximo
3167,126.68,-1208182,124.8707784290118,51,-,-,-,-,Maximo
3168,126.72,-1207658,640.3392562805539,51,-,-,-,-,Maximo
3169,126.76,-1207325,1104.1735847023565,51,-,-,-,-,Maximo
3170,126.8,-1209464,1754.6035897297497,51,-,-,-,-,Maximo
3171,126.84,-1211672,2523.401487327709,51,-,-,-,-,Maximo
3172,126.88,-1214982,3085.078469684605,51,-,-,-,-,Maximo
3173,126.92,-1216979,2771.994855814737,51,-,-,-,-,Maximo
3174,126.96,-1219559,1398.0747498512865,51,-,-,-,-,Maximo
3175,127.0,-1219545,-545.6659379547111,51,-,-,-,-,Maximo
3176,127.04,-1219596,-1908.5628322643395,51,-,-,-,-,Maximo
3177,127.08,-1221214,-2091.93627463892,51,-,-,-,-,Maximo
3178,127.12,-1220351,-1609.5835756947267,51,-,-,-,-,Maximo
3179,127.16,-1216510,-1234.8711677424753,51,-,-,-,-,Maximo
3180,127.2,-1203906,-1523.6593778711867,51,-,-,-,-,Maximo
3181,127.24,-1196966,-1811.7386763051654,51,-,-,-,-,Maximo
3182,127.28,-1196536,-1683.4870582183157,51,-,-,-,-,Maximo
3183,127.32,-1199403,-1082.8860238724892,51,-,-,-,-,Maximo
3184,127.36,-1205291,-157.55025983491123,51,-,-,-,-,Maximo
3185,127.4,-1208997,676.4820366698896,51,-,-,-,-,Maximo
3186,127.44,-1207518,1183.2240922614528,51,-,-,-,-,Maximo
3187,127.48,-1208500,1675.5279304066762,51,-,-,-,-,Maximo
3188,127.52,-1211211,2272.458103457354,51,-,-,-,-,Maximo
3189,127.56,-1214846,2850.7160971381954,51,-,-,-,-,Maximo
3190,127.6,-1216353,2849.939183221285,51,-,-,-,-,Maximo
3191,127.64,-1218094,1913.9835014903451,51,-,-,-,-,Maximo
3192,127.68,-1218509,180.344610181603,51,-,-,-,-,Maximo
3193,127.72,-1218533,-1488.243020336357,51,-,-,-,-,Maximo
3194,127.76,-1220056,-2236.1212288609986,51,-,-,-,-,Maximo
3195,127.8,-1220160,-2053.51711666722,51,-,-,-,-,Maximo
3196,127.84,-1220286,-1450.8344190146431,51,-,-,-,-,Maximo
3197,127.88,-1214959,-1222.6720610529446,51,-,-,-,-,Maximo
3198,127.92,-1197885,-1702.362220963425,51,-,-,-,-,Maximo
3199,127.96,-1196883,-1664.1449790462066,51,-,-,-,-,Maximo
3200,128.0,-1199414,-1194.8203276281238,51,-,-,-,-,Maximo
3201,128.04,-1204575,-362.6977127465166,51,-,-,-,-,Maximo
3202,128.08,-1207890,415.03486636564503,51,-,-,-,-,Maximo
3203,128.12,-1208441,907.0352739475711,51,-,-,-,-,Maximo
3204,128.16,-1207381,1192.6247796043408,51,-,-,-,-,Maximo
3205,128.2,-1210442,1671.4841719075184,51,-,-,-,-,Maximo
3206,128.24,-1212537,2294.7221400775634,51,-,-,-,-,Maximo
3207,128.28,-1214092,2787.140764360991,51,-,-,-,-,Maximo
3208,128.32,-1217025,2583.8059813238606,51,-,-,-,-,Maximo
3209,128.36,-1219497,1297.5442041046626,51,-,-,-,-,Maximo
3210,128.4,-1219922,-563.4265627516381,51,-,-,-,-,Maximo
3211,128.44,-1220066,-1866.444497732493,51,-,-,-,-,Maximo
3212,128.48,-1220618,-2042.1266305402198,51,-,-,-,-,Maximo
3213,128.52,-1220077,-1544.8727472347455,51,-,-,-,-,Maximo
3214,128.56,-1216806,-1177.3764512274429,51,-,-,-,-,Maximo
3215,128.6,-1203576,-1493.755482916742,51,-,-,-,-,Maximo
3216,128.64,-1196185,-1763.8151903338003,51,-,-,-,-,Maximo
3217,128.68,-1196951,-1573.113716898648,51,-,-,-,-,Maximo
3218,128.72,-1201964,-943.5574574377499,51,-,-,-,-,Maximo
3219,128.76,-1205676,-167.60939664565376,51,-,-,-,-,Maximo
3220,128.8,-1208448,597.791236616431,51,-,-,-,-,Maximo
3221,128.84,-1206878,1128.5795641642435,51,-,-,-,-,Maximo
3222,128.88,-1209652,1714.1725217837538,51,-,-,-,-,Maximo
3223,128.92,-1211925,2289.924926984145,51,-,-,-,-,Maximo
3224,128.96,-1213665,2768.9434674322756,51,-,-,-,-,Maximo
3225,129.0,-1217454,2800.7190076386933,53,53.75,-,-,-,Maximo
3226,129.04,-1219463,1831.5784035493452,53,-,-,-,-,Maximo
3227,129.08,-1220203,86.1982466343261,53,-,-,-,-,Maximo
3228,129.12,-1221312,-1489.462434216462,53,-,-,-,-,Maximo
3229,129.16,-1220506,-2180.834808698936,53,-,-,-,-,Maximo
3230,129.2,-1220152,-1937.4872577019614,53,-,-,-,-,Maximo
3231,129.24,-1216816,-1514.3946113380243,53,-,-,-,-,Maximo
3232,129.28,-1199214,-1789.369199765284,53,-,-,-,-,Maximo
3233,129.32,-1195569,-1840.7457840463903,53,-,-,-,-,Maximo
3234,129.36,-1197011,-1636.9846422598457,53,-,-,-,-,Maximo
3235,129.4,-1202014,-1023.2652021105631,53,-,-,-,-,Maximo
3236,129.44,-1206345,-187.17346580713001,53,-,-,-,-,Maximo
3237,129.48,-1207637,604.4670287625086,53,-,-,-,-,Maximo
3238,129.52,-1207626,1261.7168980238412,53,-,-,-,-,Maximo
3239,129.56,-1208981,1877.2011858268388,53,-,-,-,-,Maximo
3240,129.6,-1212658,2558.6587313541186,53,-,-,-,-,Maximo
3241,129.64,-1214519,3029.3647336228105,53,-,-,-,-,Maximo
3242,129.68,-1217492,2889.7630850300657,53,-,-,-,-,Maximo
3243,129.72,-1218505,1651.531560787229,53,-,-,-,-,Maximo
3244,129.76,-1220120,-228.59816367666053,53,-,-,-,-,Maximo
3245,129.8,-1220447,-1785.9162394019309,53,-,-,-,-,Maximo
3246,129.84,-1220531,-2265.9780449450404,53,-,-,-,-,Maximo
3247,129.88,-1220275,-1877.684089326673,53,-,-,-,-,Maximo
3248,129.92,-1217604,-1417.6319369596458,53,-,-,-,-,Maximo
3249,129.96,-1205352,-1576.9799585126239,53,-,-,-,-,Maximo
3250,130.0,-1196760,-1821.8327166480267,53,-,-,-,-,Maximo
3251,130.04,-1196318,-1652.1895403786984,53,-,-,-,-,Maximo
3252,130.08,-1199340,-1051.5428985033145,53,-,-,-,-,Maximo
3253,130.12,-1203529,-214.02641280139187,53,-,-,-,-,Maximo
3254,130.16,-1208214,624.0222640410766,53,-,-,-,-,Maximo
3255,130.2,-1206758,1143.171639964774,53,-,-,-,-,Maximo
3256,130.24,-1206395,1626.704427500751,53,-,-,-,-,Maximo
3257,130.28,-1210108,2269.0030344318557,53,-,-,-,-,Maximo
3258,130.32,-1212887,2827.1356706857487,53,-,-,-,-,Maximo
3259,130.36,-1215623,2929.750789481538,53,-,-,-,-,Maximo
3260,130.4,-1216957,2092.7121531619214,53,-,-,-,-,Maximo
3261,130.44,-1219444,490.91404409344113,53,-,-,-,-,Maximo
3262,130.48,-1220475,-1185.068994640078,53,-,-,-,-,Maximo
3263,130.52,-1221429,-2059.589388467841,53,-,-,-,-,Maximo
3264,130.56,-1221511,-1988.7413801449982,53,-,-,-,-,Maximo
3265,130.6,-1219403,-1535.5293388881032,53,-,-,-,-,Maximo
3266,130.64,-1214266,-1350.2447696204,53,-,-,-,-,Maximo
3267,130.68,-1198049,-1852.9134906949475,53,-,-,-,-,Maximo
3268,130.72,-1196352,-1905.9174750309248,53,-,-,-,-,Maximo
3269,130.76,-1198070,-1532.028208703252,53,-,-,-,-,Maximo
3270,130.8,-1203322,-729.0411931194733,53,-,-,-,-,Maximo
3271,130.84,-1207258,116.38749457620543,53,-,-,-,-,Maximo
3272,130.88,-1208864,802.9771510460732,53,-,-,-,-,Maximo
3273,130.92,-1208185,1344.541032076534,53,-,-,-,-,Maximo
3274,130.96,-1210749,2013.1351029270572,53,-,-,-,-,Maximo
3275,131.0,-1211761,2647.9213975902157,53,-,-,-,-,Maximo
3276,131.04,-1215896,3107.1679111720578,53,-,-,-,-,Maximo
3277,131.08,-1216406,2670.472123622608,53,-,-,-,-,Maximo
3278,131.12,-1219925,1334.0851119224326,53,-,-,-,-,Maximo
3279,131.16,-1219058,-598.0991789810378,53,-,-,-,-,Maximo
3280,131.2,-1220300,-1928.770659888867,53,-,-,-,-,Maximo
3281,131.24,-1221129,-2192.7671621703894,53,-,-,-,-,Maximo
3282,131.28,-1221762,-1696.0001726783103,53,-,-,-,-,Maximo
3283,131.32,-1219149,-1236.1610938389722,53,-,-,-,-,Maximo
3284,131.36,-1211127,-1278.437946933629,53,-,-,-,-,Maximo
3285,131.4,-1198066,-1691.6271600525815,53,-,-,-,-,Maximo
3286,131.44,-1195622,-1639.249757006086,53,-,-,-,-,Maximo
3287,131.48,-1199383,-1087.6083775176812,53,-,-,-,-,Maximo
3288,131.52,-1203190,-320.3191845034412,53,-,-,-,-,Maximo
3289,131.56,-1207442,466.9262650011433,53,-,-,-,-,Maximo
3290,131.6,-1208367,1013.3242574996566,53,-,-,-,-,Maximo
3291,131.64,-1207228,1401.0322688705446,53,-,-,-,-,Maximo
3292,131.68,-1211591,2031.4758775415921,53,-,-,-,-,Maximo
3293,131.72,-1213088,2642.8008329557542,53,-,-,-,-,Maximo
3294,131.76,-1214663,2958.5606238872106,53,-,-,-,-,Maximo
3295,131.8,-1215857,2414.0142201116087,53,-,-,-,-,Maximo
3296,131.84,-1218657,952.478604845573,53,-,-,-,-,Maximo
3297,131.88,-1219210,-886.8510970143946,53,-,-,-,-,Maximo
3298,131.92,-1220789,-2034.291030935655,53,-,-,-,-,Maximo
3299,131.96,-1219722,-2209.7590114770614,53,-,-,-,-,Maximo
3300,132.0,-1220367,-1691.3377136252834,56,54.0,-,-,-,Maximo
3301,132.04,-1196740,-1963.1651497804123,56,-,-,-,-,Maximo
3302,132.08,-1195640,-1769.4559037893468,56,-,-,-,-,Maximo
3303,132.12,-1201074,-1420.5444621917004,56,-,-,-,-,Maximo
3304,132.16,-1205190,-929.5363595945626,56,-,-,-,-,Maximo
3305,132.2,-1209017,-278.78129688863646,56,-,-,-,-,Maximo
3306,132.24,-1207458,207.98447185111718,56,-,-,-,-,Maximo
3307,132.28,-1208630,740.8560585289047,56,-,-,-,-,Maximo
3308,132.32,-1210282,1358.3297285615258,56,-,-,-,-,Maximo
3309,132.36,-1213324,2178.565029056177,56,-,-,-,-,Maximo
3310,132.4,-1215954,2900.332763151994,56,-,-,-,-,Maximo
3311,132.44,-1217447,2847.7832762481876,56,-,-,-,-,Maximo
3312,132.48,-1217780,1554.5347262922796,56,-,-,-,-,Maximo
3313,132.52,-1220265,-352.11325908604,56,-,-,-,-,Maximo
3314,132.56,-1221319,-1742.0562769221387,56,-,basal,-,-,Maximo
3315,132.6,-1222147,-1894.554336255474,56,-,basal,-,-,Maximo
3316,132.64,-1221483,-1341.5311999802184,56,-,basal,-,-,Maximo
3317,132.68,-1216437,-1058.122078608014,56,-,basal,-,-,Maximo
3318,132.72,-1201119,-1533.1363450054414,56,-,basal,-,-,Maximo
3319,132.76,-1196621,-1750.6377334068675,56,-,basal,-,-,Maximo
3320,132.8,-1197024,-1510.3834611398588,56,-,basal,-,-,Maximo
3321,132.84,-1201502,-810.694555646953,56,-,basal,-,-,Maximo
3322,132.88,-1205850,-30.44082276865356,56,-,basal,-,-,Maximo
3323,132.92,-1208703,591.7890899464783,56,-,basal,-,-,Maximo
3324,132.96,-1208111,1030.6607179287384,56,-,basal,-,-,Maximo
3325,133.0,-1209770,1638.9589570719327,56,-,basal,-,-,Maximo
3326,133.04,-1211821,2401.111197801396,56,-,basal,-,-,Maximo
3327,133.08,-1213779,3004.256193772304,56,-,basal,-,-,Maximo
3328,133.12,-1217112,2926.1002207047395,56,-,basal,-,-,Maximo
3329,133.16,-1218070,1703.8262513086775,56,-,basal,-,-,Maximo
3330,133.2,-1218185,-201.00519892546868,56,-,basal,-,-,Maximo
3331,133.24,-1219714,-1739.2433485308156,56,-,basal,-,-,Maximo
3332,133.28,-1220984,-2269.2605493160654,56,-,induccion,-,-,Maximo
3333,133.32,-1207778,-2359.2879989919693,56,-,induccion,-,-,Maximo
3334,133.36,-1207372,-1756.860072733265,56,-,induccion,-,-,Maximo
3335,133.4,-1209239,-1291.7671386070015,56,-,induccion,-,-,Maximo
3336,133.44,-1211367,-1065.8759161648504,56,-,induccion,-,-,Maximo
3337,133.48,-1213265,-843.8434664120091,56,-,induccion,-,-,Maximo
3338,133.52,-1215908,-412.92484580417386,56,-,induccion,-,-,Maximo
3339,133.56,-1217575,137.03233193589222,56,-,induccion,-,-,Maximo
3340,133.6,-1219267,718.6116334083881,56,-,induccion,-,-,Maximo
3341,133.64,-1220357,1256.6524533805464,56,-,induccion,-,-,Maximo
3342,133.68,-1220961,1684.6982540789143,56,-,induccion,-,-,Maximo
3343,133.72,-1220586,1719.665758777057,56,-,induccion,-,-,Maximo
3344,133.76,-1220754,1130.2656996436876,56,-,induccion,-,-,Maximo
3345,133.8,-1215351,-102.62457214234655,56,-,induccion,-,-,Maximo
3346,133.84,-1199720,-1493.3558967589215,56,-,induccion,-,-,Maximo
3347,133.88,-1196512,-1847.4031389863958,56,-,induccion,-,-,Maximo
3348,133.92,-1197363,-1508.708584532479,56,-,mantenimiento,-,-,Maximo
3349,133.96,-1200990,-852.9800853956058,56,-,mantenimiento,-,-,Maximo
3350,134.0,-1206508,-126.26496867342576,56,-,mantenimiento,-,-,Maximo
3351,134.04,-1207463,409.47231695958817,56,-,mantenimiento,-,-,Maximo
3352,134.08,-1206543,863.4475470472553,56,-,mantenimiento,-,-,Maximo
3353,134.12,-1210282,1507.3805137084328,56,-,mantenimiento,-,-,Maximo
3354,134.16,-1212588,2167.6803641170372,56,-,mantenimiento,-,-,Maximo
3355,134.2,-1214631,2660.336977327469,56,-,mantenimiento,-,-,Maximo
3356,134.24,-1216037,2468.2890983019115,56,-,mantenimiento,-,-,Maximo
3357,134.28,-1217411,1278.6916527932758,56,-,mantenimiento,-,-,Maximo
3358,134.32,-1218540,-509.27792410070333,56,-,mantenimiento,-,-,Maximo
3359,134.36,-1220909,-1888.7176572467229,56,-,mantenimiento,-,-,Maximo
3360,134.4,-1221381,-2319.453891805511,56,-,mantenimiento,-,-,Maximo
3361,134.44,-1222724,-1908.6267460448262,56,-,mantenimiento,-,-,Maximo
3362,134.48,-1218828,-1512.6086789240935,56,-,mantenimiento,-,-,Maximo
3363,134.52,-1209174,-1561.213951058493,56,-,mantenimiento,-,-,Maximo
3364,134.56,-1199135,-1772.3366310501642,56,-,mantenimiento,-,-,Maximo
3365,134.6,-1196484,-1590.9245420882798,56,-,mantenimiento,-,-,Maximo
3366,134.64,-1200951,-941.688042975848,56,-,mantenimiento,-,-,Maximo
3367,134.68,-1205496,-212.4984918379182,56,-,mantenimiento,-,-,Maximo
3368,134.72,-1207604,362.81153324344996,56,-,despertar,-,-,Maximo
3369,134.76,-1209356,861.6135506355467,56,-,despertar,-,-,Maximo
3370,134.8,-1207867,1321.4675109904615,56,-,despertar,-,-,Maximo
3371,134.84,-1209624,2037.6292866480271,56,-,despertar,-,-,Maximo
3372,134.88,-1211646,2763.0719067107784,56,-,despertar,-,-,Maximo
3373,134.92,-1214916,3069.9770155706865,56,-,despertar,-,-,Maximo
3374,134.96,-1217280,2413.281515140232,56,-,despertar,-,-,Maximo
3375,135.0,-1219399,858.0239507825081,nan,53.333333333333336,despertar,-,-,Movimiento
3376,135.04,-1219999,-885.2067718077544,nan,-,despertar,-,-,Movimiento
3377,135.08,-1220637,-1880.644016884433,nan,-,despertar,-,-,Movimiento
3378,135.12,-1221578,-1857.988780674825,nan,-,despertar,-,-,Movimiento
3379,135.16,-1221322,-1343.6580090455368,nan,-,despertar,-,-,Movimiento
3380,135.2,-1218137,-1039.9221008620043,nan,-,despertar,-,-,Movimiento
3381,135.24,-1204915,-1422.6752171628596,nan,-,despertar,-,-,Movimiento
3382,135.28,-1197751,-1762.3845597648015,nan,-,despertar,-,-,Movimiento
3383,135.32,-1196903,-1700.2258132636707,nan,-,despertar,-,-,Movimiento
3384,135.36,-1199840,-1157.8935951440048,nan,-,despertar,-,-,Movimiento
3385,135.4,-1204283,-319.8785222912238,nan,-,despertar,-,-,Movimiento
3386,135.44,-1207394,488.9927743860726,nan,-,despertar,-,-,Movimiento
3387,135.48,-1205658,1014.819646214939,nan,-,despertar,-,-,Movimiento
3388,135.52,-1209129,1635.3280641159818,nan,-,recuperacion,-,-,Movimiento
3389,135.56,-1212213,2298.9388363321696,nan,-,recuperacion,-,-,Movimiento
3390,135.6,-1213012,2846.957666566601,nan,-,recuperacion,-,-,Movimiento
3391,135.64,-1215268,2941.8059566853217,nan,-,recuperacion,-,-,Movimiento
3392,135.68,-1218637,2122.112536372826,nan,-,recuperacion,-,-,Movimiento
3393,135.72,-1220849,477.565699964503,nan,-,recuperacion,-,-,Movimiento
3394,135.76,-1221602,-1178.4651261233987,nan,-,recuperacion,-,-,Movimiento
3395,135.8,-1220917,-2063.677404682642,nan,-,recuperacion,-,-,Movimiento
3396,135.84,-1221358,-2017.350477004502,nan,-,recuperacion,-,-,Movimiento
3397,135.88,-1219348,-1676.0634452946206,nan,-,recuperacion,-,-,Movimiento
3398,135.92,-1209716,-1694.9981577007475,nan,-,recuperacion,-,-,Movimiento
3399,135.96,-1196562,-1986.0578292048922,nan,-,recuperacion,-,-,Movimiento
3400,136.0,-1195917,-1805.3996808148622,nan,-,recuperacion,-,-,Movimiento
3401,136.04,-1200836,-1243.7078408474176,nan,-,recuperacion,-,-,Movimiento
3402,136.08,-1204410,-557.7556134937113,nan,-,recuperacion,-,-,Movimiento
3403,136.12,-1208580,245.1291720494819,nan,-,recuperacion,-,-,Movimiento
3404,136.16,-1207412,903.7909557669373,nan,-,recuperacion,-,-,Movimiento
3405,136.2,-1206463,1525.4028797716364,nan,-,recuperacion,-,-,Movimiento
3406,136.24,-1208732,2197.095178623311,nan,-,recuperacion,-,-,Movimiento
3407,136.28,-1212278,2827.1068149402727,nan,-,recuperacion,-,-,Movimiento
3408,136.32,-1215737,3082.0181386151708,nan,-,recuperacion,-,-,Movimiento
3409,136.36,-1217992,2440.429222049812,nan,-,recuperacion,-,-,Movimiento
3410,136.4,-1219800,851.965140207762,nan,-,recuperacion,-,-,Movimiento
3411,136.44,-1219993,-983.9869583382205,nan,-,recuperacion,-,-,Movimiento
3412,136.48,-1220930,-1997.2140824890928,nan,-,recuperacion,-,-,Movimiento
3413,136.52,-1221393,-1925.116683809901,nan,-,recuperacion,-,-,Movimiento
3414,136.56,-1220956,-1354.4744729755193,nan,-,recuperacion,-,-,Movimiento
3415,136.6,-1215937,-1151.219144659568,nan,-,recuperacion,-,-,Movimiento
3416,136.64,-1203387,-1630.9894392777915,nan,-,recuperacion,-,-,Movimiento
3417,136.68,-1197058,-2000.5255156530948,nan,-,recuperacion,-,-,Movimiento
3418,136.72,-1197746,-1793.0578019385866,nan,-,recuperacion,-,-,Movimiento
3419,136.76,-1201374,-1044.4145806200704,nan,-,recuperacion,-,-,Movimiento
3420,136.8,-1206915,-39.03709490586425,nan,-,recuperacion,-,-,Movimiento
3421,136.84,-1208464,736.7393023197546,nan,-,recuperacion,-,-,Movimiento
3422,136.88,-1207345,1231.9039075885912,nan,-,recuperacion,-,-,Movimiento
3423,136.92,-1208897,1747.6174999355871,nan,-,recuperacion,-,-,Movimiento
3424,136.96,-1212366,2391.9955358908264,nan,-,recuperacion,-,-,Movimiento
