muestra,tiempo,ppg,ppg filtrado,spi,spi_promedio,estado,tipo evento,evento,alarma
1,0.04,-968201,-285.42740714900583,nan,-,-,-,-,-
2,0.08,-970669,-1313.55556083886,nan,-,-,-,-,-
3,0.12,-970686,-1655.7863742979473,nan,-,-,-,-,-
4,0.16,-971617,-1330.88885024318,nan,-,-,-,-,-
5,0.2,-971467,-909.1177659973989,nan,-,-,-,-,-
6,0.24,-968409,-841.4290922554437,nan,-,-,-,-,-
7,0.28,-958919,-1230.7805721634559,nan,-,-,-,-,-
8,0.32,-953661,-1431.9841596963743,nan,-,-,-,-,-
9,0.36,-951395,-1242.2100337378888,nan,-,-,-,-,-
10,0.4,-953950,-647.5852252029631,nan,-,-,-,-,-
11,0.44,-956911,-18.329101243165496,nan,-,-,-,-,-
12,0.48,-960091,488.94457772599344,nan,-,-,-,-,-
13,0.52,-960419,822.7471213548006,nan,-,-,-,-,-
14,0.56,-959381,1172.7375094749314,nan,-,-,-,-,-
15,0.6,-961468,1736.2564544091283,nan,-,-,-,-,-
16,0.64,-964150,2268.0058514548336,nan,-,-,-,-,-
17,0.68,-966285,2365.2670489940538,nan,-,-,-,-,-
18,0.72,-968634,1745.142432238952,nan,-,-,-,-,-
19,0.76,-969684,478.7711455359977,nan,-,-,-,-,-
20,0.8,-970695,-814.4096180031727,nan,-,-,-,-,-
21,0.84,-970679,-1568.8126933074848,nan,-,-,-,-,-
22,0.88,-971319,-1580.57200315755,nan,-,-,-,-,-
23,0.92,-970968,-1235.4944188665331,nan,-,-,-,-,-
24,0.96,-969515,-995.7024724942953,nan,-,-,-,-,-
25,1.0,-962275,-1201.738411967489,nan,-,-,-,-,-
26,1.04,-952667,-1567.0748385404368,nan,-,-,-,-,-
27,1.08,-951324,-1462.4583115472778,nan,-,-,-,-,-
28,1.12,-952411,-977.5201026959444,nan,-,-,-,-,-
29,1.16,-954603,-287.62036948710966,nan,-,-,-,-,-
30,1.2,-959279,456.6925915037318,nan,-,-,-,-,-
31,1.24,-960341,956.6498383294229,nan,-,-,-,-,-
32,1.28,-959333,1298.0946120505369,nan,-,-,-,-,-
33,1.32,-959939,1706.3833440502494,nan,-,-,-,-,-
34,1.36,-963566,2224.9537309127118,nan,-,-,-,-,-
35,1.4,-966672,2479.047925082529,nan,-,-,-,-,-
36,1.44,-968186,2047.60799819376,nan,-,-,-,-,-
37,1.48,-969022,876.5039779391618,nan,-,-,-,-,-
38,1.52,-970892,-512.6574877383107,nan,-,-,-,-,-
39,1.56,-971198,-1516.548136805916,nan,-,-,-,-,-
40,1.6,-971297,-1758.2639075428638,nan,-,-,-,-,-
41,1.64,-971631,-1441.4619291622953,nan,-,-,-,-,-
42,1.68,-970433,-1110.3624706315868,nan,-,-,-,-,-
43,1.72,-966537,-1126.3697232433724,nan,-,-,-,-,-
44,1.76,-954725,-1573.388990460966,nan,-,-,-,-,-
45,1.8,-951727,-1583.3779511468365,nan,-,-,-,-,-
46,1.84,-952161,-1146.6404956748156,nan,-,-,-,-,-
47,1.88,-956767,-369.1400219359575,nan,-,-,-,-,-
48,1.92,-959620,321.73439531728764,nan,-,-,-,-,-
49,1.96,-961230,835.4096421045842,nan,-,-,-,-,-
50,2.0,-960029,1167.096884841451,nan,-,-,-,-,-
51,2.04,-960075,1545.7258448139078,nan,-,-,-,-,-
52,2.08,-962322,2034.9161060336774,nan,-,-,-,-,-
53,2.12,-964148,2371.6520253702456,nan,-,-,-,-,-
54,2.16,-966725,2203.6542452795484,nan,-,-,-,-,-
55,2.2,-968116,1224.5163575049737,nan,-,-,-,-,-
56,2.24,-969733,-196.90363002015283,nan,-,-,-,-,-
57,2.28,-970714,-1330.5042535737905,nan,-,-,-,-,-
58,2.32,-970509,-1672.3487770598524,nan,-,-,-,-,-
59,2.36,-971388,-1300.9958221365382,nan,-,-,-,-,-
60,2.4,-970913,-864.588642203245,nan,-,-,-,-,-
61,2.44,-968080,-810.8124862819195,nan,-,-,-,-,-
62,2.48,-956163,-1319.0270290080352,nan,-,-,-,-,-
63,2.52,-951551,-1545.4068281710715,nan,-,-,-,-,-
64,2.56,-950654,-1365.9562587323271,nan,-,-,-,-,-
65,2.6,-954351,-766.3524760350929,nan,-,-,-,-,-
66,2.64,-958390,-50.28435596796362,nan,-,-,-,-,-
67,2.68,-960929,568.5684857138458,nan,-,-,-,-,-
68,2.72,-960379,989.3524380421786,nan,-,-,-,-,-
69,2.76,-959681,1369.3534815113308,nan,-,-,-,-,-
70,2.8,-960967,1860.5866103546482,nan,-,-,-,-,-
71,2.84,-964556,2368.536569037794,nan,-,-,-,-,-
72,2.88,-966025,2363.776982954788,nan,-,-,-,-,-
73,2.92,-968053,1578.375972759523,nan,-,-,-,-,-
74,2.96,-968785,131.83969050523046,nan,-,-,-,-,-
75,3.0,-970161,-1186.8068978939523,65,65.0,-,-,-,-
76,3.04,-970352,-1774.4748589164444,65,-,-,-,-,-
77,3.08,-969819,-1574.0644118818036,65,-,-,-,-,-
78,3.12,-969587,-1056.233507654567,65,-,-,-,-,-
79,3.16,-961697,-1002.4791861160011,65,-,-,-,-,-
80,3.2,-954405,-1262.8812613820664,65,-,-,-,-,-
81,3.24,-952504,-1399.9418749119322,65,-,-,-,-,-
82,3.28,-953759,-1170.0141443457837,65,-,-,-,-,-
83,3.32,-957223,-566.7778449025773,65,-,-,-,-,-
84,3.36,-961729,171.75945408061943,65,-,-,-,-,-
85,3.4,-961134,666.1515145269359,65,-,-,-,-,-
86,3.44,-960250,1058.3520910377879,65,-,-,-,-,-
87,3.48,-962041,1528.1723306763956,65,-,-,-,-,-
88,3.52,-963405,1970.0160595384218,65,-,-,-,-,-
89,3.56,-965898,2202.4983967383187,65,-,-,-,-,-
90,3.6,-967742,1826.2530535742549,65,-,-,-,-,-
91,3.64,-968772,764.7792974282866,65,-,-,-,-,-
92,3.68,-969466,-527.2847923285602,65,-,-,-,-,-
93,3.72,-970465,-1372.6513291910119,65,-,-,-,-,-
94,3.76,-970383,-1497.78394755406,65,-,-,-,-,-
95,3.8,-970538,-1105.708095055329,65,-,-,-,-,-
96,3.84,-969033,-771.1449615098263,65,-,-,-,-,-
97,3.88,-964828,-825.541195365874,65,-,-,-,-,-
98,3.92,-953890,-1273.831113323482,65,-,-,-,-,-
99,3.96,-950385,-1349.7467721166777,65,-,-,-,-,-
100,4.0,-952243,-967.4708540607635,65,-,-,-,-,-
101,4.04,-956465,-316.7865171267176,65,-,-,-,-,-
102,4.08,-959625,308.45594518784674,65,-,-,-,-,-
103,4.12,-962525,825.6939665225445,65,-,-,-,-,-
104,4.16,-960104,1092.3293794229871,65,-,-,-,-,-
105,4.2,-960731,1466.3178273559402,65,-,-,-,-,-
106,4.24,-963993,1956.7353465359083,65,-,-,-,-,-
107,4.28,-965604,2232.433574133761,65,-,-,-,-,-
108,4.32,-968845,2018.6608793374353,65,-,-,-,-,-
109,4.36,-969799,979.671452944252,65,-,-,-,-,-
110,4.4,-970178,-481.6126014314691,65,-,-,-,-,-
111,4.44,-970699,-1588.0824110022172,65,-,-,-,-,-
112,4.48,-970159,-1875.1952369982291,65,-,-,-,-,-
113,4.52,-972499,-1384.7473742648313,65,-,-,-,-,-
114,4.56,-971083,-916.1632744612934,65,-,-,-,-,-
115,4.6,-969278,-793.8248350905114,65,-,-,-,-,-
116,4.64,-958123,-1259.0300840760901,65,-,-,-,-,-
117,4.68,-953760,-1433.4596484638078,65,-,-,-,-,-
118,4.72,-954794,-1102.751873085852,65,-,-,-,-,-
119,4.76,-957090,-455.0351536063704,65,-,-,-,-,-
120,4.8,-960986,273.60632196658844,65,-,-,-,-,-
121,4.84,-962515,756.7417771111786,65,-,-,-,-,-
122,4.88,-961986,994.541663668449,65,-,-,-,-,-
123,4.92,-961406,1215.3369737716575,65,-,-,-,-,-
124,4.96,-962520,1623.6382562136578,65,-,-,-,-,-
125,5.0,-965731,2110.79680250848,65,-,-,-,-,-
126,5.04,-967678,2143.5809959315493,65,-,-,-,-,-
127,5.08,-970141,1433.58472948312,65,-,-,-,-,-
128,5.12,-971074,123.39843092223191,65,-,-,-,-,-
129,5.16,-971614,-1049.6038507288463,65,-,-,-,-,-
130,5.2,-970683,-1548.263677871541,65,-,-,-,-,-
131,5.24,-970601,-1328.6218664929381,65,-,-,-,-,-
132,5.28,-970296,-907.243339122524,65,-,-,-,-,-
133,5.32,-967068,-811.0217843399396,65,-,-,-,-,-
134,5.36,-954924,-1292.472883662238,65,-,-,-,-,-
135,5.4,-950916,-1530.8255475844744,65,-,-,-,-,-
136,5.44,-951815,-1334.6195775492506,65,-,-,-,-,-
137,5.48,-954700,-734.4614959006016,65,-,-,-,-,-
138,5.52,-957810,44.20447763793027,65,-,-,-,-,-
139,5.56,-960678,759.8899320015571,65,-,-,-,-,-
140,5.6,-958137,1128.9198361387198,65,-,-,-,-,-
141,5.64,-959369,1499.5422101772024,65,-,-,-,-,-
142,5.68,-958393,1804.0434373770659,65,-,-,-,-,-
143,5.72,-959994,2139.3569448260514,65,-,-,-,-,-
144,5.76,-961547,2061.770367143295,65,-,-,-,-,-
145,5.8,-962863,1237.5243472177108,65,-,-,-,-,-
146,5.84,-964716,-88.11972144016181,65,-,-,-,-,-
147,5.88,-964723,-1262.894106068433,65,-,-,-,-,-
148,5.92,-966229,-1607.3469311881092,65,-,-,-,-,-
149,5.96,-967332,-1248.4689892627266,65,-,-,-,-,-
150,6.0,-966932,-734.3294481921321,67,66.0,-,-,-,-
151,6.04,-962670,-586.5978514816634,67,-,-,-,-,-
152,6.08,-953023,-928.6710693471468,67,-,-,-,-,-
153,6.12,-948638,-1197.5807129724653,67,-,-,-,-,-
154,6.16,-946474,-1241.0895101710148,67,-,-,-,-,-
155,6.2,-946022,-984.3427878674015,67,-,-,-,-,-
156,6.24,-914564,-1528.2693422389857,67,-,-,-,-,-
157,6.28,-837757,-3369.201693332783,67,-,-,-,-,-
158,6.32,-710523,-6508.109506364446,67,-,-,-,-,-
159,6.36,-628639,-7500.605730361567,67,-,-,-,-,-
160,6.4,-641572,-4477.252025693713,67,-,-,-,-,-
161,6.44,-657231,-582.4528105532117,67,-,-,-,-,-
162,6.48,-622317,1853.040722311409,67,-,-,-,-,-
163,6.52,-704779,7756.642613821401,67,-,-,-,-,-
164,6.56,-757705,12835.149371145264,67,-,-,-,-,-
165,6.6,-807588,19018.65396741935,67,-,-,-,-,-
166,6.64,-834641,25562.292015235493,67,-,-,-,-,-
167,6.68,-849695,29573.965154765843,67,-,-,-,-,-
168,6.72,-852761,25884.43060018398,67,-,-,-,-,-
169,6.76,-843512,12279.89741047364,67,-,-,-,-,-
170,6.8,-788234,-7906.7467297244075,67,-,-,-,-,-
171,6.84,-603183,-29394.025508193503,67,-,-,-,-,-
172,6.88,-797305,-31405.314632481328,67,-,-,-,-,-
173,6.92,-876326,-30716.92535461345,67,-,-,-,-,-
174,6.96,-871467,-28125.430378943995,67,-,-,-,-,-
175,7.0,-708699,-26303.79572672723,67,-,-,-,-,-
176,7.04,-565807,-20471.12633456741,67,-,-,-,-,-
177,7.08,-745244,-3173.151526216683,67,-,-,-,-,-
178,7.12,-802559,9570.264044624004,67,-,-,-,-,-
179,7.16,-816660,18682.65973422851,67,-,-,-,-,-
180,7.2,-833488,21780.725097136055,67,-,-,-,-,-
181,7.24,-841183,14755.050878713912,67,-,-,-,-,-
182,7.28,-845458,2213.5663410643538,67,-,-,-,-,-
183,7.32,-849127,-2789.2424731729384,67,-,-,-,-,-
184,7.36,-853855,6222.753246601608,67,-,-,-,-,-
185,7.4,-838266,16754.695564924186,67,-,-,-,-,-
186,7.44,-836326,12757.739715650281,67,-,-,-,-,-
187,7.48,-830446,-6043.871330021524,67,-,-,-,-,-
188,7.52,-796437,-22511.655026083747,67,-,-,-,-,-
189,7.56,-723415,-23961.380415127365,67,-,-,-,-,-
190,7.6,-658494,-13953.039854477844,67,-,-,-,-,-
191,7.64,-616968,-4338.08866838798,67,-,-,-,-,-
192,7.68,-647351,1575.3695186543337,67,-,-,-,-,-
193,7.72,-704888,5386.620234501817,67,-,-,-,-,-
194,7.76,-640710,5748.811353494941,67,-,-,-,-,-
195,7.8,-483782,4066.199427473781,67,-,-,-,-,-
196,7.84,-654681,13043.494983574143,67,-,-,-,-,-
197,7.88,-910755,24591.119062763028,67,-,-,-,-,-
198,7.92,-963123,28821.86664575705,67,-,-,-,-,-
199,7.96,-813953,23296.421950216296,67,-,-,-,-,-
200,8.0,-562687,8213.80253254043,67,-,-,-,-,-
201,8.04,-575357,-3741.270751682663,67,-,-,-,-,-
202,8.08,-612270,-13686.421213817666,67,-,-,-,-,-
203,8.12,-607886,-17428.36254835762,67,-,-,-,-,-
204,8.16,-612383,-16006.865932795938,67,-,-,-,-,-
205,8.2,-648725,-18457.639925962856,67,-,-,-,-,-
206,8.24,-683928,-27319.175002925134,67,-,-,-,-,-
207,8.28,-566325,-32429.395625058394,67,-,-,-,-,-
208,8.32,-540372,-12014.966200133887,67,-,-,-,-,-
209,8.36,-587997,22988.779976852285,67,-,-,-,-,-
210,8.4,-640734,42798.58108281904,67,-,-,-,-,-
211,8.44,-668990,33000.7394415269,67,-,-,-,-,-
212,8.48,-685102,8248.664973783387,67,-,-,-,-,-
213,8.52,-703561,-8688.78701245966,67,-,-,-,-,-
214,8.56,-701809,-11101.647964953045,67,-,-,-,-,-
215,8.6,-692635,-5383.2030364818675,67,-,-,-,-,-
216,8.64,-685094,768.5453649927913,67,-,-,-,-,-
217,8.68,-679805,2909.0424902589803,67,-,-,-,-,-
218,8.72,-680192,-1249.744215022969,67,-,-,-,-,-
219,8.76,-683918,-9998.500326982248,67,-,-,-,-,-
220,8.8,-693388,-16450.032309316557,67,-,-,-,-,-
221,8.84,-703992,-15291.730168402666,67,-,-,-,-,-
222,8.88,-723563,-7709.4246415416,67,-,-,-,-,-
223,8.92,-758080,1071.413720326309,67,-,-,-,-,-
224,8.96,-776606,6525.48841181384,67,-,-,-,-,-
226,9.04,-818235,9056.604940196503,nan,-,-,-,-,-
227,9.08,-742097,4522.415306798583,nan,-,-,-,-,-
228,9.12,-667721,-658.3211224177649,nan,-,-,-,-,-
229,9.16,-645686,-3931.7099457827717,nan,-,-,-,-,-
230,9.2,-650638,-5508.975205255076,nan,-,-,-,-,-
231,9.24,-673278,-5494.481593043873,nan,-,-,-,-,-
232,9.28,-809500,-785.350118510396,nan,-,-,-,-,-
233,9.32,-950856,5186.764531808585,nan,-,-,-,-,-
234,9.36,-1006715,9506.753151429235,nan,-,-,-,-,-
235,9.4,-1037669,13872.811011433441,nan,-,-,-,-,-
236,9.44,-1041394,17421.92030573302,nan,-,-,-,-,-
237,9.48,-1043438,18856.39102336531,nan,-,-,-,-,-
238,9.52,-1044219,14645.451049036034,nan,-,-,-,-,-
239,9.56,-1046013,2634.194953571503,nan,-,-,-,-,-
240,9.6,-1049139,-14870.379613089885,nan,-,-,-,-,-
241,9.64,-1048941,-31715.97953398738,nan,-,-,-,-,-
242,9.68,-1046039,-40883.48531939153,nan,-,-,-,-,-
243,9.72,-1036629,-37993.60770153966,nan,-,-,-,-,-
244,9.76,-1031069,-23718.201675005344,nan,-,-,-,-,-
245,9.8,-1027365,-5251.839144870246,nan,-,-,-,-,-
246,9.84,-1027749,9103.377917717276,nan,-,-,-,-,-
247,9.88,-1030207,15713.227220888424,nan,-,-,-,-,-
248,9.92,-1027969,16457.518304387508,nan,-,-,-,-,-
249,9.96,-1018603,14979.93233442594,nan,-,-,-,-,-
250,10.0,-988502,12985.10906647046,nan,-,-,-,-,-
251,10.04,-959127,11470.599042954591,nan,-,-,-,-,-
252,10.08,-929244,9917.081221744882,nan,-,-,-,-,-
253,10.12,-884397,7479.563912497542,nan,-,-,-,-,-
254,10.16,-775511,2578.367817775921,nan,-,-,-,-,-
255,10.2,-616119,-3815.2184111964307,nan,-,-,-,-,-
256,10.24,-647472,-3046.297582147414,nan,-,-,-,-,-
257,10.28,-769038,2380.1814180707297,nan,-,-,-,-,-
258,10.32,-785619,6188.029745022417,nan,-,-,-,-,-
259,10.36,-780280,10082.507800931227,nan,-,-,-,-,-
260,10.4,-679301,10305.875196917477,nan,-,-,-,-,-
261,10.44,-575777,9343.216434289909,nan,-,-,-,-,-
262,10.48,-501806,9218.29373895689,nan,-,-,-,-,-
263,10.52,-517507,12222.969452488547,nan,-,-,-,-,-
264,10.56,-523247,11887.294183851765,nan,-,-,-,-,-
265,10.6,-524559,3324.8845648072383,nan,-,-,-,-,-
266,10.64,-529130,-12246.548829805091,nan,-,-,-,-,-
267,10.68,-532989,-24203.88163946313,nan,-,-,-,-,-
268,10.72,-535278,-21289.260807925726,nan,-,-,-,-,-
269,10.76,-541103,-4499.408644558112,nan,-,-,-,-,-
270,10.8,-543916,12565.167463983795,nan,-,-,-,-,-
271,10.84,-543921,17200.69912320522,nan,-,-,-,-,-
272,10.88,-546486,8009.8087460226325,nan,-,-,-,-,-
273,10.92,-546606,-6604.148296458067,nan,-,-,-,-,-
274,10.96,-546688,-16621.747206936554,nan,-,-,-,-,-
275,11.0,-554881,-18137.399177052383,nan,-,-,-,-,-
276,11.04,-553945,-14843.604046429879,nan,-,-,-,-,-
277,11.08,-551759,-11038.410844348924,nan,-,-,-,-,-
278,11.12,-547152,-8551.488324893835,nan,-,-,-,-,-
279,11.16,-539238,-6783.86077484089,nan,-,-,-,-,-
280,11.2,-525401,-4989.519532215585,nan,-,-,-,-,-
281,11.24,-504674,-3197.808000965335,nan,-,-,-,-,-
282,11.28,-469616,-2046.4164213042095,nan,-,-,-,-,-
283,11.32,-398001,-2431.136116388938,nan,-,-,-,-,-
284,11.36,-452607,1064.8556703200338,nan,-,-,-,-,-
285,11.4,-468948,3479.266953090666,nan,-,-,-,-,-
286,11.44,-528330,7507.508565111595,nan,-,-,-,-,-
287,11.48,-524514,9418.30419795178,nan,-,-,-,-,-
288,11.52,-524953,10880.551583903452,nan,-,-,-,-,-
289,11.56,-524157,11588.342238976831,nan,-,-,-,-,-
290,11.6,-621531,14899.27670961841,nan,-,-,-,-,-
291,11.64,-597304,13394.154281257848,nan,-,-,-,-,-
292,11.68,-486384,6726.530316406104,nan,-,-,-,-,-
293,11.72,-399315,-2893.802035336339,nan,-,-,-,-,-
294,11.76,-408175,-11670.566462359202,nan,-,-,-,-,-
295,11.8,-406245,-18128.19600712438,nan,-,-,-,-,-
296,11.84,-402096,-17823.616495853614,nan,-,-,-,-,-
297,11.88,-397804,-11888.961278089771,nan,-,-,-,-,-
298,11.92,-391301,-5520.244885811711,nan,-,-,-,-,-
299,11.96,-387350,-1190.8808518072692,nan,-,-,-,-,-
301,12.04,-389395,12975.640007709244,nan,-,-,-,-,-
302,12.08,-388551,21638.610091203576,nan,-,-,-,-,-
303,12.12,-387847,22114.03003173151,nan,-,-,-,-,-
304,12.16,-385557,12592.053240846846,nan,-,-,-,-,-
305,12.2,-387026,688.953884438215,nan,-,-,-,-,-
306,12.24,-389805,-5773.356951181027,nan,-,-,-,-,-
307,12.28,-396134,-6054.032513331556,nan,-,-,-,-,-
308,12.32,-390051,-4909.108015013351,nan,-,-,-,-,-
309,12.36,-380358,-5024.753032043374,nan,-,-,-,-,-
310,12.4,-435836,-3998.296881914077,nan,-,-,-,-,-
311,12.44,-546970,-918.3567868331884,nan,-,-,-,-,-
312,12.48,-611140,1168.7397166599258,nan,-,-,-,-,-
313,12.52,-621775,1316.7429727123235,nan,-,-,-,-,-
314,12.56,-663279,1509.0227927680062,nan,-,-,-,-,-
315,12.6,-667341,-443.4018035633944,nan,-,-,-,-,-
316,12.64,-767417,280.5467225713619,nan,-,-,-,-,-
317,12.68,-829922,-503.41235862347094,nan,-,-,-,-,-
318,12.72,-720513,-8092.273171119305,nan,-,-,-,-,-
319,12.76,-608117,-18021.301252039033,nan,-,-,-,-,-
320,12.8,-623743,-24449.60748763132,nan,-,-,-,-,-
321,12.84,-600731,-27873.57720866159,nan,-,-,-,-,-
322,12.88,-520743,-25029.7835048291,nan,-,-,-,-,-
323,12.92,-484496,-14900.963810761648,nan,-,-,-,-,-
324,12.96,-484890,-4291.219280261168,nan,-,-,-,-,-
325,13.0,-482100,2287.111327225375,nan,-,-,-,-,-
326,13.04,-476161,8631.013547871373,nan,-,-,-,-,-
327,13.08,-473954,19852.60856388416,nan,-,-,-,-,-
328,13.12,-472712,33317.70325032336,nan,-,-,-,-,-
329,13.16,-468661,39917.92487426139,nan,-,-,-,-,-
330,13.2,-465654,35235.837449017075,nan,-,-,-,-,-
331,13.24,-465513,24690.83403396912,nan,-,-,-,-,-
332,13.28,-468013,15505.61108706749,nan,-,-,-,-,-
333,13.32,-469380,8404.498607302463,nan,-,-,-,-,-
334,13.36,-468237,953.1396316836835,nan,-,-,-,-,-
335,13.4,-466217,-6234.63430269283,nan,-,-,-,-,-
336,13.44,-468980,-10514.57474619964,nan,-,-,-,-,-
337,13.48,-472838,-11581.482321921743,nan,-,-,-,-,-
338,13.52,-491447,-10672.828691589657,nan,-,-,-,-,-
339,13.56,-535940,-8877.943330668524,nan,-,-,-,-,-
340,13.6,-769302,-1446.8219180474116,nan,-,-,-,-,-
341,13.64,-951017,3728.3147364459,nan,-,-,-,-,-
342,13.68,-779478,-3125.432459193631,nan,-,-,-,-,-
343,13.72,-704969,-7438.209134343808,nan,-,-,-,-,-
344,13.76,-665553,-10921.220512483298,nan,-,-,-,-,-
345,13.8,-691937,-12307.819027453908,nan,-,-,-,-,-
346,13.84,-738254,-13253.95920224255,nan,-,-,-,-,-
347,13.88,-927082,-11244.140222110167,nan,-,-,-,-,-
348,13.92,-994459,-16265.296163660467,nan,-,-,-,-,-
349,13.96,-919227,-26458.751566540086,nan,-,-,-,-,-
350,14.0,-1873415,3915.7151895455318,nan,-,-,-,-,-
351,14.04,-1595791,8831.652773183014,nan,-,-,-,-,-
352,14.08,-1584207,29630.826370903207,nan,-,-,-,-,-
353,14.12,-1576974,39047.19246177963,nan,-,-,-,-,-
354,14.16,-1487605,22086.424927867803,nan,-,-,-,-,-
355,14.2,-1428764,-9524.14449212415,nan,-,-,-,-,-
356,14.24,-1439482,-36454.48505977131,nan,-,-,-,-,-
357,14.28,-1415916,-52715.42359698587,nan,-,-,-,-,-
358,14.32,-1416301,-59712.10997300784,nan,-,-,-,-,-
359,14.36,-1414230,-60997.2956218608,nan,-,-,-,-,-
360,14.4,-1421911,-46873.26984407444,nan,-,-,-,-,-
361,14.44,-1373838,-10137.83880019671,nan,-,-,-,-,-
362,14.48,-1373395,39086.64886505923,nan,-,-,-,-,-
363,14.52,-1359396,69849.79658335038,nan,-,-,-,-,-
364,14.56,-1038046,60680.11039929834,nan,-,-,-,-,-
365,14.6,-547198,29466.98022493045,nan,-,-,-,-,-
366,14.64,-469408,12638.921358768683,nan,-,-,-,-,-
367,14.68,-539166,8725.172814980364,nan,-,-,-,-,-
368,14.72,-544048,9736.99957120922,nan,-,-,-,-,-
369,14.76,-664657,18129.630001967016,nan,-,-,-,-,-
370,14.8,-874022,30527.810117095883,nan,-,-,-,-,-
371,14.84,-852735,36655.94758160092,nan,-,-,-,-,-
372,14.88,-728009,43323.75199717251,nan,-,-,-,-,-
373,14.92,-788359,60462.72306991374,nan,-,-,-,-,-
374,14.96,-741032,68987.2060308686,nan,-,-,-,-,-
375,15.0,-738629,55522.945963121005,nan,66.0,-,-,-,-
376,15.04,-777805,12375.504865294439,nan,-,-,-,-,-
377,15.08,-791271,-44587.36493747766,nan,-,-,-,-,-
378,15.12,-800123,-84965.07226469246,nan,-,-,-,-,-
379,15.16,-847383,-92287.46769252862,nan,-,-,-,-,-
380,15.2,-972197,-71031.37765293357,nan,-,-,-,-,-
381,15.24,-1020542,-41293.12546025492,nan,-,-,-,-,-
382,15.28,-1052818,-16475.125178938644,nan,-,-,-,-,-
383,15.32,-1052387,-6380.109528209105,nan,-,-,-,-,-
384,15.36,-1050989,-8240.216727318097,nan,-,-,-,-,-
385,15.4,-1053207,-13216.771854896753,nan,-,-,-,-,-
386,15.44,-1055148,-15443.420019059966,nan,-,-,-,-,-
387,15.48,-1054438,-15052.05586830707,nan,-,-,-,-,-
388,15.52,-1043904,-14830.014924271672,nan,-,-,-,-,-
389,15.56,-1036488,-15069.100838778773,nan,-,-,-,-,-
390,15.6,-1035349,-12812.93023895171,nan,-,-,-,-,-
391,15.64,-1038455,-4742.9370632017235,nan,-,-,-,-,-
392,15.68,-1041578,7931.633011004873,nan,-,-,-,-,-
393,15.72,-1045390,19630.121614585536,nan,-,-,-,-,-
394,15.76,-1045811,25504.061658390798,nan,-,-,-,-,-
395,15.8,-1045706,25645.842788681202,nan,-,-,-,-,-
396,15.84,-1048758,23287.853128717798,nan,-,-,-,-,-
397,15.88,-1051537,20791.313975785302,nan,-,-,-,-,-
398,15.92,-1053919,18381.533013729077,nan,-,-,-,-,-
399,15.96,-1056964,15218.3452842195,nan,-,-,-,-,-
400,16.0,-1056970,10945.527922456859,nan,-,-,-,-,-
401,16.04,-1056703,6493.252170070118,nan,-,-,-,-,-
402,16.08,-1055045,2864.893399892593,nan,-,-,-,-,-
403,16.12,-1053075,428.6733857324143,nan,-,-,-,-,-
404,16.16,-1049990,-1231.165425343479,nan,-,-,-,-,-
405,16.2,-1043477,-2708.201855225625,nan,-,-,-,-,-
406,16.24,-1028022,-4339.262117394381,nan,-,-,-,-,-
407,16.28,-1009353,-5719.305229241462,nan,-,-,-,-,-
408,16.32,-980777,-6770.221463819164,nan,-,-,-,-,-
409,16.36,-964497,-6694.103215863563,nan,-,-,-,-,-
410,16.4,-948995,-6005.782028801403,nan,-,-,-,-,-
411,16.44,-863256,-7170.262161944229,nan,-,-,-,-,-
412,16.48,-751028,-8797.669566590252,nan,-,-,-,-,-
413,16.52,-699854,-7875.152359113024,nan,-,-,-,-,-
414,16.56,-690175,-4752.485482904394,nan,-,-,-,-,-
415,16.6,-681643,-717.6838607879254,nan,-,-,-,-,-
416,16.64,-684312,4016.079897226933,nan,-,-,-,-,-
417,16.68,-689166,8293.253649138453,nan,-,-,-,-,-
418,16.72,-689995,11472.810400186034,nan,-,-,-,-,-
419,16.76,-695258,14536.507911983455,nan,-,-,-,-,-
420,16.8,-699565,18128.890403631915,nan,-,-,-,-,-
421,16.84,-706888,20935.87156483905,nan,-,-,-,-,-
422,16.88,-716269,18993.165801304996,nan,-,-,-,-,-
423,16.92,-768295,11312.799036063152,nan,-,-,-,-,-
424,16.96,-809652,-601.2010327315365,nan,-,-,-,-,-
425,17.0,-896699,-8947.24614474694,nan,-,-,-,-,-
426,17.04,-988157,-11610.335507332304,nan,-,-,-,-,-
427,17.08,-987014,-13119.1786986652,nan,-,-,-,-,-
428,17.12,-983031,-13599.77196727166,nan,-,-,-,-,-
429,17.16,-984949,-14396.802844312384,nan,-,-,-,-,-
430,17.2,-1006005,-15231.014316627887,nan,-,-,-,-,-
431,17.24,-1001168,-17394.00292219814,nan,-,-,-,-,-
432,17.28,-1004626,-19784.87122026515,nan,-,-,-,-,-
433,17.32,-1009497,-22145.31774214926,nan,-,-,-,-,-
434,17.36,-1013020,-22855.143599830728,nan,-,-,-,-,-
435,17.4,-1015781,-19368.891578477473,nan,-,-,-,-,-
436,17.44,-1018429,-10293.630238850077,nan,-,-,-,-,-
437,17.48,-1022517,2270.606024741457,nan,-,-,-,-,-
438,17.52,-1024807,12939.68322165926,nan,-,-,-,-,-
439,17.56,-1026586,17710.158811173143,nan,-,-,-,-,-
440,17.6,-1029531,17388.31388403858,nan,-,-,-,-,-
441,17.64,-1028135,15355.727973654944,nan,-,-,-,-,-
442,17.68,-1032616,14058.481472013962,nan,-,-,-,-,-
443,17.72,-1024126,12588.871628173878,nan,-,-,-,-,-
444,17.76,-1019583,10755.671865536598,nan,-,-,-,-,-
445,17.8,-1021785,8717.258043275599,nan,-,-,-,-,-
446,17.84,-1027184,6812.452215042536,nan,-,-,-,-,-
447,17.88,-1034444,5231.58061875734,nan,-,-,-,-,-
448,17.92,-1040247,3831.810918574556,nan,-,-,-,-,-
449,17.96,-1042674,2506.396024002577,nan,-,-,-,-,-
450,18.0,-1045494,1369.0213484044289,nan,66.0,-,-,-,-
451,18.04,-1055371,673.1301254144782,nan,-,-,-,-,-
452,18.08,-1059298,-12.120036363536201,nan,-,-,-,-,-
453,18.12,-1062185,-753.9444182142579,nan,-,-,-,-,-
454,18.16,-1063354,-1920.448735500575,nan,-,-,-,-,-
455,18.2,-1064709,-3498.3167238102897,nan,-,-,-,-,-
456,18.24,-1065799,-4959.93000908783,nan,-,-,-,-,-
457,18.28,-1065621,-5654.181486885651,nan,-,-,-,-,-
458,18.32,-1065631,-5377.579166157551,nan,-,-,-,-,-
459,18.36,-1061733,-4726.804380148573,nan,-,-,-,-,-
460,18.4,-1046542,-4452.317116875267,nan,-,-,-,-,-
461,18.44,-1037900,-4022.8007756317966,nan,-,-,-,-,-
462,18.48,-1036680,-3104.6959283354536,nan,-,-,-,-,-
463,18.52,-1038314,-1731.5067959772114,nan,-,-,-,-,-
464,18.56,-1041473,-237.18570559136094,nan,-,-,-,-,-
465,18.6,-1043180,930.7235366722089,nan,-,-,-,-,-
466,18.64,-1042498,1692.641928810846,nan,-,-,-,-,-
467,18.68,-1042629,2370.434822181729,nan,-,-,-,-,-
468,18.72,-1045364,3205.7847297604367,nan,-,-,-,-,-
469,18.76,-1046769,3926.7754801421297,nan,-,-,-,-,-
470,18.8,-1048782,4072.3700141240006,nan,-,-,-,-,-
471,18.84,-1049066,3089.2442322219285,nan,-,-,-,-,-
472,18.88,-1050405,1260.2072404713854,nan,-,-,-,-,-
473,18.92,-1052253,-538.1076679025068,nan,-,-,-,-,-
474,18.96,-1053479,-1517.7591381495095,nan,-,-,-,-,-
475,19.0,-1055211,-1568.7201857770938,nan,-,-,-,-,-
476,19.04,-1056685,-1254.2916800147186,nan,-,-,-,-,-
477,19.08,-1053776,-1217.2903922438459,nan,-,-,-,-,-
478,19.12,-1043317,-1627.2293067099163,nan,-,-,-,-,-
479,19.16,-1035728,-1892.2873516896707,nan,-,-,-,-,-
480,19.2,-1035161,-1680.8172915323357,nan,-,-,-,-,-
481,19.24,-1037344,-1182.7628232759853,nan,-,-,-,-,-
482,19.28,-1040883,-617.0218226419704,nan,-,-,-,-,-
483,19.32,-1044583,-108.56773905968112,nan,-,-,-,-,-
484,19.36,-1045018,287.38511462905535,nan,-,-,-,-,-
485,19.4,-1044524,768.7113064728806,nan,-,-,-,-,-
486,19.44,-1046915,1529.3451882738304,nan,-,-,-,-,-
487,19.48,-1049244,2311.945005890476,nan,-,-,-,-,-
488,19.52,-1050448,2613.767631619634,nan,-,-,-,-,-
489,19.56,-1051906,2031.5718594014224,nan,-,-,-,-,-
490,19.6,-1053300,658.5129638411549,nan,-,-,-,-,-
491,19.64,-1054287,-798.8542294559257,nan,-,-,-,-,-
492,19.68,-1056222,-1559.4869315336487,nan,-,-,-,-,-
493,19.72,-1057940,-1500.9609969425978,nan,-,-,-,-,-
494,19.76,-1056790,-1115.4881562837434,nan,-,-,-,-,-
495,19.8,-1055146,-828.080484808514,nan,-,-,-,-,-
496,19.84,-1045509,-1058.5744094551137,nan,-,-,-,-,-
497,19.88,-1040711,-1213.2882197987255,nan,-,-,-,-,-
498,19.92,-1038479,-1128.8081180304634,nan,-,-,-,-,-
499,19.96,-1041519,-678.3063449640181,nan,-,-,-,-,-
500,20.0,-1044378,-173.8593669069619,nan,-,-,-,-,-
501,20.04,-1046899,267.3666813450345,nan,-,-,-,-,-
502,20.08,-1046118,586.0441659612184,nan,-,-,-,-,-
503,20.12,-1046308,1025.61303674915,nan,-,-,-,-,-
504,20.16,-1048560,1654.9056463579327,nan,-,-,-,-,-
505,20.2,-1050740,2221.149721974005,nan,-,-,-,-,-
506,20.24,-1052387,2337.5958655710083,nan,-,-,-,-,-
507,20.28,-1052353,1674.1248622242965,nan,-,-,-,-,-
508,20.32,-1053322,456.0426734616019,nan,-,-,-,-,-
509,20.36,-1053754,-779.3591582643896,nan,-,-,-,-,-
510,20.4,-1055245,-1396.5673754169852,nan,-,-,-,-,-
511,20.44,-1056401,-1333.5118639793086,nan,-,-,-,-,-
512,20.48,-1057316,-965.7674302167857,nan,-,-,-,-,-
513,20.52,-1057315,-753.0623102668444,nan,-,-,-,-,-
514,20.56,-1049418,-1019.5883567577948,nan,-,-,-,-,-
515,20.6,-1044321,-1196.1752486776677,nan,-,-,-,-,-
516,20.64,-1045403,-959.9464883919718,nan,-,-,-,-,-
517,20.68,-1047896,-504.2193872087953,nan,-,-,-,-,-
518,20.72,-1052340,-6.6702709677733765,nan,-,-,-,-,-
519,20.76,-1056054,325.0068974908854,nan,-,-,-,-,-
520,20.8,-1058653,525.112299352555,nan,-,-,-,-,-
521,20.84,-1060029,732.5996450807634,nan,-,-,-,-,-
522,20.88,-1062750,1128.3768323022387,nan,-,-,-,-,-
523,20.92,-1067095,1628.4619126082998,nan,-,-,-,-,-
524,20.96,-1073901,1920.3813784731801,nan,-,-,-,-,-
525,21.0,-1082664,1624.417606970962,67,67.0,-,-,-,-
526,21.04,-1092762,743.1430236930428,67,-,-,-,-,-
527,21.08,-1097843,-411.7711989873651,67,-,-,-,-,-
528,21.12,-1103795,-1082.9420468028443,67,-,-,-,-,-
529,21.16,-1109469,-1167.822919213575,67,-,-,-,-,-
530,21.2,-1113781,-999.2517402094327,67,-,-,-,-,-
531,21.24,-1111507,-1136.0757492960583,67,-,-,-,-,-
532,21.28,-1098103,-1905.6063317125954,67,-,-,-,-,-
533,21.32,-1094027,-2540.703513372133,67,-,-,-,-,-
534,21.36,-1095433,-2861.3291977119334,67,-,-,-,-,-
535,21.4,-1099566,-2645.597530534378,67,-,-,-,-,-
536,21.44,-1104634,-1833.2627846553091,67,-,-,-,-,-
537,21.48,-1108209,-670.1918726373627,67,-,-,-,-,-
538,21.52,-1108121,470.9860708852651,67,-,-,-,-,-
539,21.56,-1106862,1528.175627062482,67,-,-,-,-,-
540,21.6,-1105236,2579.087409769061,67,-,-,-,-,-
541,21.64,-1103914,3511.7288359834592,67,-,-,-,-,-
542,21.68,-1103556,3799.4825719231962,67,-,-,-,-,-
543,21.72,-1103331,2935.568176513547,67,-,-,-,-,-
544,21.76,-1102684,1202.5175013468827,67,-,-,-,-,-
545,21.8,-1103377,-348.5004659735587,67,-,-,-,-,-
546,21.84,-1102977,-988.121797841995,67,-,-,-,-,-
547,21.88,-1101200,-717.1073211621222,67,-,-,-,-,-
548,21.92,-1100022,-43.4989930496281,67,-,-,-,-,-
549,21.96,-1097875,408.12778031807784,67,-,-,-,-,-
550,22.0,-1084796,97.39991307443688,67,-,-,-,-,-
551,22.04,-1078136,-292.9629378595773,67,-,-,-,-,-
552,22.08,-1078748,-482.0868778618403,67,-,-,-,-,-
553,22.12,-1080981,-475.51756151018435,67,-,-,-,-,-
554,22.16,-1086704,-182.05525405239678,67,-,-,-,-,-
555,22.2,-1090084,151.79282053623683,67,-,-,-,-,-
556,22.24,-1090436,444.4279066009258,67,-,-,-,-,-
557,22.28,-1091251,795.8531153587528,67,-,-,-,-,-
558,22.32,-1094727,1278.2284722851346,67,-,-,-,-,-
559,22.36,-1098589,1702.5914409119569,67,-,-,-,-,-
560,22.4,-1102062,1699.1272046405293,67,-,-,-,-,-
561,22.44,-1103868,866.9117037113442,67,-,-,-,-,-
562,22.48,-1105605,-618.7981392624372,67,-,-,-,-,-
563,22.52,-1106089,-2073.678737965456,67,-,-,-,-,-
564,22.56,-1106616,-2730.639655795001,67,-,-,-,-,-
565,22.6,-1107343,-2486.972278427491,67,-,-,-,-,-
566,22.64,-1107450,-1869.2761427572386,67,-,-,-,-,-
567,22.68,-1105672,-1471.5990604753397,67,-,-,-,-,-
568,22.72,-1096617,-1603.9351106052454,67,-,-,-,-,-
569,22.76,-1087371,-1761.2627186845548,67,-,-,-,-,-
570,22.8,-1086444,-1367.7270939072732,67,-,-,-,-,-
571,22.84,-1089628,-544.8155057358545,67,-,-,-,-,-
572,22.88,-1093834,378.1060355842003,67,-,-,-,-,-
573,22.92,-1098695,1163.329842123897,67,-,-,-,-,-
574,22.96,-1099074,1586.0859804620904,67,-,-,-,-,-
575,23.0,-1097550,1839.6576154280742,67,-,-,-,-,-
576,23.04,-1102035,2330.568027989999,67,-,-,-,-,-
577,23.08,-1105054,2792.6562102725948,67,-,-,-,-,-
578,23.12,-1107792,2916.4177227767377,67,-,-,-,-,-
579,23.16,-1110287,2255.6672389587966,67,-,-,-,-,-
580,23.2,-1113146,810.1889153999282,67,-,-,-,-,-
581,23.24,-1115507,-808.6862719807082,67,-,-,-,-,-
582,23.28,-1117594,-1779.4613136902192,67,-,-,-,-,-
583,23.32,-1120738,-1784.0353174227557,67,-,-,-,-,-
584,23.36,-1124203,-1267.1849688175912,67,-,-,-,-,-
585,23.4,-1126948,-890.2014266315786,67,-,-,-,-,-
586,23.44,-1124805,-1040.7250053903545,67,-,-,-,-,-
587,23.48,-1114687,-1577.791545339489,67,-,-,-,-,-
588,23.52,-1114079,-1595.2102587067748,67,-,-,-,-,-
589,23.56,-1117958,-1185.4167567103395,67,-,-,-,-,-
590,23.6,-1122595,-640.733240394126,67,-,-,-,-,-
591,23.64,-1123125,-279.56305400746805,67,-,-,-,-,-
592,23.68,-1120405,-110.86379076079265,67,-,-,-,-,-
593,23.72,-1114527,-48.92479243100297,67,-,-,-,-,-
594,23.76,-1110939,249.14188373591878,67,-,-,-,-,-
595,23.8,-1106814,794.6221895471781,67,-,-,-,-,-
596,23.84,-1092029,1058.4920442410003,67,-,-,-,-,-
597,23.88,-1070379,677.3725683945122,67,-,-,-,-,-
598,23.92,-1048518,-388.90657289987575,67,-,-,-,-,-
599,23.96,-1038725,-1285.1124203973177,67,-,-,-,-,-
600,24.0,-995730,-2573.267679783883,68,67.5,-,-,-,-
601,24.04,-891574,-4655.858678546094,68,-,-,-,-,-
602,24.08,-749641,-6995.708646234372,68,-,-,-,-,-
603,24.12,-702779,-5742.846993210405,68,-,-,-,-,-
604,24.16,-692711,-2793.9896442729514,68,-,-,-,-,-
605,24.2,-713934,1887.0311786937673,68,-,-,-,-,-
606,24.24,-696060,5827.221987915727,68,-,-,-,-,-
607,24.28,-679821,9608.119473020532,68,-,-,-,-,-
608,24.32,-643329,12341.38562872335,68,-,-,-,-,-
609,24.36,-573280,14621.636477740733,68,-,-,-,-,-
610,24.4,-584900,20592.322392473296,68,-,-,-,-,-
611,24.44,-655192,26579.5764578558,68,-,-,-,-,-
612,24.48,-666038,23505.3876344389,68,-,-,-,-,-
613,24.52,-664343,11080.998257706568,68,-,-,-,-,-
614,24.56,-665680,-4641.699560712397,68,-,-,-,-,-
615,24.6,-663154,-15163.059551028578,68,-,-,-,-,-
616,24.64,-662725,-16368.900192656161,68,-,-,-,-,-
617,24.68,-648050,-12374.03668159623,68,-,-,-,-,-
618,24.72,-656107,-8822.387748512723,68,-,-,-,-,-
619,24.76,-666055,-10663.329905803263,68,-,-,-,-,-
620,24.8,-678959,-16568.099824154124,68,-,-,-,-,-
621,24.84,-698963,-20677.00406003824,68,-,-,-,-,-
622,24.88,-718052,-18376.230600417526,68,-,-,-,-,-
623,24.92,-733629,-10678.44456626459,68,-,-,-,-,-
624,24.96,-744427,-2876.2658375369538,68,-,-,-,-,-
625,25.0,-743071,1087.652724894957,68,-,-,-,-,-
626,25.04,-747857,2064.4019370143724,68,-,-,-,-,-
627,25.08,-740098,1205.622905008946,68,-,-,-,-,-
628,25.12,-646537,-2842.4719121041853,68,-,-,-,-,-
629,25.16,-609827,-4977.584449136921,68,-,-,-,-,-
630,25.2,-612297,-5042.409947074397,68,-,-,-,-,-
631,25.24,-641613,-2821.1673306333905,68,-,-,-,-,-
632,25.28,-614216,-941.1715871295655,68,-,-,-,-,-
633,25.32,-597828,2289.148144755978,68,-,-,-,-,-
634,25.36,-549522,4879.452969988597,68,-,-,-,-,-
635,25.4,-542215,8947.102420548315,68,-,-,-,-,-
636,25.44,-584648,14907.753464705995,68,-,-,-,-,-
637,25.48,-645177,20986.519614263874,68,-,-,-,-,-
638,25.52,-653347,22237.165116363714,68,-,-,-,-,-
639,25.56,-648652,17322.89539050666,68,-,-,-,-,-
640,25.6,-646290,8236.65949726454,68,-,-,-,-,-
641,25.64,-640063,399.7561184192964,68,-,-,-,-,-
642,25.68,-645784,-1786.1818411003896,68,-,-,-,-,-
643,25.72,-645997,-1137.6990871336775,68,-,-,-,-,-
644,25.76,-637873,-3177.2018438396335,68,-,-,-,-,-
645,25.8,-641318,-9375.70133751379,68,-,-,-,-,-
646,25.84,-643610,-16405.894526115244,68,-,-,-,-,-
647,25.88,-644359,-18468.858615611585,68,-,-,-,-,-
648,25.92,-645478,-13598.424682437586,68,-,-,-,-,-
649,25.96,-660046,-5201.851308801724,68,-,-,-,-,-
650,26.0,-665664,675.9747297426011,68,-,-,-,-,-
651,26.04,-673557,2545.8014612932484,68,-,-,-,-,-
652,26.08,-681136,2187.224516477038,68,-,-,-,-,-
653,26.12,-686166,1809.5882023905697,68,-,-,-,-,-
654,26.16,-680196,1657.7220494451922,68,-,-,-,-,-
655,26.2,-696032,2093.3575069212757,68,-,-,-,-,-
656,26.24,-712275,1984.4850585509284,68,-,-,-,-,-
657,26.28,-725624,1417.3734727880656,68,-,-,-,-,-
658,26.32,-698079,-485.77853271381537,68,-,-,-,-,-
659,26.36,-525886,-6687.130900876597,68,-,-,-,-,-
660,26.4,-430694,-9523.32519058988,68,-,-,-,-,-
661,26.44,-440964,-7637.523432873786,68,-,-,-,-,-
662,26.48,-459600,-4246.554436112921,68,-,-,-,-,-
663,26.52,-490639,68.37865082087956,68,-,-,-,-,-
664,26.56,-539240,4543.429646820106,68,-,-,-,-,-
665,26.6,-608251,9152.180342065301,68,-,-,-,-,-
666,26.64,-710101,15820.083212584053,68,-,-,-,-,-
667,26.68,-727850,22545.507960734933,68,-,-,-,-,-
668,26.72,-737516,30003.88621824287,68,-,-,-,-,-
669,26.76,-572082,26153.44453843347,68,-,-,-,-,-
670,26.8,-487502,13034.394022518667,68,-,-,-,-,-
671,26.84,-605802,-3234.1265374541035,68,-,-,-,-,-
672,26.88,-624731,-22175.949958265002,68,-,-,-,-,-
673,26.92,-624437,-32745.501034919464,68,-,-,-,-,-
674,26.96,-625218,-33891.28926232689,68,-,-,-,-,-
675,27.0,-624220,-29090.443049469563,nan,67.5,-,-,-,Movimiento
676,27.04,-620933,-19145.37625235699,nan,-,-,-,-,Movimiento
677,27.08,-613877,-3592.377774658802,nan,-,-,-,-,Movimiento
678,27.12,-610331,13563.041127738452,nan,-,-,-,-,Movimiento
679,27.16,-610319,22697.50089383592,nan,-,-,-,-,Movimiento
680,27.2,-612253,17273.527191187663,nan,-,-,-,-,Movimiento
681,27.24,-614455,2669.944374404292,nan,-,-,-,-,Movimiento
682,27.28,-616918,-7736.449896887301,nan,-,-,-,-,Movimiento
683,27.32,-618233,-6848.760894761393,nan,-,-,-,-,Movimiento
684,27.36,-618875,277.64225207896936,nan,-,-,-,-,Movimiento
685,27.4,-620556,5300.351154148726,nan,-,-,-,-,Movimiento
686,27.44,-621743,5700.6738329247655,nan,-,-,-,-,Movimiento
687,27.48,-621658,3947.921959309107,nan,-,-,-,-,Movimiento
688,27.52,-618910,2265.503725187019,nan,-,-,-,-,Movimiento
689,27.56,-598045,520.8113392603591,nan,-,-,-,-,Movimiento
690,27.6,-535074,-2277.572039587947,nan,-,-,-,-,Movimiento
691,27.64,-501519,-3697.64019201108,nan,-,-,-,-,Movimiento
692,27.68,-500006,-3393.7366745866893,nan,-,-,-,-,Movimiento
693,27.72,-517953,-1806.6839662822458,nan,-,-,-,-,Movimiento
694,27.76,-544066,380.458903858751,nan,-,-,-,-,Movimiento
695,27.8,-594271,3332.0132217528153,nan,-,-,-,-,Movimiento
696,27.84,-604214,4918.281143992885,nan,-,-,-,-,Movimiento
697,27.88,-599440,6289.631937296377,nan,-,-,-,-,Movimiento
698,27.92,-598385,8292.983240455116,nan,-,-,-,-,Movimiento
699,27.96,-597081,9991.730932501961,nan,-,-,-,-,Movimiento
700,28.0,-560541,8106.348652377947,nan,-,-,-,-,Movimiento
701,28.04,-498027,1125.6548048307668,nan,-,-,-,-,Movimiento
702,28.08,-600146,-3889.3268823358085,nan,-,-,-,-,Movimiento
703,28.12,-605637,-11521.267794703559,nan,-,-,-,-,Movimiento
704,28.16,-601106,-15167.017359777496,nan,-,-,-,-,Movimiento
705,28.2,-597042,-13313.818958641821,nan,-,-,-,-,Movimiento
706,28.24,-597652,-7575.636484674069,nan,-,-,-,-,Movimiento
707,28.28,-600928,-1021.075878034093,nan,-,-,-,-,Movimiento
708,28.32,-602945,3895.0941618500256,nan,-,-,-,-,Movimiento
709,28.36,-604448,6229.992964575549,nan,-,-,-,-,Movimiento
710,28.4,-604050,5358.207906707112,nan,-,-,-,-,Movimiento
711,28.44,-601735,1075.8052078736855,nan,-,-,-,-,Movimiento
712,28.48,-594751,-4439.0802045542405,nan,-,-,-,-,Movimiento
713,28.52,-593462,-6447.844482460785,nan,-,-,-,-,Movimiento
714,28.56,-597289,-3294.549353105099,nan,-,-,-,-,Movimiento
715,28.6,-601100,1435.1174355145959,nan,-,-,-,-,Movimiento
716,28.64,-605826,3708.301078458182,nan,-,-,-,-,Movimiento
717,28.68,-609877,3211.000823187057,nan,-,-,-,-,Movimiento
718,28.72,-611585,2150.0290036624315,nan,-,-,-,-,Movimiento
719,28.76,-614632,2055.021399078608,nan,-,-,-,-,Movimiento
720,28.8,-617940,2588.2033851776005,nan,-,-,-,-,Movimiento
721,28.84,-621384,2873.2738890866904,nan,-,-,-,-,Movimiento
722,28.88,-626531,2462.271737604531,nan,-,-,-,-,Movimiento
723,28.92,-628828,1269.0132961237769,nan,-,-,-,-,Movimiento
724,28.96,-631810,-118.31081681765,nan,-,-,-,-,Movimiento
725,29.0,-634386,-1146.0266794708325,nan,-,-,-,-,Movimiento
726,29.04,-637225,-1497.4840586362657,nan,-,-,-,-,Movimiento
727,29.08,-639302,-1360.2449923893168,nan,-,-,-,-,Movimiento
728,29.12,-641506,-1082.024687238039,nan,-,-,-,-,Movimiento
729,29.16,-641885,-990.3275552452865,nan,-,-,-,-,Movimiento
730,29.2,-635230,-1265.292602145947,nan,-,-,-,-,Movimiento
731,29.24,-632331,-1392.6717373356387,nan,-,-,-,-,Movimiento
732,29.28,-633485,-1205.7699470423067,nan,-,-,-,-,Movimiento
733,29.32,-635946,-786.8326168092335,nan,-,-,-,-,Movimiento
734,29.36,-638283,-288.5316802684441,nan,-,-,-,-,Movimiento
735,29.4,-640127,144.52733308237043,nan,-,-,-,-,Movimiento
736,29.44,-639685,424.4768120150636,nan,-,-,-,-,Movimiento
737,29.48,-640511,757.5014397853067,nan,-,-,-,-,Movimiento
738,29.52,-641219,1185.3078894601413,nan,-,-,-,-,Movimiento
739,29.56,-642348,1646.2650392935323,nan,-,-,-,-,Movimiento
740,29.6,-643544,1837.4879900480087,nan,-,-,-,-,Movimiento
741,29.64,-644146,1446.4818687002676,nan,-,-,-,-,Movimiento
742,29.68,-643816,558.302121453864,nan,-,-,-,-,Movimiento
743,29.72,-644582,-287.09885515232565,nan,-,-,-,-,Movimiento
744,29.76,-645808,-648.1487200727488,nan,-,-,-,-,Movimiento
745,29.8,-646143,-547.2706080699197,nan,-,-,-,-,Movimiento
746,29.84,-645413,-333.97556715598455,nan,-,-,-,-,Movimiento
747,29.88,-636970,-495.0712389879054,nan,-,-,-,-,Movimiento
748,29.92,-632528,-674.5780617678874,nan,-,-,-,-,Movimiento
749,29.96,-631749,-725.0901042606993,nan,-,-,-,-,Movimiento
750,30.0,-633286,-558.9303811385982,49,61.333333333333336,-,-,-,-
751,30.04,-637649,-176.89699628539483,49,-,-,-,-,-
752,30.08,-635938,17.734354538469233,49,-,-,-,-,-
753,30.12,-635635,193.68747395835408,49,-,-,-,-,-
754,30.16,-637145,437.2337147632993,49,-,-,-,-,-
755,30.2,-638278,808.8388346802494,49,-,-,-,-,-
756,30.24,-638565,1249.8072544775187,49,-,-,-,-,-
757,30.28,-638753,1455.3445699442436,49,-,-,-,-,-
758,30.32,-638280,1050.576760689341,49,-,-,-,-,-
759,30.36,-638953,145.76285070314725,49,-,-,-,-,-
760,30.4,-639836,-758.198328442589,49,-,-,-,-,-
761,30.44,-639735,-1169.392960324043,49,-,-,-,-,-
762,30.48,-640505,-992.9568396170741,49,-,-,-,-,-
763,30.52,-638334,-744.9485218832108,49,-,-,-,-,-
764,30.56,-630387,-838.8006797329717,49,-,-,-,-,-
765,30.6,-627420,-880.2777595797543,49,-,-,-,-,-
766,30.64,-627293,-737.7889879192235,49,-,-,-,-,-
767,30.68,-628873,-408.1531368591461,49,-,-,-,-,-
768,30.72,-631078,-53.119231361230504,49,-,-,-,-,-
769,30.76,-632083,177.26977374900162,49,-,-,-,-,-
770,30.8,-632097,332.48102653293336,49,-,-,-,-,-
771,30.84,-633309,605.152212098053,49,-,-,-,-,-
772,30.88,-634788,1018.0853585954446,49,-,-,-,-,-
773,30.92,-636056,1419.618184583744,49,-,-,-,-,-
774,30.96,-637213,1498.3690680053764,49,-,-,-,-,-
775,31.0,-638189,1012.2946629510395,49,-,-,-,-,-
776,31.04,-639276,130.1031346425973,49,-,-,-,-,-
777,31.08,-640186,-690.8641216559455,49,-,-,-,-,-
778,31.12,-639932,-1083.092331206994,49,-,-,-,-,-
779,31.16,-640510,-1000.7331862810374,49,-,-,-,-,-
780,31.2,-640395,-791.6297679450506,49,-,-,-,-,-
781,31.24,-639095,-707.7137724894897,49,-,-,-,-,-
782,31.28,-634622,-814.6431931226098,49,-,-,-,-,-
783,31.32,-631982,-823.8644162438868,49,-,-,-,-,-
784,31.36,-632026,-635.1968186666995,49,-,-,-,-,-
785,31.4,-632261,-359.6524396744278,49,-,-,-,-,-
786,31.44,-634182,-10.535326542763869,49,-,-,-,-,-
787,31.48,-634980,287.13799596231024,49,-,-,-,-,-
788,31.52,-633526,485.0437208239706,49,-,-,-,-,-
789,31.56,-630613,617.4916313529806,49,-,-,-,-,-
790,31.6,-596185,-236.12736313164714,49,-,-,-,-,-
791,31.64,-533076,-1932.0968240015427,49,-,-,-,-,-
792,31.68,-537717,-1399.8673848138314,49,-,-,-,-,-
793,31.72,-656116,2691.928578516803,49,-,-,-,-,-
794,31.76,-717115,4702.45479585389,49,-,-,-,-,-
795,31.8,-747997,5447.814254846133,49,-,-,-,-,-
796,31.84,-748640,4944.735057498285,49,-,-,-,-,-
797,31.88,-747318,4325.455668786426,49,-,-,-,-,-
798,31.92,-723256,3422.5029034508625,49,-,-,-,-,-
799,31.96,-620238,465.52636888824054,49,-,-,-,-,-
800,32.0,-856336,6994.859228938178,49,-,-,-,-,-
801,32.04,-938898,3975.70792622889,49,-,-,-,-,-
802,32.08,-925105,-7207.056002751924,49,-,-,-,-,-
803,32.12,-925816,-17519.98499798039,49,-,-,-,-,-
804,32.16,-936346,-19623.119806773626,49,-,-,-,-,-
805,32.2,-939553,-12312.962394048482,49,-,-,-,-,-
806,32.24,-937720,-1455.3719599595934,49,-,-,-,-,-
807,32.28,-936528,5084.446015879606,49,-,-,-,-,-
808,32.32,-937400,2739.6866619197754,49,-,-,-,-,-
809,32.36,-939098,-7423.804574200636,49,-,-,-,-,-
810,32.4,-941878,-17702.879199648443,49,-,-,-,-,-
811,32.44,-946291,-17948.30122572439,49,-,-,-,-,-
812,32.48,-945303,-6188.97749674373,49,-,-,-,-,-
813,32.52,-940646,8293.415528295907,49,-,-,-,-,-
814,32.56,-928092,15261.626334724235,49,-,-,-,-,-
815,32.6,-848529,12226.442609146667,49,-,-,-,-,-
816,32.64,-705952,5042.471717949025,49,-,-,-,-,-
817,32.68,-553325,-744.9285251767433,49,-,-,-,-,-
818,32.72,-574997,779.9522061496682,49,-,-,-,-,-
819,32.76,-668424,5269.86528108854,49,-,-,-,-,-
820,32.8,-710325,8435.553026094567,49,-,-,-,-,-
821,32.84,-672736,9531.812111325751,49,-,-,-,-,-
822,32.88,-632534,11340.688933814963,49,-,-,-,-,-
823,32.92,-608910,15199.937949533472,49,-,-,-,-,-
824,32.96,-555419,20059.930726867642,49,-,-,-,-,-
825,33.0,-749019,32340.38564861589,nan,58.5,-,-,-,-
826,33.04,-782256,32391.327154752507,nan,-,-,-,-,-
827,33.08,-780903,18473.450056873844,nan,-,-,-,-,-
828,33.12,-788350,-4709.8762433371085,nan,-,-,-,-,-
829,33.16,-797364,-24245.473939921456,nan,-,-,-,-,-
830,33.2,-798992,-28901.363066070095,nan,-,-,-,-,-
831,33.24,-797966,-20462.661714424565,nan,-,-,-,-,-
832,33.28,-792534,-11896.227371164336,nan,-,-,-,-,-
833,33.32,-791649,-13230.835309977105,nan,-,-,-,-,-
834,33.36,-789957,-23177.66564099946,nan,-,-,-,-,-
835,33.4,-787854,-31210.866056251987,nan,-,-,-,-,-
836,33.44,-785201,-28173.32259021468,nan,-,-,-,-,-
837,33.48,-779373,-15124.839585291484,nan,-,-,-,-,-
838,33.52,-773122,-1264.422357529831,nan,-,-,-,-,-
839,33.56,-772903,6474.8438162234015,nan,-,-,-,-,-
840,33.6,-761513,8243.546280126564,nan,-,-,-,-,-
841,33.64,-697517,6867.775923892783,nan,-,-,-,-,-
842,33.68,-611507,5316.144038630067,nan,-,-,-,-,-
843,33.72,-528846,4023.4484320290067,nan,-,-,-,-,-
844,33.76,-566400,6304.137559461538,nan,-,-,-,-,-
845,33.8,-698176,11527.551344599342,nan,-,-,-,-,-
846,33.84,-755723,14355.961119895219,nan,-,-,-,-,-
847,33.88,-750171,14762.38015538406,nan,-,-,-,-,-
848,33.92,-742341,14568.900943852961,nan,-,-,-,-,-
849,33.96,-751523,15161.087471346516,nan,-,-,-,-,-
850,34.0,-762050,16751.482263807586,nan,-,-,-,-,-
851,34.04,-753596,17006.834647644715,nan,-,-,-,-,-
852,34.08,-1021733,20627.059843026334,nan,-,-,-,-,-
853,34.12,-1182004,11494.225450270722,nan,-,-,-,-,-
854,34.16,-1189662,-8467.297045933767,nan,-,-,-,-,-
855,34.2,-1175393,-24643.284591150656,nan,-,-,-,-,-
856,34.24,-1171525,-27683.60381386566,nan,-,-,-,-,-
857,34.28,-1172318,-20140.638453112595,nan,-,-,-,-,-
858,34.32,-1174487,-12488.009441112517,nan,-,-,-,-,-
859,34.36,-1178272,-12952.059180837663,nan,-,-,-,-,-
860,34.4,-1178265,-22324.665656514102,nan,-,-,-,-,-
861,34.44,-1175798,-34821.76935006301,nan,-,-,-,-,-
862,34.48,-1174334,-40593.04665410239,nan,-,-,-,-,-
863,34.52,-1175880,-30789.463089872574,nan,-,-,-,-,-
864,34.56,-1176354,-6871.5351745911175,nan,-,-,-,-,-
865,34.6,-1178196,17879.02132137918,nan,-,-,-,-,-
866,34.64,-1173739,30217.643562914793,nan,-,-,-,-,-
867,34.68,-1134772,28425.502846938514,nan,-,-,-,-,-
868,34.72,-956959,17384.578092059804,nan,-,-,-,-,-
869,34.76,-688894,5519.934049055853,nan,-,-,-,-,-
870,34.8,-686959,5460.473338819254,nan,-,-,-,-,-
871,34.84,-724603,8221.365924891625,nan,-,-,-,-,-
872,34.88,-752459,10907.275275804568,nan,-,-,-,-,-
873,34.92,-766573,13188.365543718886,nan,-,-,-,-,-
874,34.96,-750319,15038.68643236559,nan,-,-,-,-,-
875,35.0,-748678,19183.135584980744,nan,-,-,-,-,-
876,35.04,-748430,26894.11103099279,nan,-,-,-,-,-
877,35.08,-746320,36969.79086343458,nan,-,-,-,-,-
878,35.12,-734408,41815.11578639987,nan,-,-,-,-,-
879,35.16,-689701,30689.850007464396,nan,-,-,-,-,-
880,35.2,-816205,8837.699519872782,nan,-,-,-,-,-
881,35.24,-1119549,-10699.289194143086,nan,-,-,-,-,-
882,35.28,-1182323,-25487.117817837105,nan,-,-,-,-,-
883,35.32,-1205536,-25773.864025127652,nan,-,-,-,-,-
884,35.36,-1211677,-20267.379839369114,nan,-,-,-,-,-
885,35.4,-1215273,-17912.825229591544,nan,-,-,-,-,-
886,35.44,-1213658,-20218.087754703054,nan,-,-,-,-,-
887,35.48,-1209946,-24373.276240256848,nan,-,-,-,-,-
888,35.52,-1206273,-30352.529626050557,nan,-,-,-,-,-
889,35.56,-1204941,-40362.73922204308,nan,-,-,-,-,-
890,35.6,-1201298,-51443.19259208208,nan,-,-,-,-,-
891,35.64,-1188757,-52638.952440369816,nan,-,-,-,-,-
892,35.68,-1179949,-35116.21147963579,nan,-,-,-,-,-
893,35.72,-1177309,-5356.108133678514,nan,-,-,-,-,-
894,35.76,-1174954,20005.54288026807,nan,-,-,-,-,-
895,35.8,-1168276,31211.70118175092,nan,-,-,-,-,-
896,35.84,-1143279,31109.7821259426,nan,-,-,-,-,-
897,35.88,-1053662,25886.40663025643,nan,-,-,-,-,-
898,35.92,-842977,17645.487794180954,nan,-,-,-,-,-
899,35.96,-737699,13803.626072531682,nan,-,-,-,-,-
900,36.0,-729578,13488.928264724622,nan,49.0,-,-,-,-
901,36.04,-758361,14649.005097373643,nan,-,-,-,-,-
902,36.08,-779400,15755.542677638383,nan,-,-,-,-,-
903,36.12,-807047,17221.594760883192,nan,-,-,-,-,-
904,36.16,-819892,19085.667475804832,nan,-,-,-,-,-
905,36.2,-821210,22948.4037958204,nan,-,-,-,-,-
906,36.24,-818924,29405.40305837852,nan,-,-,-,-,-
907,36.28,-822180,35052.16934347889,nan,-,-,-,-,-
908,36.32,-820513,32025.20393599948,nan,-,-,-,-,-
909,36.36,-806984,15133.910319338436,nan,-,-,-,-,-
910,36.4,-775651,-10995.030512885616,nan,-,-,-,-,-
911,36.44,-810548,-31254.518428366428,nan,-,-,-,-,-
912,36.48,-1055654,-32110.551193239662,nan,-,-,-,-,-
913,36.52,-1129732,-27107.271328029048,nan,-,-,-,-,-
914,36.56,-1154556,-19631.271479679235,nan,-,-,-,-,-
915,36.6,-1157039,-14555.612853528517,nan,-,-,-,-,-
916,36.64,-1159933,-12515.975701980351,nan,-,-,-,-,-
917,36.68,-1166544,-12050.50417572292,nan,-,-,-,-,-
918,36.72,-1170325,-12298.78564364549,nan,-,-,-,-,-
919,36.76,-1177629,-14402.624578794828,nan,-,-,-,-,-
920,36.8,-1178104,-21191.513335468204,nan,-,-,-,-,-
921,36.84,-1179513,-30941.693114340407,nan,-,-,-,-,-
922,36.88,-1180764,-35430.75380786805,nan,-,-,-,-,-
923,36.92,-1178722,-26426.830443454324,nan,-,-,-,-,-
924,36.96,-1170547,-6187.118167922061,nan,-,-,-,-,-
925,37.0,-1154435,13198.969354072615,nan,-,-,-,-,-
926,37.04,-1095062,21188.122348377074,nan,-,-,-,-,-
927,37.08,-1015250,19358.818637816206,nan,-,-,-,-,-
928,37.12,-848702,12038.782839141291,nan,-,-,-,-,-
929,37.16,-784047,9630.305559726243,nan,-,-,-,-,-
930,37.2,-767405,10721.672184796877,nan,-,-,-,-,-
931,37.24,-773945,13264.866943925925,nan,-,-,-,-,-
932,37.28,-784892,15998.203271658873,nan,-,-,-,-,-
933,37.32,-803225,19234.30154619561,nan,-,-,-,-,-
934,37.36,-815168,23098.711653091363,nan,-,-,-,-,-
935,37.4,-827532,28077.105798129283,nan,-,-,-,-,-
936,37.44,-865141,33865.45076752835,nan,-,-,-,-,-
937,37.48,-890779,35832.288991593145,nan,-,-,-,-,-
938,37.52,-897624,29210.992626820298,nan,-,-,-,-,-
939,37.56,-882786,12468.170515758728,nan,-,-,-,-,-
940,37.6,-857670,-9092.66845581805,nan,-,-,-,-,-
941,37.64,-837268,-26511.945781920836,nan,-,-,-,-,-
942,37.68,-880718,-32829.96373072116,nan,-,-,-,-,-
943,37.72,-1034939,-28035.36136834124,nan,-,-,-,-,-
944,37.76,-1124256,-22447.918573761126,nan,-,-,-,-,-
945,37.8,-1179089,-18291.034780006914,nan,-,-,-,-,-
946,37.84,-1183535,-16154.461621080658,nan,-,-,-,-,-
947,37.88,-1184919,-13043.11513718665,nan,-,-,-,-,-
948,37.92,-1196588,-8128.775098205864,nan,-,-,-,-,-
949,37.96,-1201858,-4126.876859709722,nan,-,-,-,-,-
950,38.0,-1209298,-4462.333120685915,nan,-,-,-,-,-
951,38.04,-1214998,-11238.889448214177,nan,-,-,-,-,-
952,38.08,-1211462,-21720.588603008277,nan,-,-,-,-,-
953,38.12,-1214082,-27710.804983926486,nan,-,-,-,-,-
954,38.16,-1219141,-22591.48407815458,nan,-,-,-,-,-
955,38.2,-1222986,-7508.148067474103,nan,-,-,-,-,-
956,38.24,-1221101,8913.626204150714,nan,-,-,-,-,-
957,38.28,-1222532,18939.961834700975,nan,-,-,-,-,-
958,38.32,-1222705,21037.1757234927,nan,-,-,-,-,-
959,38.36,-1219419,19011.33247349292,nan,-,-,-,-,-
960,38.4,-1213599,16743.447542130387,nan,-,-,-,-,-
961,38.44,-1191895,14806.79398681191,nan,-,-,-,-,-
962,38.48,-1145784,12086.804955284519,nan,-,-,-,-,-
963,38.52,-1002088,5678.138785927324,nan,-,-,-,-,-
964,38.56,-769499,-3485.689559724793,nan,-,-,-,-,-
965,38.6,-732785,-5062.928515925581,nan,-,-,-,-,-
966,38.64,-755840,-2805.6873942003394,nan,-,-,-,-,-
967,38.68,-776915,997.1745567245234,nan,-,-,-,-,-
968,38.72,-793793,5597.358953604722,nan,-,-,-,-,-
969,38.76,-809702,10762.693940406665,nan,-,-,-,-,-
970,38.8,-795710,16072.46774778908,nan,-,-,-,-,-
971,38.84,-789135,23621.281948985838,nan,-,-,-,-,-
972,38.88,-784165,32195.175235348477,nan,-,-,-,-,-
973,38.92,-733511,34850.19948275155,nan,-,-,-,-,-
974,38.96,-838989,30393.89063164791,nan,-,-,-,-,-
975,39.0,-1057857,15705.850780259556,nan,49.0,-,-,-,Movimiento
976,39.04,-1130977,-8237.59835320132,nan,-,-,-,-,Movimiento
977,39.08,-1170155,-24715.293744270093,nan,-,-,-,-,Movimiento
978,39.12,-1181169,-28756.72974058066,nan,-,-,-,-,Movimiento
979,39.16,-1186896,-25088.95186811561,nan,-,-,-,-,Movimiento
980,39.2,-1188528,-21185.78107976848,nan,-,-,-,-,Movimiento
981,39.24,-1182640,-20972.469582246806,nan,-,-,-,-,Movimiento
982,39.28,-1169005,-25632.794426470326,nan,-,-,-,-,Movimiento
983,39.32,-1160629,-34707.59072643053,nan,-,-,-,-,Movimiento
984,39.36,-1158882,-44336.93921130919,nan,-,-,-,-,Movimiento
985,39.4,-1161473,-45851.41830785446,nan,-,-,-,-,Movimiento
986,39.44,-1167684,-32637.470915467522,nan,-,-,-,-,Movimiento
987,39.48,-1165731,-9278.420114997047,nan,-,-,-,-,Movimiento
988,39.52,-1163485,12400.255984873613,nan,-,-,-,-,Movimiento
989,39.56,-1165068,24380.562800236272,nan,-,-,-,-,Movimiento
990,39.6,-1168494,27699.051844669568,nan,-,-,-,-,Movimiento
991,39.64,-1170785,27275.110908814626,nan,-,-,-,-,Movimiento
992,39.68,-1171406,25789.789302424666,nan,-,-,-,-,Movimiento
993,39.72,-1173456,23205.044823374672,nan,-,-,-,-,Movimiento
994,39.76,-1174604,19150.81264068585,nan,-,-,-,-,Movimiento
995,39.8,-1175955,14575.607009529263,nan,-,-,-,-,Movimiento
996,39.84,-1176617,10686.91673923076,nan,-,-,-,-,Movimiento
997,39.88,-1178382,7875.332803919191,nan,-,-,-,-,Movimiento
998,39.92,-1173888,5326.7027993414995,nan,-,-,-,-,Movimiento
999,39.96,-1155903,2272.5457218564516,nan,-,-,-,-,Movimiento
1000,40.0,-1146989,-418.8625069398131,nan,-,-,-,-,Movimiento
1001,40.04,-1146048,-2271.7563330524754,nan,-,-,-,-,Movimiento
1002,40.08,-1147959,-3242.382836220924,nan,-,-,-,-,Movimiento
1003,40.12,-1152213,-3549.700491622196,nan,-,-,-,-,Movimiento
1004,40.16,-1153998,-3641.562836314035,nan,-,-,-,-,Movimiento
1005,40.2,-1152819,-3606.7890592379263,nan,-,-,-,-,Movimiento
1006,40.24,-1152547,-3190.495327693816,nan,-,-,-,-,Movimiento
1007,40.28,-1153548,-2271.945223052904,nan,-,-,-,-,Movimiento
1008,40.32,-1155036,-1117.5309153182661,nan,-,-,-,-,Movimiento
1009,40.36,-1155672,-474.52202520284845,nan,-,-,-,-,Movimiento
1010,40.4,-1158481,-904.5773587407803,nan,-,-,-,-,Movimiento
1011,40.44,-1157447,-2422.315713188479,nan,-,-,-,-,Movimiento
1012,40.48,-1157554,-3826.3664884950267,nan,-,-,-,-,Movimiento
1013,40.52,-1157390,-4221.817780237216,nan,-,-,-,-,Movimiento
1014,40.56,-1156783,-3573.1654697311487,nan,-,-,-,-,Movimiento
1015,40.6,-1155666,-2548.4906299914383,nan,-,-,-,-,Movimiento
1016,40.64,-1149247,-1930.3672551705658,nan,-,-,-,-,Movimiento
1017,40.68,-1134688,-1935.9821931805054,nan,-,-,-,-,Movimiento
1018,40.72,-1128548,-1776.8618724426778,nan,-,-,-,-,Movimiento
1019,40.76,-1130442,-1183.5509292866063,nan,-,-,-,-,Movimiento
1020,40.8,-1135314,-273.1532683326868,nan,-,-,-,-,Movimiento
1021,40.84,-1139373,683.9260418119093,nan,-,-,-,-,Movimiento
1022,40.88,-1142788,1502.0843302976418,nan,-,-,-,-,Movimiento
1023,40.92,-1143073,2031.2096287884306,nan,-,-,-,-,Movimiento
1024,40.96,-1145324,2544.8822234076442,nan,-,-,-,-,Movimiento
1025,41.0,-1147630,3092.218722346972,nan,-,-,-,-,Movimiento
1026,41.04,-1150310,3487.9273383067093,nan,-,-,-,-,Movimiento
1027,41.08,-1152222,3168.7031390887078,nan,-,-,-,-,Movimiento
1028,41.12,-1153325,1783.8433309643397,nan,-,-,-,-,Movimiento
1029,41.16,-1153207,-265.88872505752045,nan,-,-,-,-,Movimiento
1030,41.2,-1155721,-1856.1171322076575,nan,-,-,-,-,Movimiento
1031,41.24,-1156025,-2439.7699522166913,nan,-,-,-,-,Movimiento
1032,41.28,-1154677,-2151.22371410365,nan,-,-,-,-,Movimiento
1033,41.32,-1152387,-1626.20144807432,nan,-,-,-,-,Movimiento
1034,41.36,-1140503,-1611.4240594621842,nan,-,-,-,-,Movimiento
1035,41.4,-1130933,-1711.401973628388,nan,-,-,-,-,Movimiento
1036,41.44,-1129437,-1473.8066113573113,nan,-,-,-,-,Movimiento
1037,41.48,-1134775,-792.9258318881853,nan,-,-,-,-,Movimiento
1038,41.52,-1139140,-16.27408923951316,nan,-,-,-,-,Movimiento
1039,41.56,-1144046,733.301827020754,nan,-,-,-,-,Movimiento
1040,41.6,-1143349,1182.5273945103063,nan,-,-,-,-,Movimiento
1041,41.64,-1142689,1622.5680847180074,nan,-,-,-,-,Movimiento
1042,41.68,-1144560,2246.666390372311,nan,-,-,-,-,Movimiento
1043,41.72,-1146898,2846.5027003222513,nan,-,-,-,-,Movimiento
1044,41.76,-1149890,2968.650698240125,nan,-,-,-,-,Movimiento
1045,41.8,-1149475,2035.6550698979777,nan,-,-,-,-,Movimiento
1046,41.84,-1152694,374.5578647339007,nan,-,-,-,-,Movimiento
1047,41.88,-1153396,-1405.113172078335,nan,-,-,-,-,Movimiento
1048,41.92,-1153689,-2309.269872420695,nan,-,-,-,-,Movimiento
1049,41.96,-1153505,-2121.814599009194,nan,-,-,-,-,Movimiento
1050,42.0,-1153343,-1408.8372062228386,55,55.0,-,-,-,-
1051,42.04,-1133036,-1516.7921860458573,55,-,-,-,-,-
1052,42.08,-1129605,-1489.5963747063888,55,-,-,-,-,-
1053,42.12,-1131404,-1418.1572667254832,55,-,-,-,-,-
1054,42.16,-1134776,-1064.7722218426393,55,-,-,-,-,-
1055,42.2,-1139293,-390.4188010291564,55,-,-,-,-,-
1056,42.24,-1139771,238.157395501893,55,-,-,-,-,-
1057,42.28,-1139295,776.4878808214121,55,-,-,-,-,-
1058,42.32,-1140749,1379.9754457311583,55,-,-,-,-,-
1059,42.36,-1144464,2167.913586923947,55,-,-,-,-,-
1060,42.4,-1147570,2885.367366498961,55,-,-,-,-,-
1061,42.44,-1148973,2939.9009393806728,55,-,-,-,-,-
1062,42.48,-1151965,1948.656744197765,55,-,-,-,-,-
1063,42.52,-1151863,75.539590639562,55,-,-,-,-,-
1064,42.56,-1152057,-1513.0522260558698,55,-,-,-,-,-
1065,42.6,-1152723,-2030.5492031615436,55,-,-,-,-,-
1066,42.64,-1152491,-1710.9638643227445,55,-,-,-,-,-
1067,42.68,-1151720,-1283.1109205592925,55,-,-,-,-,-
1068,42.72,-1146221,-1339.4432205716894,55,-,-,-,-,-
1069,42.76,-1134602,-1787.8488535542347,55,-,-,-,-,-
1070,42.8,-1129733,-1824.0604207191263,55,-,-,-,-,-
1071,42.84,-1130386,-1308.8859415254447,55,-,-,-,-,-
1072,42.88,-1133384,-484.78864412686033,55,-,-,-,-,-
1073,42.92,-1139681,431.50912175653684,55,-,-,-,-,-
1074,42.96,-1142610,1074.0222216945804,55,-,-,-,-,-
1075,43.0,-1140676,1402.3166158906788,55,-,-,-,-,-
1076,43.04,-1142470,1822.7735162670333,55,-,-,-,-,-
1077,43.08,-1145726,2346.4620646799576,55,-,-,-,-,-
1078,43.12,-1147506,2692.1476176296037,55,-,-,-,-,-
1079,43.16,-1148805,2447.3366474469085,55,-,-,-,-,-
1080,43.2,-1150685,1357.2359157905748,55,-,-,-,-,-
1081,43.24,-1150766,-337.16766715203335,55,-,-,-,-,-
1082,43.28,-1152087,-1730.0494388567831,55,-,-,-,-,-
1083,43.32,-1152534,-2252.1348112137625,55,-,-,-,-,-
1084,43.36,-1153872,-1885.1889808227163,55,-,-,-,-,-
1085,43.4,-1152292,-1326.8005538201842,55,-,-,-,-,-
1086,43.44,-1148412,-1086.8916359375708,55,-,-,-,-,-
1087,43.48,-1135971,-1409.5712999475872,55,-,-,-,-,-
1088,43.52,-1129609,-1501.97126887607,55,-,-,-,-,-
1089,43.56,-1129226,-1138.7129182991594,55,-,-,-,-,-
1090,43.6,-1132699,-462.78929691397843,55,-,-,-,-,-
1091,43.64,-1138075,264.776652611391,55,-,-,-,-,-
1092,43.68,-1141443,815.2530780428197,55,-,-,-,-,-
1093,43.72,-1140868,1171.1970195817594,55,-,-,-,-,-
1094,43.76,-1139997,1577.9223534139237,55,-,-,-,-,-
1095,43.8,-1142848,2217.74902211656,55,-,-,-,-,-
1096,43.84,-1145176,2742.385127670431,55,-,-,-,-,-
1097,43.88,-1148156,2715.9538217473737,55,-,-,-,-,-
1098,43.92,-1149462,1711.5864776533545,55,-,-,-,-,-
1099,43.96,-1151100,41.062013603130254,55,-,-,-,-,-
1100,44.0,-1151827,-1519.3183166971248,55,-,-,-,-,-
1101,44.04,-1153084,-2186.2871997181537,55,-,-,-,-,-
1102,44.08,-1152040,-1983.9201329487942,55,-,-,-,-,-
1103,44.12,-1151886,-1362.2707681363986,55,-,-,-,-,-
1104,44.16,-1148781,-1055.5425980719092,55,-,-,-,-,-
1105,44.2,-1136780,-1415.3619911445257,55,-,-,-,-,-
1106,44.24,-1128638,-1726.4155137418475,55,-,-,-,-,-
1107,44.28,-1128009,-1516.758744674542,55,-,-,-,-,-
1108,44.32,-1131054,-856.4787533605149,55,-,-,-,-,-
1109,44.36,-1137388,40.80199448379426,55,-,-,-,-,-
1110,44.4,-1140666,769.9389271190503,55,-,-,-,-,-
1111,44.44,-1141901,1313.0667016090902,55,-,-,-,-,-
1112,44.48,-1140595,1728.4359224117352,55,-,-,-,-,-
1113,44.52,-1143385,2299.6713182085077,55,-,-,-,-,-
1114,44.56,-1146230,2785.400115256538,55,-,-,-,-,-
1115,44.6,-1147965,2764.694214259396,55,-,-,-,-,-
1116,44.64,-1150242,1890.6462921339362,55,-,-,-,-,-
1117,44.68,-1151971,234.82895685626727,55,-,-,-,-,-
1118,44.72,-1152717,-1457.2309532740042,55,-,-,-,-,-
1119,44.76,-1153497,-2322.652792378272,55,-,-,-,-,-
1120,44.8,-1154135,-2169.5077455395262,55,-,-,-,-,-
1121,44.84,-1153323,-1543.429779315812,55,-,-,-,-,-
1122,44.88,-1152454,-1055.5695353718384,55,-,-,-,-,-
1123,44.92,-1146728,-1110.3670333608297,55,-,-,-,-,-
1124,44.96,-1133795,-1548.4975433122545,55,-,-,-,-,-
1125,45.0,-1130523,-1484.9703374814053,57,56.0,-,-,-,Maximo
1126,45.04,-1132220,-967.9223253840664,57,-,-,-,-,Maximo
1127,45.08,-1136352,-219.74057171846175,57,-,-,-,-,Maximo
1128,45.12,-1139994,494.05899418422723,57,-,-,-,-,Maximo
1129,45.16,-1141953,1054.4475670357515,57,-,-,-,-,Maximo
1130,45.2,-1140688,1433.8521476781289,57,-,-,-,-,Maximo
1131,45.24,-1141112,1874.4070724246722,57,-,-,-,-,Maximo
1132,45.28,-1143916,2415.575520737788,57,-,-,-,-,Maximo
1133,45.32,-1147003,2763.101567377642,57,-,-,-,-,Maximo
1134,45.36,-1149708,2456.1886425619905,57,-,-,-,-,Maximo
1135,45.4,-1150749,1228.7277603354905,57,-,-,-,-,Maximo
1136,45.44,-16775511,490780.5353695303,57,-,-,-,-,Maximo
1137,45.48,-16775480,449321.41789445,57,-,-,-,-,Maximo
1138,45.52,-16775500,361760.8455829979,57,-,-,-,-,Maximo
1139,45.56,-16775524,223275.61135219288,57,-,-,-,-,Maximo
1140,45.6,-16775495,45527.04062937503,57,-,-,-,-,Maximo
1141,45.64,-16775512,-143623.49265642185,57,-,-,-,-,Maximo
1142,45.68,-16775422,-340030.3384975358,57,-,-,-,-,Maximo
1143,45.72,-16775496,-609792.1381084244,57,-,-,-,-,Maximo
1144,45.76,-16775471,-1031881.5145335998,57,-,-,-,-,Maximo
1145,45.8,-16775520,-1496587.0124317752,57,-,-,-,-,Maximo
1146,45.84,-16775468,-1611956.1545625413,57,-,-,-,-,Maximo
1147,45.88,-16775593,-1049881.4650602378,57,-,-,-,-,Maximo
1148,45.92,-16775504,-36050.21860771836,57,-,-,-,-,Maximo
1149,45.96,-16775528,786901.3854791266,57,-,-,-,-,Maximo
1150,46.0,-16775456,1046325.2030740288,57,-,-,-,-,Maximo
1151,46.04,-16775487,917957.5259282008,57,-,-,-,-,Maximo
1152,46.08,-16775490,740477.6647555515,57,-,-,-,-,Maximo
1153,46.12,-16775516,646618.6768099107,57,-,-,-,-,Maximo
1154,46.16,-16775517,586828.3501680605,57,-,-,-,-,Maximo
1155,46.2,-16775467,501513.77434898156,57,-,-,-,-,Maximo
1156,46.24,-16775422,389656.3385308727,57,-,-,-,-,Maximo
1157,46.28,-16775219,277078.12561798654,57,-,-,-,-,Maximo
1158,46.32,-16775226,178935.33490348444,57,-,-,-,-,Maximo
1159,46.36,-16775336,95316.94848062354,57,-,-,-,-,Maximo
1160,46.4,-16775476,22863.611781452084,57,-,-,-,-,Maximo
1161,46.44,-16775466,-38715.34823908401,57,-,-,-,-,Maximo
1162,46.48,-16775506,-87896.88491857552,57,-,-,-,-,Maximo
1163,46.52,-16775544,-124096.60271925828,57,-,-,-,-,Maximo
1164,46.56,-16775489,-148229.77629031613,57,-,-,-,-,Maximo
1165,46.6,-16775455,-161853.92033562477,57,-,-,-,-,Maximo
1166,46.64,-16775534,-166508.9904605194,57,-,-,-,-,Maximo
1167,46.68,-16775685,-163642.85522305162,57,-,-,-,-,Maximo
1168,46.72,-16775635,-154728.66832313465,57,-,-,-,-,Maximo
1169,46.76,-16775532,-141246.80562363984,57,-,-,-,-,Maximo
1170,46.8,-16775554,-124608.91520420517,57,-,-,-,-,Maximo
1171,46.84,-16775546,-106097.40892148427,57,-,-,-,-,Maximo
1172,46.88,-16775535,-86822.23755160178,57,-,-,-,-,Maximo
1173,46.92,-16775529,-67715.74683004146,57,-,-,-,-,Maximo
1174,46.96,-16775300,-49534.008888170996,57,-,-,-,-,Maximo
1175,47.0,-16775466,-32823.64368104312,57,-,-,-,-,Maximo
1176,47.04,-16775497,-17995.302487402427,57,-,-,-,-,Maximo
1177,47.08,-16775476,-5283.605457010679,57,-,-,-,-,Maximo
1178,47.12,-16775479,5204.122551949491,57,-,-,-,-,Maximo
1179,47.16,-16775507,13459.49494522014,57,-,-,-,-,Maximo
1180,47.2,-16775543,19564.457058613436,57,-,-,-,-,Maximo
1181,47.24,-16775545,23680.35399268924,57,-,-,-,-,Maximo
1182,47.28,-16775738,26033.886540074294,57,-,-,-,-,Maximo
1183,47.32,-16775699,26857.09734768027,57,-,-,-,-,Maximo
1184,47.36,-16775627,26409.249150023665,57,-,-,-,-,Maximo
1185,47.4,-16775426,24946.381635662674,57,-,-,-,-,Maximo
1186,47.44,-16775488,22741.15008525641,57,-,-,-,-,Maximo
1187,47.48,-16775543,20028.250108282788,57,-,-,-,-,Maximo
1188,47.52,-16775455,17011.12983074854,57,-,-,-,-,Maximo
1189,47.56,-16775512,13873.301601635205,57,-,-,-,-,Maximo
1190,47.6,-16775469,10758.843741591758,57,-,-,-,-,Maximo
1191,47.64,-16775513,7805.167460248085,57,-,-,-,-,Maximo
1192,47.68,-16775436,5105.205334917395,57,-,-,-,-,Maximo
1193,47.72,-16775461,2719.901244075638,57,-,-,-,-,Maximo
1194,47.76,-16775548,663.5332169279973,57,-,-,-,-,Maximo
1195,47.8,-16775536,-1046.9529648692514,57,-,-,-,-,Maximo
1196,47.84,-16775516,-2344.396064643355,57,-,-,-,-,Maximo
1197,47.88,-16775494,-3175.057871941204,57,-,-,-,-,Maximo
1198,47.92,-16775478,-3592.6159648216635,57,-,-,-,-,Maximo
1199,47.96,-16775529,-3743.718317422219,57,-,-,-,-,Maximo
1200,48.0,-16775553,-3748.675024652347,nan,56.0,-,-,-,Desconexión
1201,48.04,-16775549,-3631.5541139345105,nan,-,-,-,-,Desconexión
1202,48.08,-16775476,-3386.475932385465,nan,-,-,-,-,Desconexión
1203,48.12,-16775490,-3033.968032842675,nan,-,-,-,-,Desconexión
1204,48.16,-16775537,-2628.386735432566,nan,-,-,-,-,Desconexión
1205,48.2,-16775469,-2224.1162550065355,nan,-,-,-,-,Desconexión
1206,48.24,-16775497,-1853.0988918299372,nan,-,-,-,-,Desconexión
1207,48.28,-16775502,-1550.771416043659,nan,-,-,-,-,Desconexión
1208,48.32,-16775533,-1338.9588839377302,nan,-,-,-,-,Desconexión
1209,48.36,-16775484,-1233.3062285221058,nan,-,-,-,-,Desconexión
1210,48.4,-16775486,-3.065011666372161,nan,-,-,-,-,Desconexión
1211,48.44,-16775462,0.9445724832720899,nan,-,-,-,-,Desconexión
1212,48.48,-16775478,5.750742203619909,nan,-,-,-,-,Desconexión
1213,48.52,-16775472,5.408378394113515,nan,-,-,-,-,Desconexión
1214,48.56,-16775509,3.4904360012702966,nan,-,-,-,-,Desconexión
1215,48.6,-16775506,1.0315937186676045,nan,-,-,-,-,Desconexión
1216,48.64,-16775480,-0.5122807019230637,nan,-,-,-,-,Desconexión
1217,48.68,-16775463,-0.9980334338821226,nan,-,-,-,-,Desconexión
1218,48.72,-16775520,1.7765582547905368,nan,-,-,-,-,Desconexión
1219,48.76,-16775461,1.7602629278459219,nan,-,-,-,-,Desconexión
1220,48.8,-16775486,3.5305653380182163,nan,-,-,-,-,Desconexión
1221,48.84,-16775539,3.551954097552951,nan,-,-,-,-,Desconexión
1222,48.88,-16775456,-2.647758564379501,nan,-,-,-,-,Desconexión
1223,48.92,-16775469,-4.918875774895678,nan,-,-,-,-,Desconexión
1224,48.96,-16775467,-4.8826252845598095,nan,-,-,-,-,Desconexión
1225,49.0,-16775522,-0.5959331035801334,nan,-,-,-,-,Desconexión
1226,49.04,-16775558,3.088285558873274,nan,-,-,-,-,Desconexión
1227,49.08,-16775477,0.8298550903065482,nan,-,-,-,-,Desconexión
1228,49.12,-16775512,0.31829975885895756,nan,-,-,-,-,Desconexión
1229,49.16,-16775523,-0.9530033499582466,nan,-,-,-,-,Desconexión
1230,49.2,-16775467,-2.897019208386503,nan,-,-,-,-,Desconexión
1231,49.24,-16775448,-2.116472080766968,nan,-,-,-,-,Desconexión
1232,49.28,-16775430,-1.072570423278215,nan,-,-,-,-,Desconexión
1233,49.32,-16775497,0.6738370101657516,nan,-,-,-,-,Desconexión
1234,49.36,-16775502,-1.956018417142026,nan,-,-,-,-,Desconexión
1235,49.4,-16775433,-5.990954609849361,nan,-,-,-,-,Desconexión
1236,49.44,-16775403,-4.482170774543377,nan,-,-,-,-,Desconexión
1237,49.48,-16775480,3.307981043809022,nan,-,-,-,-,Desconexión
1238,49.52,-16775442,6.113308723214578,nan,-,-,-,-,Desconexión
1239,49.56,-16775468,8.157439331063696,nan,-,-,-,-,Desconexión
1240,49.6,-16775489,8.238149289557889,nan,-,-,-,-,Desconexión
1241,49.64,-16775503,6.261773707630965,nan,-,-,-,-,Desconexión
1242,49.68,-16775409,-1.1116250527486997,nan,-,-,-,-,Desconexión
1243,49.72,-16775518,-1.0603728218979,nan,-,-,-,-,Desconexión
1244,49.76,-16775458,-2.393952086111029,nan,-,-,-,-,Desconexión
1245,49.8,-16775451,0.22102198759889014,nan,-,-,-,-,Desconexión
1246,49.84,-16775520,2.4672002210493353,nan,-,-,-,-,Desconexión
1247,49.88,-16775363,-6.513484849967057,nan,-,-,-,-,Desconexión
1248,49.92,-16775448,-7.45674612773872,nan,-,-,-,-,Desconexión
1249,49.96,-16775438,-7.475402725890122,nan,-,-,-,-,Desconexión
1250,50.0,-16775479,-2.6008259006547867,nan,-,-,-,-,Desconexión
1251,50.04,-16775482,1.4434613685072826,nan,-,-,-,-,Desconexión
1252,50.08,-16775418,1.3724570090197261,nan,-,-,-,-,Desconexión
1253,50.12,-16775476,2.902838812494055,nan,-,-,-,-,Desconexión
1254,50.16,-16775456,1.5743735897987674,nan,-,-,-,-,Desconexión
1255,50.2,-16775476,3.0845330665975634,nan,-,-,-,-,Desconexión
1256,50.24,-16775539,6.721838468096536,nan,-,-,-,-,Desconexión
1257,50.28,-16775448,3.3214397277904872,nan,-,-,-,-,Desconexión
1258,50.32,-16775437,-0.9690966083525865,nan,-,-,-,-,Desconexión
1259,50.36,-16775475,-4.61310036346174,nan,-,-,-,-,Desconexión
1260,50.4,-16775425,-7.557930193483095,nan,-,-,-,-,Desconexión
1261,50.44,-16775433,-4.234457938921935,nan,-,-,-,-,Desconexión
1262,50.48,-16775432,-0.759950773263725,nan,-,-,-,-,Desconexión
1263,50.52,-16775460,0.4372212655464125,nan,-,-,-,-,Desconexión
1264,50.56,-16775407,-3.119718434888629,nan,-,-,-,-,Desconexión
1265,50.6,-16775436,-2.274584759365305,nan,-,-,-,-,Desconexión
1266,50.64,-16775512,3.602601232495516,nan,-,-,-,-,Desconexión
1267,50.68,-16775435,5.704036181834969,nan,-,-,-,-,Desconexión
1268,50.72,-16775454,8.066450428333768,nan,-,-,-,-,Desconexión
1269,50.76,-16775448,5.671601158087601,nan,-,-,-,-,Desconexión
1270,50.8,-16775438,1.7240780216923586,nan,-,-,-,-,Desconexión
1271,50.84,-16775472,0.26187901607762853,nan,-,-,-,-,Desconexión
1272,50.88,-16775466,-1.2421315362280545,nan,-,-,-,-,Desconexión
1273,50.92,-16775402,-4.1281273465232715,nan,-,-,-,-,Desconexión
1274,50.96,-16775448,-3.529527766195326,nan,-,-,-,-,Desconexión
1275,51.0,-16775451,-4.192317392822308,nan,56.0,-,-,-,Desconexión
1276,51.04,-16775413,-4.726637809613344,nan,-,-,-,-,Desconexión
1277,51.08,-16775479,0.2127352730792147,nan,-,-,-,-,Desconexión
1278,51.12,-16775482,3.115161052537168,nan,-,-,-,-,Desconexión
1279,51.16,-16775510,4.161609726957639,nan,-,-,-,-,Desconexión
1280,51.2,-16775446,0.2601084392057871,nan,-,-,-,-,Desconexión
1281,51.24,-16775405,-2.0533180747602486,nan,-,-,-,-,Desconexión
1282,51.28,-16775511,2.2314680540560303,nan,-,-,-,-,Desconexión
1283,51.32,-16775511,3.0491732352907412,nan,-,-,-,-,Desconexión
1284,51.36,-16775421,-1.0640966020663427,nan,-,-,-,-,Desconexión
1285,51.4,-16775470,-2.2567658191518074,nan,-,-,-,-,Desconexión
1286,51.44,-16775539,-2.4707545056380553,nan,-,-,-,-,Desconexión
1287,51.48,-16775500,-4.443602930057379,nan,-,-,-,-,Desconexión
1288,51.52,-16775504,-2.474771625837217,nan,-,-,-,-,Desconexión
1289,51.56,-16775519,1.863354006917548,nan,-,-,-,-,Desconexión
1290,51.6,-16775515,4.3910973127232475,nan,-,-,-,-,Desconexión
1291,51.64,-16775549,3.9111337392082337,nan,-,-,-,-,Desconexión
1292,51.68,-16775478,-2.3606122783455064,nan,-,-,-,-,Desconexión
1293,51.72,-16775441,-5.29633240154341,nan,-,-,-,-,Desconexión
1294,51.76,-16775454,-3.7172449096656415,nan,-,-,-,-,Desconexión
1295,51.8,-16775472,-2.539009155719756,nan,-,-,-,-,Desconexión
1296,51.84,-16775487,-2.7076332305561355,nan,-,-,-,-,Desconexión
1297,51.88,-16775481,-1.9230954343011621,nan,-,-,-,-,Desconexión
1298,51.92,-16775450,0.11641383347819811,nan,-,-,-,-,Desconexión
1299,51.96,-16775516,4.797511848112201,nan,-,-,-,-,Desconexión
1300,52.0,-16775459,4.444844390878229,nan,-,-,-,-,Desconexión
1301,52.04,-16775479,7.0282502821469155,nan,-,-,-,-,Desconexión
1302,52.08,-16775493,9.372363762509107,nan,-,-,-,-,Desconexión
1303,52.12,-16775490,8.025566048320124,nan,-,-,-,-,Desconexión
1304,52.16,-16775523,3.704636013536735,nan,-,-,-,-,Desconexión
1305,52.2,-16775477,-3.683477019908585,nan,-,-,-,-,Desconexión
1306,52.24,-16775505,-5.059439370569866,nan,-,-,-,-,Desconexión
1307,52.28,-16775452,-5.389451991091274,nan,-,-,-,-,Desconexión
1308,52.32,-16775475,-2.7735148407726813,nan,-,-,-,-,Desconexión
1309,52.36,-16775490,-1.7758792036697333,nan,-,-,-,-,Desconexión
1310,52.4,-16775463,-2.899495027030939,nan,-,-,-,-,Desconexión
1311,52.44,-16775512,-1.568543989271351,nan,-,-,-,-,Desconexión
1312,52.48,-16775502,-2.0330592907621217,nan,-,-,-,-,Desconexión
1313,52.52,-16775430,-3.819939513632825,nan,-,-,-,-,Desconexión
1314,52.56,-16775450,-1.278117320592436,nan,-,-,-,-,Desconexión
1315,52.6,-16775528,3.8575578566781417,nan,-,-,-,-,Desconexión
1316,52.64,-16775473,3.6791285782143057,nan,-,-,-,-,Desconexión
1317,52.68,-16775481,3.3145769979707613,nan,-,-,-,-,Desconexión
1318,52.72,-16775445,-0.2049990317148236,nan,-,-,-,-,Desconexión
1319,52.76,-16775415,-3.4309547337604442,nan,-,-,-,-,Desconexión
1320,52.8,-16775450,-2.6660601698366584,nan,-,-,-,-,Desconexión
1321,52.84,-16775461,-0.36854231503705037,nan,-,-,-,-,Desconexión
1322,52.88,-16775445,1.9203639253066065,nan,-,-,-,-,Desconexión
1323,52.92,-16775470,3.657077733908171,nan,-,-,-,-,Desconexión
1324,52.96,-16775460,1.2405926865007793,nan,-,-,-,-,Desconexión
1325,53.0,-16775546,1.5898901964435623,nan,-,-,-,-,Desconexión
1326,53.04,-16775450,-0.5345343910699452,nan,-,-,-,-,Desconexión
1327,53.08,-16775533,5.593756710381427,nan,-,-,-,-,Desconexión
1328,53.12,-16775430,3.61100950730539,nan,-,-,-,-,Desconexión
1329,53.16,-16775490,2.371322803506972,nan,-,-,-,-,Desconexión
1330,53.2,-16775452,-3.9918937880507563,nan,-,-,-,-,Desconexión
1331,53.24,-16775475,-6.456694097703961,nan,-,-,-,-,Desconexión
1332,53.28,-16775486,-6.216580034772722,nan,-,-,-,-,Desconexión
1333,53.32,-16775409,-7.493402318595614,nan,-,-,-,-,Desconexión
1334,53.36,-16775476,-4.1073966655386345,nan,-,-,-,-,Desconexión
1335,53.4,-16775520,-0.5749564704752075,nan,-,-,-,-,Desconexión
1336,53.44,-16775454,0.8923525508461729,nan,-,-,-,-,Desconexión
1337,53.48,-16775403,2.688583154333209,nan,-,-,-,-,Desconexión
1338,53.52,-16775526,7.622249770981931,nan,-,-,-,-,Desconexión
1339,53.56,-16775487,4.663188993579219,nan,-,-,-,-,Desconexión
1340,53.6,-16775450,1.066867376093624,nan,-,-,-,-,Desconexión
1341,53.64,-16775524,2.2438452713640444,nan,-,-,-,-,Desconexión
1342,53.68,-16775414,-1.4258949973959147,nan,-,-,-,-,Desconexión
1343,53.72,-16775466,-0.428333992280451,nan,-,-,-,-,Desconexión
1344,53.76,-16775453,-2.209172930013267,nan,-,-,-,-,Desconexión
1345,53.8,-16775450,-2.3922668044585316,nan,-,-,-,-,Desconexión
1346,53.84,-16775396,-2.3750598484161145,nan,-,-,-,-,Desconexión
1347,53.88,-16775434,-0.23588038254561372,nan,-,-,-,-,Desconexión
1348,53.92,-16775394,-2.649253437349456,nan,-,-,-,-,Desconexión
1349,53.96,-16775401,-2.626508701101152,nan,-,-,-,-,Desconexión
1350,54.0,-16775421,0.8987459084772667,nan,57.0,-,-,-,Desconexión
1351,54.04,-16775468,6.055868013871482,nan,-,-,-,-,Desconexión
1352,54.08,-16775496,8.186928245665037,nan,-,-,-,-,Desconexión
1353,54.12,-16775511,7.219483420652949,nan,-,-,-,-,Desconexión
1354,54.16,-16775523,5.409504770308608,nan,-,-,-,-,Desconexión
1355,54.2,-16775435,1.228759789081323,nan,-,-,-,-,Desconexión
1356,54.24,-16775480,1.6760413210728515,nan,-,-,-,-,Desconexión
1357,54.28,-16775470,-0.7680444843086285,nan,-,-,-,-,Desconexión
1358,54.32,-16775485,-3.8290177600968383,nan,-,-,-,-,Desconexión
1359,54.36,-16775504,-7.288187759786007,nan,-,-,-,-,Desconexión
1360,54.4,-16775566,-8.760437539617165,nan,-,-,-,-,Desconexión
1361,54.44,-16775463,-13.218731351779546,nan,-,-,-,-,Desconexión
1362,54.48,-16775558,-7.374982108792787,nan,-,-,-,-,Desconexión
1363,54.52,-16775431,-5.122981993397275,nan,-,-,-,-,Desconexión
1364,54.56,-16775502,3.854977009621507,nan,-,-,-,-,Desconexión
1365,54.6,-16775458,5.601553675734792,nan,-,-,-,-,Desconexión
1366,54.64,-16775453,3.5734834194433667,nan,-,-,-,-,Desconexión
1367,54.68,-16775530,1.5810701915782417,nan,-,-,-,-,Desconexión
1368,54.72,-16775481,-3.046955203097256,nan,-,-,-,-,Desconexión
1369,54.76,-16775413,-4.614477213640285,nan,-,-,-,-,Desconexión
1370,54.8,-16775483,1.4502629770159619,nan,-,-,-,-,Desconexión
1371,54.84,-16775488,6.318420599663167,nan,-,-,-,-,Desconexión
1372,54.88,-16775509,9.851832251828547,nan,-,-,-,-,Desconexión
1373,54.92,-16775487,8.701542526058446,nan,-,-,-,-,Desconexión
1374,54.96,-16775479,5.192733109647543,nan,-,-,-,-,Desconexión
1375,55.0,-16775443,-0.15772014710030646,nan,-,-,-,-,Desconexión
1376,55.04,-16775468,-2.2470988607902416,nan,-,-,-,-,Desconexión
1377,55.08,-16775535,-0.17975645943848662,nan,-,-,-,-,Desconexión
1378,55.12,-16775532,1.5549984101890217,nan,-,-,-,-,Desconexión
1379,55.16,-16775394,-2.4101452502065257,nan,-,-,-,-,Desconexión
1380,55.2,-16775471,-2.669990848806302,nan,-,-,-,-,Desconexión
1381,55.24,-16775400,-7.896518862174098,nan,-,-,-,-,Desconexión
1382,55.28,-16775380,-7.361325813520942,nan,-,-,-,-,Desconexión
1383,55.32,-16775411,-1.524397084233457,nan,-,-,-,-,Desconexión
1384,55.36,-16775498,4.894918648788121,nan,-,-,-,-,Desconexión
1385,55.4,-16775387,0.5360928037835588,nan,-,-,-,-,Desconexión
1386,55.44,-16775443,-0.7211984864214607,nan,-,-,-,-,Desconexión
1387,55.48,-16775478,0.290638661748865,nan,-,-,-,-,Desconexión
1388,55.52,-16775480,5.224013508362255,nan,-,-,-,-,Desconexión
1389,55.56,-16775471,10.451474234729085,nan,-,-,-,-,Desconexión
1390,55.6,-16775411,8.756847909577356,nan,-,-,-,-,Desconexión
1391,55.64,-16775453,4.360975457324294,nan,-,-,-,-,Desconexión
1392,55.68,-16775479,-2.383420275021809,nan,-,-,-,-,Desconexión
1393,55.72,-16775415,-9.578353455866036,nan,-,-,-,-,Desconexión
1394,55.76,-16775407,-10.574856009499126,nan,-,-,-,-,Desconexión
1395,55.8,-16775426,-7.513000620432084,nan,-,-,-,-,Desconexión
1396,55.84,-16775384,-6.430377394014755,nan,-,-,-,-,Desconexión
1397,55.88,-16775532,-0.31167444312752934,nan,-,-,-,-,Desconexión
1398,55.92,-16775442,-0.8343074616637347,nan,-,-,-,-,Desconexión
1399,55.96,-16775471,3.797919743639138,nan,-,-,-,-,Desconexión
1400,56.0,-16775503,6.7660773084719,nan,-,-,-,-,Desconexión
1401,56.04,-16775452,3.838660448891897,nan,-,-,-,-,Desconexión
1402,56.08,-16775417,0.8591237142108099,nan,-,-,-,-,Desconexión
1403,56.12,-16775503,3.413951528083043,nan,-,-,-,-,Desconexión
1404,56.16,-16775458,1.4255147185556485,nan,-,-,-,-,Desconexión
1405,56.2,-16775445,-2.3543732735393554,nan,-,-,-,-,Desconexión
1406,56.24,-16775518,-4.615833227537372,nan,-,-,-,-,Desconexión
1407,56.28,-16775479,-7.5789878959571535,nan,-,-,-,-,Desconexión
1408,56.32,-16775522,-3.3010027789397896,nan,-,-,-,-,Desconexión
1409,56.36,-16775444,-0.8475204018993878,nan,-,-,-,-,Desconexión
1410,56.4,-16775476,3.585396876028563,nan,-,-,-,-,Desconexión
1411,56.44,-16775395,1.544647649594431,nan,-,-,-,-,Desconexión
1412,56.48,-16775435,1.2247546270501921,nan,-,-,-,-,Desconexión
1413,56.52,-16775442,-0.8123139220961071,nan,-,-,-,-,Desconexión
1414,56.56,-16775482,-0.7403974210700852,nan,-,-,-,-,Desconexión
1415,56.6,-16775479,-0.5845020891464543,nan,-,-,-,-,Desconexión
1416,56.64,-16775473,0.21619864615090023,nan,-,-,-,-,Desconexión
1417,56.68,-16775460,1.7041005263214108,nan,-,-,-,-,Desconexión
1418,56.72,-16775420,3.5547134194042016,nan,-,-,-,-,Desconexión
1419,56.76,-16775452,7.435049586688034,nan,-,-,-,-,Desconexión
1420,56.8,-16775431,6.830548359809716,nan,-,-,-,-,Desconexión
1421,56.84,-16775434,3.275721441008822,nan,-,-,-,-,Desconexión
1422,56.88,-16775422,-2.8384998100155916,nan,-,-,-,-,Desconexión
1423,56.92,-16775485,-5.267149812604956,nan,-,-,-,-,Desconexión
1424,56.96,-16775492,-5.406024047430577,nan,-,-,-,-,Desconexión
1425,57.0,-16775427,-3.78597235104602,nan,nan,-,-,-,Desconexión
1426,57.04,-16775519,3.93950921721207,nan,-,-,-,-,Desconexión
1427,57.08,-16775415,3.0520504517429217,nan,-,-,-,-,Desconexión
1428,57.12,-16775453,3.2946814167023195,nan,-,-,-,-,Desconexión
1429,57.16,-16775547,3.333819931237066,nan,-,-,-,-,Desconexión
1430,57.2,-16775434,-3.169495853296521,nan,-,-,-,-,Desconexión
1431,57.24,-16775408,-5.969385927909414,nan,-,-,-,-,Desconexión
1432,57.28,-16775453,-5.787877711391241,nan,-,-,-,-,Desconexión
1433,57.32,-16775500,-4.302008148870712,nan,-,-,-,-,Desconexión
1434,57.36,-16775473,-2.917486765608791,nan,-,-,-,-,Desconexión
1435,57.4,-16775479,0.8496230583862494,nan,-,-,-,-,Desconexión
1436,57.44,-16775500,3.665912219377388,nan,-,-,-,-,Desconexión
1437,57.48,-16775498,2.8900093156591087,nan,-,-,-,-,Desconexión
1438,57.52,-16775494,0.9608801332374739,nan,-,-,-,-,Desconexión
1439,57.56,-16775471,0.2026163769269438,nan,-,-,-,-,Desconexión
1440,57.6,-16775493,2.7902935057057583,nan,-,-,-,-,Desconexión
1441,57.64,-16775430,0.8924049570779715,nan,-,-,-,-,Desconexión
1442,57.68,-16775390,-4.064847668577485,nan,-,-,-,-,Desconexión
1443,57.72,-16775418,-6.857237521720691,nan,-,-,-,-,Desconexión
1444,57.76,-16775437,-5.5398945545802984,nan,-,-,-,-,Desconexión
1445,57.8,-16775384,-3.1778688551795238,nan,-,-,-,-,Desconexión
1446,57.84,-16775445,2.4348384029305663,nan,-,-,-,-,Desconexión
1447,57.88,-16775460,4.970244059066012,nan,-,-,-,-,Desconexión
1448,57.92,-16775464,6.681383821419914,nan,-,-,-,-,Desconexión
1449,57.96,-16775451,7.935934977422473,nan,-,-,-,-,Desconexión
1450,58.0,-16775448,8.947582054937904,nan,-,-,-,-,Desconexión
1451,58.04,-16775523,10.6321887751593,nan,-,-,-,-,Desconexión
1452,58.08,-16775505,6.418482630704663,nan,-,-,-,-,Desconexión
1453,58.12,-16775487,-0.008270173055272334,nan,-,-,-,-,Desconexión
1454,58.16,-16775429,-7.216796059814051,nan,-,-,-,-,Desconexión
1455,58.2,-16775470,-8.844998222235269,nan,-,-,-,-,Desconexión
1456,58.24,-16775489,-8.98934566306588,nan,-,-,-,-,Desconexión
1457,58.28,-16775513,-7.319851383273235,nan,-,-,-,-,Desconexión
1458,58.32,-16775487,-5.9110005417286455,nan,-,-,-,-,Desconexión
1459,58.36,-16775472,-4.322021166591615,nan,-,-,-,-,Desconexión
1460,58.4,-16775480,-3.4408268063463936,nan,-,-,-,-,Desconexión
1461,58.44,-16775478,-2.7884297241732767,nan,-,-,-,-,Desconexión
1462,58.48,-16775445,-0.5990492667803444,nan,-,-,-,-,Desconexión
1463,58.52,-16775468,4.578258734867055,nan,-,-,-,-,Desconexión
1464,58.56,-16775475,5.981989350527101,nan,-,-,-,-,Desconexión
1465,58.6,-16775450,1.7625351639424789,nan,-,-,-,-,Desconexión
1466,58.64,-16775509,-0.17266952530895097,nan,-,-,-,-,Desconexión
1467,58.68,-16775437,-2.2298020413533806,nan,-,-,-,-,Desconexión
1468,58.72,-16775451,1.9407968316164759,nan,-,-,-,-,Desconexión
1469,58.76,-16775398,3.2948392632702905,nan,-,-,-,-,Desconexión
1470,58.8,-16775416,3.9957470938683426,nan,-,-,-,-,Desconexión
1471,58.84,-16775415,2.413930027130184,nan,-,-,-,-,Desconexión
1472,58.88,-16775509,3.9035423581172353,nan,-,-,-,-,Desconexión
1473,58.92,-16775432,0.25208094129168757,nan,-,-,-,-,Desconexión
1474,58.96,-16775434,-0.531457677947468,nan,-,-,-,-,Desconexión
1475,59.0,-16775484,1.1681243947518354,nan,-,-,-,-,Desconexión
1476,59.04,-16775495,2.96435492630291,nan,-,-,-,-,Desconexión
1477,59.08,-16775403,2.0403899437736968,nan,-,-,-,-,Desconexión
1478,59.12,-16775479,5.023205485059606,nan,-,-,-,-,Desconexión
1479,59.16,-16775436,0.9117687459948147,nan,-,-,-,-,Desconexión
1480,59.2,-16775438,-4.284416166792688,nan,-,-,-,-,Desconexión
1481,59.24,-16775455,-8.045050506761303,nan,-,-,-,-,Desconexión
1482,59.28,-16775443,-8.552001459251585,nan,-,-,-,-,Desconexión
1483,59.32,-16775432,-5.382742523645902,nan,-,-,-,-,Desconexión
1484,59.36,-16775465,-0.8198380946028525,nan,-,-,-,-,Desconexión
1485,59.4,-16775464,0.5851797092245441,nan,-,-,-,-,Desconexión
1486,59.44,-16775463,1.4289512884748707,nan,-,-,-,-,Desconexión
1487,59.48,-16775470,2.9905463453140206,nan,-,-,-,-,Desconexión
1488,59.52,-16775469,3.323462118824814,nan,-,-,-,-,Desconexión
1489,59.56,-16775486,2.523547958642654,nan,-,-,-,-,Desconexión
1490,59.6,-16775500,1.2638483268015435,nan,-,-,-,-,Desconexión
1491,59.64,-16775450,-1.3231237648037002,nan,-,-,-,-,Desconexión
1492,59.68,-16775451,-1.8234558940162628,nan,-,-,-,-,Desconexión
1493,59.72,-16775472,-1.8088933286705693,nan,-,-,-,-,Desconexión
1494,59.76,-16775449,-3.1909856049697964,nan,-,-,-,-,Desconexión
1495,59.8,-16775436,-3.440343723562215,nan,-,-,-,-,Desconexión
1496,59.84,-16775471,-1.1707845598927236,nan,-,-,-,-,Desconexión
1497,59.88,-16775466,-0.10167093911644187,nan,-,-,-,-,Desconexión
1498,59.92,-16775499,1.6719599391230986,nan,-,-,-,-,Desconexión
1499,59.96,-16775473,1.677134969911105,nan,-,-,-,-,Desconexión
1500,60.0,-16775504,4.223784886176038,nan,nan,-,-,-,Desconexión
1501,60.04,-16775413,2.6155000742639984,nan,-,-,-,-,Desconexión
1502,60.08,-16775467,3.9518396361222226,nan,-,-,-,-,Desconexión
1503,60.12,-16775511,3.334446897793992,nan,-,-,-,-,Desconexión
1504,60.16,-16775460,-0.5228439459646008,nan,-,-,-,-,Desconexión
1505,60.2,-16775418,-3.545470075292947,nan,-,-,-,-,Desconexión
1506,60.24,-16775395,-5.565378619816883,nan,-,-,-,-,Desconexión
1507,60.28,-16775400,-5.631716561084762,nan,-,-,-,-,Desconexión
1508,60.32,-16775402,-3.585557401751841,nan,-,-,-,-,Desconexión
1509,60.36,-16775459,2.0348314225655884,nan,-,-,-,-,Desconexión
1510,60.4,-16775421,4.03107624376044,nan,-,-,-,-,Desconexión
1511,60.44,-16775480,6.227305914670353,nan,-,-,-,-,Desconexión
1512,60.48,-16775472,3.861779508496305,nan,-,-,-,-,Desconexión
1513,60.52,-16775442,1.8900627124236136,nan,-,-,-,-,Desconexión
1514,60.56,-16775462,4.736387896683225,nan,-,-,-,-,Desconexión
1515,60.6,-16775430,6.0736687051023335,nan,-,-,-,-,Desconexión
1516,60.64,-16775416,3.5420830897080577,nan,-,-,-,-,Desconexión
1517,60.68,-16775393,-3.609897178618173,nan,-,-,-,-,Desconexión
1518,60.72,-16775391,-9.722450423715546,nan,-,-,-,-,Desconexión
1519,60.76,-16775430,-10.269080529591063,nan,-,-,-,-,Desconexión
1520,60.8,-16775463,-6.77937552892093,nan,-,-,-,-,Desconexión
1521,60.84,-16775502,-1.2909640237298348,nan,-,-,-,-,Desconexión
1522,60.88,-16775375,-1.2965562533770907,nan,-,-,-,-,Desconexión
1523,60.92,-16775467,4.690240611884539,nan,-,-,-,-,Desconexión
1524,60.96,-16775472,6.4506441931537815,nan,-,-,-,-,Desconexión
1525,61.0,-16775401,4.295355096101623,nan,-,-,-,-,Desconexión
1526,61.04,-16775513,6.453963799628063,nan,-,-,-,-,Desconexión
1527,61.08,-16775438,0.6053125500507051,nan,-,-,-,-,Desconexión
1528,61.12,-16775469,-3.4025138649554902,nan,-,-,-,-,Desconexión
1529,61.16,-16775417,-8.934289923966737,nan,-,-,-,-,Desconexión
1530,61.2,-16775517,-5.30165972925753,nan,-,-,-,-,Desconexión
1531,61.24,-16775427,-3.588700471882987,nan,-,-,-,-,Desconexión
1532,61.28,-16775498,3.1511149933713956,nan,-,-,-,-,Desconexión
1533,61.32,-16775422,1.1920598198090175,nan,-,-,-,-,Desconexión
1534,61.36,-16775469,0.2828835047436372,nan,-,-,-,-,Desconexión
1535,61.4,-16775486,-0.745392002853011,nan,-,-,-,-,Desconexión
1536,61.44,-16775443,-1.3787129582829891,nan,-,-,-,-,Desconexión
1537,61.48,-16775444,0.4884953307766544,nan,-,-,-,-,Desconexión
1538,61.52,-16775408,0.43852625347934904,nan,-,-,-,-,Desconexión
1539,61.56,-16775511,3.2578286143125297,nan,-,-,-,-,Desconexión
1540,61.6,-16775512,2.262002609780815,nan,-,-,-,-,Desconexión
1541,61.64,-16775433,-0.14429280550865542,nan,-,-,-,-,Desconexión
1542,61.68,-16775468,2.0088073703585674,nan,-,-,-,-,Desconexión
1543,61.72,-16775482,2.554293739061217,nan,-,-,-,-,Desconexión
1544,61.76,-16775468,1.0269703192857618,nan,-,-,-,-,Desconexión
1545,61.8,-16775414,-1.2162738035633893,nan,-,-,-,-,Desconexión
1546,61.84,-16775446,0.42150368776004044,nan,-,-,-,-,Desconexión
1547,61.88,-16775428,-0.5259028421209813,nan,-,-,-,-,Desconexión
1548,61.92,-16775413,-3.561004618907168,nan,-,-,-,-,Desconexión
1549,61.96,-16775419,-5.325373430190641,nan,-,-,-,-,Desconexión
1550,62.0,-16775399,-3.8794042407219598,nan,-,-,-,-,Desconexión
1551,62.04,-16775471,3.1900225538887526,nan,-,-,-,-,Desconexión
1552,62.08,-16775436,4.964119863471325,nan,-,-,-,-,Desconexión
1553,62.12,-16775482,6.198133821557654,nan,-,-,-,-,Desconexión
1554,62.16,-16775208,-3.264349769699436,nan,-,-,-,-,Desconexión
1555,62.2,-16775683,11.98612265335413,nan,-,-,-,-,Desconexión
1556,62.24,-16775534,6.3315781746482,nan,-,-,-,-,Desconexión
1557,62.28,-16775341,-2.096359114321274,nan,-,-,-,-,Desconexión
1558,62.32,-16775432,-1.7235941858865615,nan,-,-,-,-,Desconexión
1559,62.36,-16775429,-4.332995655296859,nan,-,-,-,-,Desconexión
1560,62.4,-16775451,-5.638397986777104,nan,-,-,-,-,Desconexión
1561,62.44,-16775453,-5.398010423284033,nan,-,-,-,-,Desconexión
1562,62.48,-16775464,-2.4101423296939384,nan,-,-,-,-,Desconexión
1563,62.52,-16775465,-0.941519262104038,nan,-,-,-,-,Desconexión
1564,62.56,-16775462,-4.009260448073379,nan,-,-,-,-,Desconexión
1565,62.6,-16775434,-7.731317951916502,nan,-,-,-,-,Desconexión
1566,62.64,-16775414,-3.1956446594769083,nan,-,-,-,-,Desconexión
1567,62.68,-16775485,9.214977066240301,nan,-,-,-,-,Desconexión
1568,62.72,-16775443,10.56660180034033,nan,-,-,-,-,Desconexión
1569,62.76,-16775490,4.228647209689669,nan,-,-,-,-,Desconexión
1570,62.8,-16775467,-4.741863973432919,nan,-,-,-,-,Desconexión
1571,62.84,-16775408,-7.472911271414816,nan,-,-,-,-,Desconexión
1572,62.88,-16775434,-2.3880341359278567,nan,-,-,-,-,Desconexión
1573,62.92,-16775455,2.343018834495891,nan,-,-,-,-,Desconexión
1574,62.96,-16775375,1.527019494204886,nan,-,-,-,-,Desconexión
1575,63.0,-16775480,4.337078951658796,nan,nan,-,-,-,Desconexión
1576,63.04,-16775437,0.6116449035399913,nan,-,-,-,-,Desconexión
1577,63.08,-16775479,-0.5256115735207629,nan,-,-,-,-,Desconexión
1578,63.12,-16775448,-1.7342900816894629,nan,-,-,-,-,Desconexión
1579,63.16,-16775427,0.272257583352717,nan,-,-,-,-,Desconexión
1580,63.2,-16775453,4.452728807190443,nan,-,-,-,-,Desconexión
1581,63.24,-16775523,7.665712097082945,nan,-,-,-,-,Desconexión
1582,63.28,-16775411,1.7351600672439318,nan,-,-,-,-,Desconexión
1583,63.32,-16775432,-1.4159814882062562,nan,-,-,-,-,Desconexión
1584,63.36,-16775454,-3.8042231057609053,nan,-,-,-,-,Desconexión
1585,63.4,-16775435,-5.80923414301462,nan,-,-,-,-,Desconexión
1586,63.44,-16775461,-4.263879449328076,nan,-,-,-,-,Desconexión
1587,63.48,-16775498,-0.49846631431787713,nan,-,-,-,-,Desconexión
1588,63.52,-16775503,2.094127255280636,nan,-,-,-,-,Desconexión
1589,63.56,-16775462,0.8935681452349371,nan,-,-,-,-,Desconexión
1590,63.6,-16775466,-0.4130712119290365,nan,-,-,-,-,Desconexión
1591,63.64,-16775410,-2.2199711610094894,nan,-,-,-,-,Desconexión
1592,63.68,-16775500,2.6748640727916744,nan,-,-,-,-,Desconexión
1593,63.72,-16775493,3.2946798256970524,nan,-,-,-,-,Desconexión
1594,63.76,-16775400,-2.1508327251495416,nan,-,-,-,-,Desconexión
1595,63.8,-16775445,-4.355549909394512,nan,-,-,-,-,Desconexión
1596,63.84,-16775426,-6.430716838000066,nan,-,-,-,-,Desconexión
1597,63.88,-16775434,-4.040603017314959,nan,-,-,-,-,Desconexión
1598,63.92,-16775435,0.7941412834730572,nan,-,-,-,-,Desconexión
1599,63.96,-16775478,6.738703115819,nan,-,-,-,-,Desconexión
1600,64.0,-16775436,6.420691920082861,nan,-,-,-,-,Desconexión
1601,64.04,-16775449,3.976469815276668,nan,-,-,-,-,Desconexión
1602,64.08,-16775499,2.493686103573147,nan,-,-,-,-,Desconexión
1603,64.12,-16775419,0.10579620261323797,nan,-,-,-,-,Desconexión
1604,64.16,-16775374,0.9196639683041212,nan,-,-,-,-,Desconexión
1605,64.2,-16775387,1.4659530843541262,nan,-,-,-,-,Desconexión
1606,64.24,-16775424,-0.4506185310502211,nan,-,-,-,-,Desconexión
1607,64.28,-16775445,-3.0835529518590263,nan,-,-,-,-,Desconexión
1608,64.32,-16775422,-4.625282193963501,nan,-,-,-,-,Desconexión
1609,64.36,-16775450,-2.2614574062373265,nan,-,-,-,-,Desconexión
1610,64.4,-16775447,-0.17045776184044392,nan,-,-,-,-,Desconexión
1611,64.44,-16775485,3.1619961650032096,nan,-,-,-,-,Desconexión
1612,64.48,-16775480,5.254371549024022,nan,-,-,-,-,Desconexión
1613,64.52,-16775521,8.261273312487102,nan,-,-,-,-,Desconexión
1614,64.56,-16775534,7.0583572017519,nan,-,-,-,-,Desconexión
1615,64.6,-16775477,-0.9126170567687844,nan,-,-,-,-,Desconexión
1616,64.64,-16775512,-6.725904099897109,nan,-,-,-,-,Desconexión
1617,64.68,-16775479,-10.522819544622145,nan,-,-,-,-,Desconexión
1618,64.72,-16775401,-11.210628477687422,nan,-,-,-,-,Desconexión
1619,64.76,-16775466,-6.4877680158860755,nan,-,-,-,-,Desconexión
1620,64.8,-16775473,-5.291040397740234,nan,-,-,-,-,Desconexión
1621,64.84,-16775417,-6.80963020781909,nan,-,-,-,-,Desconexión
1622,64.88,-16775403,-5.575858447594527,nan,-,-,-,-,Desconexión
1623,64.92,-16775380,-2.4345773693800723,nan,-,-,-,-,Desconexión
1624,64.96,-16775454,5.217025816105604,nan,-,-,-,-,Desconexión
1625,65.0,-16775477,10.861270567094287,nan,-,-,-,-,Desconexión
1626,65.04,-16775445,12.532065138729596,nan,-,-,-,-,Desconexión
1627,65.08,-16775442,12.017123714105676,nan,-,-,-,-,Desconexión
1628,65.12,-16775519,11.122379918857114,nan,-,-,-,-,Desconexión
1629,65.16,-16775494,5.80709174425375,nan,-,-,-,-,Desconexión
1630,65.2,-16775458,1.7276840478200945,nan,-,-,-,-,Desconexión
1631,65.24,-16775428,0.1629744304396965,nan,-,-,-,-,Desconexión
1632,65.28,-16775492,0.7549445424678147,nan,-,-,-,-,Desconexión
1633,65.32,-16775420,-6.27319385945929,nan,-,-,-,-,Desconexión
1634,65.36,-16775382,-12.473627732626497,nan,-,-,-,-,Desconexión
1635,65.4,-16775478,-9.995795426425534,nan,-,-,-,-,Desconexión
1636,65.44,-16775463,-6.809983558935862,nan,-,-,-,-,Desconexión
1637,65.48,-16775443,-3.5001473415372106,nan,-,-,-,-,Desconexión
1638,65.52,-16775464,-0.30531762796732664,nan,-,-,-,-,Desconexión
1639,65.56,-16775443,1.751274266092536,nan,-,-,-,-,Desconexión
1640,65.6,-16775447,5.045921505470396,nan,-,-,-,-,Desconexión
1641,65.64,-16775469,7.037900918016094,nan,-,-,-,-,Desconexión
1642,65.68,-16775427,4.269337863521699,nan,-,-,-,-,Desconexión
1643,65.72,-16775419,1.384145422516191,nan,-,-,-,-,Desconexión
1644,65.76,-16775378,-2.894812681639621,nan,-,-,-,-,Desconexión
1645,65.8,-16775383,-5.352948983500614,nan,-,-,-,-,Desconexión
1646,65.84,-16775449,-3.470887929219174,nan,-,-,-,-,Desconexión
1647,65.88,-16775500,0.952445125040768,nan,-,-,-,-,Desconexión
1648,65.92,-16775468,3.042281099380073,nan,-,-,-,-,Desconexión
1649,65.96,-16775426,2.614883794177807,nan,-,-,-,-,Desconexión
1650,66.0,-16775472,3.430973878737616,nan,nan,-,-,-,Desconexión
1651,66.04,-16775460,2.9690792995337976,nan,-,-,-,-,Desconexión
1652,66.08,-16775411,2.387361913967606,nan,-,-,-,-,Desconexión
1653,66.12,-16775414,2.472513177157225,nan,-,-,-,-,Desconexión
1654,66.16,-16775517,2.2912015560200842,nan,-,-,-,-,Desconexión
1655,66.2,-16775477,-5.300753886645731,nan,-,-,-,-,Desconexión
1656,66.24,-16775444,-10.942934942972663,nan,-,-,-,-,Desconexión
1657,66.28,-16775466,-8.754027996836927,nan,-,-,-,-,Desconexión
1658,66.32,-16775434,-3.2988321126361626,nan,-,-,-,-,Desconexión
1659,66.36,-16775476,3.8944989743491165,nan,-,-,-,-,Desconexión
1660,66.4,-16775414,3.4054038139476965,nan,-,-,-,-,Desconexión
1661,66.44,-16775374,0.5491548312569989,nan,-,-,-,-,Desconexión
1662,66.48,-16775449,0.6369537648568215,nan,-,-,-,-,Desconexión
1663,66.52,-16775462,-1.2754445161396895,nan,-,-,-,-,Desconexión
1664,66.56,-16775464,-2.081953677889743,nan,-,-,-,-,Desconexión
1665,66.6,-16775469,0.5339141250541388,nan,-,-,-,-,Desconexión
1666,66.64,-16775454,4.230323850794592,nan,-,-,-,-,Desconexión
1667,66.68,-16775481,7.014730611806163,nan,-,-,-,-,Desconexión
1668,66.72,-16775444,4.679833650697686,nan,-,-,-,-,Desconexión
1669,66.76,-16775460,3.5087766009206343,nan,-,-,-,-,Desconexión
1670,66.8,-16775427,1.08578699800616,nan,-,-,-,-,Desconexión
1671,66.84,-16775533,1.583396880038606,nan,-,-,-,-,Desconexión
1672,66.88,-16775444,-5.815604543722202,nan,-,-,-,-,Desconexión
1673,66.92,-16775432,-8.828118055649167,nan,-,-,-,-,Desconexión
1674,66.96,-16775415,-7.48353065399278,nan,-,-,-,-,Desconexión
1675,67.0,-16775485,-0.8459507925557403,nan,-,-,-,-,Desconexión
1676,67.04,-16775418,0.2961611842258165,nan,-,-,-,-,Desconexión
1677,67.08,-16775459,2.679559040330357,nan,-,-,-,-,Desconexión
1678,67.12,-16775417,1.0339187069364755,nan,-,-,-,-,Desconexión
1679,67.16,-16775441,0.7903609835946028,nan,-,-,-,-,Desconexión
1680,67.2,-16775404,-1.3107338169220153,nan,-,-,-,-,Desconexión
1681,67.24,-16775357,-1.952346229224034,nan,-,-,-,-,Desconexión
1682,67.28,-16775434,3.4598723625556573,nan,-,-,-,-,Desconexión
1683,67.32,-16775377,3.781301183068027,nan,-,-,-,-,Desconexión
1684,67.36,-16775388,2.9151633674126627,nan,-,-,-,-,Desconexión
1685,67.4,-16775383,-0.030258804122534677,nan,-,-,-,-,Desconexión
1686,67.44,-16775434,0.8611213907416015,nan,-,-,-,-,Desconexión
1687,67.48,-16775430,2.465312507039492,nan,-,-,-,-,Desconexión
1688,67.52,-16775434,4.446970300360608,nan,-,-,-,-,Desconexión
1689,67.56,-16775415,4.22563553572382,nan,-,-,-,-,Desconexión
1690,67.6,-16775407,2.775381427113259,nan,-,-,-,-,Desconexión
1691,67.64,-16775412,0.43626177901669294,nan,-,-,-,-,Desconexión
1692,67.68,-16775460,-0.9249905834507892,nan,-,-,-,-,Desconexión
1693,67.72,-16775430,-3.8844753813106694,nan,-,-,-,-,Desconexión
1694,67.76,-16775451,-4.32786184787747,nan,-,-,-,-,Desconexión
1695,67.8,-16775501,-3.969045845603606,nan,-,-,-,-,Desconexión
1696,67.84,-16775467,-5.912980041022168,nan,-,-,-,-,Desconexión
1697,67.88,-16775444,-5.360179902998286,nan,-,-,-,-,Desconexión
1698,67.92,-16775466,-1.430279614417202,nan,-,-,-,-,Desconexión
1699,67.96,-16775447,0.37228753314753504,nan,-,-,-,-,Desconexión
1700,68.0,-16775466,0.49861376679057656,nan,-,-,-,-,Desconexión
1701,68.04,-16775464,-2.0398301638392695,nan,-,-,-,-,Desconexión
1702,68.08,-16775461,-3.969129924363706,nan,-,-,-,-,Desconexión
1703,68.12,-16775394,-5.810720615583264,nan,-,-,-,-,Desconexión
1704,68.16,-16775395,-3.756012145078259,nan,-,-,-,-,Desconexión
1705,68.2,-16775417,-0.0791703636011345,nan,-,-,-,-,Desconexión
1706,68.24,-16775408,3.0516922124004395,nan,-,-,-,-,Desconexión
1707,68.28,-16775414,5.741026554576411,nan,-,-,-,-,Desconexión
1708,68.32,-16775466,7.5119833994245155,nan,-,-,-,-,Desconexión
1709,68.36,-16775424,4.53567259948858,nan,-,-,-,-,Desconexión
1710,68.4,-16775446,4.23779539993037,nan,-,-,-,-,Desconexión
1711,68.44,-16775455,5.492943751720354,nan,-,-,-,-,Desconexión
1712,68.48,-16775471,7.742866521926185,nan,-,-,-,-,Desconexión
1713,68.52,-16775434,6.314649856961308,nan,-,-,-,-,Desconexión
1714,68.56,-16775497,4.514508566436323,nan,-,-,-,-,Desconexión
1715,68.6,-16775539,0.012278907904217817,nan,-,-,-,-,Desconexión
1716,68.64,-16775468,-6.835851433122638,nan,-,-,-,-,Desconexión
1717,68.68,-16775443,-9.13024588014094,nan,-,-,-,-,Desconexión
1718,68.72,-16775452,-7.889977269752347,nan,-,-,-,-,Desconexión
1719,68.76,-16775495,-4.654533614641454,nan,-,-,-,-,Desconexión
1720,68.8,-16775502,-2.9585806856785073,nan,-,-,-,-,Desconexión
1721,68.84,-16775486,-2.9030275872747113,nan,-,-,-,-,Desconexión
1722,68.88,-16775528,-1.6581123931019892,nan,-,-,-,-,Desconexión
1723,68.92,-16775493,-3.0604516279144818,nan,-,-,-,-,Desconexión
1724,68.96,-16775461,-3.459126681667307,nan,-,-,-,-,Desconexión
1725,69.0,-16775475,-0.06440202041191156,nan,nan,-,-,-,Desconexión
1726,69.04,-16775425,2.655154531951645,nan,-,-,-,-,Desconexión
1727,69.08,-16775417,4.108832147510093,nan,-,-,-,-,Desconexión
1728,69.12,-16775420,1.2088322526233615,nan,-,-,-,-,Desconexión
1729,69.16,-16775471,-1.4363982714062757,nan,-,-,-,-,Desconexión
1730,69.2,-16775448,-2.8943487011620626,nan,-,-,-,-,Desconexión
1731,69.24,-16775468,1.120934862985429,nan,-,-,-,-,Desconexión
1732,69.28,-16775504,6.667389466749178,nan,-,-,-,-,Desconexión
1733,69.32,-16775473,8.564491529426753,nan,-,-,-,-,Desconexión
1734,69.36,-16775409,7.218497741086839,nan,-,-,-,-,Desconexión
1735,69.4,-16775471,7.811388999152548,nan,-,-,-,-,Desconexión
1736,69.44,-16775507,5.696653155299259,nan,-,-,-,-,Desconexión
1737,69.48,-16775461,-0.4455085141509122,nan,-,-,-,-,Desconexión
1738,69.52,-16775480,-4.720417945791696,nan,-,-,-,-,Desconexión
1739,69.56,-16775446,-8.949094544188483,nan,-,-,-,-,Desconexión
1740,69.6,-16775454,-8.676484465613617,nan,-,-,-,-,Desconexión
1741,69.64,-16775480,-5.099387637565931,nan,-,-,-,-,Desconexión
1742,69.68,-16775472,-1.5022998220399462,nan,-,-,-,-,Desconexión
1743,69.72,-16775404,-0.6426655638291905,nan,-,-,-,-,Desconexión
1744,69.76,-16775487,2.274853950238221,nan,-,-,-,-,Desconexión
1745,69.8,-16775442,-1.548425836726186,nan,-,-,-,-,Desconexión
1746,69.84,-16775464,-2.423998052373957,nan,-,-,-,-,Desconexión
1747,69.88,-16775483,0.09857468499284394,nan,-,-,-,-,Desconexión
1748,69.92,-16775473,3.0897731474354604,nan,-,-,-,-,Desconexión
1749,69.96,-16775433,2.7644881677167596,nan,-,-,-,-,Desconexión
1750,70.0,-16775494,2.986816019647325,nan,-,-,-,-,Desconexión
1751,70.04,-16775554,3.2129767258963895,nan,-,-,-,-,Desconexión
1752,70.08,-16775513,1.729519571599056,nan,-,-,-,-,Desconexión
1753,70.12,-16775495,1.0491454191008032,nan,-,-,-,-,Desconexión
1754,70.16,-16775455,-1.9494158769272616,nan,-,-,-,-,Desconexión
1755,70.2,-16775496,-2.958249419787549,nan,-,-,-,-,Desconexión
1756,70.24,-16775435,-5.632601845927823,nan,-,-,-,-,Desconexión
1757,70.28,-16775426,-4.692957758642592,nan,-,-,-,-,Desconexión
1758,70.32,-16775500,-0.963630761598651,nan,-,-,-,-,Desconexión
1759,70.36,-16775417,-3.97447220945768,nan,-,-,-,-,Desconexión
1760,70.4,-16775414,-5.246837053816819,nan,-,-,-,-,Desconexión
1761,70.44,-16775455,-2.4934528371853126,nan,-,-,-,-,Desconexión
1762,70.48,-16775445,2.7484758725293847,nan,-,-,-,-,Desconexión
1763,70.52,-16775381,6.8277898089125415,nan,-,-,-,-,Desconexión
1764,70.56,-16775381,8.870147868944997,nan,-,-,-,-,Desconexión
1765,70.6,-16775414,7.597351415066729,nan,-,-,-,-,Desconexión
1766,70.64,-16775417,4.192957651136215,nan,-,-,-,-,Desconexión
1767,70.68,-16775408,1.595625485015951,nan,-,-,-,-,Desconexión
1768,70.72,-16775439,1.8336628977836824,nan,-,-,-,-,Desconexión
1769,70.76,-16775451,2.3222626989836925,nan,-,-,-,-,Desconexión
1770,70.8,-16775494,3.4555149176167035,nan,-,-,-,-,Desconexión
1771,70.84,-16775444,0.9450600988113418,nan,-,-,-,-,Desconexión
1772,70.88,-16775407,-0.7617615481843814,nan,-,-,-,-,Desconexión
1773,70.92,-16775502,1.8968918110862418,nan,-,-,-,-,Desconexión
1774,70.96,-16775419,-2.976920600130125,nan,-,-,-,-,Desconexión
1775,71.0,-16775429,-6.570999611692596,nan,-,-,-,-,Desconexión
1776,71.04,-16775455,-8.527867711811165,nan,-,-,-,-,Desconexión
1777,71.08,-16775405,-10.251724402495014,nan,-,-,-,-,Desconexión
1778,71.12,-16775479,-6.300749677338565,nan,-,-,-,-,Desconexión
1779,71.16,-16775464,-4.27402603790682,nan,-,-,-,-,Desconexión
1780,71.2,-16775472,-0.363208179545067,nan,-,-,-,-,Desconexión
1781,71.24,-16775452,2.736571983041287,nan,-,-,-,-,Desconexión
1782,71.28,-16775519,6.4148124120649115,nan,-,-,-,-,Desconexión
1783,71.32,-16775490,4.493403675600897,nan,-,-,-,-,Desconexión
1784,71.36,-16775454,1.9500827639111264,nan,-,-,-,-,Desconexión
1785,71.4,-16775431,0.4088142767015768,nan,-,-,-,-,Desconexión
1786,71.44,-16775447,-0.375138497561764,nan,-,-,-,-,Desconexión
1787,71.48,-16775458,-2.0929548580026696,nan,-,-,-,-,Desconexión
1788,71.52,-16775454,-3.5457331218115873,nan,-,-,-,-,Desconexión
1789,71.56,-16775386,-5.068761250426853,nan,-,-,-,-,Desconexión
1790,71.6,-16775421,-1.9115082192873016,nan,-,-,-,-,Desconexión
1791,71.64,-16775454,1.1538976029025605,nan,-,-,-,-,Desconexión
1792,71.68,-16775428,2.302874296444097,nan,-,-,-,-,Desconexión
1793,71.72,-16775516,7.893711089494886,nan,-,-,-,-,Desconexión
1794,71.76,-16775495,9.464645935858364,nan,-,-,-,-,Desconexión
1795,71.8,-16775487,8.250744166637885,nan,-,-,-,-,Desconexión
1796,71.84,-16775442,2.887859725861073,nan,-,-,-,-,Desconexión
1797,71.88,-16775442,-0.4281968461592065,nan,-,-,-,-,Desconexión
1798,71.92,-16775436,-1.2949627728138076,nan,-,-,-,-,Desconexión
1799,71.96,-16775514,0.9046385398310548,nan,-,-,-,-,Desconexión
1800,72.0,-16775414,-5.051298204005018,nan,nan,-,-,-,Desconexión
1801,72.04,-16775442,-8.267466122667344,nan,-,-,-,-,Desconexión
1802,72.08,-16775450,-9.82601046967419,nan,-,-,-,-,Desconexión
1803,72.12,-16775400,-8.789420082552212,nan,-,-,-,-,Desconexión
1804,72.16,-16775439,-1.3912030840267606,nan,-,-,-,-,Desconexión
1805,72.2,-16775401,3.7267444867498476,nan,-,-,-,-,Desconexión
1806,72.24,-16775468,8.547569865244071,nan,-,-,-,-,Desconexión
1807,72.28,-16775460,6.09698313065395,nan,-,-,-,-,Desconexión
1808,72.32,-16775412,0.5857761599726512,nan,-,-,-,-,Desconexión
1809,72.36,-16775397,-1.3252856210923127,nan,-,-,-,-,Desconexión
1810,72.4,-16775369,-0.35262513120225947,nan,-,-,-,-,Desconexión
1811,72.44,-16775480,5.28208444535052,nan,-,-,-,-,Desconexión
1812,72.48,-16775400,2.467706905531717,nan,-,-,-,-,Desconexión
1813,72.52,-16775476,2.7679937800419694,nan,-,-,-,-,Desconexión
1814,72.56,-16775477,0.18255991308596364,nan,-,-,-,-,Desconexión
1815,72.6,-16775410,-4.021026434027114,nan,-,-,-,-,Desconexión
1816,72.64,-16775430,-3.451095361207802,nan,-,-,-,-,Desconexión
1817,72.68,-16775476,0.6282757204773901,nan,-,-,-,-,Desconexión
1818,72.72,-16775433,2.317524737025993,nan,-,-,-,-,Desconexión
1819,72.76,-16775345,-0.7938026261754203,nan,-,-,-,-,Desconexión
1820,72.8,-16775473,-1.08590122703567,nan,-,-,-,-,Desconexión
1821,72.84,-16775399,-8.005064868836223,nan,-,-,-,-,Desconexión
1822,72.88,-16775417,-7.741254003275282,nan,-,-,-,-,Desconexión
1823,72.92,-16775496,-1.2108450407965776,nan,-,-,-,-,Desconexión
1824,72.96,-16775462,2.575083108037381,nan,-,-,-,-,Desconexión
1825,73.0,-16775470,5.3998508935580904,nan,-,-,-,-,Desconexión
1826,73.04,-16775476,5.194425645554409,nan,-,-,-,-,Desconexión
1827,73.08,-16775387,0.9791541309134644,nan,-,-,-,-,Desconexión
1828,73.12,-16775439,2.151233515670471,nan,-,-,-,-,Desconexión
1829,73.16,-16775394,-0.0452193848121496,nan,-,-,-,-,Desconexión
1830,73.2,-16775504,0.7610479087339854,nan,-,-,-,-,Desconexión
1831,73.24,-16775428,-5.051949236397338,nan,-,-,-,-,Desconexión
1832,73.28,-16775395,-7.58455210328291,nan,-,-,-,-,Desconexión
1833,73.32,-16775367,-7.097561621982763,nan,-,-,-,-,Desconexión
1834,73.36,-16775428,-1.1497789242501248,nan,-,-,-,-,Desconexión
1835,73.4,-16775490,6.120823821552662,nan,-,-,-,-,Desconexión
1836,73.44,-16775504,10.345697644779257,nan,-,-,-,-,Desconexión
1837,73.48,-16775436,7.782464031260714,nan,-,-,-,-,Desconexión
1838,73.52,-16775427,2.9715633032881215,nan,-,-,-,-,Desconexión
1839,73.56,-16775418,-2.4058693866505863,nan,-,-,-,-,Desconexión
1840,73.6,-16775435,-2.96128968081329,nan,-,-,-,-,Desconexión
1841,73.64,-16775497,2.2891523085593235,nan,-,-,-,-,Desconexión
1842,73.68,-16775421,2.140250179611794,nan,-,-,-,-,Desconexión
1843,73.72,-16775419,-1.5314646263631673,nan,-,-,-,-,Desconexión
1844,73.76,-16775524,-5.155921289955742,nan,-,-,-,-,Desconexión
1845,73.8,-16775433,-10.561678614311116,nan,-,-,-,-,Desconexión
1846,73.84,-16775466,-3.81024238553461,nan,-,-,-,-,Desconexión
1847,73.88,-16775470,4.7274095996421455,nan,-,-,-,-,Desconexión
1848,73.92,-16775430,6.349691136938663,nan,-,-,-,-,Desconexión
1849,73.96,-16775421,1.9145959238235584,nan,-,-,-,-,Desconexión
1850,74.0,-16775411,-3.857785873459086,nan,-,-,-,-,Desconexión
1851,74.04,-16775518,-1.7249740316922768,nan,-,-,-,-,Desconexión
1852,74.08,-16775515,0.43204753300645393,nan,-,-,-,-,Desconexión
1853,74.12,-16775463,0.4174128713429859,nan,-,-,-,-,Desconexión
1854,74.16,-16775438,-0.6528341030714344,nan,-,-,-,-,Desconexión
1855,74.2,-16775452,-0.1103770488284006,nan,-,-,-,-,Desconexión
1856,74.24,-16775422,0.6432216679526981,nan,-,-,-,-,Desconexión
1857,74.28,-16775495,4.70902776769967,nan,-,-,-,-,Desconexión
1858,74.32,-16775450,2.944845390616653,nan,-,-,-,-,Desconexión
1859,74.36,-16775495,1.1557695687120102,nan,-,-,-,-,Desconexión
1860,74.4,-16775458,-4.792946022911248,nan,-,-,-,-,Desconexión
1861,74.44,-16775441,-7.466359858624688,nan,-,-,-,-,Desconexión
1862,74.48,-16775460,-3.086836541035634,nan,-,-,-,-,Desconexión
1863,74.52,-16775464,4.007559002819863,nan,-,-,-,-,Desconexión
1864,74.56,-16775427,6.35110914529438,nan,-,-,-,-,Desconexión
1865,74.6,-16775420,3.320840167234177,nan,-,-,-,-,Desconexión
1866,74.64,-16775404,-2.6541441028140227,nan,-,-,-,-,Desconexión
1867,74.68,-16775435,-4.470419288519528,nan,-,-,-,-,Desconexión
1868,74.72,-16775452,-2.3780815472941583,nan,-,-,-,-,Desconexión
1869,74.76,-16775386,-0.6726855481965011,nan,-,-,-,-,Desconexión
1870,74.8,-16775504,6.025960062646739,nan,-,-,-,-,Desconexión
1871,74.84,-16775432,4.099679964855536,nan,-,-,-,-,Desconexión
1872,74.88,-16775371,0.9439175277596803,nan,-,-,-,-,Desconexión
1873,74.92,-16775453,2.8694337950559117,nan,-,-,-,-,Desconexión
1874,74.96,-16775435,2.496366108908603,nan,-,-,-,-,Desconexión
1875,75.0,-16775384,0.3330341798094878,nan,nan,-,-,-,Desconexión
1876,75.04,-16775470,0.7113021185993773,nan,-,-,-,-,Desconexión
1877,75.08,-16775404,-4.252306062313886,nan,-,-,-,-,Desconexión
1878,75.12,-16775411,-5.117000468322819,nan,-,-,-,-,Desconexión
1879,75.16,-16775398,-4.343950292298233,nan,-,-,-,-,Desconexión
1880,75.2,-16775448,-0.21202474190273435,nan,-,-,-,-,Desconexión
1881,75.24,-16775511,4.311706163624038,nan,-,-,-,-,Desconexión
1882,75.28,-16775464,3.52376875417543,nan,-,-,-,-,Desconexión
1883,75.32,-16775439,0.8499081508063391,nan,-,-,-,-,Desconexión
1884,75.36,-16775404,-2.8487938642504815,nan,-,-,-,-,Desconexión
1885,75.4,-16775421,-3.1144783211593,nan,-,-,-,-,Desconexión
1886,75.44,-16775454,-1.0879526782964106,nan,-,-,-,-,Desconexión
1887,75.48,-16775446,-0.27281729718961634,nan,-,-,-,-,Desconexión
1888,75.52,-16775481,0.2402621953125781,nan,-,-,-,-,Desconexión
1889,75.56,-16775481,-2.56579934764466,nan,-,-,-,-,Desconexión
1890,75.6,-16775410,-7.342171058498906,nan,-,-,-,-,Desconexión
1891,75.64,-16775528,-1.8284985263108027,nan,-,-,-,-,Desconexión
1892,75.68,-16775498,3.2663712958161266,nan,-,-,-,-,Desconexión
1893,75.72,-16775414,5.717459337170446,nan,-,-,-,-,Desconexión
1894,75.76,-16775441,5.785169603847333,nan,-,-,-,-,Desconexión
1895,75.8,-16775500,1.7877921181873653,nan,-,-,-,-,Desconexión
1896,75.84,-16775503,-3.54902410734136,nan,-,-,-,-,Desconexión
1897,75.88,-16775416,-7.238546588273159,nan,-,-,-,-,Desconexión
1898,75.92,-16775460,-2.95900125084491,nan,-,-,-,-,Desconexión
1899,75.96,-16775465,0.31246858053870774,nan,-,-,-,-,Desconexión
1900,76.0,-16775506,2.733184066759751,nan,-,-,-,-,Desconexión
1901,76.04,-16775448,0.9826779375525216,nan,-,-,-,-,Desconexión
1902,76.08,-16775487,3.3251162987191147,nan,-,-,-,-,Desconexión
1903,76.12,-16775437,2.790424946919252,nan,-,-,-,-,Desconexión
1904,76.16,-16775448,1.6754765315821807,nan,-,-,-,-,Desconexión
1905,76.2,-16775425,-1.7643840586548052,nan,-,-,-,-,Desconexión
1906,76.24,-16775488,0.2220878316479613,nan,-,-,-,-,Desconexión
1907,76.28,-16775456,1.40315200306655,nan,-,-,-,-,Desconexión
1908,76.32,-16775414,0.3378737397883178,nan,-,-,-,-,Desconexión
1909,76.36,-16775431,-1.3655069503649884,nan,-,-,-,-,Desconexión
1910,76.4,-16775432,-2.2587129800473598,nan,-,-,-,-,Desconexión
1911,76.44,-16775459,0.9386477821002899,nan,-,-,-,-,Desconexión
1912,76.48,-16775515,5.734551353045731,nan,-,-,-,-,Desconexión
1913,76.52,-16775454,4.2426914502746325,nan,-,-,-,-,Desconexión
1914,76.56,-16775425,0.901810060899173,nan,-,-,-,-,Desconexión
1915,76.6,-16775470,-0.7741985844507226,nan,-,-,-,-,Desconexión
1916,76.64,-16775497,-1.113385823321373,nan,-,-,-,-,Desconexión
1917,76.68,-16775462,-0.8581958802854999,nan,-,-,-,-,Desconexión
1918,76.72,-16775434,-0.3486623779685445,nan,-,-,-,-,Desconexión
1919,76.76,-16775490,-0.1852546988414332,nan,-,-,-,-,Desconexión
1920,76.8,-16775498,-3.8619899603649728,nan,-,-,-,-,Desconexión
1921,76.84,-16775458,-7.210389136397698,nan,-,-,-,-,Desconexión
1922,76.88,-16775490,-3.7618512821983563,nan,-,-,-,-,Desconexión
1923,76.92,-16775517,1.647012395630119,nan,-,-,-,-,Desconexión
1924,76.96,-16775517,3.5631734711389793,nan,-,-,-,-,Desconexión
1925,77.0,-16775523,1.8188375911867576,nan,-,-,-,-,Desconexión
1926,77.04,-16775534,-0.13742809885991458,nan,-,-,-,-,Desconexión
1927,77.08,-16775483,-1.7769361773696417,nan,-,-,-,-,Desconexión
1928,77.12,-16775499,-0.623204209491707,nan,-,-,-,-,Desconexión
1929,77.16,-16775505,-1.2073863291662832,nan,-,-,-,-,Desconexión
1930,77.2,-16775436,-4.496263556232606,nan,-,-,-,-,Desconexión
1931,77.24,-16775549,-0.7827847282149314,nan,-,-,-,-,Desconexión
1932,77.28,-16775401,-5.01723216462279,nan,-,-,-,-,Desconexión
1933,77.32,-16775462,-2.603095415218373,nan,-,-,-,-,Desconexión
1934,77.36,-16775485,-0.30163464992813616,nan,-,-,-,-,Desconexión
1935,77.4,-16775400,0.2427296386107507,nan,-,-,-,-,Desconexión
1936,77.44,-16775488,6.647701148052356,nan,-,-,-,-,Desconexión
1937,77.48,-16775441,7.035068952834703,nan,-,-,-,-,Desconexión
1938,77.52,-16775382,4.708690489648205,nan,-,-,-,-,Desconexión
1939,77.56,-16775414,4.1072119848198385,nan,-,-,-,-,Desconexión
1940,77.6,-16775431,3.4553342228758197,nan,-,-,-,-,Desconexión
1941,77.64,-16775431,3.2911141792395036,nan,-,-,-,-,Desconexión
1942,77.68,-16775436,3.44313888038684,nan,-,-,-,-,Desconexión
1943,77.72,-16775431,2.1728264059611107,nan,-,-,-,-,Desconexión
1944,77.76,-16775419,-0.2005126183785393,nan,-,-,-,-,Desconexión
1945,77.8,-16775420,-1.3917326099897052,nan,-,-,-,-,Desconexión
1946,77.84,-16775519,2.221648751945196,nan,-,-,-,-,Desconexión
1947,77.88,-16775469,1.6194636930051765,nan,-,-,-,-,Desconexión
1948,77.92,-16775557,3.776693984513912,nan,-,-,-,-,Desconexión
1949,77.96,-16775461,-2.7285745303815823,nan,-,-,-,-,Desconexión
1950,78.0,-16775434,-7.723246368901087,nan,nan,-,-,-,Desconexión
1951,78.04,-16775456,-8.47283274333462,nan,-,-,-,-,Desconexión
1952,78.08,-16775425,-7.71233405858753,nan,-,-,-,-,Desconexión
1953,78.12,-16775513,-2.7909258279584854,nan,-,-,-,-,Desconexión
1954,78.16,-16775501,-3.4542548495547223,nan,-,-,-,-,Desconexión
1955,78.2,-16775439,-7.701498557710984,nan,-,-,-,-,Desconexión
1956,78.24,-16775526,-5.856265408091442,nan,-,-,-,-,Desconexión
1957,78.28,-16775498,-3.353902770279956,nan,-,-,-,-,Desconexión
1958,78.32,-16775512,4.1469589249874925,nan,-,-,-,-,Desconexión
1959,78.36,-16775493,9.69784270053813,nan,-,-,-,-,Desconexión
1960,78.4,-16775496,10.374218859961548,nan,-,-,-,-,Desconexión
1961,78.44,-16775437,3.0740419387608995,nan,-,-,-,-,Desconexión
1962,78.48,-16775463,-2.881191308011573,nan,-,-,-,-,Desconexión
1963,78.52,-16775471,-5.476735160965214,nan,-,-,-,-,Desconexión
1964,78.56,-16775410,-5.308602135719703,nan,-,-,-,-,Desconexión
1965,78.6,-16775439,-0.7686745516110949,nan,-,-,-,-,Desconexión
1966,78.64,-16775462,1.7037455662884113,nan,-,-,-,-,Desconexión
1967,78.68,-16775412,0.6372527569826918,nan,-,-,-,-,Desconexión
1968,78.72,-16775470,4.237047226588942,nan,-,-,-,-,Desconexión
1969,78.76,-16775467,6.945945766430896,nan,-,-,-,-,Desconexión
1970,78.8,-16775438,7.593945701375029,nan,-,-,-,-,Desconexión
1971,78.84,-16775570,10.722844009701973,nan,-,-,-,-,Desconexión
1972,78.88,-16775478,4.693936836760397,nan,-,-,-,-,Desconexión
1973,78.92,-16775550,3.74227859665595,nan,-,-,-,-,Desconexión
1974,78.96,-16775451,-2.0000189295848685,nan,-,-,-,-,Desconexión
1975,79.0,-16775512,-2.447624721051358,nan,-,-,-,-,Desconexión
1976,79.04,-16775511,-4.879962459940314,nan,-,-,-,-,Desconexión
1977,79.08,-16775510,-6.65090050804408,nan,-,-,-,-,Desconexión
1978,79.12,-16775476,-8.624755535520656,nan,-,-,-,-,Desconexión
1979,79.16,-16775475,-9.11214683883669,nan,-,-,-,-,Desconexión
1980,79.2,-16775473,-8.92517467096338,nan,-,-,-,-,Desconexión
1981,79.24,-16775526,-5.096070671281151,nan,-,-,-,-,Desconexión
1982,79.28,-16775513,-0.9701433859813822,nan,-,-,-,-,Desconexión
1983,79.32,-16775499,3.5731888405606247,nan,-,-,-,-,Desconexión
1984,79.36,-16775511,6.100737311462084,nan,-,-,-,-,Desconexión
1985,79.4,-16775472,3.4850219526092587,nan,-,-,-,-,Desconexión
1986,79.44,-16775539,3.7497581075285815,nan,-,-,-,-,Desconexión
1987,79.48,-16775475,1.8814520930631602,nan,-,-,-,-,Desconexión
1988,79.52,-16775472,2.8119016483364696,nan,-,-,-,-,Desconexión
1989,79.56,-16775403,-0.40836149056624294,nan,-,-,-,-,Desconexión
1990,79.6,-16775447,-2.0085792780355325,nan,-,-,-,-,Desconexión
1991,79.64,-16775449,-3.686865512326225,nan,-,-,-,-,Desconexión
1992,79.68,-16775461,-1.5158046903659468,nan,-,-,-,-,Desconexión
1993,79.72,-16775441,1.5262116412591542,nan,-,-,-,-,Desconexión
1994,79.76,-16775382,1.9495431303388777,nan,-,-,-,-,Desconexión
1995,79.8,-16775468,4.869014949934552,nan,-,-,-,-,Desconexión
1996,79.84,-16775514,6.4272229956060585,nan,-,-,-,-,Desconexión
1997,79.88,-16775522,8.070938497196295,nan,-,-,-,-,Desconexión
1998,79.92,-16775481,7.561271175828444,nan,-,-,-,-,Desconexión
1999,79.96,-16775507,5.635321653581041,nan,-,-,-,-,Desconexión
2000,80.0,-16775509,-0.17630231313868627,nan,-,-,-,-,Desconexión
2001,80.04,-16775485,-5.682187503836776,nan,-,-,-,-,Desconexión
2002,80.08,-16775504,-5.734718066431455,nan,-,-,-,-,Desconexión
2003,80.12,-16775496,-4.866039151282077,nan,-,-,-,-,Desconexión
2004,80.16,-16775477,-6.883910966237043,nan,-,-,-,-,Desconexión
2005,80.2,-16775480,-10.657583613278177,nan,-,-,-,-,Desconexión
2006,80.24,-16775484,-11.816802706445618,nan,-,-,-,-,Desconexión
2007,80.28,-16775485,-7.166801937043326,nan,-,-,-,-,Desconexión
2008,80.32,-16775480,-0.09874530286722916,nan,-,-,-,-,Desconexión
2009,80.36,-16775462,3.69684357945167,nan,-,-,-,-,Desconexión
2010,80.4,-16775466,4.259497200805935,nan,-,-,-,-,Desconexión
2011,80.44,-16775452,3.041487492911159,nan,-,-,-,-,Desconexión
2012,80.48,-16775494,4.4292031129316385,nan,-,-,-,-,Desconexión
2013,80.52,-16775505,5.3372667067265205,nan,-,-,-,-,Desconexión
2014,80.56,-16775464,4.008153116608621,nan,-,-,-,-,Desconexión
2015,80.6,-16775495,3.952315515234732,nan,-,-,-,-,Desconexión
2016,80.64,-16775495,2.476286367244869,nan,-,-,-,-,Desconexión
2017,80.68,-16775472,0.9435056458216708,nan,-,-,-,-,Desconexión
2018,80.72,-16775505,2.062579908589983,nan,-,-,-,-,Desconexión
2019,80.76,-16775443,-0.15348571011512746,nan,-,-,-,-,Desconexión
2020,80.8,-16775571,2.3339055406449276,nan,-,-,-,-,Desconexión
2021,80.84,-16775472,-3.3979171999064146,nan,-,-,-,-,Desconexión
2022,80.88,-16775438,-6.028249353482224,nan,-,-,-,-,Desconexión
2023,80.92,-16775469,-4.227652355346825,nan,-,-,-,-,Desconexión
2024,80.96,-16775446,-2.6908012914399073,nan,-,-,-,-,Desconexión
2025,81.0,-16775458,-0.5313594032773481,nan,nan,-,-,-,Desconexión
2026,81.04,-16775447,-0.2890742376876956,nan,-,-,-,-,Desconexión
2027,81.08,-16775460,0.1799811659917534,nan,-,-,-,-,Desconexión
2028,81.12,-16775499,1.2813590544737181,nan,-,-,-,-,Desconexión
2029,81.16,-16775483,0.7733215639730631,nan,-,-,-,-,Desconexión
2030,81.2,-16775500,2.621052653783387,nan,-,-,-,-,Desconexión
2031,81.24,-16775461,4.057737164655011,nan,-,-,-,-,Desconexión
2032,81.28,-16775531,7.765865347893296,nan,-,-,-,-,Desconexión
2033,81.32,-16775483,4.015517748940114,nan,-,-,-,-,Desconexión
2034,81.36,-16775537,1.2580800129328757,nan,-,-,-,-,Desconexión
2035,81.4,-16775455,-4.927794550349098,nan,-,-,-,-,Desconexión
2036,81.44,-16775403,-8.196046318941342,nan,-,-,-,-,Desconexión
2037,81.48,-16775431,-7.680260840997811,nan,-,-,-,-,Desconexión
2038,81.52,-16775424,-7.042815456588963,nan,-,-,-,-,Desconexión
2039,81.56,-16775516,-1.6156910633593853,nan,-,-,-,-,Desconexión
2040,81.6,-16775495,0.644638024925186,nan,-,-,-,-,Desconexión
2041,81.64,-16775478,1.6702825021234906,nan,-,-,-,-,Desconexión
2042,81.68,-16775507,2.9333927983152215,nan,-,-,-,-,Desconexión
2043,81.72,-16775464,2.779524463884073,nan,-,-,-,-,Desconexión
2044,81.76,-16775453,5.594719495027331,nan,-,-,-,-,Desconexión
2045,81.8,-16775388,6.225455217251692,nan,-,-,-,-,Desconexión
2046,81.84,-16775469,7.077239376351127,nan,-,-,-,-,Desconexión
2047,81.88,-16775401,-1.99352720632616,nan,-,-,-,-,Desconexión
2048,81.92,-16775494,-6.457494526941737,nan,-,-,-,-,Desconexión
2049,81.96,-16775462,-9.633869464616076,nan,-,-,-,-,Desconexión
2050,82.0,-16775464,-5.242309538185429,nan,-,-,-,-,Desconexión
2051,82.04,-16775460,1.4125843544484926,nan,-,-,-,-,Desconexión
2052,82.08,-16775433,5.314463889229714,nan,-,-,-,-,Desconexión
2053,82.12,-16775441,7.067523395719306,nan,-,-,-,-,Desconexión
2054,82.16,-16775461,6.516738320256341,nan,-,-,-,-,Desconexión
2055,82.2,-16775469,3.214000539334192,nan,-,-,-,-,Desconexión
2056,82.24,-16775380,-4.533119286077394,nan,-,-,-,-,Desconexión
2057,82.28,-16775437,-6.331645878032231,nan,-,-,-,-,Desconexión
2058,82.32,-16775430,-6.709484795791857,nan,-,-,-,-,Desconexión
2059,82.36,-16775492,-1.5790759781772152,nan,-,-,-,-,Desconexión
2060,82.4,-16775411,-0.04472900966919369,nan,-,-,-,-,Desconexión
2061,82.44,-16775466,4.0769575936874904,nan,-,-,-,-,Desconexión
2062,82.48,-16775434,2.5441502511307172,nan,-,-,-,-,Desconexión
2063,82.52,-16775480,2.03998440912153,nan,-,-,-,-,Desconexión
2064,82.56,-16775526,2.5284979674977848,nan,-,-,-,-,Desconexión
2065,82.6,-16775467,1.2954238865946621,nan,-,-,-,-,Desconexión
2066,82.64,-16775499,2.377672106248997,nan,-,-,-,-,Desconexión
2067,82.68,-16775478,-0.9654893149169261,nan,-,-,-,-,Desconexión
2068,82.72,-16775489,-4.231502210305106,nan,-,-,-,-,Desconexión
2069,82.76,-16775453,-6.249903267461619,nan,-,-,-,-,Desconexión
2070,82.8,-16775489,-3.0578658935032887,nan,-,-,-,-,Desconexión
2071,82.84,-16775503,-1.2071257523217644,nan,-,-,-,-,Desconexión
2072,82.88,-16775431,-4.622265201487281,nan,-,-,-,-,Desconexión
2073,82.92,-16775416,-6.359262527732312,nan,-,-,-,-,Desconexión
2074,82.96,-16775407,-4.95366587679046,nan,-,-,-,-,Desconexión
2075,83.0,-16775431,0.24816620440864745,nan,-,-,-,-,Desconexión
2076,83.04,-16775469,5.537678869961795,nan,-,-,-,-,Desconexión
2077,83.08,-16775437,5.968469811384999,nan,-,-,-,-,Desconexión
2078,83.12,-16775422,4.80322180214533,nan,-,-,-,-,Desconexión
2079,83.16,-16775504,6.22463869638738,nan,-,-,-,-,Desconexión
2080,83.2,-16775431,3.5411991973880337,nan,-,-,-,-,Desconexión
2081,83.24,-16775448,5.309574371527285,nan,-,-,-,-,Desconexión
2082,83.28,-16775488,7.992648145752344,nan,-,-,-,-,Desconexión
2083,83.32,-16775443,5.010367850836955,nan,-,-,-,-,Desconexión
2084,83.36,-16775430,-0.7569517255664948,nan,-,-,-,-,Desconexión
2085,83.4,-16775472,-5.107389591539009,nan,-,-,-,-,Desconexión
2086,83.44,-16775487,-6.609198228685756,nan,-,-,-,-,Desconexión
2087,83.48,-16775495,-4.625948812364133,nan,-,-,-,-,Desconexión
2088,83.52,-16775425,-4.612196966031959,nan,-,-,-,-,Desconexión
2089,83.56,-16775434,-3.3555688267089927,nan,-,-,-,-,Desconexión
2090,83.6,-16775470,-1.7126235290814078,nan,-,-,-,-,Desconexión
2091,83.64,-16775461,-1.1096904519239739,nan,-,-,-,-,Desconexión
2092,83.68,-16775482,0.5649801545741653,nan,-,-,-,-,Desconexión
2093,83.72,-16775471,0.6326477753161032,nan,-,-,-,-,Desconexión
2094,83.76,-16775475,0.02683188689791649,nan,-,-,-,-,Desconexión
2095,83.8,-16775468,-1.5673920393516036,nan,-,-,-,-,Desconexión
2096,83.84,-16775419,-2.8412101940915164,nan,-,-,-,-,Desconexión
2097,83.88,-16775499,2.6514156709095005,nan,-,-,-,-,Desconexión
2098,83.92,-16775492,5.015652399767092,nan,-,-,-,-,Desconexión
2099,83.96,-16775412,1.2938366023176542,nan,-,-,-,-,Desconexión
2100,84.0,-16775492,-0.031734538817225655,nan,nan,-,-,-,Desconexión
2101,84.04,-16775402,-5.324991537978846,nan,-,-,-,-,Desconexión
2102,84.08,-16775467,-2.01746269663027,nan,-,-,-,-,Desconexión
2103,84.12,-16775449,0.5684294500288942,nan,-,-,-,-,Desconexión
2104,84.16,-16775434,2.4631291854866184,nan,-,-,-,-,Desconexión
2105,84.2,-16775489,4.407565570289002,nan,-,-,-,-,Desconexión
2106,84.24,-16775454,1.6134803585969788,nan,-,-,-,-,Desconexión
2107,84.28,-16775497,1.3491176578336095,nan,-,-,-,-,Desconexión
2108,84.32,-16775492,1.5004690100450322,nan,-,-,-,-,Desconexión
2109,84.36,-16775461,2.128785102231145,nan,-,-,-,-,Desconexión
2110,84.4,-16775537,4.805668598497732,nan,-,-,-,-,Desconexión
2111,84.44,-16775545,2.7605616586421036,nan,-,-,-,-,Desconexión
2112,84.48,-16775492,-2.1711705755578343,nan,-,-,-,-,Desconexión
2113,84.52,-16775479,-4.845613678121552,nan,-,-,-,-,Desconexión
2114,84.56,-16775505,-4.977044649788702,nan,-,-,-,-,Desconexión
2115,84.6,-16775443,-7.072360467636038,nan,-,-,-,-,Desconexión
2116,84.64,-16775516,-4.076181613090199,nan,-,-,-,-,Desconexión
2117,84.68,-16775529,-2.354638746596528,nan,-,-,-,-,Desconexión
2118,84.72,-16775471,-2.989133604690725,nan,-,-,-,-,Desconexión
2119,84.76,-16775445,-3.2448638684004507,nan,-,-,-,-,Desconexión
2120,84.8,-16775492,-0.86018640582376,nan,-,-,-,-,Desconexión
2121,84.84,-16775490,1.870064354135108,nan,-,-,-,-,Desconexión
2122,84.88,-16775452,4.76819704909507,nan,-,-,-,-,Desconexión
2123,84.92,-16775514,8.80047778145746,nan,-,-,-,-,Desconexión
2124,84.96,-16775534,7.321075200385032,nan,-,-,-,-,Desconexión
2125,85.0,-16775425,-0.4376759579109475,nan,-,-,-,-,Desconexión
2126,85.04,-16775422,-3.0145000933206845,nan,-,-,-,-,Desconexión
2127,85.08,-16775464,-0.44214714082802864,nan,-,-,-,-,Desconexión
2128,85.12,-16775479,3.0333309747209505,nan,-,-,-,-,Desconexión
2129,85.16,-16775455,3.1348528124364528,nan,-,-,-,-,Desconexión
2130,85.2,-16775505,2.2061577445927014,nan,-,-,-,-,Desconexión
2131,85.24,-16775488,-1.5349938921950415,nan,-,-,-,-,Desconexión
2132,85.28,-16775524,-1.3793405164136097,nan,-,-,-,-,Desconexión
2133,85.32,-16775501,-0.46087097524426035,nan,-,-,-,-,Desconexión
2134,85.36,-16775469,1.6860244561055993,nan,-,-,-,-,Desconexión
2135,85.4,-16775451,3.23962495187714,nan,-,-,-,-,Desconexión
2136,85.44,-16775517,3.3271210130526185,nan,-,-,-,-,Desconexión
2137,85.48,-16775483,-3.357035963725181,nan,-,-,-,-,Desconexión
2138,85.52,-16775463,-8.381697739678621,nan,-,-,-,-,Desconexión
2139,85.56,-16775447,-8.993355851315691,nan,-,-,-,-,Desconexión
2140,85.6,-16775512,-4.268875289186141,nan,-,-,-,-,Desconexión
2141,85.64,-16775506,-1.4445468836993633,nan,-,-,-,-,Desconexión
2142,85.68,-16775439,-0.49696872148133053,nan,-,-,-,-,Desconexión
2143,85.72,-16775462,3.2036227753068793,nan,-,-,-,-,Desconexión
2144,85.76,-16775495,5.408698404430243,nan,-,-,-,-,Desconexión
2145,85.8,-16775427,1.6465807733518751,nan,-,-,-,-,Desconexión
2146,85.84,-16775452,0.20908906893374546,nan,-,-,-,-,Desconexión
2147,85.88,-16775469,0.4643205463496205,nan,-,-,-,-,Desconexión
2148,85.92,-16775461,1.1744061766176674,nan,-,-,-,-,Desconexión
2149,85.96,-16775458,0.8629142150103597,nan,-,-,-,-,Desconexión
2150,86.0,-16775488,0.7689542642597615,nan,-,-,-,-,Desconexión
2151,86.04,-16775447,-0.004474724198429314,nan,-,-,-,-,Desconexión
2152,86.08,-16775496,3.4996141108607013,nan,-,-,-,-,Desconexión
2153,86.12,-16775484,3.679099114113626,nan,-,-,-,-,Desconexión
2154,86.16,-16775448,0.9699910514629195,nan,-,-,-,-,Desconexión
2155,86.2,-16775511,1.0422802923872716,nan,-,-,-,-,Desconexión
2156,86.24,-16775549,0.7003970368996377,nan,-,-,-,-,Desconexión
2157,86.28,-16775504,-2.17790895739237,nan,-,-,-,-,Desconexión
2158,86.32,-16775426,-5.531382554017334,nan,-,-,-,-,Desconexión
2159,86.36,-16775503,-2.931845793001608,nan,-,-,-,-,Desconexión
2160,86.4,-16775481,-3.052391181505209,nan,-,-,-,-,Desconexión
2161,86.44,-16775497,-1.9998781479040448,nan,-,-,-,-,Desconexión
2162,86.48,-16775470,-2.403190711607504,nan,-,-,-,-,Desconexión
2163,86.52,-16775493,-1.458246861456674,nan,-,-,-,-,Desconexión
2164,86.56,-16775487,-1.9848585809499628,nan,-,-,-,-,Desconexión
2165,86.6,-16775460,-2.812261158533957,nan,-,-,-,-,Desconexión
2166,86.64,-16775513,1.2446417260901406,nan,-,-,-,-,Desconexión
2167,86.68,-16775419,2.5084142425297244,nan,-,-,-,-,Desconexión
2168,86.72,-16775498,7.2317500505462675,nan,-,-,-,-,Desconexión
2169,86.76,-16775477,4.163726548282958,nan,-,-,-,-,Desconexión
2170,86.8,-16775475,0.18334167447324212,nan,-,-,-,-,Desconexión
2171,86.84,-16775465,-1.328927376664665,nan,-,-,-,-,Desconexión
2172,86.88,-16775538,2.3586784212031873,nan,-,-,-,-,Desconexión
2173,86.92,-16775489,1.8922493964137095,nan,-,-,-,-,Desconexión
2174,86.96,-16775475,1.2928250314909402,nan,-,-,-,-,Desconexión
2175,87.0,-16775493,1.2576328448613114,nan,nan,-,-,-,Desconexión
2176,87.04,-16775507,1.1070496674287043,nan,-,-,-,-,Desconexión
2177,87.08,-16775530,0.832187570935865,nan,-,-,-,-,Desconexión
2178,87.12,-16775480,-2.3235821175880034,nan,-,-,-,-,Desconexión
2179,87.16,-16775469,-4.017250119385491,nan,-,-,-,-,Desconexión
2180,87.2,-16775506,-3.3309953401560155,nan,-,-,-,-,Desconexión
2181,87.24,-16775484,-3.7807015152986825,nan,-,-,-,-,Desconexión
2182,87.28,-16775462,-3.365202619191141,nan,-,-,-,-,Desconexión
2183,87.32,-16775461,-1.3190373275412295,nan,-,-,-,-,Desconexión
2184,87.36,-16775469,0.599096254466605,nan,-,-,-,-,Desconexión
2185,87.4,-16775422,-1.0092636520215201,nan,-,-,-,-,Desconexión
2186,87.44,-16775502,1.0434055114788805,nan,-,-,-,-,Desconexión
2187,87.48,-16775509,2.5624148039010137,nan,-,-,-,-,Desconexión
2188,87.52,-16775486,4.227681863538402,nan,-,-,-,-,Desconexión
2189,87.56,-16775539,6.658606343618608,nan,-,-,-,-,Desconexión
2190,87.6,-16775547,5.339741543092643,nan,-,-,-,-,Desconexión
2191,87.64,-16775438,0.10097600955532471,nan,-,-,-,-,Desconexión
2192,87.68,-16775466,0.3639998000206681,nan,-,-,-,-,Desconexión
2193,87.72,-16775484,0.17786562182537224,nan,-,-,-,-,Desconexión
2194,87.76,-16775519,-0.9119292783661486,nan,-,-,-,-,Desconexión
2195,87.8,-16775499,-4.724015871633322,nan,-,-,-,-,Desconexión
2196,87.84,-16775447,-8.732255810270793,nan,-,-,-,-,Desconexión
2197,87.88,-16775456,-8.204175912611618,nan,-,-,-,-,Desconexión
2198,87.92,-16775497,-3.720803693777704,nan,-,-,-,-,Desconexión
2199,87.96,-16775441,-0.5738423527875831,nan,-,-,-,-,Desconexión
2200,88.0,-16775438,4.204578349317268,nan,-,-,-,-,Desconexión
2201,88.04,-16775446,6.7009451979782835,nan,-,-,-,-,Desconexión
2202,88.08,-16775417,3.5381602744526504,nan,-,-,-,-,Desconexión
2203,88.12,-16775448,0.09870803036950981,nan,-,-,-,-,Desconexión
2204,88.16,-16775482,-0.28781222709049814,nan,-,-,-,-,Desconexión
2205,88.2,-16775488,2.8517419409501557,nan,-,-,-,-,Desconexión
2206,88.24,-16775463,5.213302831695426,nan,-,-,-,-,Desconexión
2207,88.28,-16775480,5.273741244991836,nan,-,-,-,-,Desconexión
2208,88.32,-16775479,2.477181329009139,nan,-,-,-,-,Desconexión
2209,88.36,-16775469,0.49932536582383147,nan,-,-,-,-,Desconexión
2210,88.4,-16775446,-0.5973316159042845,nan,-,-,-,-,Desconexión
2211,88.44,-16775373,-4.234460690184584,nan,-,-,-,-,Desconexión
2212,88.48,-16775451,-4.566695436477416,nan,-,-,-,-,Desconexión
2213,88.52,-16775504,-5.386621984707936,nan,-,-,-,-,Desconexión
2214,88.56,-16775484,-5.992133107841248,nan,-,-,-,-,Desconexión
2215,88.6,-16775493,-2.7490446887417335,nan,-,-,-,-,Desconexión
2216,88.64,-16775458,-0.07989110762483165,nan,-,-,-,-,Desconexión
2217,88.68,-16775519,4.222477189623014,nan,-,-,-,-,Desconexión
2218,88.72,-16775433,2.4179598089239462,nan,-,-,-,-,Desconexión
2219,88.76,-16775432,3.1058659837459004,nan,-,-,-,-,Desconexión
2220,88.8,-16775493,4.669638710554871,nan,-,-,-,-,Desconexión
2221,88.84,-16775477,0.5059067768969951,nan,-,-,-,-,Desconexión
2222,88.88,-16775466,-5.664968849348108,nan,-,-,-,-,Desconexión
2223,88.92,-16775452,-9.083452560937562,nan,-,-,-,-,Desconexión
2224,88.96,-16775462,-5.716061679638506,nan,-,-,-,-,Desconexión
2225,89.0,-16775421,-0.8221710803068056,nan,-,-,-,-,Desconexión
2226,89.04,-16775483,5.546293264870226,nan,-,-,-,-,Desconexión
2227,89.08,-16775477,6.282416321633857,nan,-,-,-,-,Desconexión
2228,89.12,-16775520,6.3104931106186015,nan,-,-,-,-,Desconexión
2229,89.16,-16775470,2.026151846357352,nan,-,-,-,-,Desconexión
2230,89.2,-16775450,-1.3945031229359408,nan,-,-,-,-,Desconexión
2231,89.24,-16775460,-1.7433996152759743,nan,-,-,-,-,Desconexión
2232,89.28,-16775477,0.6378165941943221,nan,-,-,-,-,Desconexión
2233,89.32,-16775443,1.2744423421602313,nan,-,-,-,-,Desconexión
2234,89.36,-16775431,0.0555090404193308,nan,-,-,-,-,Desconexión
2235,89.4,-16775515,-0.27502462168017416,nan,-,-,-,-,Desconexión
2236,89.44,-16775489,-3.880241008906591,nan,-,-,-,-,Desconexión
2237,89.48,-16775450,-5.051786780079029,nan,-,-,-,-,Desconexión
2238,89.52,-16775449,-1.599054684597684,nan,-,-,-,-,Desconexión
2239,89.56,-16775419,1.7955929421354604,nan,-,-,-,-,Desconexión
2240,89.6,-16775476,5.382388849899556,nan,-,-,-,-,Desconexión
2241,89.64,-16775465,3.4170982230845155,nan,-,-,-,-,Desconexión
2242,89.68,-16775471,0.9456025230922691,nan,-,-,-,-,Desconexión
2243,89.72,-16775432,-2.1472249422963046,nan,-,-,-,-,Desconexión
2244,89.76,-16775464,-2.1975573627576717,nan,-,-,-,-,Desconexión
2245,89.8,-16775456,-2.408585174992332,nan,-,-,-,-,Desconexión
2246,89.84,-16775454,-0.08635425575760625,nan,-,-,-,-,Desconexión
2247,89.88,-16775505,4.978403693251835,nan,-,-,-,-,Desconexión
2248,89.92,-16775445,3.746274818377602,nan,-,-,-,-,Desconexión
2249,89.96,-16775438,0.2224576991496363,nan,-,-,-,-,Desconexión
2250,90.0,-16775485,-2.1945987282090975,nan,nan,-,-,-,Desconexión
2251,90.04,-16775412,-5.225393801352094,nan,-,-,-,-,Desconexión
2252,90.08,-16775400,-3.148828372345534,nan,-,-,-,-,Desconexión
2253,90.12,-16775445,0.5733486210142651,nan,-,-,-,-,Desconexión
2254,90.16,-16775534,3.223298775141572,nan,-,-,-,-,Desconexión
2255,90.2,-16775515,0.9685768019541783,nan,-,-,-,-,Desconexión
2256,90.24,-16775502,-0.13604222834366198,nan,-,-,-,-,Desconexión
2257,90.28,-16775513,1.3265713438530713,nan,-,-,-,-,Desconexión
2258,90.32,-16775451,1.0695846203021446,nan,-,-,-,-,Desconexión
2259,90.36,-16775447,1.7014581906564175,nan,-,-,-,-,Desconexión
2260,90.4,-16775473,1.8163492611571925,nan,-,-,-,-,Desconexión
2261,90.44,-16775439,-1.4211360232559649,nan,-,-,-,-,Desconexión
2262,90.48,-16775435,-5.431171627990491,nan,-,-,-,-,Desconexión
2263,90.52,-16775462,-9.006246444711055,nan,-,-,-,-,Desconexión
2264,90.56,-16775451,-10.251097762508044,nan,-,-,-,-,Desconexión
2265,90.6,-16775506,-3.0425577351052056,nan,-,-,-,-,Desconexión
2266,90.64,-16775445,3.703942375915748,nan,-,-,-,-,Desconexión
2267,90.68,-16775527,12.209509985586614,nan,-,-,-,-,Desconexión
2268,90.72,-16775453,10.005141287879153,nan,-,-,-,-,Desconexión
2269,90.76,-16775429,5.437472100522072,nan,-,-,-,-,Desconexión
2270,90.8,-16775429,1.1415042997525227,nan,-,-,-,-,Desconexión
2271,90.84,-16775441,-1.1639844468094953,nan,-,-,-,-,Desconexión
2272,90.88,-16775444,-2.460628397976987,nan,-,-,-,-,Desconexión
2273,90.92,-16775418,-4.450445089526395,nan,-,-,-,-,Desconexión
2274,90.96,-16775385,-6.095170079849726,nan,-,-,-,-,Desconexión
2275,91.0,-16775438,-3.275242281720306,nan,-,-,-,-,Desconexión
2276,91.04,-16775458,0.35988830654795834,nan,-,-,-,-,Desconexión
2277,91.08,-16775433,3.390820191958335,nan,-,-,-,-,Desconexión
2278,91.12,-16775442,6.63753557932238,nan,-,-,-,-,Desconexión
2279,91.16,-16775475,7.875057333512938,nan,-,-,-,-,Desconexión
2280,91.2,-16775490,5.332482917355758,nan,-,-,-,-,Desconexión
2281,91.24,-16775486,1.3741248335031457,nan,-,-,-,-,Desconexión
2282,91.28,-16775497,-0.16017594694042536,nan,-,-,-,-,Desconexión
2283,91.32,-16775424,-2.9048902367704414,nan,-,-,-,-,Desconexión
2284,91.36,-16775447,-3.646124702112086,nan,-,-,-,-,Desconexión
2285,91.4,-16775458,-6.1204259406152115,nan,-,-,-,-,Desconexión
2286,91.44,-16775459,-7.592936882576685,nan,-,-,-,-,Desconexión
2287,91.48,-16775412,-7.895584156345279,nan,-,-,-,-,Desconexión
2288,91.52,-16775399,-6.209098698990658,nan,-,-,-,-,Desconexión
2289,91.56,-16775459,-2.842481003179433,nan,-,-,-,-,Desconexión
2290,91.6,-16775473,-0.4254834587676939,nan,-,-,-,-,Desconexión
2291,91.64,-16775464,3.1288492752614445,nan,-,-,-,-,Desconexión
2292,91.68,-16775442,6.585854797563879,nan,-,-,-,-,Desconexión
2293,91.72,-16775442,8.001678785658466,nan,-,-,-,-,Desconexión
2294,91.76,-16775428,5.381932213987145,nan,-,-,-,-,Desconexión
2295,91.8,-16775425,2.2067476962419867,nan,-,-,-,-,Desconexión
2296,91.84,-16775450,1.825098958389944,nan,-,-,-,-,Desconexión
2297,91.88,-16775421,0.7004267251364595,nan,-,-,-,-,Desconexión
2298,91.92,-16775419,-1.3118159153856626,nan,-,-,-,-,Desconexión
2299,91.96,-16775446,-3.622593040066704,nan,-,-,-,-,Desconexión
2300,92.0,-16775480,-3.1655862163684034,nan,-,-,-,-,Desconexión
2301,92.04,-16775466,-0.29231827618839645,nan,-,-,-,-,Desconexión
2302,92.08,-16775461,3.55516839829752,nan,-,-,-,-,Desconexión
2303,92.12,-16775456,4.308803879172228,nan,-,-,-,-,Desconexión
2304,92.16,-16775496,3.2990543314397947,nan,-,-,-,-,Desconexión
2305,92.2,-16775416,-2.1569241478262953,nan,-,-,-,-,Desconexión
2306,92.24,-16775496,-1.1299104961292947,nan,-,-,-,-,Desconexión
2307,92.28,-16775442,-3.379453320436429,nan,-,-,-,-,Desconexión
2308,92.32,-16775480,-3.041660719307541,nan,-,-,-,-,Desconexión
2309,92.36,-16775410,-6.514110847413832,nan,-,-,-,-,Desconexión
2310,92.4,-16775425,-5.796184835404095,nan,-,-,-,-,Desconexión
2311,92.44,-16775461,-1.9898765087918093,nan,-,-,-,-,Desconexión
2312,92.48,-16775476,1.830203389591663,nan,-,-,-,-,Desconexión
2313,92.52,-16775425,2.020095518635724,nan,-,-,-,-,Desconexión
2314,92.56,-16775476,3.7944375918991113,nan,-,-,-,-,Desconexión
2315,92.6,-16775481,3.463147998936428,nan,-,-,-,-,Desconexión
2316,92.64,-16775418,1.1201747402897873,nan,-,-,-,-,Desconexión
2317,92.68,-16775454,2.557202655706166,nan,-,-,-,-,Desconexión
2318,92.72,-16775490,4.3157190925380675,nan,-,-,-,-,Desconexión
2319,92.76,-16775431,1.8704913829783916,nan,-,-,-,-,Desconexión
2320,92.8,-16775424,-0.9621143535942096,nan,-,-,-,-,Desconexión
2321,92.84,-16775454,-2.968697491459758,nan,-,-,-,-,Desconexión
2322,92.88,-16775477,-2.9186966343017318,nan,-,-,-,-,Desconexión
2323,92.92,-16775486,-0.8823959527242096,nan,-,-,-,-,Desconexión
2324,92.96,-16775390,-1.9059196858728669,nan,-,-,-,-,Desconexión
2325,93.0,-16775503,2.694426037238088,nan,nan,-,-,-,Desconexión
2326,93.04,-16775397,-0.7252576286012129,nan,-,-,-,-,Desconexión
2327,93.08,-16775424,-0.3676900440614883,nan,-,-,-,-,Desconexión
2328,93.12,-16775458,0.5872657275056135,nan,-,-,-,-,Desconexión
2329,93.16,-16775477,1.6669700197798676,nan,-,-,-,-,Desconexión
2330,93.2,-16775458,0.7734732191536136,nan,-,-,-,-,Desconexión
2331,93.24,-16775462,-0.7463050635811057,nan,-,-,-,-,Desconexión
2332,93.28,-16775468,-1.3922549274930711,nan,-,-,-,-,Desconexión
2333,93.32,-16775450,-0.21165485946751694,nan,-,-,-,-,Desconexión
2334,93.36,-16775541,5.169469929491562,nan,-,-,-,-,Desconexión
2335,93.4,-16775466,2.938732514642817,nan,-,-,-,-,Desconexión
2336,93.44,-16775437,-0.4615277843217882,nan,-,-,-,-,Desconexión
2337,93.48,-16775461,-3.1425199919276086,nan,-,-,-,-,Desconexión
2338,93.52,-16775396,-7.66065927027298,nan,-,-,-,-,Desconexión
2339,93.56,-16775458,-5.329254412951233,nan,-,-,-,-,Desconexión
2340,93.6,-16775401,-4.214243901276578,nan,-,-,-,-,Desconexión
2341,93.64,-16775497,1.7237318495972431,nan,-,-,-,-,Desconexión
2342,93.68,-16775461,1.1564108530579045,nan,-,-,-,-,Desconexión
2343,93.72,-16775432,-0.2859208881668369,nan,-,-,-,-,Desconexión
2344,93.76,-16775435,1.0563426832737992,nan,-,-,-,-,Desconexión
2345,93.8,-16775418,4.089717294767963,nan,-,-,-,-,Desconexión
2346,93.84,-16775388,6.102647177462998,nan,-,-,-,-,Desconexión
2347,93.88,-16775475,8.17014450409738,nan,-,-,-,-,Desconexión
2348,93.92,-16775470,3.8956185954229525,nan,-,-,-,-,Desconexión
2349,93.96,-16775468,-0.8615980588824499,nan,-,-,-,-,Desconexión
2350,94.0,-16775479,-3.353624590833391,nan,-,-,-,-,Desconexión
2351,94.04,-16775439,-4.467096654752041,nan,-,-,-,-,Desconexión
2352,94.08,-16775511,0.7236064982412742,nan,-,-,-,-,Desconexión
2353,94.12,-16775456,2.216708905410938,nan,-,-,-,-,Desconexión
2354,94.16,-16775475,3.3628299785069284,nan,-,-,-,-,Desconexión
2355,94.2,-16775471,-0.0005489147236108494,nan,-,-,-,-,Desconexión
2356,94.24,-16775462,-5.306067044472172,nan,-,-,-,-,Desconexión
2357,94.28,-16775424,-9.80123957594627,nan,-,-,-,-,Desconexión
2358,94.32,-16775500,-6.42690922172638,nan,-,-,-,-,Desconexión
2359,94.36,-16775485,-2.658151444235921,nan,-,-,-,-,Desconexión
2360,94.4,-16775500,1.7812024667857251,nan,-,-,-,-,Desconexión
2361,94.44,-16775460,1.7030170121384245,nan,-,-,-,-,Desconexión
2362,94.48,-16775453,0.9062121419232234,nan,-,-,-,-,Desconexión
2363,94.52,-16775441,0.4793612014089206,nan,-,-,-,-,Desconexión
2364,94.56,-16775458,2.06795572026498,nan,-,-,-,-,Desconexión
2365,94.6,-16775404,1.2155802982777821,nan,-,-,-,-,Desconexión
2366,94.64,-16775433,1.635650814031548,nan,-,-,-,-,Desconexión
2367,94.68,-16775453,0.3467376205758441,nan,-,-,-,-,Desconexión
2368,94.72,-16775497,-0.04233931951031167,nan,-,-,-,-,Desconexión
2369,94.76,-16775450,-0.924608417698531,nan,-,-,-,-,Desconexión
2370,94.8,-16775472,3.124131294600307,nan,-,-,-,-,Desconexión
2371,94.84,-16775502,7.306806821882564,nan,-,-,-,-,Desconexión
2372,94.88,-16775432,5.302575102078311,nan,-,-,-,-,Desconexión
2373,94.92,-16775535,6.033223408160168,nan,-,-,-,-,Desconexión
2374,94.96,-16775487,1.1457831982714848,nan,-,-,-,-,Desconexión
2375,95.0,-16775492,-1.8356734089486197,nan,-,-,-,-,Desconexión
2376,95.04,-16775445,-6.450976557115617,nan,-,-,-,-,Desconexión
2377,95.08,-16775401,-10.016027805698755,nan,-,-,-,-,Desconexión
2378,95.12,-16775420,-8.718541899629702,nan,-,-,-,-,Desconexión
2379,95.16,-16775445,-4.555351759796327,nan,-,-,-,-,Desconexión
2380,95.2,-16775484,0.06804184526463786,nan,-,-,-,-,Desconexión
2381,95.24,-16775432,-0.22763871984134276,nan,-,-,-,-,Desconexión
2382,95.28,-16775421,-0.5414696923556015,nan,-,-,-,-,Desconexión
2383,95.32,-16775424,0.3063912955480692,nan,-,-,-,-,Desconexión
2384,95.36,-16775479,4.9722512952850195,nan,-,-,-,-,Desconexión
2385,95.4,-16775485,9.235774098481713,nan,-,-,-,-,Desconexión
2386,95.44,-16775456,10.06590706266638,nan,-,-,-,-,Desconexión
2387,95.48,-16775436,6.082669062039352,nan,-,-,-,-,Desconexión
2388,95.52,-16775430,-1.011739048734409,nan,-,-,-,-,Desconexión
2389,95.56,-16775452,-5.56617921437937,nan,-,-,-,-,Desconexión
2390,95.6,-16775434,-5.968252888984851,nan,-,-,-,-,Desconexión
2391,95.64,-16775449,-1.7502786090517404,nan,-,-,-,-,Desconexión
2392,95.68,-16775460,0.4896047301003481,nan,-,-,-,-,Desconexión
2393,95.72,-16775460,-1.679288845049431,nan,-,-,-,-,Desconexión
2394,95.76,-16775436,-4.992548560167247,nan,-,-,-,-,Desconexión
2395,95.8,-16775408,-4.426260152343239,nan,-,-,-,-,Desconexión
2396,95.84,-16775427,0.8322190654580073,nan,-,-,-,-,Desconexión
2397,95.88,-16775411,3.430588096187419,nan,-,-,-,-,Desconexión
2398,95.92,-16775517,5.812975742198304,nan,-,-,-,-,Desconexión
2399,95.96,-16775516,2.581314376641224,nan,-,-,-,-,Desconexión
2400,96.0,-16775478,-0.9316040982066844,nan,nan,-,-,-,Desconexión
2401,96.04,-16775449,-2.1856014000955852,nan,-,-,-,-,Desconexión
2402,96.08,-16775475,-0.31115345500467484,nan,-,-,-,-,Desconexión
2403,96.12,-16775447,0.46961507683499093,nan,-,-,-,-,Desconexión
2404,96.16,-16775522,3.9797818681605293,nan,-,-,-,-,Desconexión
2405,96.2,-16775430,-0.2905078416859652,nan,-,-,-,-,Desconexión
2406,96.24,-16775480,-2.991802073726057,nan,-,-,-,-,Desconexión
2407,96.28,-16775480,-7.747234620646763,nan,-,-,-,-,Desconexión
2408,96.32,-16775438,-9.927871440519969,nan,-,-,-,-,Desconexión
2409,96.36,-16775470,-3.8566079543087373,nan,-,-,-,-,Desconexión
2410,96.4,-16775493,4.304419370535907,nan,-,-,-,-,Desconexión
2411,96.44,-16775458,6.8986696484318974,nan,-,-,-,-,Desconexión
2412,96.48,-16775482,5.6400185592471495,nan,-,-,-,-,Desconexión
2413,96.52,-16775410,-0.5923943687676427,nan,-,-,-,-,Desconexión
2414,96.56,-16775463,-0.28993284831862454,nan,-,-,-,-,Desconexión
2415,96.6,-16775436,0.2493853123462486,nan,-,-,-,-,Desconexión
2416,96.64,-16775456,2.3672403700742333,nan,-,-,-,-,Desconexión
2417,96.68,-16775492,3.374920417932394,nan,-,-,-,-,Desconexión
2418,96.72,-16775472,1.4296165651535553,nan,-,-,-,-,Desconexión
2419,96.76,-16775455,-0.3748425947352949,nan,-,-,-,-,Desconexión
2420,96.8,-16775493,0.7003002342699034,nan,-,-,-,-,Desconexión
2421,96.84,-16775436,0.23187122108342706,nan,-,-,-,-,Desconexión
2422,96.88,-16775490,3.4937467248464635,nan,-,-,-,-,Desconexión
2423,96.92,-16775420,0.8315630496339317,nan,-,-,-,-,Desconexión
2424,96.96,-16775455,-0.8327987321276364,nan,-,-,-,-,Desconexión
2425,97.0,-16775443,-4.451222826175567,nan,-,-,-,-,Desconexión
2426,97.04,-16775419,-6.5249267208915604,nan,-,-,-,-,Desconexión
2427,97.08,-16775427,-4.815629817687689,nan,-,-,-,-,Desconexión
2428,97.12,-16775412,-2.136196235348124,nan,-,-,-,-,Desconexión
2429,97.16,-16775452,2.023434049729456,nan,-,-,-,-,Desconexión
2430,97.2,-16775451,3.363822397402597,nan,-,-,-,-,Desconexión
2431,97.24,-16775450,3.571930002477451,nan,-,-,-,-,Desconexión
2432,97.28,-16775429,2.8686489959921544,nan,-,-,-,-,Desconexión
2433,97.32,-16775480,4.257299672607502,nan,-,-,-,-,Desconexión
2434,97.36,-16775482,3.5698572689860235,nan,-,-,-,-,Desconexión
2435,97.4,-16775473,2.143692634466621,nan,-,-,-,-,Desconexión
2436,97.44,-16775426,-0.7136671889629511,nan,-,-,-,-,Desconexión
2437,97.48,-16775426,-2.5687315842399556,nan,-,-,-,-,Desconexión
2438,97.52,-16775459,-3.7471063338740813,nan,-,-,-,-,Desconexión
2439,97.56,-16775395,-7.097649899586344,nan,-,-,-,-,Desconexión
2440,97.6,-16775455,-4.380341813107924,nan,-,-,-,-,Desconexión
2441,97.64,-16775477,-1.7033873946778684,nan,-,-,-,-,Desconexión
2442,97.68,-16775480,-0.3825170772398536,nan,-,-,-,-,Desconexión
2443,97.72,-16775494,0.4456720750715526,nan,-,-,-,-,Desconexión
2444,97.76,-16775408,-0.8922389925360221,nan,-,-,-,-,Desconexión
2445,97.8,-16775498,4.892036945756168,nan,-,-,-,-,Desconexión
2446,97.84,-16775458,5.470674888712369,nan,-,-,-,-,Desconexión
2447,97.88,-16775481,4.810811680749371,nan,-,-,-,-,Desconexión
2448,97.92,-16775456,0.2175956151194498,nan,-,-,-,-,Desconexión
2449,97.96,-16775493,-2.3829790983835313,nan,-,-,-,-,Desconexión
2450,98.0,-16775485,-4.955826754382674,nan,-,-,-,-,Desconexión
2451,98.04,-16775505,-4.2760444171768714,nan,-,-,-,-,Desconexión
2452,98.08,-16775492,-1.9314442970443872,nan,-,-,-,-,Desconexión
2453,98.12,-16775481,1.4023458440443122,nan,-,-,-,-,Desconexión
2454,98.16,-16775467,2.3881566445366254,nan,-,-,-,-,Desconexión
2455,98.2,-16775426,-0.5631793251313653,nan,-,-,-,-,Desconexión
2456,98.24,-16775485,-0.7973041775322844,nan,-,-,-,-,Desconexión
2457,98.28,-16775483,-1.2200923334115839,nan,-,-,-,-,Desconexión
2458,98.32,-16775486,-0.3850745217578364,nan,-,-,-,-,Desconexión
2459,98.36,-16775439,-1.5176397668843968,nan,-,-,-,-,Desconexión
2460,98.4,-16775483,0.2131993434086379,nan,-,-,-,-,Desconexión
2461,98.44,-16775516,2.656950614202053,nan,-,-,-,-,Desconexión
2462,98.48,-16775465,3.347838115524219,nan,-,-,-,-,Desconexión
2463,98.52,-16775403,3.0748447802778642,nan,-,-,-,-,Desconexión
2464,98.56,-16775501,5.603076274054338,nan,-,-,-,-,Desconexión
2465,98.6,-16775475,1.633408553397114,nan,-,-,-,-,Desconexión
2466,98.64,-16775490,-1.3943593573855573,nan,-,-,-,-,Desconexión
2467,98.68,-16775498,-2.26739583006049,nan,-,-,-,-,Desconexión
2468,98.72,-16775451,-2.385456533742026,nan,-,-,-,-,Desconexión
2469,98.76,-16775446,-1.201149106554329,nan,-,-,-,-,Desconexión
2470,98.8,-16775445,-1.2407584577073738,nan,-,-,-,-,Desconexión
2471,98.84,-16775453,-0.6541743844625147,nan,-,-,-,-,Desconexión
2472,98.88,-16775453,0.842513138106229,nan,-,-,-,-,Desconexión
2473,98.92,-16775455,1.0846813314918773,nan,-,-,-,-,Desconexión
2474,98.96,-16775473,-0.8620818725182495,nan,-,-,-,-,Desconexión
2475,99.0,-16775439,-4.051560106673937,nan,nan,-,-,-,Desconexión
2476,99.04,-16775449,-2.0308413438500814,nan,-,-,-,-,Desconexión
2477,99.08,-16775463,2.673246045047369,nan,-,-,-,-,Desconexión
2478,99.12,-16775437,4.686148578807975,nan,-,-,-,-,Desconexión
2479,99.16,-16775486,5.455825546942506,nan,-,-,-,-,Desconexión
2480,99.2,-16775514,2.975304321051347,nan,-,-,-,-,Desconexión
2481,99.24,-16775466,-1.8105917580338549,nan,-,-,-,-,Desconexión
2482,99.28,-16775500,-2.029376483732671,nan,-,-,-,-,Desconexión
2483,99.32,-16775481,-2.197283993849931,nan,-,-,-,-,Desconexión
2484,99.36,-16775430,-2.7899994082276365,nan,-,-,-,-,Desconexión
2485,99.4,-16775489,-0.2880906517432318,nan,-,-,-,-,Desconexión
2486,99.44,-16775486,-0.843650441198128,nan,-,-,-,-,Desconexión
2487,99.48,-16775464,-2.990405044267929,nan,-,-,-,-,Desconexión
2488,99.52,-16775426,-5.647600997491949,nan,-,-,-,-,Desconexión
2489,99.56,-16775432,-5.5616082437112375,nan,-,-,-,-,Desconexión
2490,99.6,-16775402,-4.329835148723557,nan,-,-,-,-,Desconexión
2491,99.64,-16775442,0.9390373053411452,nan,-,-,-,-,Desconexión
2492,99.68,-16775414,3.7034182616427866,nan,-,-,-,-,Desconexión
2493,99.72,-16775408,4.90141097876416,nan,-,-,-,-,Desconexión
2494,99.76,-16775478,6.0893001679961145,nan,-,-,-,-,Desconexión
2495,99.8,-16775458,3.6307556787233963,nan,-,-,-,-,Desconexión
2496,99.84,-16775503,4.8370506292030555,nan,-,-,-,-,Desconexión
2497,99.88,-16775465,5.287374116568148,nan,-,-,-,-,Desconexión
2498,99.92,-16775478,6.647244906029645,nan,-,-,-,-,Desconexión
2499,99.96,-16775462,3.8864374305018874,nan,-,-,-,-,Desconexión
2500,100.0,-16775455,-0.8584714085333758,nan,-,-,-,-,Desconexión
2501,100.04,-16775427,-5.71331747178127,nan,-,-,-,-,Desconexión
2502,100.08,-16775469,-6.494884636187248,nan,-,-,-,-,Desconexión
2503,100.12,-16775408,-9.47089661669461,nan,-,-,-,-,Desconexión
2504,100.16,-16775451,-8.287393886418835,nan,-,-,-,-,Desconexión
2505,100.2,-16775499,-5.023261072808687,nan,-,-,-,-,Desconexión
2506,100.24,-16775446,-2.705338949788624,nan,-,-,-,-,Desconexión
2507,100.28,-16775442,1.7353100718945118,nan,-,-,-,-,Desconexión
2508,100.32,-16775444,4.674117762374788,nan,-,-,-,-,Desconexión
2509,100.36,-16775493,6.782250869822416,nan,-,-,-,-,Desconexión
2510,100.4,-16775448,4.338894369596838,nan,-,-,-,-,Desconexión
2511,100.44,-16775453,2.8111952598347045,nan,-,-,-,-,Desconexión
2512,100.48,-16775446,0.5146148358173903,nan,-,-,-,-,Desconexión
2513,100.52,-16775448,-1.6312688856346282,nan,-,-,-,-,Desconexión
2514,100.56,-16775495,-1.6248915067494991,nan,-,-,-,-,Desconexión
2515,100.6,-16775461,-2.321198796100443,nan,-,-,-,-,Desconexión
2516,100.64,-16775477,0.31418482998216657,nan,-,-,-,-,Desconexión
2517,100.68,-16775477,1.7687057152728198,nan,-,-,-,-,Desconexión
2518,100.72,-16775454,0.17662074758127133,nan,-,-,-,-,Desconexión
2519,100.76,-16775436,-1.7695041384306585,nan,-,-,-,-,Desconexión
2520,100.8,-16775386,-2.959565897570826,nan,-,-,-,-,Desconexión
2521,100.84,-16775401,-1.1071098280534777,nan,-,-,-,-,Desconexión
2522,100.88,-16775452,0.5369447203780666,nan,-,-,-,-,Desconexión
2523,100.92,-16775403,-2.309624826074774,nan,-,-,-,-,Desconexión
2524,100.96,-16775493,0.23267099487926401,nan,-,-,-,-,Desconexión
2525,101.0,-16775475,1.3800804788807284,nan,-,-,-,-,Desconexión
2526,101.04,-16775486,4.415955227529324,nan,-,-,-,-,Desconexión
2527,101.08,-16775479,6.315411329891408,nan,-,-,-,-,Desconexión
2528,101.12,-16775468,6.868102735775548,nan,-,-,-,-,Desconexión
2529,101.16,-16775416,4.294850534333364,nan,-,-,-,-,Desconexión
2530,101.2,-16775395,0.13587370898110152,nan,-,-,-,-,Desconexión
2531,101.24,-16775391,-5.3704095919121215,nan,-,-,-,-,Desconexión
2532,101.28,-16775424,-8.826315929154028,nan,-,-,-,-,Desconexión
2533,101.32,-16775456,-8.99961289385914,nan,-,-,-,-,Desconexión
2534,101.36,-16775424,-7.774957790333491,nan,-,-,-,-,Desconexión
2535,101.4,-16775447,-2.6860630181448393,nan,-,-,-,-,Desconexión
2536,101.44,-16775441,2.197529079683573,nan,-,-,-,-,Desconexión
2537,101.48,-16775493,8.381694921359326,nan,-,-,-,-,Desconexión
2538,101.52,-16775411,8.429802791526154,nan,-,-,-,-,Desconexión
2539,101.56,-16775459,9.549155063211682,nan,-,-,-,-,Desconexión
2540,101.6,-16775425,4.313581283956578,nan,-,-,-,-,Desconexión
2541,101.64,-16775411,-2.555849685335705,nan,-,-,-,-,Desconexión
2542,101.68,-16775470,-5.7094309052863395,nan,-,-,-,-,Desconexión
2543,101.72,-16775502,-5.537673833542939,nan,-,-,-,-,Desconexión
2544,101.76,-16775483,-3.713688253120437,nan,-,-,-,-,Desconexión
2545,101.8,-16775492,-0.9522635889963267,nan,-,-,-,-,Desconexión
2546,101.84,-16775402,-2.832457455510358,nan,-,-,-,-,Desconexión
2547,101.88,-16775472,0.2015163403119189,nan,-,-,-,-,Desconexión
2548,101.92,-16775433,0.41350813386044294,nan,-,-,-,-,Desconexión
2549,101.96,-16775436,1.3239277563561007,nan,-,-,-,-,Desconexión
2550,102.0,-16775419,-0.6101867476852405,nan,nan,-,-,-,Desconexión
2551,102.04,-16775498,-1.235742558059954,nan,-,-,-,-,Desconexión
2552,102.08,-16775431,-5.74250348658035,nan,-,-,-,-,Desconexión
2553,102.12,-16775439,-4.117215610733181,nan,-,-,-,-,Desconexión
2554,102.16,-16775453,1.60706897684675,nan,-,-,-,-,Desconexión
2555,102.2,-16775483,7.9929132751186,nan,-,-,-,-,Desconexión
2556,102.24,-16775500,9.867563822600403,nan,-,-,-,-,Desconexión
2557,102.28,-16775443,4.917187513830015,nan,-,-,-,-,Desconexión
2558,102.32,-16775404,-0.6370698401835639,nan,-,-,-,-,Desconexión
2559,102.36,-16775475,-1.151181896358196,nan,-,-,-,-,Desconexión
2560,102.4,-16775504,-1.3348078752097052,nan,-,-,-,-,Desconexión
2561,102.44,-16775448,-3.0149091391235476,nan,-,-,-,-,Desconexión
2562,102.48,-16775467,-1.4826811186374833,nan,-,-,-,-,Desconexión
2563,102.52,-16775463,-1.286236541542845,nan,-,-,-,-,Desconexión
2564,102.56,-16775394,-4.4361292978503,nan,-,-,-,-,Desconexión
2565,102.6,-16775448,-2.769415180148168,nan,-,-,-,-,Desconexión
2566,102.64,-16775422,-0.8558860045424064,nan,-,-,-,-,Desconexión
2567,102.68,-16775453,3.46566285013564,nan,-,-,-,-,Desconexión
2568,102.72,-16775404,1.7417417640103334,nan,-,-,-,-,Desconexión
2569,102.76,-16775465,0.3320991025850404,nan,-,-,-,-,Desconexión
2570,102.8,-16775405,-3.243258693768839,nan,-,-,-,-,Desconexión
2571,102.84,-16775453,1.0682549204963045,nan,-,-,-,-,Desconexión
2572,102.88,-16775448,5.1126047613627446,nan,-,-,-,-,Desconexión
2573,102.92,-16775421,5.693671302369189,nan,-,-,-,-,Desconexión
2574,102.96,-16775443,4.306560596445792,nan,-,-,-,-,Desconexión
2575,103.0,-16775462,1.2625649761148665,nan,-,-,-,-,Desconexión
2576,103.04,-16775435,-2.3547239740827814,nan,-,-,-,-,Desconexión
2577,103.08,-16775431,-3.1276230549872395,nan,-,-,-,-,Desconexión
2578,103.12,-16775404,-3.3040711368161766,nan,-,-,-,-,Desconexión
2579,103.16,-16775399,-2.9263966171924984,nan,-,-,-,-,Desconexión
2580,103.2,-16775441,-1.5609400392022632,nan,-,-,-,-,Desconexión
2581,103.24,-16775503,0.5274003975668222,nan,-,-,-,-,Desconexión
2582,103.28,-16775481,0.30708978082259364,nan,-,-,-,-,Desconexión
2583,103.32,-16775471,0.42188192412869274,nan,-,-,-,-,Desconexión
2584,103.36,-16775438,-0.6416412774134734,nan,-,-,-,-,Desconexión
2585,103.4,-16775458,0.19799286870153132,nan,-,-,-,-,Desconexión
2586,103.44,-16775470,1.6784533317668924,nan,-,-,-,-,Desconexión
2587,103.48,-16775468,2.4772652336728336,nan,-,-,-,-,Desconexión
2588,103.52,-16775487,1.445019055582076,nan,-,-,-,-,Desconexión
2589,103.56,-16775520,-2.0205350124588897,nan,-,-,-,-,Desconexión
2590,103.6,-16775455,-8.399683071484322,nan,-,-,-,-,Desconexión
2591,103.64,-16775476,-7.633513123530545,nan,-,-,-,-,Desconexión
2592,103.68,-16775523,-1.0244747871652056,nan,-,-,-,-,Desconexión
2593,103.72,-16775425,1.6695146221575499,nan,-,-,-,-,Desconexión
2594,103.76,-16775480,5.165928503247782,nan,-,-,-,-,Desconexión
2595,103.8,-16775532,4.010390517813896,nan,-,-,-,-,Desconexión
2596,103.84,-16775505,-0.6558165397614495,nan,-,-,-,-,Desconexión
2597,103.88,-16775404,-5.333115962613228,nan,-,-,-,-,Desconexión
2598,103.92,-16775419,-3.4042360312721343,nan,-,-,-,-,Desconexión
2599,103.96,-16775455,0.5910797530760226,nan,-,-,-,-,Desconexión
2600,104.0,-16775443,2.648736183436191,nan,-,-,-,-,Desconexión
2601,104.04,-16775431,3.1839164153358697,nan,-,-,-,-,Desconexión
2602,104.08,-16775435,2.8092540308674145,nan,-,-,-,-,Desconexión
2603,104.12,-16775512,4.048852933431853,nan,-,-,-,-,Desconexión
2604,104.16,-16775448,0.9083079574899315,nan,-,-,-,-,Desconexión
2605,104.2,-16775475,2.513791052267063,nan,-,-,-,-,Desconexión
2606,104.24,-16775442,4.689529882111666,nan,-,-,-,-,Desconexión
2607,104.28,-16775410,6.009555763013243,nan,-,-,-,-,Desconexión
2608,104.32,-16775501,6.233404049437738,nan,-,-,-,-,Desconexión
2609,104.36,-16775461,-1.300467354602322,nan,-,-,-,-,Desconexión
2610,104.4,-16775468,-5.5380568104574035,nan,-,-,-,-,Desconexión
2611,104.44,-16775504,-5.171865156857017,nan,-,-,-,-,Desconexión
2612,104.48,-16775521,-3.98581645009957,nan,-,-,-,-,Desconexión
2613,104.52,-16775398,-6.851763970675407,nan,-,-,-,-,Desconexión
2614,104.56,-16775445,-2.9072244495310997,nan,-,-,-,-,Desconexión
2615,104.6,-16775366,-2.4200994281170196,nan,-,-,-,-,Desconexión
2616,104.64,-16775473,1.976103093362127,nan,-,-,-,-,Desconexión
2617,104.68,-16775495,0.7018553990129135,nan,-,-,-,-,Desconexión
2618,104.72,-16775422,-4.23692475997052,nan,-,-,-,-,Desconexión
2619,104.76,-16775396,-5.38452018068287,nan,-,-,-,-,Desconexión
2620,104.8,-16775437,-1.581350677104905,nan,-,-,-,-,Desconexión
2621,104.84,-16775437,2.561586193160961,nan,-,-,-,-,Desconexión
2622,104.88,-16775473,8.26455863717782,nan,-,-,-,-,Desconexión
2623,104.92,-16775434,9.663264405300522,nan,-,-,-,-,Desconexión
2624,104.96,-16775455,7.941352903421274,nan,-,-,-,-,Desconexión
2625,105.0,-16775494,2.170305326539715,nan,nan,-,-,-,Desconexión
2626,105.04,-16775450,-5.223390148454823,nan,-,-,-,-,Desconexión
2627,105.08,-16775381,-7.117945386214295,nan,-,-,-,-,Desconexión
2628,105.12,-16775463,0.32366822942800866,nan,-,-,-,-,Desconexión
2629,105.16,-16775467,2.9020240325750777,nan,-,-,-,-,Desconexión
2630,105.2,-16775458,-0.3380685523372362,nan,-,-,-,-,Desconexión
2631,105.24,-16775431,-5.413477815398156,nan,-,-,-,-,Desconexión
2632,105.28,-16775524,-3.1417449536328164,nan,-,-,-,-,Desconexión
2633,105.32,-16775459,-2.788202069138288,nan,-,-,-,-,Desconexión
2634,105.36,-16775466,0.11639526903047681,nan,-,-,-,-,Desconexión
2635,105.4,-16775522,3.7461213056776614,nan,-,-,-,-,Desconexión
2636,105.44,-16775451,2.430766543442619,nan,-,-,-,-,Desconexión
2637,105.48,-16775418,0.2980385047705951,nan,-,-,-,-,Desconexión
2638,105.52,-16775500,-0.4462198747776416,nan,-,-,-,-,Desconexión
2639,105.56,-16775438,-5.24388146398196,nan,-,-,-,-,Desconexión
2640,105.6,-16775496,-3.147532870156617,nan,-,-,-,-,Desconexión
2641,105.64,-16775463,-2.2192398371395896,nan,-,-,-,-,Desconexión
2642,105.68,-16775439,-1.4691078858951379,nan,-,-,-,-,Desconexión
2643,105.72,-16775500,1.6403266352543184,nan,-,-,-,-,Desconexión
2644,105.76,-16775543,4.539648056547321,nan,-,-,-,-,Desconexión
2645,105.8,-16775483,4.190048684746602,nan,-,-,-,-,Desconexión
2646,105.84,-16775465,4.178933346320829,nan,-,-,-,-,Desconexión
2647,105.88,-16775477,3.0088026149244254,nan,-,-,-,-,Desconexión
2648,105.92,-16775438,-1.4870280071700996,nan,-,-,-,-,Desconexión
2649,105.96,-16775417,-4.453245978155746,nan,-,-,-,-,Desconexión
2650,106.0,-16775560,0.435433994037254,nan,-,-,-,-,Desconexión
2651,106.04,-16775478,-1.0551712764994496,nan,-,-,-,-,Desconexión
2652,106.08,-16775480,-1.4329570888767726,nan,-,-,-,-,Desconexión
2653,106.12,-16775426,-4.394038100292363,nan,-,-,-,-,Desconexión
2654,106.16,-16775460,-2.0838200900619714,nan,-,-,-,-,Desconexión
2655,106.2,-16775460,2.392970486252193,nan,-,-,-,-,Desconexión
2656,106.24,-16775399,4.482469926887273,nan,-,-,-,-,Desconexión
2657,106.28,-16775480,6.787312142120157,nan,-,-,-,-,Desconexión
2658,106.32,-16775437,0.9551683939747329,nan,-,-,-,-,Desconexión
2659,106.36,-16775430,-4.195535357371504,nan,-,-,-,-,Desconexión
2660,106.4,-16775404,-6.173599839114313,nan,-,-,-,-,Desconexión
2661,106.44,-16775430,-1.1915465265875422,nan,-,-,-,-,Desconexión
2662,106.48,-16775412,4.127444783860145,nan,-,-,-,-,Desconexión
2663,106.52,-16775476,8.332729994960019,nan,-,-,-,-,Desconexión
2664,106.56,-16775449,4.757411512795656,nan,-,-,-,-,Desconexión
2665,106.6,-16775424,0.06005387218647762,nan,-,-,-,-,Desconexión
2666,106.64,-16775437,-1.5518077173285956,nan,-,-,-,-,Desconexión
2667,106.68,-16775492,0.10152654097888814,nan,-,-,-,-,Desconexión
2668,106.72,-16775436,-0.7976195982608338,nan,-,-,-,-,Desconexión
2669,106.76,-16775500,1.9965197043153076,nan,-,-,-,-,Desconexión
2670,106.8,-16775438,-0.9920449448330082,nan,-,-,-,-,Desconexión
2671,106.84,-16775466,-3.075360045931882,nan,-,-,-,-,Desconexión
2672,106.88,-16775471,-5.63221818577719,nan,-,-,-,-,Desconexión
2673,106.92,-16775427,-7.005916478095632,nan,-,-,-,-,Desconexión
2674,106.96,-16775488,-2.4558218293604472,nan,-,-,-,-,Desconexión
2675,107.0,-16775453,-1.2761570193969103,nan,-,-,-,-,Desconexión
2676,107.04,-16775458,-1.1394189867959579,nan,-,-,-,-,Desconexión
2677,107.08,-16775448,-2.42447911107873,nan,-,-,-,-,Desconexión
2678,107.12,-16775505,0.038674495659492436,nan,-,-,-,-,Desconexión
2679,107.16,-16775537,3.346103484302475,nan,-,-,-,-,Desconexión
2680,107.2,-16775488,3.5588021398171055,nan,-,-,-,-,Desconexión
2681,107.24,-16775488,3.5006231949987416,nan,-,-,-,-,Desconexión
2682,107.28,-16775480,1.8265380700955482,nan,-,-,-,-,Desconexión
2683,107.32,-16775517,1.4046799515691264,nan,-,-,-,-,Desconexión
2684,107.36,-16775492,-0.41316898734545404,nan,-,-,-,-,Desconexión
2685,107.4,-16775550,0.9138424173027495,nan,-,-,-,-,Desconexión
2686,107.44,-16775463,-2.832314352894514,nan,-,-,-,-,Desconexión
2687,107.48,-16775453,-4.981915047167739,nan,-,-,-,-,Desconexión
2688,107.52,-16775484,-5.023903399212516,nan,-,-,-,-,Desconexión
2689,107.56,-16775575,-0.06319092224637046,nan,-,-,-,-,Desconexión
2690,107.6,-16775498,1.8258241998981024,nan,-,-,-,-,Desconexión
2691,107.64,-16775447,2.864095348737912,nan,-,-,-,-,Desconexión
2692,107.68,-16775483,2.7312196248438294,nan,-,-,-,-,Desconexión
2693,107.72,-16775453,-1.0035290434510777,nan,-,-,-,-,Desconexión
2694,107.76,-16775502,0.3014170147531168,nan,-,-,-,-,Desconexión
2695,107.8,-16775431,0.8314437382634026,nan,-,-,-,-,Desconexión
2696,107.84,-16775475,4.576648023555544,nan,-,-,-,-,Desconexión
2697,107.88,-16775473,2.867318760222716,nan,-,-,-,-,Desconexión
2698,107.92,-16775479,-1.0593880348047406,nan,-,-,-,-,Desconexión
2699,107.96,-16775497,-1.5207398357791142,nan,-,-,-,-,Desconexión
2700,108.0,-16775497,2.569649138510613,nan,nan,-,-,-,Desconexión
2701,108.04,-16775379,2.9984596562472134,nan,-,-,-,-,Desconexión
2702,108.08,-16775472,5.107538503375233,nan,-,-,-,-,Desconexión
2703,108.12,-16775432,-0.568273629582503,nan,-,-,-,-,Desconexión
2704,108.16,-16775425,-3.638334374197804,nan,-,-,-,-,Desconexión
2705,108.2,-16775520,-0.5734422668944319,nan,-,-,-,-,Desconexión
2706,108.24,-16775549,0.6866097495288557,nan,-,-,-,-,Desconexión
2707,108.28,-16775521,-0.9205079381533352,nan,-,-,-,-,Desconexión
2708,108.32,-16775493,-1.9511521013989128,nan,-,-,-,-,Desconexión
2709,108.36,-16775466,-0.8687090675287905,nan,-,-,-,-,Desconexión
2710,108.4,-16775566,5.041880562418548,nan,-,-,-,-,Desconexión
2711,108.44,-16775472,2.2827694470729583,nan,-,-,-,-,Desconexión
2712,108.48,-16775518,-0.06732202990685998,nan,-,-,-,-,Desconexión
2713,108.52,-16775509,-6.357089141020417,nan,-,-,-,-,Desconexión
2714,108.56,-16775402,-14.286761955954844,nan,-,-,-,-,Desconexión
2715,108.6,-16775439,-13.266915913927377,nan,-,-,-,-,Desconexión
2716,108.64,-16775442,-7.9944307120800975,nan,-,-,-,-,Desconexión
2717,108.68,-16775451,0.5497223513598275,nan,-,-,-,-,Desconexión
2718,108.72,-16775462,6.881481998408038,nan,-,-,-,-,Desconexión
2719,108.76,-16775460,7.226801565466824,nan,-,-,-,-,Desconexión
2720,108.8,-16775451,4.543015386995911,nan,-,-,-,-,Desconexión
2721,108.84,-16775445,4.082942702293769,nan,-,-,-,-,Desconexión
2722,108.88,-16775405,5.655203196766363,nan,-,-,-,-,Desconexión
2723,108.92,-16775407,8.55371996920003,nan,-,-,-,-,Desconexión
2724,108.96,-16775426,8.584555639941163,nan,-,-,-,-,Desconexión
2725,109.0,-16775459,4.907375825714034,nan,-,-,-,-,Desconexión
2726,109.04,-16775456,-1.2679324943747332,nan,-,-,-,-,Desconexión
2727,109.08,-16775492,-3.5225996049597583,nan,-,-,-,-,Desconexión
2728,109.12,-16775456,-4.044547058229305,nan,-,-,-,-,Desconexión
2729,109.16,-16775436,-1.9323808447337125,nan,-,-,-,-,Desconexión
2730,109.2,-16775488,2.12417006172457,nan,-,-,-,-,Desconexión
2731,109.24,-16775419,0.5821356254888954,nan,-,-,-,-,Desconexión
2732,109.28,-16775419,-1.0016966890631736,nan,-,-,-,-,Desconexión
2733,109.32,-16775495,-2.1324204042384025,nan,-,-,-,-,Desconexión
2734,109.36,-16775439,-7.734658427731155,nan,-,-,-,-,Desconexión
2735,109.4,-16775498,-7.225551215358134,nan,-,-,-,-,Desconexión
2736,109.44,-16775436,-6.951740016577791,nan,-,-,-,-,Desconexión
2737,109.48,-16775500,-0.4417552099659652,nan,-,-,-,-,Desconexión
2738,109.52,-16775476,2.6519806275751643,nan,-,-,-,-,Desconexión
2739,109.56,-16775503,4.983671193472956,nan,-,-,-,-,Desconexión
2740,109.6,-16692573,-2603.175726013964,nan,-,-,-,-,Desconexión
2741,109.64,-16689385,-2492.177201997467,nan,-,-,-,-,Desconexión
2742,109.68,-16776832,725.8209838115799,nan,-,-,-,-,Desconexión
2743,109.72,-1039591,-493535.556581283,nan,-,-,-,-,Desconexión
2744,109.76,-1141230,-449387.5660914043,nan,-,-,-,-,Desconexión
2745,109.8,-1145170,-361397.39713503607,nan,-,-,-,-,Desconexión
2746,109.84,-1149024,-221872.29349700996,nan,-,-,-,-,Desconexión
2747,109.88,-1152279,-42745.58252769988,nan,-,-,-,-,Desconexión
2748,109.92,-1152802,147942.49509854708,nan,-,-,-,-,Desconexión
2749,109.96,-1154838,345442.494642918,nan,-,-,-,-,Desconexión
2750,110.0,-1157562,614148.9228443089,nan,-,-,-,-,Desconexión
2751,110.04,-1158143,1032114.6891188142,nan,-,-,-,-,Desconexión
2752,110.08,-1157714,1491601.2349952846,nan,-,-,-,-,Desconexión
2753,110.12,-1155110,1603502.1200738754,nan,-,-,-,-,Desconexión
2754,110.16,-1141610,1040294.8259644532,nan,-,-,-,-,Desconexión
2755,110.2,-1135582,27684.83905146923,nan,-,-,-,-,Desconexión
2756,110.24,-1137367,-792105.9208465803,nan,-,-,-,-,Desconexión
2757,110.28,-1140218,-1047757.5180043792,nan,-,-,-,-,Desconexión
2758,110.32,-1144623,-916681.5397004099,nan,-,-,-,-,Desconexión
2759,110.36,-1146800,-738184.130229421,nan,-,-,-,-,Desconexión
2760,110.4,-1146473,-644107.4499624114,nan,-,-,-,-,Desconexión
2761,110.44,-1148644,-583843.1611499827,nan,-,-,-,-,Desconexión
2762,110.48,-1150542,-497761.36965237465,nan,-,-,-,-,Desconexión
2763,110.52,-1151798,-385301.20657596225,nan,-,-,-,-,Desconexión
2764,110.56,-1154651,-272814.22343644267,nan,-,-,-,-,Desconexión
2765,110.6,-1155453,-175864.6683355209,nan,-,-,-,-,Desconexión
2766,110.64,-1156933,-94093.81866275193,nan,-,-,-,-,Desconexión
2767,110.68,-1157841,-23299.250449472573,nan,-,-,-,-,Desconexión
2768,110.72,-1159316,37515.396897675004,nan,-,-,-,-,Desconexión
2769,110.76,-1158164,86671.36169219797,nan,-,-,-,-,Desconexión
2770,110.8,-1158085,123150.45552543027,nan,-,-,-,-,Desconexión
2771,110.84,-1142915,146923.132434331,nan,-,-,-,-,Desconexión
2772,110.88,-1134882,160263.54092058854,nan,-,-,-,-,Desconexión
2773,110.92,-1135157,164982.46125906252,nan,-,-,-,-,Desconexión
2774,110.96,-1138191,162489.6410887445,nan,-,-,-,-,Desconexión
2775,111.0,-1142679,154160.57804401626,nan,nan,-,-,-,-
2776,111.04,-1146956,141297.30368935745,nan,-,-,-,-,-
2777,111.08,-1146972,125119.23147819695,nan,-,-,-,-,-
2778,111.12,-1149263,107173.16176006226,nan,-,-,-,-,-
2779,111.16,-1152300,88610.66364132281,nan,-,-,-,-,-
2780,111.2,-1154187,70178.53530764603,nan,-,-,-,-,-
2781,111.24,-1155425,52161.826905841095,nan,-,-,-,-,-
2782,111.28,-1156381,34632.837225542724,nan,-,-,-,-,-
2783,111.32,-1156890,18095.815450068825,nan,-,-,-,-,-
2784,111.36,-1157943,3689.096326047147,nan,-,-,-,-,-
2785,111.4,-1159070,-7620.097223358956,nan,-,-,-,-,-
2786,111.44,-1157781,-15784.066943854094,nan,-,-,-,-,-
2787,111.48,-1152705,-21464.80242680601,nan,-,-,-,-,-
2788,111.52,-1138624,-25519.840166269307,nan,-,-,-,-,-
2789,111.56,-1134223,-27663.785442656677,nan,-,-,-,-,-
2790,111.6,-1135894,-28054.64278541592,nan,-,-,-,-,-
2791,111.64,-1139441,-26955.32542037779,nan,-,-,-,-,-
2792,111.68,-1145298,-24710.956906036885,nan,-,-,-,-,-
2793,111.72,-1144977,-22007.78384316931,nan,-,-,-,-,-
2794,111.76,-1144589,-18892.684998589983,nan,-,-,-,-,-
2795,111.8,-1148212,-15294.831737650924,nan,-,-,-,-,-
2796,111.84,-1151404,-11462.165153162707,nan,-,-,-,-,-
2797,111.88,-1154166,-7813.04986286959,nan,-,-,-,-,-
2798,111.92,-1155144,-5072.385247888393,nan,-,-,-,-,-
2799,111.96,-1156663,-3578.1358969819703,nan,-,-,-,-,-
2800,112.0,-1157683,-2982.919085405694,nan,-,-,-,-,-
2801,112.04,-1157904,-2361.010985833749,nan,-,-,-,-,-
2802,112.08,-1157036,-1127.8480911900588,nan,-,-,-,-,-
2803,112.12,-1158306,538.8848418619782,nan,-,-,-,-,-
2804,112.16,-1157060,1766.272780505089,nan,-,-,-,-,-
2805,112.2,-1144129,1931.1444300246403,nan,-,-,-,-,-
2806,112.24,-1136567,1903.3963016981506,nan,-,-,-,-,-
2807,112.28,-1135545,2181.6068012941014,nan,-,-,-,-,-
2808,112.32,-1137966,2755.6494898228384,nan,-,-,-,-,-
2809,112.36,-1143725,3401.779472771669,nan,-,-,-,-,-
2810,112.4,-1146758,3741.406555871985,nan,-,-,-,-,-
2811,112.44,-1146114,3751.4649793527806,nan,-,-,-,-,-
2812,112.48,-1145926,3706.3759722428294,nan,-,-,-,-,-
2813,112.52,-1147687,3820.112434435703,nan,-,-,-,-,-
2814,112.56,-1150086,4045.9424633054387,nan,-,-,-,-,-
2815,112.6,-1152077,4014.357396717376,nan,-,-,-,-,-
2816,112.64,-1154324,3265.001857841624,nan,-,-,-,-,-
2817,112.68,-1156679,547.1370343986296,nan,-,-,-,-,-
2818,112.72,-1156493,-1108.1122029356125,nan,-,-,-,-,-
2819,112.76,-1157330,-1975.6161456171244,nan,-,-,-,-,-
2820,112.8,-1157137,-1891.7520010662806,nan,-,-,-,-,-
2821,112.84,-1156414,-1338.5280282167296,nan,-,-,-,-,-
2822,112.88,-1153123,-1022.3856920111602,nan,-,-,-,-,-
2823,112.92,-1140383,-1378.9283823795831,nan,-,-,-,-,-
2824,112.96,-1134451,-1631.3797678114734,nan,-,-,-,-,-
2825,113.0,-1134200,-1480.1892292862103,nan,-,-,-,-,-
2826,113.04,-1137457,-899.7148443568274,nan,-,-,-,-,-
2827,113.08,-1143837,-36.55768942971645,nan,-,-,-,-,-
2828,113.12,-1146263,691.3698354022563,nan,-,-,-,-,-
2829,113.16,-1146409,1231.5218035257203,nan,-,-,-,-,-
2830,113.2,-1146604,1689.7007588528522,nan,-,-,-,-,-
2831,113.24,-1149214,2225.574710400536,nan,-,-,-,-,-
2832,113.28,-1151251,2646.1175546600807,nan,-,-,-,-,-
2833,113.32,-1154073,2598.372051590476,nan,-,-,-,-,-
2834,113.36,-1155558,1641.3266365881896,nan,-,-,-,-,-
2835,113.4,-1156503,-10.721852729904185,nan,-,-,-,-,-
2836,113.44,-1157079,-1559.6810146016194,nan,-,-,-,-,-
2837,113.48,-1157304,-2255.2832219139923,nan,-,-,-,-,-
2838,113.52,-1157214,-2018.9889412862412,nan,-,-,-,-,-
2839,113.56,-1156250,-1415.9562636339383,nan,-,-,-,-,-
2840,113.6,-1151338,-1133.4298264876688,nan,-,-,-,-,-
2841,113.64,-1135499,-1532.5520439013126,nan,-,-,-,-,-
2842,113.68,-1133326,-1541.8789270204907,nan,-,-,-,-,-
2843,113.72,-1135884,-1150.521706787008,nan,-,-,-,-,-
2844,113.76,-1139402,-450.6815889262298,nan,-,-,-,-,-
2845,113.8,-1143492,355.00052144963047,nan,-,-,-,-,-
2846,113.84,-1144398,955.9732793953253,nan,-,-,-,-,-
2847,113.88,-1144557,1396.1727466601733,nan,-,-,-,-,-
2848,113.92,-1146715,1882.0169006381493,nan,-,-,-,-,-
2849,113.96,-1149973,2463.005282799365,nan,-,-,-,-,-
2850,114.0,-1152361,2850.8770767264414,59,59.0,-,-,-,-
2851,114.04,-1154912,2562.5195012125814,59,-,-,-,-,-
2852,114.08,-1155529,1247.1750687024096,59,-,-,-,-,-
2853,114.12,-1156175,-550.0022854150066,59,-,-,-,-,-
2854,114.16,-1156076,-1890.2389725051255,59,-,-,-,-,-
2855,114.2,-1157039,-2180.6633549356893,59,-,-,-,-,-
2856,114.24,-1157255,-1784.3096086010528,59,-,-,-,-,-
2857,114.28,-1153231,-1466.8627728020392,59,-,-,-,-,-
2858,114.32,-1141679,-1660.3721793408804,59,-,-,-,-,-
2859,114.36,-1135370,-1793.945472365318,59,-,-,-,-,-
2860,114.4,-1134995,-1530.671700165416,59,-,-,-,-,-
2861,114.44,-1139579,-800.2000316379854,59,-,-,-,-,-
2862,114.48,-1143465,46.84886700709649,59,-,-,-,-,-
2863,114.52,-1145987,751.0716102822207,59,-,-,-,-,-
2864,114.56,-1144889,1147.984819235673,59,-,-,-,-,-
2865,114.6,-1145701,1532.530573564757,59,-,-,-,-,-
2866,114.64,-1147598,2040.4023387691605,59,-,-,-,-,-
2867,114.68,-1150559,2572.413440447466,59,-,-,-,-,-
2868,114.72,-1152134,2592.3824170787893,59,-,-,-,-,-
2869,114.76,-1154730,1756.844098261071,59,-,-,-,-,-
2870,114.8,-1156074,186.95069837553046,59,-,-,-,-,-
2871,114.84,-1156400,-1293.401132637284,59,-,-,-,-,-
2872,114.88,-1157616,-1892.3218327514403,59,-,-,-,-,-
2873,114.92,-1156452,-1699.890249295128,59,-,-,-,-,-
2874,114.96,-1157478,-1148.3941019904464,59,-,-,-,-,-
2875,115.0,-1152717,-1030.480853137512,59,-,-,-,-,-
2876,115.04,-1139755,-1478.023264237867,59,-,-,-,-,-
2877,115.08,-1134474,-1669.418082263308,59,-,-,-,-,-
2878,115.12,-1133611,-1439.7358653702831,59,-,-,-,-,-
2879,115.16,-1137476,-774.2184196912974,59,-,-,-,-,-
2880,115.2,-1141774,20.73281213482369,59,-,-,-,-,-
2881,115.24,-1145583,747.9733939926273,59,-,-,-,-,-
2882,115.28,-1144465,1205.2804414641314,59,-,-,-,-,-
2883,115.32,-1144204,1645.6395930641065,59,-,-,-,-,-
2884,115.36,-1146747,2218.023047742062,59,-,-,-,-,-
2885,115.4,-1150872,2755.8647731306683,59,-,-,-,-,-
2886,115.44,-1152717,2700.6865301133184,59,-,-,-,-,-
2887,115.48,-1154665,1746.987003782845,59,-,-,-,-,-
2888,115.52,-1155656,81.2512642870629,59,-,-,-,-,-
2889,115.56,-1156742,-1445.0194022061046,59,-,-,-,-,-
2890,115.6,-1156809,-2139.673537236337,59,-,-,-,-,-
2891,115.64,-1157376,-1912.141164647698,59,-,-,-,-,-
2892,115.68,-1156765,-1370.4123547824934,59,-,-,-,-,-
2893,115.72,-1155338,-1083.5023628294975,59,-,-,-,-,-
2894,115.76,-1142073,-1526.7328116398985,59,-,-,-,-,-
2895,115.8,-1134205,-1815.6282737223555,59,-,-,-,-,-
2896,115.84,-1133458,-1546.122994955691,59,-,-,-,-,-
2897,115.88,-1137096,-795.2078549731582,59,-,-,-,-,-
2898,115.92,-1141436,70.89411455273603,59,-,-,-,-,-
2899,115.96,-1144973,785.4309197433786,59,-,-,-,-,-
2900,116.0,-1145120,1230.9451382865082,59,-,-,-,-,-
2901,116.04,-1143674,1579.3867151231052,59,-,-,-,-,-
2902,116.08,-1146136,2131.6738035289554,59,-,-,-,-,-
2903,116.12,-1150431,2738.5016942468446,59,-,-,-,-,-
2904,116.16,-1152150,2837.445810961326,59,-,-,-,-,-
2905,116.2,-1153719,2035.7127047517524,59,-,-,-,-,-
2906,116.24,-1155652,429.70587246690957,59,-,-,-,-,-
2907,116.28,-1156731,-1228.9469477197947,59,-,-,-,-,-
2908,116.32,-1157415,-2077.0557257022865,59,-,-,-,-,-
2909,116.36,-1156278,-1996.9681061379383,59,-,-,-,-,-
2910,116.4,-1157554,-1390.816227417613,59,-,-,-,-,-
2911,116.44,-1156422,-1052.5698723669611,59,-,-,-,-,-
2912,116.48,-1145768,-1398.133864943251,59,-,-,-,-,-
2913,116.52,-1137063,-1756.393944958616,59,-,-,-,-,-
2914,116.56,-1134738,-1616.5899478708561,59,-,-,-,-,-
2915,116.6,-1135302,-1040.115482381496,59,-,-,-,-,-
2916,116.64,-1140347,-190.12675707367225,59,-,-,-,-,-
2917,116.68,-1143762,538.3889221351556,59,-,-,-,-,-
2918,116.72,-1145526,1091.532287799897,59,-,-,-,-,-
2919,116.76,-1143803,1459.5299889831513,59,-,-,-,-,-
2920,116.8,-1146498,1985.4308614197516,59,-,-,-,-,-
2921,116.84,-1148110,2490.03212455402,59,-,-,-,-,-
2922,116.88,-1150465,2745.83363825944,59,-,-,-,-,-
2923,116.92,-1152029,2246.5364464796894,59,-,-,-,-,-
2924,116.96,-1154787,951.2607262760744,59,-,-,-,-,-
2925,117.0,-1155860,-672.5189960844118,58,58.5,-,-,-,-
2926,117.04,-1157044,-1756.8623195052144,58,-,-,-,-,-
2927,117.08,-1157779,-1949.107245983718,58,-,-,-,-,-
2928,117.12,-1157430,-1557.5159438495755,58,-,-,-,-,-
2929,117.16,-1153649,-1228.4183427366397,58,-,-,-,-,-
2930,117.2,-1139229,-1518.1187962903932,58,-,-,-,-,-
2931,117.24,-1133294,-1700.3885335445011,58,-,-,-,-,-
2932,117.28,-1134451,-1527.0202689249636,58,-,-,-,-,-
2933,117.32,-1139588,-964.3986003122568,58,-,-,-,-,-
2934,117.36,-1143037,-280.9489530808205,58,-,-,-,-,-
2935,117.4,-1145618,403.3078619934777,58,-,-,-,-,-
2936,117.44,-1142656,875.2422054463532,58,-,-,-,-,-
2937,117.48,-1145061,1535.393930340062,58,-,-,-,-,-
2938,117.52,-1146643,2236.2448194951703,58,-,-,-,-,-
2939,117.56,-1149153,2848.882642864146,58,-,-,-,-,-
2940,117.6,-1152294,2863.3188980766536,58,-,-,-,-,-
2941,117.64,-1155250,1856.9277296740966,58,-,-,-,-,-
2942,117.68,-1155971,79.00059937413744,58,-,-,-,-,-
2943,117.72,-1158138,-1391.3280144514983,58,-,-,-,-,-
2944,117.76,-1157316,-1950.1767585385721,58,-,-,-,-,-
2945,117.8,-1157558,-1590.5488196172764,58,-,-,-,-,-
2946,117.84,-1158430,-1038.9664670459251,58,-,-,-,-,-
2947,117.88,-1155304,-979.1530446858442,58,-,-,-,-,-
2948,117.92,-1141043,-1595.113519510338,58,-,-,-,-,-
2949,117.96,-1134368,-1901.6030139899121,58,-,-,-,-,-
2950,118.0,-1134146,-1660.133219133062,58,-,-,-,-,-
2951,118.04,-1137579,-967.7960673374009,58,-,-,-,-,-
2952,118.08,-1142881,-62.39527583704876,58,-,-,-,-,-
2953,118.12,-1144594,683.6391419991305,58,-,-,-,-,-
2954,118.16,-1144614,1228.1423358932998,58,-,-,-,-,-
2955,118.2,-1144087,1662.3814857978796,58,-,-,-,-,-
2956,118.24,-1146108,2219.0660262545534,58,-,-,-,-,-
2957,118.28,-1148531,2770.3222902303087,58,-,-,-,-,-
2958,118.32,-1151634,2881.440107495412,58,-,-,-,-,-
2959,118.36,-1153529,2006.5049798975697,58,-,-,-,-,-
2960,118.4,-1155861,346.1679417288142,58,-,-,-,-,-
2961,118.44,-1156411,-1297.069784458913,58,-,-,-,-,-
2962,118.48,-1157663,-2015.1894268395952,58,-,-,-,-,-
2963,118.52,-1157428,-1820.0611200156202,58,-,-,-,-,-
2964,118.56,-1157546,-1257.8741076056804,58,-,-,-,-,-
2965,118.6,-1155305,-1018.6756816030647,58,-,-,-,-,-
2966,118.64,-1147584,-1322.3241861177285,58,-,-,-,-,-
2967,118.68,-1136593,-1795.2748404557897,58,-,-,-,-,-
2968,118.72,-1133405,-1751.8987724517956,58,-,-,-,-,-
2969,118.76,-1136501,-1163.8659062742036,58,-,-,-,-,-
2970,118.8,-1140510,-356.1035073602777,58,-,-,-,-,-
2971,118.84,-1144682,451.2013667881456,58,-,-,-,-,-
2972,118.88,-1144322,1003.8453118753596,58,-,-,-,-,-
2973,118.92,-1143149,1444.9092741250647,58,-,-,-,-,-
2974,118.96,-1147070,2051.7066174099245,58,-,-,-,-,-
2975,119.0,-1149299,2590.041384557946,58,-,-,-,-,-
2976,119.04,-1151844,2839.044991598238,58,-,-,-,-,-
2977,119.08,-1153809,2332.7226193001707,58,-,-,-,-,-
2978,119.12,-1154578,941.3791198359386,58,-,-,-,-,-
2979,119.16,-1156911,-688.6249414355198,58,-,-,-,-,-
2980,119.2,-1156593,-1829.5145364676016,58,-,-,-,-,-
2981,119.24,-1157355,-1965.8927275951783,58,-,-,-,-,-
2982,119.28,-1157128,-1534.5860422397482,58,-,-,-,-,-
2983,119.32,-1155845,-1193.972185150728,58,-,-,-,-,-
2984,119.36,-1149257,-1357.1636683259294,58,-,-,-,-,-
2985,119.4,-1137464,-1778.0764584121898,58,-,-,-,-,-
2986,119.44,-1134164,-1672.1003235072822,58,-,-,-,-,-
2987,119.48,-1134904,-1123.6058037089497,58,-,-,-,-,-
2988,119.52,-1139442,-327.35981553894453,58,-,-,-,-,-
2989,119.56,-1143687,408.7996147171425,58,-,-,-,-,-
2990,119.6,-1145044,952.3367445876047,58,-,-,-,-,-
2991,119.64,-1143010,1330.5603720358886,58,-,-,-,-,-
2992,119.68,-1145127,1861.045288250034,58,-,-,-,-,-
2993,119.72,-1147560,2418.3445866572174,58,-,-,-,-,-
2994,119.76,-1151659,2805.292232923841,58,-,-,-,-,-
2995,119.8,-1153481,2458.8061377169397,58,-,-,-,-,-
2996,119.84,-1156178,1276.7428736362408,58,-,-,-,-,-
2997,119.88,-1156517,-411.2953645351065,58,-,-,-,-,-
2998,119.92,-1157574,-1666.4789337597879,58,-,-,-,-,-
2999,119.96,-1156664,-2050.189193231863,58,-,-,-,-,-
3000,120.0,-1158523,-1617.7055788218886,58,58.333333333333336,-,-,-,Maximo
3001,120.04,-1157359,-1194.5609492312797,58,-,-,-,-,Maximo
3002,120.08,-1153278,-1212.2548971977658,58,-,-,-,-,Maximo
3003,120.12,-1140193,-1762.741482967438,58,-,-,-,-,Maximo
3004,120.16,-1134592,-1914.0537316115606,58,-,-,-,-,Maximo
3005,120.2,-1134186,-1498.0283368108066,58,-,-,-,-,Maximo
3006,120.24,-1137205,-671.784606270782,58,-,-,-,-,Maximo
3007,120.28,-1141000,216.35548470443973,58,-,-,-,-,Maximo
3008,120.32,-1144897,949.0613791246878,58,-,-,-,-,Maximo
3009,120.36,-1145867,1408.2854238547316,58,-,-,-,-,Maximo
3010,120.4,-1144915,1763.6801856688471,58,-,-,-,-,Maximo
3011,120.44,-1149129,2373.976358483097,58,-,-,-,-,Maximo
3012,120.48,-1152035,2882.961024529882,58,-,-,-,-,Maximo
3013,120.52,-1155217,2859.61185514154,58,-,-,-,-,Maximo
3014,120.56,-1154990,1799.1675619470711,58,-,-,-,-,Maximo
3015,120.6,-1156249,107.99864723057112,58,-,-,-,-,Maximo
3016,120.64,-1156249,-1485.4259216416053,58,-,-,-,-,Maximo
3017,120.68,-1157082,-2222.9698075289084,58,-,-,-,-,Maximo
3018,120.72,-1156782,-2129.6674005944556,58,-,-,-,-,Maximo
3019,120.76,-1156057,-1666.3866475619193,58,-,-,-,-,Maximo
3020,120.8,-1147272,-1575.5476448188365,58,-,-,-,-,Maximo
3021,120.84,-1135812,-1800.5703289450248,58,-,-,-,-,Maximo
3022,120.88,-1132991,-1718.5553903404289,58,-,-,-,-,Maximo
3023,120.92,-1134551,-1192.7489414804468,58,-,-,-,-,Maximo
3024,120.96,-1140502,-263.57216741689854,58,-,-,-,-,Maximo
3025,121.0,-1144089,570.9753602488308,58,-,-,-,-,Maximo
3026,121.04,-1144951,1103.345577103155,58,-,-,-,-,Maximo
3027,121.08,-1144896,1456.4391340775665,58,-,-,-,-,Maximo
3028,121.12,-1147696,1948.7256931222773,58,-,-,-,-,Maximo
3029,121.16,-1149274,2489.495089607166,58,-,-,-,-,Maximo
3030,121.2,-1151190,2806.9300291706777,58,-,-,-,-,Maximo
3031,121.24,-1152425,2344.868685336135,58,-,-,-,-,Maximo
3032,121.28,-1155688,1019.1031889563365,58,-,-,-,-,Maximo
3033,121.32,-1155481,-780.7005855665489,58,-,-,-,-,Maximo
3034,121.36,-1156970,-1965.3816762669771,58,-,-,-,-,Maximo
3035,121.4,-1155971,-2206.5495357578366,58,-,-,-,-,Maximo
3036,121.44,-1156685,-1697.2936298703598,58,-,-,-,-,Maximo
3037,121.48,-1155792,-1201.1949734067562,58,-,-,-,-,Maximo
3038,121.52,-1150565,-1144.3940074288357,58,-,-,-,-,Maximo
3039,121.56,-1135985,-1550.3599932973957,58,-,-,-,-,Maximo
3040,121.6,-1134534,-1423.4826225744564,58,-,-,-,-,Maximo
3041,121.64,-1135552,-1005.8528283615224,58,-,-,-,-,Maximo
3042,121.68,-1139724,-338.91560573568995,58,-,-,-,-,Maximo
3043,121.72,-1143622,365.9279846068848,58,-,-,-,-,Maximo
3044,121.76,-1145015,941.3112229633934,58,-,-,-,-,Maximo
3045,121.8,-1143865,1339.8872524746457,58,-,-,-,-,Maximo
3046,121.84,-1145502,1793.6549449350114,58,-,-,-,-,Maximo
3047,121.88,-1147811,2303.4715295194146,58,-,-,-,-,Maximo
3048,121.92,-1150548,2675.964310354134,58,-,-,-,-,Maximo
3049,121.96,-1153412,2426.8503680792483,58,-,-,-,-,Maximo
3050,122.0,-1154264,1212.4073021449926,58,-,-,-,-,Maximo
3051,122.04,-1154817,-473.9112928972834,58,-,-,-,-,Maximo
3052,122.08,-1155548,-1718.8335709938215,58,-,-,-,-,Maximo
3053,122.12,-1155524,-2026.5123395797152,58,-,-,-,-,Maximo
3054,122.16,-1156727,-1585.5241527354372,58,-,-,-,-,Maximo
3055,122.2,-1156728,-1109.7034537586273,58,-,-,-,-,Maximo
3056,122.24,-1151277,-1128.585143825635,58,-,-,-,-,Maximo
3057,122.28,-1137697,-1628.1134307625762,58,-,-,-,-,Maximo
3058,122.32,-1133293,-1702.5735278281463,58,-,-,-,-,Maximo
3059,122.36,-1133891,-1276.7979149537423,58,-,-,-,-,Maximo
3060,122.4,-1138228,-477.4319468051371,58,-,-,-,-,Maximo
3061,122.44,-1142872,338.97001313493365,58,-,-,-,-,Maximo
3062,122.48,-1145688,922.3038891491342,58,-,-,-,-,Maximo
3063,122.52,-1143848,1199.3419677509519,58,-,-,-,-,Maximo
3064,122.56,-1144856,1592.302755845919,58,-,-,-,-,Maximo
3065,122.6,-1146992,2172.4585889627524,58,-,-,-,-,Maximo
3066,122.64,-1148798,2683.40283047482,58,-,-,-,-,Maximo
3067,122.68,-1151420,2612.223039837865,58,-,-,-,-,Maximo
3068,122.72,-1153880,1548.1644303141338,58,-,-,-,-,Maximo
3069,122.76,-1154843,-195.35008616602454,58,-,-,-,-,Maximo
3070,122.8,-1155257,-1657.2856640299742,58,-,-,-,-,Maximo
3071,122.84,-1155222,-2151.313920377743,58,-,-,-,-,Maximo
3072,122.88,-1156974,-1713.6661202384357,58,-,-,-,-,Maximo
3073,122.92,-1155944,-1137.6235257988747,58,-,-,-,-,Maximo
3074,122.96,-1153071,-927.9250238608447,58,-,-,-,-,Maximo
3075,123.0,-1142104,-1318.8722691008734,58,58.25,-,-,-,Maximo
3076,123.04,-1135973,-1568.2092837926612,58,-,-,-,-,Maximo
3077,123.08,-1139384,-1243.1476407027394,58,-,-,-,-,Maximo
3078,123.12,-1143432,-609.8763136169239,58,-,-,-,-,Maximo
3079,123.16,-1144726,51.62337587946013,58,-,-,-,-,Maximo
3080,123.2,-1144091,575.1283019197872,58,-,-,-,-,Maximo
3081,123.24,-1145548,1014.8935449924011,58,-,-,-,-,Maximo
3082,123.28,-1147237,1410.9957229119846,58,-,-,-,-,Maximo
3083,123.32,-1148442,1873.9633660355803,58,-,-,-,-,Maximo
3084,123.36,-1151646,2362.289605130746,58,-,-,-,-,Maximo
3085,123.4,-1154276,2347.299403750634,58,-,-,-,-,Maximo
3086,123.44,-1155168,1447.166352795885,58,-,-,-,-,Maximo
3087,123.48,-1156033,15.608290943866905,58,-,-,-,-,Maximo
3088,123.52,-1157682,-1104.2425402595434,58,-,-,-,-,Maximo
3089,123.56,-1156903,-1480.8561345036183,58,-,-,-,-,Maximo
3090,123.6,-1156306,-1265.203213442776,58,-,-,-,-,Maximo
3091,123.64,-1147627,-1296.1971238232654,58,-,-,-,-,Maximo
3092,123.68,-1134999,-1678.7531506117139,58,-,-,-,-,Maximo
3093,123.72,-1132304,-1775.4614959253668,58,-,-,-,-,Maximo
3094,123.76,-1134198,-1501.5480871188392,58,-,-,-,-,Maximo
3095,123.8,-1138653,-859.2629189348561,58,-,-,-,-,Maximo
3096,123.84,-1142071,-89.43193703505221,58,-,-,-,-,Maximo
3097,123.88,-1143844,613.8007775020924,58,-,-,-,-,Maximo
3098,123.92,-1145142,1228.3743704169974,58,-,-,-,-,Maximo
3099,123.96,-1145886,1834.4455305354622,58,-,-,-,-,Maximo
3100,124.0,-1148675,2528.8294926744848,58,-,-,-,-,Maximo
3101,124.04,-1151062,2926.055293461999,58,-,-,-,-,Maximo
3102,124.08,-1153226,2519.704900667686,58,-,-,-,-,Maximo
3103,124.12,-1154105,1111.9569097342496,58,-,-,-,-,Maximo
3104,124.16,-1155606,-659.7772747232731,58,-,-,-,-,Maximo
3105,124.2,-1155709,-1938.824526945038,58,-,-,-,-,Maximo
3106,124.24,-1156595,-2202.0092330272073,58,-,-,-,-,Maximo
3107,124.28,-1155959,-1822.5210951629865,58,-,-,-,-,Maximo
3108,124.32,-1155586,-1336.7163768093715,58,-,-,-,-,Maximo
3109,124.36,-1151384,-1208.4262207643023,58,-,-,-,-,Maximo
3110,124.4,-1138343,-1525.503762021479,58,-,-,-,-,Maximo
3111,124.44,-1132654,-1519.015162294736,58,-,-,-,-,Maximo
3112,124.48,-1133466,-1073.0158594886534,58,-,-,-,-,Maximo
3113,124.52,-1138796,-311.90883395068477,58,-,-,-,-,Maximo
3114,124.56,-1141255,368.96016095030427,58,-,-,-,-,Maximo
3115,124.6,-1145348,999.8461270487978,58,-,-,-,-,Maximo
3116,124.64,-1145070,1389.4231547972913,58,-,-,-,-,Maximo
3117,124.68,-1144532,1762.7631835671673,58,-,-,-,-,Maximo
3118,124.72,-1147740,2311.5820700363556,58,-,-,-,-,Maximo
3119,124.76,-1149530,2703.2390417721963,58,-,-,-,-,Maximo
3120,124.8,-1152868,2589.0480005035906,58,-,-,-,-,Maximo
3121,124.84,-1154084,1506.6631180587542,58,-,-,-,-,Maximo
3122,124.88,-1154393,-217.8060772916972,58,-,-,-,-,Maximo
3123,124.92,-1154580,-1696.880765763954,58,-,-,-,-,Maximo
3124,124.96,-1155884,-2206.4346257733614,58,-,-,-,-,Maximo
3125,125.0,-1155258,-1909.8094915069955,58,-,-,-,-,Maximo
3126,125.04,-1156159,-1293.3550591253802,58,-,-,-,-,Maximo
3127,125.08,-1152202,-1074.7297792546751,58,-,-,-,-,Maximo
3128,125.12,-1139138,-1452.735867020161,58,-,-,-,-,Maximo
3129,125.16,-1134122,-1584.602555054751,58,-,-,-,-,Maximo
3130,125.2,-1135385,-1239.9593703241135,58,-,-,-,-,Maximo
3131,125.24,-1138519,-544.6347343781049,58,-,-,-,-,Maximo
3132,125.28,-1142398,246.7176769109792,58,-,-,-,-,Maximo
3133,125.32,-1144746,838.6809122320883,58,-,-,-,-,Maximo
3134,125.36,-1144724,1176.2627024648536,58,-,-,-,-,Maximo
3135,125.4,-1143806,1471.1105894388415,58,-,-,-,-,Maximo
3136,125.44,-1146904,2023.1875816698866,58,-,-,-,-,Maximo
3137,125.48,-1149924,2545.4001407936403,58,-,-,-,-,Maximo
3138,125.52,-1152108,2526.4655407952805,58,-,-,-,-,Maximo
3139,125.56,-1151572,1520.5088304617911,58,-,-,-,-,Maximo
3140,125.6,-1154473,-5.061808778592422,58,-,-,-,-,Maximo
3141,125.64,-1155327,-1382.9280263973403,58,-,-,-,-,Maximo
3142,125.68,-1155606,-1908.1457867708634,58,-,-,-,-,Maximo
3143,125.72,-1156143,-1623.9672924345837,58,-,-,-,-,Maximo
3144,125.76,-1157061,-1100.402663706001,58,-,-,-,-,Maximo
3145,125.8,-1153985,-959.782356418269,58,-,-,-,-,Maximo
3146,125.84,-1140138,-1445.6389687046685,58,-,-,-,-,Maximo
3147,125.88,-1134084,-1642.7172004084568,58,-,-,-,-,Maximo
3148,125.92,-1134334,-1336.9561372119251,58,-,-,-,-,Maximo
3149,125.96,-1137787,-679.5967208623724,58,-,-,-,-,Maximo
3150,126.0,-1141384,7.740814048740049,57,57.75,-,-,-,Maximo
3151,126.04,-1144866,588.5400305126559,57,-,-,-,-,Maximo
3152,126.08,-1143310,938.8476832376009,57,-,-,-,-,Maximo
3153,126.12,-1146617,1482.5105891901185,57,-,-,-,-,Maximo
3154,126.16,-1149419,2117.08812974164,57,-,-,-,-,Maximo
3155,126.2,-1129224,1990.5914787805605,57,-,-,-,-,Maximo
3156,126.24,-1102325,1205.2109473515375,57,-,-,-,-,Maximo
3157,126.28,-975511,-3527.3586266771163,57,-,-,-,-,Maximo
3158,126.32,-706906,-12975.217019271193,57,-,-,-,-,Maximo
3159,126.36,-714075,-12410.099525209836,57,-,-,-,-,Maximo
3160,126.4,-669112,-11317.404538381204,57,-,-,-,-,Maximo
3161,126.44,-792746,-2724.7641455634002,57,-,-,-,-,Maximo
3162,126.48,-463453,-7387.116833124994,57,-,-,-,-,Maximo
3163,126.52,-412678,-2247.259312982438,57,-,-,-,-,Maximo
3164,126.56,-397294,5713.979536801931,57,-,-,-,-,Maximo
3165,126.6,-372646,16541.627962761675,57,-,-,-,-,Maximo
3166,126.64,-364541,30451.924157839676,57,-,-,-,-,Maximo
3167,126.68,-359173,41111.50305431677,57,-,-,-,-,Maximo
3168,126.72,-352290,39702.206859762024,57,-,-,-,-,Maximo
3169,126.76,-349847,24846.27384711348,57,-,-,-,-,Maximo
3170,126.8,-344389,7639.791758474559,57,-,-,-,-,Maximo
3171,126.84,-296178,252.50549024237262,57,-,-,-,-,Maximo
3172,126.88,-373213,6800.672405646837,57,-,-,-,-,Maximo
3173,126.92,-715228,17290.720871919882,57,-,-,-,-,Maximo
3174,126.96,-855951,8679.689663972997,57,-,-,-,-,Maximo
3175,127.0,-625807,-16677.58396744133,57,-,-,-,-,Maximo
3176,127.04,-650203,-27478.986199162697,57,-,-,-,-,Maximo
3177,127.08,-822834,-25249.372761635506,57,-,-,-,-,Maximo
3178,127.12,-687679,-29296.037263746824,57,-,-,-,-,Maximo
3179,127.16,-860636,-24009.609091325,57,-,-,-,-,Maximo
3180,127.2,-912578,-26245.56648540114,57,-,-,-,-,Maximo
3181,127.24,-917779,-35778.185502875305,57,-,-,-,-,Maximo
3182,127.28,-905190,-47602.51892793088,57,-,-,-,-,Maximo
3183,127.32,-883594,-48812.528469852,57,-,-,-,-,Maximo
3184,127.36,-888610,-29187.894750779902,57,-,-,-,-,Maximo
3185,127.4,-891887,393.8330260949442,57,-,-,-,-,Maximo
3186,127.44,-897172,18461.313123319618,57,-,-,-,-,Maximo
3187,127.48,-900996,16866.995148539136,57,-,-,-,-,Maximo
3188,127.52,-901924,7573.326177525523,57,-,-,-,-,Maximo
3189,127.56,-902458,4380.474415799406,57,-,-,-,-,Maximo
3190,127.6,-905946,10147.959520703389,57,-,-,-,-,Maximo
3191,127.64,-908564,20085.227207734177,57,-,-,-,-,Maximo
3192,127.68,-910298,27895.949004619044,57,-,-,-,-,Maximo
3193,127.72,-913771,29254.506314097416,57,-,-,-,-,Maximo
3194,127.76,-920189,24546.315917135275,57,-,-,-,-,Maximo
3195,127.8,-920138,17562.519330882868,57,-,-,-,-,Maximo
3196,127.84,-922848,12149.752182707358,57,-,-,-,-,Maximo
3197,127.88,-915599,8514.510946014918,57,-,-,-,-,Maximo
3198,127.92,-890993,5228.19798591009,57,-,-,-,-,Maximo
3199,127.96,-866387,1915.1890736840942,57,-,-,-,-,Maximo
3200,128.0,-848594,-1150.4247602336818,57,-,-,-,-,Maximo
3201,128.04,-826391,-3809.546857384979,57,-,-,-,-,Maximo
3202,128.08,-770629,-6645.8706762088495,57,-,-,-,-,Maximo
3203,128.12,-647932,-10606.32615953016,57,-,-,-,-,Maximo
3204,128.16,-610949,-10641.621338856196,57,-,-,-,-,Maximo
3205,128.2,-661933,-6480.366934974249,57,-,-,-,-,Maximo
3206,128.24,-716483,-905.4435303227656,57,-,-,-,-,Maximo
3207,128.28,-752954,4672.624875231486,57,-,-,-,-,Maximo
3208,128.32,-764788,8739.429850911882,57,-,-,-,-,Maximo
3209,128.36,-731712,9707.351861719508,57,-,-,-,-,Maximo
3210,128.4,-683492,9083.364482621311,57,-,-,-,-,Maximo
3211,128.44,-857512,15631.52070926073,57,-,-,-,-,Maximo
3212,128.48,-915271,17393.22407386948,57,-,-,-,-,Maximo
3213,128.52,-973618,14010.750209931575,57,-,-,-,-,Maximo
3214,128.56,-993397,1594.1954175447536,57,-,-,-,-,Maximo
3215,128.6,-997768,-14872.498236605386,57,-,-,-,-,Maximo
3216,128.64,-1001172,-25683.55848454433,57,-,-,-,-,Maximo
3217,128.68,-998409,-25687.457878953763,57,-,-,-,-,Maximo
3218,128.72,-973864,-19545.219961551324,57,-,-,-,-,Maximo
3219,128.76,-966866,-15397.24249861321,57,-,-,-,-,Maximo
3220,128.8,-966437,-18809.360874964346,57,-,-,-,-,Maximo
3221,128.84,-970677,-25359.34693773488,57,-,-,-,-,Maximo
3222,128.88,-974005,-25511.588550158413,57,-,-,-,-,Maximo
3223,128.92,-985835,-14721.971170245037,57,-,-,-,-,Maximo
3224,128.96,-966210,184.8935918712741,57,-,-,-,-,Maximo
3225,129.0,-951043,12025.19428477362,nan,57.666666666666664,-,-,-,-
3226,129.04,-919283,16958.354976974864,nan,-,-,-,-,-
3227,129.08,-811647,15075.18762223114,nan,-,-,-,-,-
3228,129.12,-696598,11184.085561744549,nan,-,-,-,-,-
3229,129.16,-710934,10614.283437622988,nan,-,-,-,-,-
3230,129.2,-724538,9538.119373153666,nan,-,-,-,-,-
3231,129.24,-723747,8478.401915358474,nan,-,-,-,-,-
3232,129.28,-738756,9445.395801615814,nan,-,-,-,-,-
3233,129.32,-731624,11480.79164913678,nan,-,-,-,-,-
3234,129.36,-863023,19211.62693079555,nan,-,-,-,-,-
3235,129.4,-1020654,28117.26907374707,nan,-,-,-,-,-
3236,129.44,-1050240,31300.176784748503,nan,-,-,-,-,-
3237,129.48,-1058985,28722.30315588911,nan,-,-,-,-,-
3238,129.52,-1066164,17709.617488555676,nan,-,-,-,-,-
3239,129.56,-1069053,-278.0488397918539,nan,-,-,-,-,-
3240,129.6,-1069584,-17976.654217643125,nan,-,-,-,-,-
3241,129.64,-1073195,-29108.38054442336,nan,-,-,-,-,-
3242,129.68,-1075514,-34885.10439860655,nan,-,-,-,-,-
3243,129.72,-1076395,-39847.875053922166,nan,-,-,-,-,-
3244,129.76,-1079695,-43408.109769963514,nan,-,-,-,-,-
3245,129.8,-1083072,-39394.54637413731,nan,-,-,-,-,-
3246,129.84,-1083770,-24663.9329182777,nan,-,-,-,-,-
3247,129.88,-1069739,-5644.3005686250835,nan,-,-,-,-,-
3248,129.92,-1034829,7719.605263028789,nan,-,-,-,-,-
3249,129.96,-971208,11461.83057049691,nan,-,-,-,-,-
3250,130.0,-851628,8296.150802818564,nan,-,-,-,-,-
3251,130.04,-688440,3370.346820838924,nan,-,-,-,-,-
3252,130.08,-691770,5221.417727161359,nan,-,-,-,-,-
3253,130.12,-732973,9293.861125763911,nan,-,-,-,-,-
3254,130.16,-744372,12680.743250446685,nan,-,-,-,-,-
3255,130.2,-741753,15856.069527861982,nan,-,-,-,-,-
3256,130.24,-732520,19447.462086076994,nan,-,-,-,-,-
3257,130.28,-719158,23898.292241178962,nan,-,-,-,-,-
3258,130.32,-662844,27691.332704821885,nan,-,-,-,-,-
3259,130.36,-820607,36897.66182794221,nan,-,-,-,-,-
3260,130.4,-855032,36048.51222692625,nan,-,-,-,-,-
3261,130.44,-904739,25324.458507221367,nan,-,-,-,-,-
3262,130.48,-944682,5654.250516580956,nan,-,-,-,-,-
3263,130.52,-966728,-14010.547922659935,nan,-,-,-,-,-
3264,130.56,-985036,-23876.088679226392,nan,-,-,-,-,-
3265,130.6,-1001065,-23234.34074987182,nan,-,-,-,-,-
3266,130.64,-1004857,-19842.49340092225,nan,-,-,-,-,-
3267,130.68,-1001150,-20954.420528456918,nan,-,-,-,-,-
3268,130.72,-1003453,-27356.715431566656,nan,-,-,-,-,-
3269,130.76,-1005358,-34046.5104701619,nan,-,-,-,-,-
3270,130.8,-1007019,-34150.237808957856,nan,-,-,-,-,-
3271,130.84,-1006855,-25774.198435711456,nan,-,-,-,-,-
3272,130.88,-999738,-13653.236485535643,nan,-,-,-,-,-
3273,130.92,-990803,-3275.1068191867525,nan,-,-,-,-,-
3274,130.96,-965399,3073.6669384002744,nan,-,-,-,-,-
3275,131.0,-950952,7484.323051205443,nan,-,-,-,-,-
3276,131.04,-929985,10574.976371771903,nan,-,-,-,-,-
3277,131.08,-913723,12706.987770380656,nan,-,-,-,-,-
3278,131.12,-895094,13322.72085987588,nan,-,-,-,-,-
3279,131.16,-819000,10996.8687577436,nan,-,-,-,-,-
3280,131.2,-685045,6747.515018901395,nan,-,-,-,-,-
3281,131.24,-658024,6752.5194301469455,nan,-,-,-,-,-
3282,131.28,-722243,10601.29240010211,nan,-,-,-,-,-
3283,131.32,-781934,14538.3655255271,nan,-,-,-,-,-
3284,131.36,-798474,16307.363673708081,nan,-,-,-,-,-
3285,131.4,-833180,17189.14632775003,nan,-,-,-,-,-
3286,131.44,-846509,16279.219491020514,nan,-,-,-,-,-
3287,131.48,-761883,12683.35638045978,nan,-,-,-,-,-
3288,131.52,-769173,13399.373393528585,nan,-,-,-,-,-
3289,131.56,-898279,16974.45386684414,nan,-,-,-,-,-
3290,131.6,-943035,11637.475857056794,nan,-,-,-,-,-
3291,131.64,-967159,-2691.912040945783,nan,-,-,-,-,-
3292,131.68,-981132,-19870.58809796509,nan,-,-,-,-,-
3293,131.72,-973722,-30403.03549902935,nan,-,-,-,-,-
3294,131.76,-980483,-28633.382843775376,nan,-,-,-,-,-
3295,131.8,-990568,-19193.915296595493,nan,-,-,-,-,-
3296,131.84,-992800,-10543.95338825776,nan,-,-,-,-,-
3297,131.88,-994405,-8446.24444557594,nan,-,-,-,-,-
3298,131.92,-1017150,-12781.17281469197,nan,-,-,-,-,-
3299,131.96,-1020340,-18932.42667047293,nan,-,-,-,-,-
3300,132.0,-1021649,-18312.88159520016,nan,57.5,-,-,-,Movimiento
3301,132.04,-1025324,-8986.088859525575,nan,-,-,-,-,Movimiento
3302,132.08,-1007533,2077.439991255982,nan,-,-,-,-,Movimiento
3303,132.12,-1007143,9296.376610658845,nan,-,-,-,-,Movimiento
3304,132.16,-998323,10578.723247197311,nan,-,-,-,-,Movimiento
3305,132.2,-982141,8924.441139386974,nan,-,-,-,-,Movimiento
3306,132.24,-949896,6816.2461079548375,nan,-,-,-,-,Movimiento
3307,132.28,-926942,5766.6080687785725,nan,-,-,-,-,Movimiento
3308,132.32,-835190,3086.552589726605,nan,-,-,-,-,Movimiento
3309,132.36,-702714,-109.58035720087355,nan,-,-,-,-,Movimiento
3310,132.4,-673440,1102.5645143509464,nan,-,-,-,-,Movimiento
3311,132.44,-690038,4538.380814432576,nan,-,-,-,-,Movimiento
3312,132.48,-692665,7519.361492913813,nan,-,-,-,-,Movimiento
3313,132.52,-685804,9777.311286105381,nan,-,-,-,-,Movimiento
3314,132.56,-683765,11977.112810726569,nan,-,-,-,-,Movimiento
3315,132.6,-667879,14090.339509571393,nan,-,-,-,-,Movimiento
3316,132.64,-654368,17038.977278738996,nan,-,-,-,-,Movimiento
3317,132.68,-816159,25621.87603389565,nan,-,-,-,-,Movimiento
3318,132.72,-861608,27573.11721078682,nan,-,-,-,-,Movimiento
3319,132.76,-889032,22017.8806425784,nan,-,-,-,-,Movimiento
3320,132.8,-914461,8611.019597455379,nan,-,-,-,-,Movimiento
3321,132.84,-926671,-7626.671961072221,nan,-,-,-,-,Movimiento
3322,132.88,-934450,-18721.822723056954,nan,-,-,-,-,Movimiento
3323,132.92,-924454,-22618.290390321115,nan,-,-,-,-,Movimiento
3324,132.96,-934355,-22530.697083562292,nan,-,-,-,-,Movimiento
3325,133.0,-925226,-25417.269089701396,nan,-,-,-,-,Movimiento
3326,133.04,-917408,-31444.311856038286,nan,-,-,-,-,Movimiento
3327,133.08,-916770,-35254.99259807081,nan,-,-,-,-,Movimiento
3328,133.12,-918357,-30921.906871945044,nan,-,-,-,-,Movimiento
3329,133.16,-921537,-18398.882646242346,nan,-,-,-,-,Movimiento
3330,133.2,-926539,-4056.337971733621,nan,-,-,-,-,Movimiento
3331,133.24,-923223,5849.931364290729,nan,-,-,-,-,Movimiento
3332,133.28,-910559,10512.576297823362,nan,-,-,-,-,Movimiento
3333,133.32,-901787,12598.2468931158,nan,-,-,-,-,Movimiento
3334,133.36,-875743,13016.058182226814,nan,-,-,-,-,Movimiento
3335,133.4,-857004,12869.64304405472,nan,-,-,-,-,Movimiento
3336,133.44,-727311,8294.916520060739,nan,-,-,-,-,Movimiento
3337,133.48,-644252,4610.701440151446,nan,-,-,-,-,Movimiento
3338,133.52,-713650,5934.426062955717,nan,-,-,-,-,Movimiento
3339,133.56,-785066,8228.700092695915,nan,-,-,-,-,Movimiento
3340,133.6,-788502,9499.491948849332,nan,-,-,-,-,Movimiento
3341,133.64,-772034,10749.904123820554,nan,-,-,-,-,Movimiento
3342,133.68,-758798,11935.680129900764,nan,-,-,-,-,Movimiento
3343,133.72,-739577,12705.700025865837,nan,-,-,-,-,Movimiento
3344,133.76,-701886,13267.211749827427,nan,-,-,-,-,Movimiento
3345,133.8,-665812,13490.34133784076,nan,-,-,-,-,Movimiento
3346,133.84,-761421,13782.744005013185,nan,-,-,-,-,Movimiento
3347,133.88,-857541,6398.537370254533,nan,-,-,-,-,Movimiento
3348,133.92,-911134,-6996.4003713399,nan,-,-,-,-,Movimiento
3349,133.96,-935865,-16495.319633212763,nan,-,-,-,-,Movimiento
3350,134.0,-947181,-15408.641029578575,nan,-,-,-,-,Movimiento
3351,134.04,-952349,-7425.759209825778,nan,-,-,-,-,Movimiento
3352,134.08,-953666,-1185.59644314232,nan,-,-,-,-,Movimiento
3353,134.12,-956046,-1273.795255983474,nan,-,-,-,-,Movimiento
3354,134.16,-960146,-7283.9939037117365,nan,-,-,-,-,Movimiento
3355,134.2,-967615,-16792.723018914396,nan,-,-,-,-,Movimiento
3356,134.24,-969362,-25972.14785465112,nan,-,-,-,-,Movimiento
3357,134.28,-970230,-28733.068114369256,nan,-,-,-,-,Movimiento
3358,134.32,-970760,-21798.46149552212,nan,-,-,-,-,Movimiento
3359,134.36,-965878,-8868.577139309666,nan,-,-,-,-,Movimiento
3360,134.4,-948381,2592.5923233431604,nan,-,-,-,-,Movimiento
3361,134.44,-922211,8424.044667377224,nan,-,-,-,-,Movimiento
3362,134.48,-894785,9590.650970928415,nan,-,-,-,-,Movimiento
3363,134.52,-870458,8952.981718167139,nan,-,-,-,-,Movimiento
3364,134.56,-873699,9081.412402640333,nan,-,-,-,-,Movimiento
3365,134.6,-823809,7878.033656312142,nan,-,-,-,-,Movimiento
3366,134.64,-721699,5375.941335533236,nan,-,-,-,-,Movimiento
3367,134.68,-671956,4976.565151012459,nan,-,-,-,-,Movimiento
3368,134.72,-703285,7729.021813314781,nan,-,-,-,-,Movimiento
3369,134.76,-742736,11274.79730838725,nan,-,-,-,-,Movimiento
3370,134.8,-759635,14064.519541875212,nan,-,-,-,-,Movimiento
3371,134.84,-773209,15552.359188142625,nan,-,-,-,-,Movimiento
3372,134.88,-717475,12866.867125595592,nan,-,-,-,-,Movimiento
3373,134.92,-865335,15560.580924891081,nan,-,-,-,-,Movimiento
3374,134.96,-954630,16915.08064900164,nan,-,-,-,-,Movimiento
3375,135.0,-1005557,17361.966432254063,nan,57.0,-,-,-,-
3376,135.04,-1037481,13887.464280789543,nan,-,-,-,-,-
3377,135.08,-1056939,3295.4574494663757,nan,-,-,-,-,-
3378,135.12,-1062141,-11933.6374454718,nan,-,-,-,-,-
3379,135.16,-1054438,-24097.292685523542,nan,-,-,-,-,-
3380,135.2,-1045268,-28192.81361607609,nan,-,-,-,-,-
3381,135.24,-1045215,-27346.57181826867,nan,-,-,-,-,-
3382,135.28,-1048156,-28256.87126265779,nan,-,-,-,-,-
3383,135.32,-1049474,-31658.819924887503,nan,-,-,-,-,-
3384,135.36,-1051804,-31047.372257949697,nan,-,-,-,-,-
3385,135.4,-1050949,-21662.43560561849,nan,-,-,-,-,-
3386,135.44,-1056842,-6362.714967920132,nan,-,-,-,-,-
3387,135.48,-1059355,7205.348510907861,nan,-,-,-,-,-
3388,135.52,-1060780,15127.231365588814,nan,-,-,-,-,-
3389,135.56,-1060944,18056.310401020153,nan,-,-,-,-,-
3390,135.6,-1062333,18031.446015620553,nan,-,-,-,-,-
3391,135.64,-1062021,16270.347398604445,nan,-,-,-,-,-
3392,135.68,-1062883,13778.0163623466,nan,-,-,-,-,-
3393,135.72,-1063110,11314.79131483834,nan,-,-,-,-,-
3394,135.76,-1059565,9101.83840599573,nan,-,-,-,-,-
3395,135.8,-1042939,6677.244689493831,nan,-,-,-,-,-
3396,135.84,-1032493,4531.260589969574,nan,-,-,-,-,-
3397,135.88,-1024387,2709.390558975767,nan,-,-,-,-,-
3398,135.92,-1011826,1201.9444682696012,nan,-,-,-,-,-
3399,135.96,-994073,-51.31035566124956,nan,-,-,-,-,-
3400,136.0,-973911,-1117.861476618319,nan,-,-,-,-,-
3401,136.04,-954000,-1917.191983759603,nan,-,-,-,-,-
3402,136.08,-918677,-2735.3474159208317,nan,-,-,-,-,-
3403,136.12,-901091,-2284.4058593125674,nan,-,-,-,-,-
3404,136.16,-854314,-2144.327441220039,nan,-,-,-,-,-
3405,136.2,-799644,-2085.304788449728,nan,-,-,-,-,-
3406,136.24,-692181,-3944.722003267525,nan,-,-,-,-,-
3407,136.28,-641113,-4023.88735251264,nan,-,-,-,-,-
3408,136.32,-620355,-2536.8083961204957,nan,-,-,-,-,-
3409,136.36,-629804,779.2801582781103,nan,-,-,-,-,-
3410,136.4,-646069,4693.358699743127,nan,-,-,-,-,-
3411,136.44,-662564,8270.446703595357,nan,-,-,-,-,-
3412,136.48,-677088,11155.200077305199,nan,-,-,-,-,-
3413,136.52,-670342,13045.677758490288,nan,-,-,-,-,-
3414,136.56,-681668,15393.510841244992,nan,-,-,-,-,-
3415,136.6,-773294,18925.556407587253,nan,-,-,-,-,-
3416,136.64,-885290,18889.496468809142,nan,-,-,-,-,-
3417,136.68,-954991,11405.280004710643,nan,-,-,-,-,-
3418,136.72,-990712,-1310.2825360046845,nan,-,-,-,-,-
3419,136.76,-999851,-13946.994297837937,nan,-,-,-,-,-
3420,136.8,-1007414,-21496.535807057517,nan,-,-,-,-,-
3421,136.84,-994080,-24196.021738477662,nan,-,-,-,-,-
3422,136.88,-999232,-23708.14051857505,nan,-,-,-,-,-
3423,136.92,-1002678,-24413.903697570757,nan,-,-,-,-,-
3424,136.96,-1006363,-27858.578769577784,nan,-,-,-,-,-
3425,137.0,-1008053,-31490.104529969496,nan,-,-,-,-,-
3426,137.04,-1029054,-29126.265507399614,nan,-,-,-,-,-
3427,137.08,-1027357,-18996.201553326056,nan,-,-,-,-,-
3428,137.12,-1014506,-3823.2022077482543,nan,-,-,-,-,-
3429,137.16,-994327,9757.427356724773,nan,-,-,-,-,-
3430,137.2,-954494,16766.717743750734,nan,-,-,-,-,-
3431,137.24,-867224,16411.058257030105,nan,-,-,-,-,-
3432,137.28,-801394,13638.809425863074,nan,-,-,-,-,-
3433,137.32,-713608,9633.789807920897,nan,-,-,-,-,-
3434,137.36,-663869,7652.3473181546,nan,-,-,-,-,-
3435,137.4,-639209,7691.006495203157,nan,-,-,-,-,-
3436,137.44,-673274,10984.924667192732,nan,-,-,-,-,-
3437,137.48,-691598,15215.635902524402,nan,-,-,-,-,-
3438,137.52,-680123,19515.401223186782,nan,-,-,-,-,-
3439,137.56,-671687,23882.812601109646,nan,-,-,-,-,-
3440,137.6,-665271,26910.99473432885,nan,-,-,-,-,-
3441,137.64,-863232,33397.21800423824,nan,-,-,-,-,-
3442,137.68,-895640,29638.475738924142,nan,-,-,-,-,-
3443,137.72,-941840,20486.972075781552,nan,-,-,-,-,-
3444,137.76,-963158,5895.8775048842945,nan,-,-,-,-,-
3445,137.8,-971859,-10178.010690033341,nan,-,-,-,-,-
3446,137.84,-970315,-22861.00284318867,nan,-,-,-,-,-
3447,137.88,-963699,-29022.05025730947,nan,-,-,-,-,-
3448,137.92,-955901,-30466.672639639146,nan,-,-,-,-,-
3449,137.96,-955768,-32199.999584984485,nan,-,-,-,-,-
3450,138.0,-957229,-36735.5779153178,nan,nan,-,-,-,-
3451,138.04,-965014,-39194.00177078675,nan,-,-,-,-,-
3452,138.08,-961660,-33274.22121238691,nan,-,-,-,-,-
3453,138.12,-958465,-18457.279027846045,nan,-,-,-,-,-
3454,138.16,-949279,-2209.667871604237,nan,-,-,-,-,-
3455,138.2,-915651,8212.924259219973,nan,-,-,-,-,-
3456,138.24,-851083,11750.604433716391,nan,-,-,-,-,-
3457,138.28,-732757,10201.715381558635,nan,-,-,-,-,-
3458,138.32,-648064,8442.139296269539,nan,-,-,-,-,-
3459,138.36,-623008,8218.009748509488,nan,-,-,-,-,-
3460,138.4,-627884,9231.075576550638,nan,-,-,-,-,-
3461,138.44,-634459,11204.024994282641,nan,-,-,-,-,-
3462,138.48,-646331,14437.74687718632,nan,-,-,-,-,-
3463,138.52,-665131,18738.641024823344,nan,-,-,-,-,-
3464,138.56,-798057,27240.212989225518,nan,-,-,-,-,-
3465,138.6,-834366,32483.484435913997,nan,-,-,-,-,-
3466,138.64,-875718,35477.004531772254,nan,-,-,-,-,-
3467,138.68,-894165,31563.489773731955,nan,-,-,-,-,-
3468,138.72,-899055,18772.978201586302,nan,-,-,-,-,-
3469,138.76,-898562,79.95127451856024,nan,-,-,-,-,-
3470,138.8,-896280,-17768.840928196383,nan,-,-,-,-,-
3471,138.84,-899955,-29582.131242570158,nan,-,-,-,-,-
3472,138.88,-902071,-35810.00909506808,nan,-,-,-,-,-
3473,138.92,-903446,-38765.81756934042,nan,-,-,-,-,-
3474,138.96,-907759,-38023.638191994985,nan,-,-,-,-,-
3475,139.0,-907338,-31504.27114343911,nan,-,-,-,-,-
3476,139.04,-911192,-19385.577217588514,nan,-,-,-,-,-
3477,139.08,-911270,-6420.341978598139,nan,-,-,-,-,-
3478,139.12,-911813,3096.6340252587834,nan,-,-,-,-,-
3479,139.16,-909570,7977.299409566338,nan,-,-,-,-,-
3480,139.2,-895784,9332.912763015825,nan,-,-,-,-,-
3481,139.24,-881724,9235.287699763452,nan,-,-,-,-,-
3482,139.28,-880053,9116.268259210974,nan,-,-,-,-,-
3483,139.32,-884063,9121.911611179636,nan,-,-,-,-,-
3484,139.36,-882332,8868.042893124737,nan,-,-,-,-,-
3485,139.4,-843246,7267.802954716351,nan,-,-,-,-,-
3486,139.44,-783835,4962.514007034777,nan,-,-,-,-,-
3487,139.48,-734507,3224.8512503155216,nan,-,-,-,-,-
3488,139.52,-666578,1491.917342722758,nan,-,-,-,-,-
3489,139.56,-625951,1324.898194500529,nan,-,-,-,-,-
3490,139.6,-657301,3672.2903645213773,nan,-,-,-,-,-
3491,139.64,-697796,5783.9149661308475,nan,-,-,-,-,-
3492,139.68,-719270,6744.143511855989,nan,-,-,-,-,-
3493,139.72,-727780,7865.988015232157,nan,-,-,-,-,-
3494,139.76,-737346,10674.178809330144,nan,-,-,-,-,-
3495,139.8,-740642,14219.794538094546,nan,-,-,-,-,-
3496,139.84,-707105,14901.189974345558,nan,-,-,-,-,-
3497,139.88,-838312,16398.329224647692,nan,-,-,-,-,-
3498,139.92,-912083,10507.882293761693,nan,-,-,-,-,-
3499,139.96,-971899,79.36997435132798,nan,-,-,-,-,-
3500,140.0,-1003019,-11497.51625096742,nan,-,-,-,-,-
3501,140.04,-1014333,-19309.20990468469,nan,-,-,-,-,-
3502,140.08,-1003699,-21206.897988448516,nan,-,-,-,-,-
3503,140.12,-996604,-18447.908263558216,nan,-,-,-,-,-
3504,140.16,-998512,-15378.38941985328,nan,-,-,-,-,-
3505,140.2,-1001498,-15800.22052472757,nan,-,-,-,-,-
3506,140.24,-1006071,-20038.932585985458,nan,-,-,-,-,-
3507,140.28,-1006646,-24651.823445101894,nan,-,-,-,-,-
3508,140.32,-1006533,-23785.189272999603,nan,-,-,-,-,-
3509,140.36,-1010282,-14555.162378255227,nan,-,-,-,-,-
3510,140.4,-1012243,-625.7040373629134,nan,-,-,-,-,-
3511,140.44,-1011346,11514.941573281107,nan,-,-,-,-,-
3512,140.48,-997750,17608.1822088435,nan,-,-,-,-,-
3513,140.52,-959707,17457.290540052352,nan,-,-,-,-,-
3514,140.56,-905377,13783.69361946715,nan,-,-,-,-,-
3515,140.6,-831208,9081.881108455913,nan,-,-,-,-,-
3516,140.64,-703048,3760.5945949976303,nan,-,-,-,-,-
3517,140.68,-674952,3019.8226049397927,nan,-,-,-,-,-
3518,140.72,-692448,4641.556342321148,nan,-,-,-,-,-
3519,140.76,-702216,6580.954292336908,nan,-,-,-,-,-
3520,140.8,-726437,9685.663907308743,nan,-,-,-,-,-
3521,140.84,-877311,17716.745494875446,nan,-,-,-,-,-
3522,140.88,-936656,23319.476170415408,nan,-,-,-,-,-
3523,140.92,-981629,27901.229798531538,nan,-,-,-,-,-
3524,140.96,-1025493,30013.722958487488,nan,-,-,-,-,-
3525,141.0,-1042464,26239.684656199388,nan,nan,-,-,-,Movimiento
3526,141.04,-1038191,14638.760558153455,nan,-,-,-,-,Movimiento
3527,141.08,-1043481,-3036.2957818470313,nan,-,-,-,-,Movimiento
3528,141.12,-1045153,-22508.594295697098,nan,-,-,-,-,Movimiento
3529,141.16,-1047161,-37930.7266324656,nan,-,-,-,-,Movimiento
3530,141.2,-1046655,-46334.17981799938,nan,-,-,-,-,Movimiento
3531,141.24,-1038185,-47144.48243388145,nan,-,-,-,-,Movimiento
3532,141.28,-1018651,-40343.427729125164,nan,-,-,-,-,Movimiento
3533,141.32,-996486,-27503.715808034787,nan,-,-,-,-,Movimiento
3534,141.36,-990089,-12612.226569335486,nan,-,-,-,-,Movimiento
3535,141.4,-976083,-719.2083986822836,nan,-,-,-,-,Movimiento
3536,141.44,-941505,6328.043417831825,nan,-,-,-,-,Movimiento
3537,141.48,-860012,8426.041546564185,nan,-,-,-,-,Movimiento
3538,141.52,-740064,7338.9237589677505,nan,-,-,-,-,Movimiento
3539,141.56,-665136,7311.101187269829,nan,-,-,-,-,Movimiento
3540,141.6,-664051,10305.475410555013,nan,-,-,-,-,Movimiento
3541,141.64,-669209,14054.33919978388,nan,-,-,-,-,Movimiento
3542,141.68,-669618,17183.333057729345,nan,-,-,-,-,Movimiento
3543,141.72,-732179,20921.8293735395,nan,-,-,-,-,Movimiento
3544,141.76,-1019792,30707.008438139164,nan,-,-,-,-,Movimiento
3545,141.8,-1077402,33138.641082944756,nan,-,-,-,-,Movimiento
3546,141.84,-1088373,34338.46924238291,nan,-,-,-,-,Movimiento
3547,141.88,-1086643,32677.344552464507,nan,-,-,-,-,Movimiento
3548,141.92,-1089156,24259.064602949362,nan,-,-,-,-,Movimiento
3549,141.96,-1082147,7062.0075578136275,nan,-,-,-,-,Movimiento
3550,142.0,-1072078,-14797.680541255802,nan,-,-,-,-,Movimiento
3551,142.04,-1068461,-35027.75007222287,nan,-,-,-,-,Movimiento
3552,142.08,-1069028,-50568.42490442563,nan,-,-,-,-,Movimiento
3553,142.12,-1073977,-59788.110718722746,nan,-,-,-,-,Movimiento
3554,142.16,-1078599,-58215.60014021708,nan,-,-,-,-,Movimiento
3555,142.2,-1079919,-41776.96762815188,nan,-,-,-,-,Movimiento
3556,142.24,-1080457,-15612.103466068176,nan,-,-,-,-,Movimiento
3557,142.28,-1080200,7122.951532142739,nan,-,-,-,-,Movimiento
3558,142.32,-1082476,18060.85588818312,nan,-,-,-,-,Movimiento
3559,142.36,-1085132,19445.738080798015,nan,-,-,-,-,Movimiento
3560,142.4,-1087795,17726.890997054117,nan,-,-,-,-,Movimiento
3561,142.44,-1090046,16123.533645358804,nan,-,-,-,-,Movimiento
3562,142.48,-1090530,14478.940578178668,nan,-,-,-,-,Movimiento
3563,142.52,-1091490,12472.20052984944,nan,-,-,-,-,Movimiento
3564,142.56,-1092268,10476.793437260629,nan,-,-,-,-,Movimiento
3565,142.6,-1092079,8833.37710891096,nan,-,-,-,-,Movimiento
3566,142.64,-1091053,7353.884801535578,nan,-,-,-,-,Movimiento
3567,142.68,-1086746,5585.405166653229,nan,-,-,-,-,Movimiento
3568,142.72,-1072607,3288.961764795514,nan,-,-,-,-,Movimiento
3569,142.76,-1069743,1478.4840994078259,nan,-,-,-,-,Movimiento
3570,142.8,-1070471,243.5365609972123,nan,-,-,-,-,Movimiento
3571,142.84,-1076006,-301.10433062788434,nan,-,-,-,-,Movimiento
3572,142.88,-1079323,-581.0638473279141,nan,-,-,-,-,Movimiento
3573,142.92,-989161,-3668.933413648112,nan,-,-,-,-,Movimiento
3574,142.96,-774583,-10352.494621675753,nan,-,-,-,-,Movimiento
3575,143.0,-700290,-11613.590662815259,nan,-,-,-,-,Movimiento
3576,143.04,-656951,-10520.817848662467,nan,-,-,-,-,Movimiento
3577,143.08,-638206,-7363.955629020005,nan,-,-,-,-,Movimiento
3578,143.12,-642395,-2931.823069535174,nan,-,-,-,-,Movimiento
3579,143.16,-663991,1837.628630578125,nan,-,-,-,-,Movimiento
3580,143.2,-531357,2035.7667645717702,nan,-,-,-,-,Movimiento
3581,143.24,-542086,9479.305573465055,nan,-,-,-,-,Movimiento
3582,143.28,-628098,23331.18878347607,nan,-,-,-,-,Movimiento
3583,143.32,-634072,35079.48379425029,nan,-,-,-,-,Movimiento
3584,143.36,-632882,38712.22340620252,nan,-,-,-,-,Movimiento
3585,143.4,-636698,28626.678121359888,nan,-,-,-,-,Movimiento
3586,143.44,-634819,8468.394767806443,nan,-,-,-,-,Movimiento
3587,143.48,-635195,-9974.713157961945,nan,-,-,-,-,Movimiento
3588,143.52,-639019,-18240.84933069794,nan,-,-,-,-,Movimiento
3589,143.56,-655665,-17328.457944899335,nan,-,-,-,-,Movimiento
3590,143.6,-662414,-15815.285774434946,nan,-,-,-,-,Movimiento
3591,143.64,-659480,-19334.720283450806,nan,-,-,-,-,Movimiento
3592,143.68,-648182,-25246.005624715574,nan,-,-,-,-,Movimiento
3593,143.72,-576894,-28058.0434186247,nan,-,-,-,-,Movimiento
3594,143.76,-649750,-19049.22783910117,nan,-,-,-,-,Movimiento
3595,143.8,-739544,-7387.380754714133,nan,-,-,-,-,Movimiento
3596,143.84,-798927,-3.4549435180670116,nan,-,-,-,-,Movimiento
3597,143.88,-802910,1637.50208061153,nan,-,-,-,-,Movimiento
3598,143.92,-792307,1120.6885668891664,nan,-,-,-,-,Movimiento
3599,143.96,-776335,837.1644980165802,nan,-,-,-,-,Movimiento
3600,144.0,-724109,716.4201908702962,nan,nan,-,-,-,-
3601,144.04,-937703,9675.450588458109,nan,-,-,-,-,-
3602,144.08,-983538,10981.456301967635,nan,-,-,-,-,-
3603,144.12,-1016316,6624.487333048877,nan,-,-,-,-,-
3604,144.16,-1038196,-2373.396766057487,nan,-,-,-,-,-
3605,144.2,-1051841,-9627.939825231817,nan,-,-,-,-,-
3606,144.24,-1051924,-9018.35136350862,nan,-,-,-,-,-
3607,144.28,-1053227,-1113.454508445,nan,-,-,-,-,-
3608,144.32,-1053483,5764.341560712797,nan,-,-,-,-,-
3609,144.36,-1056049,4082.1441016579265,nan,-,-,-,-,-
3610,144.4,-1057267,-6098.956394210189,nan,-,-,-,-,-
3611,144.44,-1059502,-16250.501360368784,nan,-,-,-,-,-
3612,144.48,-1062437,-16864.203335771563,nan,-,-,-,-,-
3613,144.52,-1063254,-6809.169447385317,nan,-,-,-,-,-
3614,144.56,-1064762,6101.874704985399,nan,-,-,-,-,-
3615,144.6,-1066179,13970.95297895691,nan,-,-,-,-,-
3616,144.64,-1067449,15698.48625569006,nan,-,-,-,-,-
3617,144.68,-1068641,14424.20541283068,nan,-,-,-,-,-
3618,144.72,-1067594,12491.37533329589,nan,-,-,-,-,-
3619,144.76,-1056115,10140.52981558577,nan,-,-,-,-,-
3620,144.8,-1048491,7785.745327039373,nan,-,-,-,-,-
3621,144.84,-1047398,5647.635443816544,nan,-,-,-,-,-
3622,144.88,-1051367,3917.4280731845574,nan,-,-,-,-,-
3623,144.92,-1056192,2556.4864499712894,nan,-,-,-,-,-
3624,144.96,-1059378,1415.9343279593922,nan,-,-,-,-,-
3625,145.0,-1058765,352.2985857633357,nan,-,-,-,-,-
3626,145.04,-1059720,-398.20777873726547,nan,-,-,-,-,-
3627,145.08,-1060612,-753.3120702688502,nan,-,-,-,-,-
3628,145.12,-1062915,-735.644559589593,nan,-,-,-,-,-
3629,145.16,-1065423,-834.62708589463,nan,-,-,-,-,-
3630,145.2,-1067015,-1625.510985652665,nan,-,-,-,-,-
3631,145.24,-1069222,-3064.7811501311708,nan,-,-,-,-,-
3632,145.28,-1070645,-4477.631730657237,nan,-,-,-,-,-
3633,145.32,-1070282,-5076.714705043447,nan,-,-,-,-,-
3634,145.36,-1069845,-4643.854363412009,nan,-,-,-,-,-
3635,145.4,-1071091,-3659.5165359966018,nan,-,-,-,-,-
3636,145.44,-1066986,-2984.2781278431457,nan,-,-,-,-,-
3637,145.48,-1055194,-2896.304492099096,nan,-,-,-,-,-
3638,145.52,-1051883,-2658.2642583997676,nan,-,-,-,-,-
3639,145.56,-1050891,-2188.9526169669207,nan,-,-,-,-,-
3640,145.6,-1055455,-1307.4617365225495,nan,-,-,-,-,-
3641,145.64,-1058806,-341.4116383178954,nan,-,-,-,-,-
3642,145.68,-1062894,613.6824433643915,nan,-,-,-,-,-
3643,145.72,-1061872,1274.1273669746606,nan,-,-,-,-,-
3644,145.76,-1062252,1855.4077665945101,nan,-,-,-,-,-
3645,145.8,-1064741,2445.2895645954322,nan,-,-,-,-,-
3646,145.84,-1067235,2901.9319529466675,nan,-,-,-,-,-
3647,145.88,-1068724,2839.5648522869137,nan,-,-,-,-,-
3648,145.92,-1071273,1996.2554303457164,nan,-,-,-,-,-
3649,145.96,-1071490,490.2011604034137,nan,-,-,-,-,-
3650,146.0,-1072919,-838.428549708275,nan,-,-,-,-,-
3651,146.04,-1073255,-1433.5550074952516,nan,-,-,-,-,-
3652,146.08,-1072963,-1268.551454970289,nan,-,-,-,-,-
