muestra,tiempo,ppg,ppg filtrado,spi,spi_promedio,estado,tipo evento,evento
1,0.04,-1206042,2360.6886990840167,nan,-,-,-,-,-
2,0.08,-1208779,2929.177095558978,nan,-,-,-,-,-
3,0.12,-1210578,2863.567870543431,nan,-,-,-,-,-
4,0.16,-1212176,1787.0978356763126,nan,-,-,-,-,-
5,0.2,-1212476,-27.646634892812017,nan,-,-,-,-,-
6,0.24,-1213109,-1586.382821990027,nan,-,-,-,-,-
7,0.28,-1213686,-2165.8979147361815,nan,-,-,-,-,-
8,0.32,-1213166,-1896.784076866289,nan,-,-,-,-,-
9,0.36,-1208341,-1543.2615101360489,nan,-,-,-,-,-
10,0.4,-1193136,-1775.3093290770594,nan,-,-,-,-,-
11,0.44,-1188964,-1826.5129935470613,nan,-,-,-,-,-
12,0.48,-1190901,-1513.330655704388,nan,-,-,-,-,-
13,0.52,-1197006,-757.8095527098485,nan,-,-,-,-,-
14,0.56,-1201280,86.86589991399433,nan,-,-,-,-,-
15,0.6,-1201818,730.1420110090803,nan,-,-,-,-,-
16,0.64,-1200889,1175.3579839020094,nan,-,-,-,-,-
17,0.68,-1202378,1671.2666807242713,nan,-,-,-,-,-
18,0.72,-1205162,2300.613085887857,nan,-,-,-,-,-
19,0.76,-1207329,2802.0581872542034,nan,-,-,-,-,-
20,0.8,-1209964,2655.788552124399,nan,-,-,-,-,-
21,0.84,-1211429,1433.2996966233336,nan,-,-,-,-,-
22,0.88,-1211891,-431.41323888562783,nan,-,-,-,-,-
23,0.92,-1214049,-1809.067227551573,nan,-,-,-,-,-
24,0.96,-1215281,-2094.899086455602,nan,-,-,-,-,-
25,1.0,-1214262,-1599.1727754341714,nan,-,-,-,-,-
26,1.04,-1212192,-1078.3501075064923,nan,-,-,-,-,-
27,1.08,-1202901,-1210.6075473639085,nan,-,-,-,-,-
28,1.12,-1191009,-1690.4393293302128,nan,-,-,-,-,-
29,1.16,-1190068,-1659.7933363397533,nan,-,-,-,-,-
30,1.2,-1193663,-1129.5137073473556,nan,-,-,-,-,-
31,1.24,-1198859,-330.09313265709034,nan,-,-,-,-,-
32,1.28,-1201621,373.50324334155994,nan,-,-,-,-,-
33,1.32,-1199947,826.2346955242983,nan,-,-,-,-,-
34,1.36,-1203901,1445.5126203127038,nan,-,-,-,-,-
35,1.4,-1206530,2122.2422909067564,nan,-,-,-,-,-
36,1.44,-1209688,2806.5783040830966,nan,-,-,-,-,-
37,1.48,-1211781,3022.104574362542,nan,-,-,-,-,-
38,1.52,-1212256,2277.4560091983876,nan,-,-,-,-,-
39,1.56,-1213509,669.1734633564731,nan,-,-,-,-,-
40,1.6,-1213345,-1129.3113026822823,nan,-,-,-,-,-
41,1.64,-1214389,-2122.3055765950057,nan,-,-,-,-,-
42,1.68,-1212925,-2184.0448596669594,nan,-,-,-,-,-
43,1.72,-1204728,-1977.1134467142856,nan,-,-,-,-,-
44,1.76,-1191911,-2025.0497819676766,nan,-,-,-,-,-
45,1.8,-1190239,-1888.3899715208263,nan,-,-,-,-,-
46,1.84,-1191458,-1524.2892890720104,nan,-,-,-,-,-
47,1.88,-1197608,-701.9333983177912,nan,-,-,-,-,-
48,1.92,-1201565,186.37566118318682,nan,-,-,-,-,-
49,1.96,-1200801,811.3909546712948,nan,-,-,-,-,-
50,2.0,-1200160,1281.8268062675743,nan,-,-,-,-,-
51,2.04,-1203275,1866.6748624719903,nan,-,-,-,-,-
52,2.08,-1205503,2487.080037948226,nan,-,-,-,-,-
53,2.12,-1208772,2905.2989969591854,nan,-,-,-,-,-
54,2.16,-1212393,2550.6382287057168,nan,-,-,-,-,-
55,2.2,-1211619,1079.4140773771655,nan,-,-,-,-,-
56,2.24,-1213360,-686.9862649294873,nan,-,-,-,-,-
57,2.28,-1214164,-1883.9775735509083,nan,-,-,-,-,-
58,2.32,-1214221,-2041.0230057928063,nan,-,-,-,-,-
59,2.36,-1213804,-1542.6500436150627,nan,-,-,-,-,-
60,2.4,-1210607,-1197.0022805848948,nan,-,-,-,-,-
61,2.44,-1195674,-1621.9374736501104,nan,-,-,-,-,-
62,2.48,-1188923,-1917.485980785461,nan,-,-,-,-,-
63,2.52,-1190234,-1670.6575777847138,nan,-,-,-,-,-
64,2.56,-1196048,-877.6307950501339,nan,-,-,-,-,-
65,2.6,-1201579,87.17048385190446,nan,-,-,-,-,-
66,2.64,-1201151,751.941301473903,nan,-,-,-,-,-
67,2.68,-1200777,1219.8125998202668,nan,-,-,-,-,-
68,2.72,-1204926,1781.7598155353726,nan,-,-,-,-,-
69,2.76,-1208477,2423.6400380770638,nan,-,-,-,-,-
70,2.8,-1209939,2936.103597070771,nan,-,-,-,-,-
71,2.84,-1212744,2894.558034837938,nan,-,-,-,-,-
72,2.88,-1212654,1714.3235719708505,nan,-,-,-,-,-
73,2.92,-1214262,-158.22623082855125,nan,-,-,-,-,-
74,2.96,-1214377,-1804.503839351861,nan,-,-,-,-,-
75,3.0,-1213788,-2382.0858411653685,57,57.0,-,-,-,-
76,3.04,-1196104,-2551.8799373510483,57,-,-,-,-,-
77,3.08,-1190113,-2148.4620901587296,57,-,-,-,-,-
78,3.12,-1192082,-1764.2717921895437,57,-,-,-,-,-
79,3.16,-1194989,-1455.3133170495994,57,-,-,-,-,-
80,3.2,-1200851,-811.656935845861,57,-,-,-,-,-
81,3.24,-1202678,-47.22822468081267,57,-,-,-,-,-
82,3.28,-1200583,605.144878197329,57,-,-,-,-,-
83,3.32,-1202435,1300.6034365766832,57,-,-,-,-,-
84,3.36,-1205327,2053.717699705262,57,-,-,-,-,-
85,3.4,-1207107,2746.465608116383,57,-,-,-,-,-
86,3.44,-1210381,2967.286217119102,57,-,-,-,-,-
87,3.48,-1212504,2085.3423471845417,57,-,-,-,-,-
88,3.52,-1212962,282.01260004855203,57,-,-,-,-,-
89,3.56,-1214087,-1356.3822423481483,57,-,-,-,-,-
90,3.6,-1214276,-2002.678638776913,57,-,-,-,-,-
91,3.64,-1215194,-1651.9115612915666,57,-,-,-,-,-
92,3.68,-1212245,-1176.6232996089593,57,-,-,-,-,-
93,3.72,-1202358,-1255.3964448859933,57,-,-,-,-,-
94,3.76,-1190391,-1706.9186613279544,57,-,-,-,-,-
95,3.8,-1189601,-1710.8792294657705,57,-,-,-,-,-
96,3.84,-1194129,-1192.313959652984,57,-,-,-,-,-
97,3.88,-1199592,-359.77425107169256,57,-,-,-,-,-
98,3.92,-1201613,408.3849256523672,57,-,-,-,-,-
99,3.96,-1200920,963.8017406548915,57,-,-,-,-,-
100,4.0,-1203034,1505.5866282869647,57,-,-,-,-,-
101,4.04,-1207675,2167.564493607153,57,-,-,-,-,-
102,4.08,-1209096,2748.555275130964,57,-,-,-,-,-
103,4.12,-1211547,2981.374286277787,57,-,-,-,-,-
104,4.16,-1213320,2267.602898847358,57,-,-,-,-,-
105,4.2,-1213172,554.1253306261212,57,-,-,-,-,-
106,4.24,-1213824,-1264.3842339703456,57,-,-,-,-,-
107,4.28,-1213650,-2263.8218348832715,57,-,-,-,-,-
108,4.32,-1212683,-2218.7815330688773,57,-,-,-,-,-
109,4.36,-1202368,-2003.3277354734328,57,-,-,-,-,-
110,4.4,-1193731,-1895.34758053933,57,-,-,-,-,-
111,4.44,-1189602,-1854.0356382557457,57,-,-,-,-,-
112,4.48,-1191918,-1479.1901975717265,57,-,-,-,-,-
113,4.52,-1196890,-712.4757891272991,57,-,-,-,-,-
114,4.56,-1200833,174.5246879452843,57,-,-,-,-,-
115,4.6,-1201484,875.8431838005954,57,-,-,-,-,-
116,4.64,-1201563,1415.6181287481277,57,-,-,-,-,-
117,4.68,-1203327,1968.5501447626075,57,-,-,-,-,-
118,4.72,-1206464,2556.4865775500075,57,-,-,-,-,-
119,4.76,-1209149,2842.744995869305,57,-,-,-,-,-
120,4.8,-1210565,2337.0196660390384,57,-,-,-,-,-
121,4.84,-1212397,976.8056212111646,57,-,-,-,-,-
122,4.88,-1212362,-748.6862291916009,57,-,-,-,-,-
123,4.92,-1214160,-1863.9482230313956,57,-,-,-,-,-
124,4.96,-1214296,-2067.3782792777984,57,-,-,-,-,-
125,5.0,-1214296,-1623.739643468216,57,-,-,-,-,-
126,5.04,-1209878,-1296.4757751445404,57,-,-,-,-,-
127,5.08,-1193921,-1636.7558854813196,57,-,-,-,-,-
128,5.12,-1189488,-1736.6639720893236,57,-,-,-,-,-
129,5.16,-1191955,-1414.2747753544572,57,-,-,-,-,-
130,5.2,-1195103,-764.099392085361,57,-,-,-,-,-
131,5.24,-1202002,137.01674106123664,57,-,-,-,-,-
132,5.28,-1202527,740.7750890665111,57,-,-,-,-,-
133,5.32,-1201509,1156.6374933976058,57,-,-,-,-,-
134,5.36,-1205708,1747.3870490101244,57,-,-,-,-,-
135,5.4,-1209859,2456.3744376208997,57,-,-,-,-,-
136,5.44,-1210449,2949.482305752148,57,-,-,-,-,-
137,5.48,-1212429,2809.9514288068603,57,-,-,-,-,-
138,5.52,-1213889,1581.368252319085,57,-,-,-,-,-
139,5.56,-1213164,-379.69631110530116,57,-,-,-,-,-
140,5.6,-1214891,-1890.4718185290762,57,-,-,-,-,-
141,5.64,-1212914,-2435.498049481904,57,-,-,-,-,-
142,5.68,-1207680,-2198.17667185954,57,-,-,-,-,-
143,5.72,-1193499,-2069.948016402528,57,-,-,-,-,-
144,5.76,-1190711,-1822.546608572491,57,-,-,-,-,-
145,5.8,-1191850,-1544.0491883117002,57,-,-,-,-,-
146,5.84,-1196071,-943.2972151834349,57,-,-,-,-,-
147,5.88,-1201119,-77.74527430718899,57,-,-,-,-,-
148,5.92,-1201911,649.5583620352436,57,-,-,-,-,-
149,5.96,-1200286,1160.0816098451742,57,-,-,-,-,-
150,6.0,-1203267,1765.3098963902303,58,57.5,-,-,-,-
151,6.04,-1208637,2482.146259200662,58,-,-,-,-,-
152,6.08,-1210473,2901.831015335434,58,-,-,-,-,-
153,6.12,-1212024,2624.2890373845366,58,-,-,-,-,-
154,6.16,-1212694,1355.489747640091,58,-,-,-,-,-
155,6.2,-1213559,-414.96066729782,58,-,-,-,-,-
156,6.24,-1214403,-1758.7954764090327,58,-,-,-,-,-
157,6.28,-1213760,-2148.0881545207935,58,-,-,-,-,-
158,6.32,-1211005,-1850.6208227503184,58,-,-,-,-,-
159,6.36,-1196912,-1838.6476144963435,58,-,-,-,-,-
160,6.4,-1190111,-1886.546724726135,58,-,-,-,-,-
161,6.44,-1190938,-1771.490822487498,58,-,-,-,-,-
162,6.48,-1194798,-1248.3667775255196,58,-,-,-,-,-
163,6.52,-1198954,-362.87832495866996,58,-,-,-,-,-
164,6.56,-1202289,535.9793338231457,58,-,-,-,-,-
165,6.6,-1200813,1080.7328349226636,58,-,-,-,-,-
166,6.64,-1203004,1621.498082791084,58,-,-,-,-,-
167,6.68,-1206929,2281.507646120198,58,-,-,-,-,-
168,6.72,-1208575,2832.035251276884,58,-,-,-,-,-
169,6.76,-1211705,2897.300183760336,58,-,-,-,-,-
170,6.8,-1212612,1904.6120500899947,58,-,-,-,-,-
171,6.84,-1214584,185.69120907923798,58,-,-,-,-,-
172,6.88,-1213886,-1474.5505024246004,58,-,-,-,-,-
173,6.92,-1214231,-2173.5310826299756,58,-,-,-,-,-
174,6.96,-1210906,-2072.472898505869,58,-,-,-,-,-
175,7.0,-1197927,-1968.5027958369665,58,-,-,-,-,-
176,7.04,-1190890,-1859.2910372754377,58,-,-,-,-,-
177,7.08,-1189773,-1737.4155257053499,58,-,-,-,-,-
178,7.12,-1194238,-1310.1250989024657,58,-,-,-,-,-
179,7.16,-1199630,-568.4828052314897,58,-,-,-,-,-
180,7.2,-1201536,220.0494892087827,58,-,-,-,-,-
181,7.24,-1200918,897.0152015187832,58,-,-,-,-,-
182,7.28,-1201462,1541.2389949593771,58,-,-,-,-,-
183,7.32,-1204289,2246.5112967699624,58,-,-,-,-,-
184,7.36,-1206764,2829.7189516996523,58,-,-,-,-,-
185,7.4,-1210291,2928.1270114800063,58,-,-,-,-,-
186,7.44,-1211725,2025.3001827514227,58,-,-,-,-,-
187,7.48,-1212684,332.03355159571765,58,-,-,-,-,-
188,7.52,-1214004,-1288.4616925242528,58,-,-,-,-,-
189,7.56,-1215021,-2031.8221051522603,58,-,-,-,-,-
190,7.6,-1214360,-1857.3249861329782,58,-,-,-,-,-
191,7.64,-1209121,-1464.858925112455,58,-,-,-,-,-
192,7.68,-1192340,-1681.1498818397613,58,-,-,-,-,-
193,7.72,-1190561,-1723.7575909983352,58,-,-,-,-,-
194,7.76,-1193582,-1570.7356907381254,58,-,-,-,-,-
195,7.8,-1199616,-991.0894268486713,58,-,-,-,-,-
196,7.84,-1202073,-244.38113081132178,58,-,-,-,-,-
197,7.88,-1199988,387.41090684804567,58,-,-,-,-,-
198,7.92,-1203386,1080.158991536815,58,-,-,-,-,-
199,7.96,-1205656,1712.9444965524572,58,-,-,-,-,-
200,8.0,-1207679,2419.230320072218,58,-,-,-,-,-
201,8.04,-1210661,2983.2688612931024,58,-,-,-,-,-
202,8.08,-1212513,2733.61937383012,58,-,-,-,-,-
203,8.12,-1214499,1397.379557437539,58,-,-,-,-,-
204,8.16,-1213611,-533.8012673042662,58,-,-,-,-,-
205,8.2,-1214110,-1822.7559395189796,58,-,-,-,-,-
206,8.24,-1211896,-2079.072660426708,58,-,-,-,-,-
207,8.28,-1196307,-2102.1571737414233,58,-,-,-,-,-
208,8.32,-1190184,-1877.3753535856686,58,-,-,-,-,-
209,8.36,-1192435,-1637.0080825587556,58,-,-,-,-,-
210,8.4,-1196698,-1306.139752990902,58,-,-,-,-,-
211,8.44,-1201070,-714.6295171244528,58,-,-,-,-,-
212,8.48,-1202270,-21.292307596612773,58,-,-,-,-,-
213,8.52,-1200384,615.6998655278321,58,-,-,-,-,-
214,8.56,-1203662,1398.4050654207076,58,-,-,-,-,-
215,8.6,-1207097,2181.195431017518,58,-,-,-,-,-
216,8.64,-1209749,2797.6732752904427,58,-,-,-,-,-
217,8.68,-1210781,2776.5065461886197,58,-,-,-,-,-
218,8.72,-1212568,1783.1744364378496,58,-,-,-,-,-
219,8.76,-1212967,18.737252712496456,58,-,-,-,-,-
220,8.8,-1214463,-1469.4883028996499,58,-,-,-,-,-
221,8.84,-1213973,-2009.2810391216542,58,-,-,-,-,-
222,8.88,-1213475,-1680.8948739669522,58,-,-,-,-,-
223,8.92,-1208852,-1346.4615849341635,58,-,-,-,-,-
224,8.96,-1194003,-1661.7990177829342,58,-,-,-,-,-
225,9.0,-1190189,-1777.9373094621787,57,57.333333333333336,-,-,-,-
226,9.04,-1196366,-1334.275225562892,57,-,-,-,-,-
227,9.08,-1201377,-590.6927033004267,57,-,-,-,-,-
228,9.12,-1201597,102.9722572734363,57,-,-,-,-,-
229,9.16,-1200479,626.8731537752665,57,-,-,-,-,-
230,9.2,-1203508,1152.2953855939259,57,-,-,-,-,-
231,9.24,-1205983,1681.2696112806934,57,-,-,-,-,-
232,9.28,-1208882,2310.247185866312,57,-,-,-,-,-
233,9.32,-1211329,2745.4651840420847,57,-,-,-,-,-
234,9.36,-1213652,2458.2344307427866,57,-,-,-,-,-
235,9.4,-1214625,1147.0330908818805,57,-,-,-,-,-
236,9.44,-1213783,-638.974914975146,57,-,-,-,-,-
237,9.48,-1214349,-1765.3174262859554,57,-,-,-,-,-
238,9.52,-1208506,-2041.5169989909118,57,-,-,-,-,-
239,9.56,-1194080,-2049.8784148064933,57,-,-,-,-,-
240,9.6,-1189531,-1878.0479863800665,57,-,-,-,-,-
241,9.64,-1192106,-1701.4240997267198,57,-,-,-,-,-
242,9.68,-1194980,-1392.277825499297,57,-,-,-,-,-
243,9.72,-1200507,-670.1482404170047,57,-,-,-,-,-
244,9.76,-1201903,128.5569439151186,57,-,-,-,-,-
245,9.8,-1200231,839.3952361517927,57,-,-,-,-,-
246,9.84,-1203322,1649.475667096909,57,-,-,-,-,-
247,9.88,-1205666,2389.1641341409595,57,-,-,-,-,-
248,9.92,-1208600,2920.0575114352687,57,-,-,-,-,-
249,9.96,-1210571,2736.2418000385424,57,-,-,-,-,-
250,10.0,-1211774,1539.2424301139745,57,-,-,-,-,-
251,10.04,-1212422,-258.2680435771131,57,-,-,-,-,-
252,10.08,-1214364,-1642.9001200208195,57,-,-,-,-,-
253,10.12,-1214278,-2082.5612216563068,57,-,-,-,-,-
254,10.16,-1214869,-1690.7454204027288,57,-,-,-,-,-
255,10.2,-1209084,-1368.47255753004,57,-,-,-,-,-
256,10.24,-1196652,-1558.3393391808531,57,-,-,-,-,-
257,10.28,-1190303,-1740.2575050329087,57,-,-,-,-,-
258,10.32,-1191376,-1512.4787362204088,57,-,-,-,-,-
259,10.36,-1195719,-856.9266924085013,57,-,-,-,-,-
260,10.4,-1199741,-51.702877233432446,57,-,-,-,-,-
261,10.44,-1201738,616.0746504967055,57,-,-,-,-,-
262,10.48,-1201042,1071.99209666351,57,-,-,-,-,-
263,10.52,-1202721,1617.048831207535,57,-,-,-,-,-
264,10.56,-1204506,2279.2760821225083,57,-,-,-,-,-
265,10.6,-1208634,2913.5900731864967,57,-,-,-,-,-
266,10.64,-1210531,2842.180226712763,57,-,-,-,-,-
267,10.68,-1210850,1721.1157977617404,57,-,-,-,-,-
268,10.72,-1213156,4.778432987648557,57,-,-,-,-,-
269,10.76,-1214926,-1468.1938947242356,57,-,-,-,-,-
270,10.8,-1214126,-2068.151866927192,57,-,-,-,-,-
271,10.84,-1213642,-1803.9850163457527,57,-,-,-,-,-
272,10.88,-1197891,-1802.8100426737674,57,-,-,-,-,-
273,10.92,-1190121,-1785.1519145417915,57,-,-,-,-,-
274,10.96,-1190131,-1715.003141521238,57,-,-,-,-,-
275,11.0,-1195753,-1336.3309149610538,57,-,-,-,-,-
276,11.04,-1199971,-697.6840330947252,57,-,-,-,-,-
277,11.08,-1201699,29.700925704299152,57,-,-,-,-,-
278,11.12,-1200290,610.4122556807142,57,-,-,-,-,-
279,11.16,-1202771,1269.6864319413162,57,-,-,-,-,-
280,11.2,-1204996,2022.4779605730155,57,-,-,-,-,-
281,11.24,-1208470,2824.7757270981674,57,-,-,-,-,-
282,11.28,-1209825,3036.5620612176617,57,-,-,-,-,-
283,11.32,-1212191,2202.316889608475,57,-,-,-,-,-
284,11.36,-1212656,394.16746207403776,57,-,-,-,-,-
285,11.4,-1214054,-1308.192170179133,57,-,-,-,-,-
286,11.44,-1213202,-2079.3569149324912,57,-,-,-,-,-
287,11.48,-1213328,-1807.7240709998264,57,-,-,-,-,-
288,11.52,-1211800,-1305.2196930909963,57,-,-,-,-,-
289,11.56,-1198733,-1477.579092306616,57,-,-,-,-,-
290,11.6,-1190724,-1747.7927814648192,57,-,-,-,-,-
291,11.64,-1191005,-1622.5528941231169,57,-,-,-,-,-
292,11.68,-1193564,-1082.5097451513407,57,-,-,-,-,-
293,11.72,-1199277,-217.68066726863617,57,-,-,-,-,-
294,11.76,-1202610,560.2401031259278,57,-,-,-,-,-
295,11.8,-1201719,1072.3586877148355,57,-,-,-,-,-
296,11.84,-1200895,1506.792531343548,57,-,-,-,-,-
297,11.88,-1204328,2104.678175763959,57,-,-,-,-,-
298,11.92,-1207346,2652.9409775096683,57,-,-,-,-,-
299,11.96,-1209567,2753.9827139985937,57,-,-,-,-,-
300,12.0,-1211149,1958.8909915287395,55,56.75,-,-,-,-
301,12.04,-1214220,409.92021853771575,55,-,-,-,-,-
302,12.08,-1213327,-1284.118267166942,55,-,-,-,-,-
303,12.12,-1203317,-2432.0944342972407,55,-,-,-,-,-
304,12.16,-1191758,-2611.15023336203,55,-,-,-,-,-
305,12.2,-1190055,-1986.2172408105016,55,-,-,-,-,-
306,12.24,-1192291,-1383.3993196123947,55,-,-,-,-,-
307,12.28,-1197382,-1020.9633890335035,55,-,-,-,-,-
308,12.32,-1201752,-743.5886119953466,55,-,-,-,-,-
309,12.36,-1202059,-360.4203961087751,55,-,-,-,-,-
310,12.4,-1200816,267.6167258017176,55,-,-,-,-,-
311,12.44,-1204410,1262.0388011351297,55,-,-,-,-,-
312,12.48,-1206754,2259.290527927252,55,-,-,-,-,-
313,12.52,-1209722,2902.998968218916,55,-,-,-,-,-
314,12.56,-1211887,2581.943103465018,55,-,-,-,-,-
315,12.6,-1212657,1156.604875684392,55,-,-,-,-,-
316,12.64,-1213993,-611.0394350312115,55,-,-,-,-,-
317,12.68,-1213397,-1800.8677073654442,55,-,-,-,-,-
318,12.72,-1214844,-1870.812553268128,55,-,-,-,-,-
319,12.76,-1213263,-1400.8679298737634,55,-,-,-,-,-
320,12.8,-1208015,-1108.762803696317,55,-,-,-,-,-
321,12.84,-1193322,-1479.9345072211145,55,-,-,-,-,-
322,12.88,-1190204,-1597.8004531457755,55,-,-,-,-,-
323,12.92,-1192174,-1297.3015686447316,55,-,-,-,-,-
324,12.96,-1197802,-538.4757898801727,55,-,-,-,-,-
325,13.0,-1202181,311.16229150946674,55,-,-,-,-,-
326,13.04,-1200936,874.0330722419276,55,-,-,-,-,-
327,13.08,-1203230,1392.0353541552522,55,-,-,-,-,-
328,13.12,-1206964,1928.8258340166522,55,-,-,-,-,-
329,13.16,-1209344,2489.4313207672067,55,-,-,-,-,-
330,13.2,-1211404,2878.6871221774018,55,-,-,-,-,-
331,13.24,-1212728,2547.6968845219762,55,-,-,-,-,-
332,13.28,-1213546,1206.2113788720712,55,-,-,-,-,-
333,13.32,-1214737,-627.5707025844532,55,-,-,-,-,-
334,13.36,-1214637,-2008.1809020712572,55,-,-,-,-,-
335,13.4,-1213853,-2347.027771257294,55,-,-,-,-,-
336,13.44,-1208353,-2097.343563021568,55,-,-,-,-,-
337,13.48,-1194231,-2064.889839454325,55,-,-,-,-,-
338,13.52,-1190287,-1918.5553480724157,55,-,-,-,-,-
339,13.56,-1191972,-1579.2775327530844,55,-,-,-,-,-
340,13.6,-1196050,-917.3054147599689,55,-,-,-,-,-
341,13.64,-1199905,-87.38594775781712,55,-,-,-,-,-
342,13.68,-1201893,641.0066114718511,55,-,-,-,-,-
343,13.72,-1201172,1162.2103509937415,55,-,-,-,-,-
344,13.76,-1202965,1749.1040875274111,55,-,-,-,-,-
345,13.8,-1205307,2408.320821632049,55,-,-,-,-,-
346,13.84,-1209699,2951.8379343848237,55,-,-,-,-,-
347,13.88,-1210454,2689.5885698139746,55,-,-,-,-,-
348,13.92,-1211587,1463.1581235397011,55,-,-,-,-,-
349,13.96,-1213573,-276.11335593183253,55,-,-,-,-,-
350,14.0,-1214087,-1671.554753562731,55,-,-,-,-,-
351,14.04,-1214556,-2083.7918252097716,55,-,-,-,-,-
352,14.08,-1214245,-1746.2387156894447,55,-,-,-,-,-
353,14.12,-1209439,-1420.028589945805,55,-,-,-,-,-
354,14.16,-1196048,-1643.5950465048882,55,-,-,-,-,-
355,14.2,-1190082,-1803.1436035272836,55,-,-,-,-,-
356,14.24,-1190434,-1591.5976686414842,55,-,-,-,-,-
357,14.28,-1194883,-919.3549584706088,55,-,-,-,-,-
358,14.32,-1200081,-50.25114555542132,55,-,-,-,-,-
359,14.36,-1201467,628.6277366617451,55,-,-,-,-,-
360,14.4,-1201128,1126.214367873492,55,-,-,-,-,-
361,14.44,-1203678,1717.6567872745009,55,-,-,-,-,-
362,14.48,-1207413,2430.1512423814575,55,-,-,-,-,-
363,14.52,-1209936,2976.9142193335383,55,-,-,-,-,-
364,14.56,-1212080,2881.63943795641,55,-,-,-,-,-
365,14.6,-1213616,1769.9257119626131,55,-,-,-,-,-
366,14.64,-1213661,-70.13979288571863,55,-,-,-,-,-
367,14.68,-1215177,-1623.5336091100926,55,-,-,-,-,-
368,14.72,-1214922,-2264.735923696768,55,-,-,-,-,-
369,14.76,-1210112,-2157.3269714645166,55,-,-,-,-,-
370,14.8,-1195876,-2091.1519036883474,55,-,-,-,-,-
371,14.84,-1189382,-1983.5441049848487,55,-,-,-,-,-
372,14.88,-1190428,-1772.6888362936188,55,-,-,-,-,-
373,14.92,-1195125,-1259.1341323587885,55,-,-,-,-,-
374,14.96,-1201066,-408.8629191065893,55,-,-,-,-,-
375,15.0,-1202125,390.30705150120866,57,56.75,-,-,-,-
376,15.04,-1201232,1026.7398137486234,57,-,-,-,-,-
377,15.08,-1202904,1662.2392357191575,57,-,-,-,-,-
378,15.12,-1204391,2332.4137660705846,57,-,-,-,-,-
379,15.16,-1207561,2963.586441274535,57,-,-,-,-,-
380,15.2,-1209705,2942.695408251857,57,-,-,-,-,-
381,15.24,-1212030,1867.5173106108068,57,-,-,-,-,-
382,15.28,-1213574,18.405967540980328,57,-,-,-,-,-
383,15.32,-1214630,-1594.364650416081,57,-,-,-,-,-
384,15.36,-1214938,-2173.4466914416,57,-,-,-,-,-
385,15.4,-1212846,-1855.5309938014948,57,-,-,-,-,-
386,15.44,-1198457,-1677.5427589509127,57,-,-,-,-,-
387,15.48,-1190121,-1615.5351759446803,57,-,-,-,-,-
388,15.52,-1190823,-1556.0830864526997,57,-,-,-,-,-
389,15.56,-1194162,-1345.850474414674,57,-,-,-,-,-
390,15.6,-1199456,-776.8579837143184,57,-,-,-,-,-
391,15.64,-1201671,-78.98905107174323,57,-,-,-,-,-
392,15.68,-1201421,591.9714675667083,57,-,-,-,-,-
393,15.72,-1201474,1272.6170114770462,57,-,-,-,-,-
394,15.76,-1204903,2115.0618076103983,57,-,-,-,-,-
395,15.8,-1208509,2897.3557438829694,57,-,-,-,-,-
396,15.84,-1209504,3054.573707086497,57,-,-,-,-,-
397,15.88,-1212410,2236.028808623724,57,-,-,-,-,-
398,15.92,-1213423,478.50420266104766,57,-,-,-,-,-
399,15.96,-1213711,-1259.7738577502273,57,-,-,-,-,-
400,16.0,-1212624,-2110.291816126838,57,-,-,-,-,-
401,16.04,-1198358,-2370.147107538778,57,-,-,-,-,-
402,16.08,-1190444,-2026.9265860541054,57,-,-,-,-,-
403,16.12,-1190407,-1619.7399050588137,57,-,-,-,-,-
404,16.16,-1194355,-1342.639142332761,57,-,-,-,-,-
405,16.2,-1198658,-1002.133559565551,57,-,-,-,-,-
406,16.24,-1201899,-423.11038321378965,57,-,-,-,-,-
407,16.28,-1201219,236.46076033600366,57,-,-,-,-,-
408,16.32,-1201747,1004.2439295046906,57,-,-,-,-,-
409,16.36,-1206603,1947.74032348324,57,-,-,-,-,-
410,16.4,-1208441,2711.038357047333,57,-,-,-,-,-
411,16.44,-1210955,2972.818979371017,57,-,-,-,-,-
412,16.48,-1212911,2209.533235788177,57,-,-,-,-,-
413,16.52,-1213140,507.52832096050975,57,-,-,-,-,-
414,16.56,-1214606,-1159.118490054488,57,-,-,-,-,-
415,16.6,-1214291,-2006.274113764781,57,-,-,-,-,-
416,16.64,-1213512,-1893.6421241281814,57,-,-,-,-,-
417,16.68,-1211404,-1449.3608543443834,57,-,-,-,-,-
418,16.72,-1193191,-1719.4252599795018,57,-,-,-,-,-
419,16.76,-1190164,-1740.9797268334532,57,-,-,-,-,-
420,16.8,-1191337,-1530.3278101858587,57,-,-,-,-,-
421,16.84,-1195737,-892.0745466375697,57,-,-,-,-,-
422,16.88,-1201429,5.492078845591095,57,-,-,-,-,-
423,16.92,-1202218,712.3307517133826,57,-,-,-,-,-
424,16.96,-1199818,1169.2471410450025,57,-,-,-,-,-
425,17.0,-1203575,1769.674073123333,57,-,-,-,-,-
426,17.04,-1205875,2386.8623504170955,57,-,-,-,-,-
427,17.08,-1208346,2910.6562937221706,57,-,-,-,-,-
428,17.12,-1210068,2786.854382687313,57,-,-,-,-,-
429,17.16,-1213241,1672.876279782331,57,-,-,-,-,-
430,17.2,-1214471,-183.7583382299772,57,-,-,-,-,-
431,17.24,-1215420,-1706.3826033135515,57,-,-,-,-,-
432,17.28,-1214311,-2211.0077022269356,57,-,-,-,-,-
433,17.32,-1204310,-2106.5632475355615,57,-,-,-,-,-
434,17.36,-1191852,-1928.7931996689276,57,-,-,-,-,-
435,17.4,-1190203,-1724.362721064581,57,-,-,-,-,-
436,17.44,-1192682,-1575.1211060923533,57,-,-,-,-,-
437,17.48,-1197946,-1161.068625807189,57,-,-,-,-,-
438,17.52,-1202430,-485.88400072975037,57,-,-,-,-,-
439,17.56,-1200983,139.46228908138255,57,-,-,-,-,-
440,17.6,-1200710,843.9250779731337,57,-,-,-,-,-
441,17.64,-1206001,1804.6084598749057,57,-,-,-,-,-
442,17.68,-1207294,2648.6717114620524,57,-,-,-,-,-
443,17.72,-1210472,3162.32874661218,57,-,-,-,-,-
444,17.76,-1212070,2678.59141049323,57,-,-,-,-,-
445,17.8,-1212394,1115.8988698872242,57,-,-,-,-,-
446,17.84,-1213695,-729.2143644566282,57,-,-,-,-,-
447,17.88,-1213892,-1910.530826311659,57,-,-,-,-,-
448,17.92,-1214529,-1987.9327299662564,57,-,-,-,-,-
449,17.96,-1212862,-1529.3740412966645,57,-,-,-,-,-
450,18.0,-1200338,-1524.731155186355,24,48.25,-,-,-,-
451,18.04,-1189175,-1802.27166535385,24,-,-,-,-,-
452,18.08,-1194821,-1547.40745196012,24,-,-,-,-,-
453,18.12,-1198962,-1023.1381826861754,24,-,-,-,-,-
454,18.16,-1201667,-270.6440520730466,24,-,-,-,-,-
455,18.2,-1200876,372.2594869359946,24,-,-,-,-,-
456,18.24,-1202246,915.9806496072779,24,-,-,-,-,-
457,18.28,-1205171,1418.291081470038,24,-,-,-,-,-
458,18.32,-1207183,1981.499827833879,24,-,-,-,-,-
459,18.36,-1208890,2568.1077393719543,24,-,-,-,-,-
460,18.4,-1211782,2735.550038451678,24,-,-,-,-,-
461,18.44,-1212468,1846.808401812762,24,-,-,-,-,-
462,18.48,-1214060,187.6917561500518,24,-,-,-,-,-
463,18.52,-1213920,-1344.3313922287066,24,-,-,-,-,-
464,18.56,-1215049,-1843.3735122460002,24,-,-,-,-,-
465,18.6,-1211240,-1676.1513709619408,24,-,-,-,-,-
466,18.64,-1195952,-1770.7316525899241,24,-,-,-,-,-
467,18.68,-1189583,-1824.4767802183997,24,-,-,-,-,-
468,18.72,-1191341,-1659.8702830362954,24,-,-,-,-,-
469,18.76,-1197220,-1132.5642109883206,24,-,-,-,-,-
470,18.8,-1201768,-414.8856866262331,24,-,-,-,-,-
471,18.84,-1201286,201.15400100065108,24,-,-,-,-,-
472,18.88,-1201494,782.0607266915486,24,-,-,-,-,-
473,18.92,-1203496,1407.1823459830757,24,-,-,-,-,-
474,18.96,-1206822,2154.3799428786597,24,-,-,-,-,-
475,19.0,-1209396,2804.986259187456,24,-,-,-,-,-
476,19.04,-1211359,2830.7661190209246,24,-,-,-,-,-
477,19.08,-1212115,1743.5828312460885,24,-,-,-,-,-
478,19.12,-1212726,-111.34980368486345,24,-,-,-,-,-
479,19.16,-1214094,-1652.3442047821272,24,-,-,-,-,-
480,19.2,-1215185,-2104.0506125490774,24,-,-,-,-,-
481,19.24,-1213766,-1724.0631621699526,24,-,-,-,-,-
482,19.28,-1207492,-1382.9289708580964,24,-,-,-,-,-
483,19.32,-1193139,-1663.12857542225,24,-,-,-,-,-
484,19.36,-1188448,-1810.2948164164718,24,-,-,-,-,-
485,19.4,-1191992,-1457.1240478187801,24,-,-,-,-,-
486,19.44,-1195923,-738.2814426247708,24,-,-,-,-,-
487,19.48,-1200603,132.13332751638063,24,-,-,-,-,-
488,19.52,-1201671,758.9442993640369,24,-,-,-,-,-
489,19.56,-1200946,1182.4331410104605,24,-,-,-,-,-
490,19.6,-1203128,1743.8590728932695,24,-,-,-,-,-
491,19.64,-1206719,2487.7046169520427,24,-,-,-,-,-
492,19.68,-1208381,2997.480271237322,24,-,-,-,-,-
493,19.72,-1210962,2759.708542018938,24,-,-,-,-,-
494,19.76,-1211593,1385.4364094773705,24,-,-,-,-,-
495,19.8,-1212804,-507.1722417281094,24,-,-,-,-,-
496,19.84,-1213780,-1904.0390471646842,24,-,-,-,-,-
497,19.88,-1213418,-2243.4731248602557,24,-,-,-,-,-
498,19.92,-1213571,-1773.2985485406657,24,-,-,-,-,-
499,19.96,-1210757,-1334.55236606365,24,-,-,-,-,-
500,20.0,-1195740,-1619.2195311061205,24,-,-,-,-,-
501,20.04,-1188976,-1801.0187722113005,24,-,-,-,-,-
502,20.08,-1192248,-1462.5666167468808,24,-,-,-,-,-
503,20.12,-1197056,-762.1494637450832,24,-,-,-,-,-
504,20.16,-1201382,57.698226628507655,24,-,-,-,-,-
505,20.2,-1200599,630.2475012316618,24,-,-,-,-,-
506,20.24,-1202306,1144.7887268209615,24,-,-,-,-,-
507,20.28,-1205806,1691.9392611574467,24,-,-,-,-,-
508,20.32,-1208229,2289.9704392503018,24,-,-,-,-,-
509,20.36,-1210459,2811.719344827663,24,-,-,-,-,-
510,20.4,-1211531,2715.5139831580436,24,-,-,-,-,-
511,20.44,-1212499,1603.6483838918962,24,-,-,-,-,-
512,20.48,-1213766,-197.07927277879776,24,-,-,-,-,-
513,20.52,-1214822,-1696.5340785358785,24,-,-,-,-,-
514,20.56,-1213887,-2210.5125656755763,24,-,-,-,-,-
515,20.6,-1210933,-1949.8609419309732,24,-,-,-,-,-
516,20.64,-1195737,-1956.6799633850296,24,-,-,-,-,-
517,20.68,-1190446,-1872.2380186708615,24,-,-,-,-,-
518,20.72,-1190405,-1648.598610849851,24,-,-,-,-,-
519,20.76,-1194521,-1055.141103714232,24,-,-,-,-,-
520,20.8,-1199481,-235.07368096898972,24,-,-,-,-,-
521,20.84,-1202713,506.24866296156506,24,-,-,-,-,-
522,20.88,-1200932,963.1466527161538,24,-,-,-,-,-
523,20.92,-1201412,1484.1077174269271,24,-,-,-,-,-
524,20.96,-1205445,2230.61392417724,24,-,-,-,-,-
525,21.0,-1208263,2867.5618324962943,54,47.5,-,-,-,-
526,21.04,-1211006,2901.736191857215,54,-,-,-,-,-
527,21.08,-1212719,1878.2919482735842,54,-,-,-,-,-
528,21.12,-1213204,71.40901850655496,54,-,-,-,-,-
529,21.16,-1214753,-1514.3427818565035,54,-,-,-,-,-
530,21.2,-1214590,-2185.205581677784,54,-,-,-,-,-
531,21.24,-1212770,-1957.997679055266,54,-,-,-,-,-
532,21.28,-1203683,-1658.977308281208,54,-,-,-,-,-
533,21.32,-1193027,-1681.8377083560972,54,-,-,-,-,-
534,21.36,-1189742,-1762.371147378195,54,-,-,-,-,-
535,21.4,-1193140,-1535.0483770740748,54,-,-,-,-,-
536,21.44,-1199533,-840.4092010835166,54,-,-,-,-,-
537,21.48,-1201696,-18.188183114630192,54,-,-,-,-,-
538,21.52,-1201534,712.9443130088594,54,-,-,-,-,-
539,21.56,-1201604,1321.2727680099333,54,-,-,-,-,-
540,21.6,-1206125,2037.8065605215115,54,-,-,-,-,-
541,21.64,-1208404,2671.351406431182,54,-,-,-,-,-
542,21.68,-1211396,2995.9332169567397,54,-,-,-,-,-
543,21.72,-1212399,2425.4394035817777,54,-,-,-,-,-
544,21.76,-1213362,926.3315913221636,54,-,-,-,-,-
545,21.8,-1214815,-828.9811270287082,54,-,-,-,-,-
546,21.84,-1214765,-1957.2719725765842,54,-,-,-,-,-
547,21.88,-1210821,-2160.29099947974,54,-,-,-,-,-
548,21.92,-1199024,-2026.1727468513982,54,-,-,-,-,-
549,21.96,-1190428,-1878.2018037071339,54,-,-,-,-,-
550,22.0,-1190467,-1726.0556726663744,54,-,-,-,-,-
551,22.04,-1194772,-1396.4500515124425,54,-,-,-,-,-
552,22.08,-1199465,-740.644500459156,54,-,-,-,-,-
553,22.12,-1202641,90.2884219139496,54,-,-,-,-,-
554,22.16,-1201805,771.0439237213541,54,-,-,-,-,-
555,22.2,-1201719,1389.6667395429154,54,-,-,-,-,-
556,22.24,-1207398,2205.5584160520357,54,-,-,-,-,-
557,22.28,-1211812,2907.725502430907,54,-,-,-,-,-
558,22.32,-1212713,2968.652524786219,54,-,-,-,-,-
559,22.36,-1213161,2028.9808373052624,54,-,-,-,-,-
560,22.4,-1213982,286.88273716437175,54,-,-,-,-,-
561,22.44,-1213999,-1418.6093106209667,54,-,-,-,-,-
562,22.48,-1214549,-2196.4473316554445,54,-,-,-,-,-
563,22.52,-1208135,-2208.5765060683725,54,-,-,-,-,-
564,22.56,-1194125,-2091.490398807933,54,-,-,-,-,-
565,22.6,-1190672,-1852.8008564196443,54,-,-,-,-,-
566,22.64,-1191206,-1714.5477625436815,54,-,-,-,-,-
567,22.68,-1196645,-1235.753542385561,54,-,-,-,-,-
568,22.72,-1200263,-406.61478934159913,54,-,-,-,-,-
569,22.76,-1202131,534.4281322813576,54,-,-,-,-,-
570,22.8,-1201772,1229.8779125178262,54,-,-,-,-,-
571,22.84,-1203823,1812.1420222558909,54,-,-,-,-,-
572,22.88,-1206692,2412.5321170807565,54,-,-,-,-,-
573,22.92,-1210466,2927.206336113849,54,-,-,-,-,-
574,22.96,-1211926,2733.771882052816,54,-,-,-,-,-
575,23.0,-1212666,1517.7827973848334,54,-,-,-,-,-
576,23.04,-1214445,-258.1272872170491,54,-,-,-,-,-
577,23.08,-1213997,-1731.2947122159298,54,-,-,-,-,-
578,23.12,-1213681,-2188.423657163925,54,-,-,-,-,-
579,23.16,-1202940,-2164.9257815672645,54,-,-,-,-,-
580,23.2,-1191125,-2007.338142847766,54,-,-,-,-,-
581,23.24,-1190038,-1741.4677959637174,54,-,-,-,-,-
582,23.28,-1192973,-1480.7551622279393,54,-,-,-,-,-
583,23.32,-1197057,-1003.6693959029458,54,-,-,-,-,-
584,23.36,-1201081,-243.57646240480972,54,-,-,-,-,-
585,23.4,-1200445,479.22551485521944,54,-,-,-,-,-
586,23.44,-1200378,1163.4073468389743,54,-,-,-,-,-
587,23.48,-1203333,1912.8866514361516,54,-,-,-,-,-
588,23.52,-1206267,2643.9239667751935,54,-,-,-,-,-
589,23.56,-1209078,3029.49088486661,54,-,-,-,-,-
590,23.6,-1211392,2524.711570173691,54,-,-,-,-,-
591,23.64,-1212133,1001.1753915496911,54,-,-,-,-,-
592,23.68,-1213448,-765.3467590524721,54,-,-,-,-,-
593,23.72,-1215344,-1815.3205931176608,54,-,-,-,-,-
594,23.76,-1214933,-1912.530088013226,54,-,-,-,-,-
595,23.8,-1215038,-1442.834845286719,54,-,-,-,-,-
596,23.84,-1208379,-1304.2685362304182,54,-,-,-,-,-
597,23.88,-1194026,-1740.5972536935133,54,-,-,-,-,-
598,23.92,-1189873,-1893.7311469974265,54,-,-,-,-,-
599,23.96,-1191747,-1554.362241503757,54,-,-,-,-,-
600,24.0,-1195171,-829.4758809642557,59,48.5,-,-,-,-
601,24.04,-1201153,83.13066195875217,59,-,-,-,-,-
602,24.08,-1203859,780.1912436183884,59,-,-,-,-,-
603,24.12,-1205845,1337.0353389224192,59,-,-,-,-,-
604,24.16,-1208408,1945.3707940065797,59,-,-,-,-,-
605,24.2,-1209721,2600.971537026173,59,-,-,-,-,-
606,24.24,-1211631,3075.3907002350334,59,-,-,-,-,-
607,24.28,-1213238,2786.666664887572,59,-,-,-,-,-
608,24.32,-1214796,1453.1302210638191,59,-,-,-,-,-
609,24.36,-1213879,-534.1518616187035,59,-,-,-,-,-
610,24.4,-1211973,-2157.97282975555,59,-,-,-,-,-
611,24.44,-1198848,-3104.3304990396446,59,-,-,-,-,-
612,24.48,-1189449,-3009.404274807206,59,-,-,-,-,-
613,24.52,-1193141,-2117.549597599612,59,-,-,-,-,-
614,24.56,-1197265,-1263.9580399388499,59,-,-,-,-,-
615,24.6,-1200889,-582.643135568826,59,-,-,-,-,-
616,24.64,-1201505,-70.91101901175716,59,-,-,-,-,-
617,24.68,-1201568,447.21173609383095,59,-,-,-,-,-
618,24.72,-1202833,1105.6293951506482,59,-,-,-,-,-
619,24.76,-1205629,1933.421826259466,59,-,-,-,-,-
620,24.8,-1208148,2667.230717142221,59,-,-,-,-,-
621,24.84,-1210947,2821.4057328677764,59,-,-,-,-,-
622,24.88,-1212349,1908.0849125470204,59,-,-,-,-,-
623,24.92,-1213625,221.39204210127082,59,-,-,-,-,-
624,24.96,-1214262,-1298.3814808821835,59,-,-,-,-,-
625,25.0,-1214440,-1853.8331964816703,59,-,-,-,-,-
626,25.04,-1214816,-1534.557411772709,59,-,-,-,-,-
627,25.08,-1211809,-1165.0507798129665,59,-,-,-,-,-
628,25.12,-1197216,-1479.5584114016656,59,-,-,-,-,-
629,25.16,-1189616,-1771.1027911662168,59,-,-,-,-,-
630,25.2,-1190657,-1624.3048802152025,59,-,-,-,-,-
631,25.24,-1194236,-1056.5150480034035,59,-,-,-,-,-
632,25.28,-1199791,-197.54815922139096,59,-,-,-,-,-
633,25.32,-1201491,538.2613153569355,59,-,-,-,-,-
634,25.36,-1201579,1096.7582133872756,59,-,-,-,-,-
635,25.4,-1203020,1635.360501640902,59,-,-,-,-,-
636,25.44,-1205240,2262.7577633466935,59,-,-,-,-,-
637,25.48,-1207621,2855.3071964432884,59,-,-,-,-,-
638,25.52,-1209328,2899.5613885235225,59,-,-,-,-,-
639,25.56,-1212653,1985.6103844539057,59,-,-,-,-,-
640,25.6,-1213515,179.1295847851752,59,-,-,-,-,-
641,25.64,-1213647,-1527.1803492357853,59,-,-,-,-,-
642,25.68,-1213426,-2274.8243762037337,59,-,-,-,-,-
643,25.72,-1215436,-1969.8651727325341,59,-,-,-,-,-
644,25.76,-1209909,-1568.6123846160062,59,-,-,-,-,-
645,25.8,-1194300,-1705.314514864529,59,-,-,-,-,-
646,25.84,-1190499,-1716.0393574673453,59,-,-,-,-,-
647,25.88,-1193407,-1478.8169210270116,59,-,-,-,-,-
648,25.92,-1197829,-949.4233624681661,59,-,-,-,-,-
649,25.96,-1202148,-203.50409972932903,59,-,-,-,-,-
650,26.0,-1201461,441.43737749601314,59,-,-,-,-,-
651,26.04,-1201552,1039.0367669056777,59,-,-,-,-,-
652,26.08,-1204091,1653.2418056614488,59,-,-,-,-,-
653,26.12,-1207643,2327.1736683156505,59,-,-,-,-,-
654,26.16,-1209481,2839.268679406643,59,-,-,-,-,-
655,26.2,-1212196,2752.319731005535,59,-,-,-,-,-
656,26.24,-1213401,1577.3394693633627,59,-,-,-,-,-
657,26.28,-1214433,-234.6236458830508,59,-,-,-,-,-
658,26.32,-1213799,-1680.0244603766155,59,-,-,-,-,-
659,26.36,-1214739,-1995.9322538651973,59,-,-,-,-,-
660,26.4,-1213980,-1597.8368396101996,59,-,-,-,-,-
661,26.44,-1208050,-1351.461772846079,59,-,-,-,-,-
662,26.48,-1193460,-1723.8725702576794,59,-,-,-,-,-
663,26.52,-1190523,-1824.8362984450523,59,-,-,-,-,-
664,26.56,-1192513,-1499.3459584842694,59,-,-,-,-,-
665,26.6,-1196780,-758.4746036904314,59,-,-,-,-,-
666,26.64,-1201645,138.96876529162546,59,-,-,-,-,-
667,26.68,-1201699,794.699145556533,59,-,-,-,-,-
668,26.72,-1200784,1268.985097158852,59,-,-,-,-,-
669,26.76,-1203135,1803.9655653588443,59,-,-,-,-,-
670,26.8,-1207090,2439.718344753511,59,-,-,-,-,-
671,26.84,-1210575,2903.393923120736,59,-,-,-,-,-
672,26.88,-1210551,2575.371989504991,59,-,-,-,-,-
673,26.92,-1213599,1358.836739664599,59,-,-,-,-,-
674,26.96,-1212539,-506.3599679659078,59,-,-,-,-,-
675,27.0,-1213720,-1830.9476083488034,58,48.75,-,-,-,-
676,27.04,-1213263,-2156.958051875228,58,-,-,-,-,-
677,27.08,-1204575,-1987.6251461091824,58,-,-,-,-,-
678,27.12,-1192035,-1889.2643505675405,58,-,-,-,-,-
679,27.16,-1190059,-1768.4351725235738,58,-,-,-,-,-
680,27.2,-1194092,-1561.5871301708894,58,-,-,-,-,-
681,27.24,-1200049,-1019.1821126952982,58,-,-,-,-,-
682,27.28,-1202190,-263.876970876162,58,-,-,-,-,-
683,27.32,-1200691,449.91704875088544,58,-,-,-,-,-
684,27.36,-1203838,1183.336001335295,58,-,-,-,-,-
685,27.4,-1207257,1846.121976871892,58,-,-,-,-,-
686,27.44,-1209632,2474.863676781795,58,-,-,-,-,-
687,27.48,-1212006,2845.8117355341647,58,-,-,-,-,-
688,27.52,-1213773,2400.8930709472384,58,-,-,-,-,-
689,27.56,-1213184,902.4623973792021,58,-,-,-,-,-
690,27.6,-1214374,-859.0253712023733,58,-,-,-,-,-
691,27.64,-1215137,-1941.4379328342543,58,-,-,-,-,-
692,27.68,-1213873,-2024.6984568026087,58,-,-,-,-,-
693,27.72,-1207959,-1716.9961489162006,58,-,-,-,-,-
694,27.76,-1192591,-1842.4533526859905,58,-,-,-,-,-
695,27.8,-1190267,-1781.502717731637,58,-,-,-,-,-
696,27.84,-1191255,-1505.4081705995695,58,-,-,-,-,-
697,27.88,-1197754,-728.7875135690119,58,-,-,-,-,-
698,27.92,-1201464,140.0291015126013,58,-,-,-,-,-
699,27.96,-1201768,813.9015893847054,58,-,-,-,-,-
700,28.0,-1201581,1295.4514599218264,58,-,-,-,-,-
701,28.04,-1204351,1837.6505414212616,58,-,-,-,-,-
702,28.08,-1206758,2457.0928081131087,58,-,-,-,-,-
703,28.12,-1209774,2942.4297514940645,58,-,-,-,-,-
704,28.16,-1211503,2652.4478051432516,58,-,-,-,-,-
705,28.2,-1213058,1313.1147718078887,58,-,-,-,-,-
706,28.24,-1212592,-612.0822543498543,58,-,-,-,-,-
707,28.28,-1215108,-1925.770765894858,58,-,-,-,-,-
708,28.32,-1213346,-2268.1040931725543,58,-,-,-,-,-
709,28.36,-1212417,-1802.0404597277484,58,-,-,-,-,-
710,28.4,-1199812,-1671.5942662945,58,-,-,-,-,-
711,28.44,-1191686,-1730.645519666663,58,-,-,-,-,-
712,28.48,-1191163,-1676.1526376909515,58,-,-,-,-,-
713,28.52,-1195769,-1230.7789917167624,58,-,-,-,-,-
714,28.56,-1202006,-426.44576748153486,58,-,-,-,-,-
715,28.6,-1201296,257.8831412914724,58,-,-,-,-,-
716,28.64,-1200690,841.9558004474852,58,-,-,-,-,-
717,28.68,-1205058,1483.0512574764389,58,-,-,-,-,-
718,28.72,-1208496,2121.8929902543523,58,-,-,-,-,-
719,28.76,-1209974,2675.990904510245,58,-,-,-,-,-
720,28.8,-1210919,2771.6477442279975,58,-,-,-,-,-
721,28.84,-1211632,1940.7055414280012,58,-,-,-,-,-
722,28.88,-1214060,352.1362638071096,58,-,-,-,-,-
723,28.92,-1214255,-1276.3254564461045,58,-,-,-,-,-
724,28.96,-1213581,-2046.512802108331,58,-,-,-,-,-
725,29.0,-1212771,-1886.7762749871395,58,-,-,-,-,-
726,29.04,-1199135,-1852.3004216814552,58,-,-,-,-,-
727,29.08,-1191110,-1848.3119431403993,58,-,-,-,-,-
728,29.12,-1190647,-1697.0738326701303,58,-,-,-,-,-
729,29.16,-1192939,-1222.222721392944,58,-,-,-,-,-
730,29.2,-1198456,-395.94881131455395,58,-,-,-,-,-
731,29.24,-1202374,370.0317876845711,58,-,-,-,-,-
732,29.28,-1201102,825.453802872109,58,-,-,-,-,-
733,29.32,-1202227,1333.8045363894971,58,-,-,-,-,-
734,29.36,-1204551,2000.9913676173528,58,-,-,-,-,-
735,29.4,-1207180,2674.61249781058,58,-,-,-,-,-
736,29.44,-1209739,2878.8745274422827,58,-,-,-,-,-
737,29.48,-1212206,2141.90044585555,58,-,-,-,-,-
738,29.52,-1213479,517.877456038173,58,-,-,-,-,-
739,29.56,-1213895,-1190.5662186277432,58,-,-,-,-,-
740,29.6,-1214408,-2094.9958162387406,58,-,-,-,-,-
741,29.64,-1214857,-2011.3822282559088,58,-,-,-,-,-
742,29.68,-1213359,-1511.1336596258311,58,-,-,-,-,-
743,29.72,-1203565,-1415.9604784045987,58,-,-,-,-,-
744,29.76,-1190946,-1726.6040297309337,58,-,-,-,-,-
745,29.8,-1189610,-1718.488617793144,58,-,-,-,-,-
746,29.84,-1195981,-1199.714916402862,58,-,-,-,-,-
747,29.88,-1200776,-435.17460354908417,58,-,-,-,-,-
748,29.92,-1201963,315.0470065054051,58,-,-,-,-,-
749,29.96,-1201377,913.906301774442,58,-,-,-,-,-
750,30.0,-1205340,1535.2529930475912,58,57.25,-,-,-,-
751,30.04,-1209955,2176.9490648652563,58,-,-,-,-,-
752,30.08,-1211911,2754.3803755138106,58,-,-,-,-,-
753,30.12,-1212966,2965.883548547513,58,-,-,-,-,-
754,30.16,-1214003,2276.3391766517457,58,-,-,-,-,-
755,30.2,-1214145,586.8601172319744,58,-,-,-,-,-
756,30.24,-1214519,-1259.8050260934542,58,-,-,-,-,-
757,30.28,-1211207,-2362.2555241566783,58,-,-,-,-,-
758,30.32,-1198781,-2663.169276049488,58,-,-,-,-,-
759,30.36,-1191328,-2343.2041817775644,58,-,-,-,-,-
760,30.4,-1189569,-1981.0617374071626,58,-,-,-,-,-
761,30.44,-1193908,-1532.1185506454044,58,-,-,-,-,-
762,30.48,-1198988,-842.6712574702592,58,-,-,-,-,-
763,30.52,-1201775,27.552283422896835,58,-,-,-,-,-
764,30.56,-1201373,798.2400640022852,58,-,-,-,-,-
765,30.6,-1202673,1482.7262799099453,58,-,-,-,-,-
766,30.64,-1204320,2119.5934645170364,58,-,-,-,-,-
767,30.68,-1207594,2732.3777344951895,58,-,-,-,-,-
768,30.72,-1210036,2859.114861592815,58,-,-,-,-,-
769,30.76,-1211784,2049.7738000592203,58,-,-,-,-,-
770,30.8,-1213329,419.8641854467842,58,-,-,-,-,-
771,30.84,-1213741,-1257.567918689002,58,-,-,-,-,-
772,30.88,-1214800,-2080.8708373409845,58,-,-,-,-,-
773,30.92,-1213979,-1981.160366653814,58,-,-,-,-,-
774,30.96,-1211851,-1486.850312381087,58,-,-,-,-,-
775,31.0,-1201508,-1425.1132845139582,58,-,-,-,-,-
776,31.04,-1190422,-1688.6364590910962,58,-,-,-,-,-
777,31.08,-1190149,-1619.7915545891847,58,-,-,-,-,-
778,31.12,-1195396,-1105.4559569475646,58,-,-,-,-,-
779,31.16,-1200404,-326.54183887804993,58,-,-,-,-,-
780,31.2,-1201858,409.0334797226533,58,-,-,-,-,-
781,31.24,-1201596,993.2213144333064,58,-,-,-,-,-
782,31.28,-1205944,1636.6120325560105,58,-,-,-,-,-
783,31.32,-1207814,2216.4739655793574,58,-,-,-,-,-
784,31.36,-1210730,2790.3824514863836,58,-,-,-,-,-
785,31.4,-1211505,2867.0014048622807,58,-,-,-,-,-
786,31.44,-1212594,2049.663745499201,58,-,-,-,-,-
787,31.48,-1213217,364.34381502188603,58,-,-,-,-,-
788,31.52,-1214133,-1354.9210174955158,58,-,-,-,-,-
789,31.56,-1213696,-2252.571991478964,58,-,-,-,-,-
790,31.6,-1211983,-2180.705217876153,58,-,-,-,-,-
791,31.64,-1198865,-2063.478122508166,58,-,-,-,-,-
792,31.68,-1192000,-1881.8790363747448,58,-,-,-,-,-
793,31.72,-1189953,-1678.4256706396845,58,-,-,-,-,-
794,31.76,-1194238,-1129.630097497884,58,-,-,-,-,-
795,31.8,-1200148,-314.3091534067926,58,-,-,-,-,-
796,31.84,-1203116,437.0444617964358,58,-,-,-,-,-
797,31.88,-1200852,892.6145476376687,58,-,-,-,-,-
798,31.92,-1202235,1389.8668241001888,58,-,-,-,-,-
799,31.96,-1205437,2014.0164096436083,58,-,-,-,-,-
800,32.0,-1208207,2622.8713655756574,58,-,-,-,-,-
801,32.04,-1209912,2762.9578443312275,58,-,-,-,-,-
802,32.08,-1212326,2010.8675687639325,58,-,-,-,-,-
803,32.12,-1213312,382.21715958969116,58,-,-,-,-,-
804,32.16,-1213626,-1292.8428976216767,58,-,-,-,-,-
805,32.2,-1214300,-2105.572554548665,58,-,-,-,-,-
806,32.24,-1215210,-1897.1917458940222,58,-,-,-,-,-
807,32.28,-1213044,-1369.0941980319167,58,-,-,-,-,-
808,32.32,-1199232,-1456.6714588348295,58,-,-,-,-,-
809,32.36,-1190453,-1721.8002787304304,58,-,-,-,-,-
810,32.4,-1190848,-1653.665207260039,58,-,-,-,-,-
811,32.44,-1196028,-1092.3779302585465,58,-,-,-,-,-
812,32.48,-1202094,-231.80197770745508,58,-,-,-,-,-
813,32.52,-1201444,426.2960575626503,58,-,-,-,-,-
814,32.56,-1202377,992.1020254609675,58,-,-,-,-,-
815,32.6,-1206094,1562.084908000962,58,-,-,-,-,-
816,32.64,-1210091,2213.151100444271,58,-,-,-,-,-
817,32.68,-1211182,2789.7206797798026,58,-,-,-,-,-
818,32.72,-1213078,2930.885123674565,58,-,-,-,-,-
819,32.76,-1213638,2013.5161413764831,58,-,-,-,-,-
820,32.8,-1215903,256.7842182258828,58,-,-,-,-,-
821,32.84,-1214778,-1545.342738359731,58,-,-,-,-,-
822,32.88,-1214675,-2323.706319780435,58,-,-,-,-,-
823,32.92,-1209891,-2245.1936363759187,58,-,-,-,-,-
824,32.96,-1197539,-2101.3574064400364,58,-,-,-,-,-
825,33.0,-1190919,-1971.151968193586,57,58.0,-,-,-,-
826,33.04,-1192177,-1676.1120577831016,57,-,-,-,-,-
827,33.08,-1194871,-1116.8059644714401,57,-,-,-,-,-
828,33.12,-1200401,-239.47588247621934,57,-,-,-,-,-
829,33.16,-1203595,560.8804686605099,57,-,-,-,-,-
830,33.2,-1201499,1068.377792271408,57,-,-,-,-,-
831,33.24,-1204210,1692.0596165779862,57,-,-,-,-,-
832,33.28,-1209052,2420.3393603953227,57,-,-,-,-,-
833,33.32,-1211168,2910.0173743268642,57,-,-,-,-,-
834,33.36,-1212537,2771.2312215872253,57,-,-,-,-,-
835,33.4,-1213630,1690.1925665968902,57,-,-,-,-,-
836,33.44,-1213864,-64.40250374594643,57,-,-,-,-,-
837,33.48,-1214663,-1598.45495565615,57,-,-,-,-,-
838,33.52,-1210923,-2370.185950244173,57,-,-,-,-,-
839,33.56,-1200101,-2475.218635035677,57,-,-,-,-,-
840,33.6,-1190302,-2223.486107355089,57,-,-,-,-,-
841,33.64,-1191205,-1788.219456038334,57,-,-,-,-,-
842,33.68,-1195241,-1395.1599285698833,57,-,-,-,-,-
843,33.72,-1200176,-809.601387928185,57,-,-,-,-,-
844,33.76,-1203322,-16.091659426369915,57,-,-,-,-,-
845,33.8,-1200643,656.9590451256727,57,-,-,-,-,-
846,33.84,-1208549,1569.954487256472,57,-,-,-,-,-
847,33.88,-1211144,2246.633146662414,57,-,-,-,-,-
848,33.92,-1212968,2797.6747675869738,57,-,-,-,-,-
849,33.96,-1213532,2829.1174038713198,57,-,-,-,-,-
850,34.0,-1213795,1920.2171044697175,57,-,-,-,-,-
851,34.04,-1214429,214.58286997967727,57,-,-,-,-,-
852,34.08,-1215486,-1442.1737904906604,57,-,-,-,-,-
853,34.12,-1213154,-2330.3150186149787,57,-,-,-,-,-
854,34.16,-1201063,-2582.4593827165754,57,-,-,-,-,-
855,34.2,-1191827,-2368.619261066264,57,-,-,-,-,-
856,34.24,-1197081,-1769.0767336855051,57,-,-,-,-,-
857,34.28,-1201347,-1213.0270844566435,57,-,-,-,-,-
858,34.32,-1203302,-518.8738599333051,57,-,-,-,-,-
859,34.36,-1201417,181.87788709079518,57,-,-,-,-,-
860,34.4,-1203738,878.3162349507516,57,-,-,-,-,-
861,34.44,-1207351,1429.890770533435,57,-,-,-,-,-
862,34.48,-1208930,1927.3090408301086,57,-,-,-,-,-
863,34.52,-1211671,2486.6500150025013,57,-,-,-,-,-
864,34.56,-1213205,2579.5661619456623,57,-,-,-,-,-
865,34.6,-1215012,1748.958456748091,57,-,-,-,-,-
866,34.64,-1214796,134.28366207906583,57,-,-,-,-,-
867,34.68,-1209968,-1395.6394741469749,57,-,-,-,-,-
868,34.72,-1192873,-2360.6518116323878,57,-,-,-,-,-
869,34.76,-1189997,-2122.356670948431,57,-,-,-,-,-
870,34.8,-1192422,-1635.2129246278319,57,-,-,-,-,-
871,34.84,-1198323,-1224.7211116499566,57,-,-,-,-,-
872,34.88,-1201297,-879.6461425349507,57,-,-,-,-,-
873,34.92,-1202650,-364.6053859454105,57,-,-,-,-,-
874,34.96,-1202674,293.0612322817278,57,-,-,-,-,-
875,35.0,-1207101,1209.0205876883283,57,-,-,-,-,-
876,35.04,-1209160,2121.57606382008,57,-,-,-,-,-
877,35.08,-1211652,2836.638467823089,57,-,-,-,-,-
878,35.12,-1213602,2731.580383898076,57,-,-,-,-,-
879,35.16,-1213022,1397.8971256898935,57,-,-,-,-,-
880,35.2,-1214666,-480.44105278249634,57,-,-,-,-,-
881,35.24,-1214368,-1926.0622756240512,57,-,-,-,-,-
882,35.28,-1212641,-2287.8901766434583,57,-,-,-,-,-
883,35.32,-1200476,-2193.684996432992,57,-,-,-,-,-
884,35.36,-1191257,-1937.297190013267,57,-,-,-,-,-
885,35.4,-1195129,-1504.901637381312,57,-,-,-,-,-
886,35.44,-1200509,-1065.0217877132525,57,-,-,-,-,-
887,35.48,-1202870,-509.22057398283005,57,-,-,-,-,-
888,35.52,-1201306,99.89503709625569,57,-,-,-,-,-
889,35.56,-1202606,775.3853882935073,57,-,-,-,-,-
890,35.6,-1205489,1398.4885323610397,57,-,-,-,-,-
891,35.64,-1208832,2028.595381171427,57,-,-,-,-,-
892,35.68,-1210255,2554.3398934046245,57,-,-,-,-,-
893,35.72,-1211272,2607.144717242227,57,-,-,-,-,-
894,35.76,-1213895,1786.7890168707054,57,-,-,-,-,-
895,35.8,-1214926,187.60063292295035,57,-,-,-,-,-
896,35.84,-1214497,-1253.212794091762,57,-,-,-,-,-
897,35.88,-1208539,-1912.218715375394,57,-,-,-,-,-
898,35.92,-1193365,-2084.48886141985,57,-,-,-,-,-
899,35.96,-1190692,-1771.0170795321028,57,-,-,-,-,-
900,36.0,-1192617,-1546.0301288877927,43,54.0,-,-,-,-
901,36.04,-1201549,-1097.4629996479416,43,-,-,-,-,-
902,36.08,-1209671,-425.69800060810667,43,-,-,-,-,-
903,36.12,-1211048,198.9126865349017,43,-,-,-,-,-
904,36.16,-1213008,832.0511724032867,43,-,-,-,-,-
905,36.2,-1215476,1484.9656588490543,43,-,-,-,-,-
906,36.24,-1214477,2095.2258845898677,43,-,-,-,-,-
907,36.28,-1214359,2540.2290743185786,43,-,-,-,-,-
908,36.32,-1203774,1864.840743855877,43,-,-,-,-,-
909,36.36,-1191897,56.37977885730652,43,-,-,-,-,-
910,36.4,-1190718,-1929.8866505638634,43,-,-,-,-,-
911,36.44,-1196075,-3067.1405704021518,43,-,-,-,-,-
912,36.48,-1200815,-2843.981906380966,43,-,-,-,-,-
913,36.52,-1202777,-1614.9442122864639,43,-,-,-,-,-
914,36.56,-1201395,-270.2145781554477,43,-,-,-,-,-
915,36.6,-1203278,833.8145223719966,43,-,-,-,-,-
916,36.64,-1205796,1668.8180098181929,43,-,-,-,-,-
917,36.68,-1208407,2409.488405368268,43,-,-,-,-,-
918,36.72,-1210366,2787.79695777945,43,-,-,-,-,-
919,36.76,-1212356,2279.6701054243777,43,-,-,-,-,-
920,36.8,-1213702,773.9026042324426,43,-,-,-,-,-
921,36.84,-1213790,-974.6174081263326,43,-,-,-,-,-
922,36.88,-1213908,-1911.7587917806527,43,-,-,-,-,-
923,36.92,-1211869,-1851.9634447747844,43,-,-,-,-,-
924,36.96,-1197108,-1745.0935271102626,43,-,-,-,-,-
925,37.0,-1191438,-1555.6728059098878,43,-,-,-,-,-
926,37.04,-1190760,-1488.8933787607293,43,-,-,-,-,-
927,37.08,-1194512,-1216.31165958962,43,-,-,-,-,-
928,37.12,-1200850,-568.6586415705642,43,-,-,-,-,-
929,37.16,-1202489,128.2814921568297,43,-,-,-,-,-
930,37.2,-1200889,730.0936726900982,43,-,-,-,-,-
931,37.24,-1202023,1377.4884372111187,43,-,-,-,-,-
932,37.28,-1207987,2192.8071060178845,43,-,-,-,-,-
933,37.32,-1209766,2780.198201171399,43,-,-,-,-,-
934,37.36,-1212008,2857.354331877612,43,-,-,-,-,-
935,37.4,-1212786,1925.7675037532822,43,-,-,-,-,-
936,37.44,-1214071,225.89352952722516,43,-,-,-,-,-
937,37.48,-1215032,-1391.7281289099967,43,-,-,-,-,-
938,37.52,-1214568,-2133.262884114878,43,-,-,-,-,-
939,37.56,-1210295,-2035.0147168442527,43,-,-,-,-,-
940,37.6,-1194403,-1990.7449228382047,43,-,-,-,-,-
941,37.64,-1190295,-1820.1506170969205,43,-,-,-,-,-
942,37.68,-1192187,-1673.5293301097536,43,-,-,-,-,-
943,37.72,-1199633,-1156.7181929130106,43,-,-,-,-,-
944,37.76,-1202219,-433.86396718456217,43,-,-,-,-,-
945,37.8,-1201155,300.07719779955687,43,-,-,-,-,-
946,37.84,-1201500,954.7404549191324,43,-,-,-,-,-
947,37.88,-1204908,1622.0477611610322,43,-,-,-,-,-
948,37.92,-1207556,2326.771940066762,43,-,-,-,-,-
949,37.96,-1211075,2947.827956647632,43,-,-,-,-,-
950,38.0,-1211899,2793.80113666909,43,-,-,-,-,-
951,38.04,-1212882,1556.6236760403904,43,-,-,-,-,-
952,38.08,-1213823,-314.7606370605231,43,-,-,-,-,-
953,38.12,-1215245,-1707.7341016632759,43,-,-,-,-,-
954,38.16,-1214350,-2034.176710614193,43,-,-,-,-,-
955,38.2,-1210852,-1661.1497462227107,43,-,-,-,-,-
956,38.24,-1196255,-1677.3799015525092,43,-,-,-,-,-
957,38.28,-1191227,-1754.480042264664,43,-,-,-,-,-
958,38.32,-1191187,-1721.3547433546792,43,-,-,-,-,-
959,38.36,-1194820,-1231.7958548427773,43,-,-,-,-,-
960,38.4,-1199619,-376.6025821362646,43,-,-,-,-,-
961,38.44,-1202467,446.3541198729072,43,-,-,-,-,-
962,38.48,-1201832,996.7100825229745,43,-,-,-,-,-
963,38.52,-1202005,1506.0867219989987,43,-,-,-,-,-
964,38.56,-1204553,2182.6431287368096,43,-,-,-,-,-
965,38.6,-1209325,2867.685079535552,43,-,-,-,-,-
966,38.64,-1211203,2868.9656117505974,43,-,-,-,-,-
967,38.68,-1212210,1837.0350023544438,43,-,-,-,-,-
968,38.72,-1212902,79.34017106337001,43,-,-,-,-,-
969,38.76,-1214579,-1456.9862839373259,43,-,-,-,-,-
970,38.8,-1214207,-2129.8278529700865,43,-,-,-,-,-
971,38.84,-1210799,-1990.5737873419703,43,-,-,-,-,-
972,38.88,-1194669,-1941.5369710929954,43,-,-,-,-,-
973,38.92,-1189470,-1756.2936950198982,43,-,-,-,-,-
974,38.96,-1191544,-1600.1782932553015,43,-,-,-,-,-
975,39.0,-1198693,-1204.4132427224117,27,46.25,-,-,-,-
976,39.04,-1201805,-597.1456485131448,27,-,-,-,-,-
977,39.08,-1201833,146.28455378144554,27,-,-,-,-,-
978,39.12,-1204857,945.0196612526961,27,-,-,-,-,-
979,39.16,-1208087,1639.4310022112695,27,-,-,-,-,-
980,39.2,-1210083,2309.128561481174,27,-,-,-,-,-
981,39.24,-1210557,2838.722305379567,27,-,-,-,-,-
982,39.28,-1213474,2808.684310640167,27,-,-,-,-,-
983,39.32,-1213850,1602.5367863126469,27,-,-,-,-,-
984,39.36,-1213606,-336.9200484630657,27,-,-,-,-,-
985,39.4,-1214045,-1880.3741914800546,27,-,-,-,-,-
986,39.44,-1211600,-2395.647335243534,27,-,-,-,-,-
987,39.48,-1195798,-2459.2683675059925,27,-,-,-,-,-
988,39.52,-1191242,-1994.59472981203,27,-,-,-,-,-
989,39.56,-1191002,-1567.2208828320845,27,-,-,-,-,-
990,39.6,-1195357,-1027.4227143233436,27,-,-,-,-,-
991,39.64,-1200272,-339.0899079400233,27,-,-,-,-,-
992,39.68,-1202161,326.44756545526434,27,-,-,-,-,-
993,39.72,-1201371,870.990630515771,27,-,-,-,-,-
994,39.76,-1202893,1468.3477509235381,27,-,-,-,-,-
995,39.8,-1206884,2186.5194882008454,27,-,-,-,-,-
996,39.84,-1209629,2771.503129977442,27,-,-,-,-,-
997,39.88,-1212049,2794.49466699216,27,-,-,-,-,-
998,39.92,-1212137,1767.652438923758,27,-,-,-,-,-
999,39.96,-1214151,66.39188814609838,27,-,-,-,-,-
1000,40.0,-1215266,-1488.7572341532073,27,-,-,-,-,-
1001,40.04,-1214974,-2140.3509372464023,27,-,-,-,-,-
1002,40.08,-1213628,-1920.2837280659173,27,-,-,-,-,-
1003,40.12,-1207577,-1593.3688467674547,27,-,-,-,-,-
1004,40.16,-1192486,-1808.6471658269056,27,-,-,-,-,-
1005,40.2,-1190445,-1806.4322868628533,27,-,-,-,-,-
1006,40.24,-1200276,-1261.954218061922,27,-,-,-,-,-
1007,40.28,-1202176,-642.6515754567104,27,-,-,-,-,-
1008,40.32,-1201530,44.85169780658998,27,-,-,-,-,-
1009,40.36,-1203166,704.5663850508699,27,-,-,-,-,-
1010,40.4,-1206287,1282.6439447198054,27,-,-,-,-,-
1011,40.44,-1208765,1868.036089366903,27,-,-,-,-,-
1012,40.48,-1210261,2479.9480473099356,27,-,-,-,-,-
1013,40.52,-1212896,2835.953043628958,27,-,-,-,-,-
1014,40.56,-1214323,2304.0693604749617,27,-,-,-,-,-
1015,40.6,-1214904,782.8232464476405,27,-,-,-,-,-
1016,40.64,-1214666,-973.9711048382918,27,-,-,-,-,-
1017,40.68,-1214299,-1924.8715475516317,27,-,-,-,-,-
1018,40.72,-1204980,-2133.0398956042127,27,-,-,-,-,-
1019,40.76,-1192551,-2052.5798646890526,27,-,-,-,-,-
1020,40.8,-1189923,-1824.2337932851606,27,-,-,-,-,-
1021,40.84,-1191962,-1551.5178694568085,27,-,-,-,-,-
1022,40.88,-1197710,-982.1787703226669,27,-,-,-,-,-
1023,40.92,-1201829,-243.7199012616984,27,-,-,-,-,-
1024,40.96,-1201678,426.18121794362196,27,-,-,-,-,-
1025,41.0,-1200514,1036.7778103637406,27,-,-,-,-,-
1026,41.04,-1203267,1776.7050691624117,27,-,-,-,-,-
1027,41.08,-1207804,2559.799932355417,27,-,-,-,-,-
1028,41.12,-1209918,2952.617297699444,27,-,-,-,-,-
1029,41.16,-1212236,2535.087138638185,27,-,-,-,-,-
1030,41.2,-1213304,1091.0663701216554,27,-,-,-,-,-
1031,41.24,-1214162,-741.2088606835148,27,-,-,-,-,-
1032,41.28,-1215005,-1965.9814884380216,27,-,-,-,-,-
1033,41.32,-1214926,-2131.349718103288,27,-,-,-,-,-
1034,41.36,-1214142,-1628.7337880426553,27,-,-,-,-,-
1035,41.4,-1204769,-1461.8236220490398,27,-,-,-,-,-
1036,41.44,-1191231,-1818.6372100102835,27,-,-,-,-,-
1037,41.48,-1190448,-1868.7801070286314,27,-,-,-,-,-
1038,41.52,-1196145,-1387.8394748118967,27,-,-,-,-,-
1039,41.56,-1202696,-495.4251263756505,27,-,-,-,-,-
1040,41.6,-1201192,239.10204360779608,27,-,-,-,-,-
1041,41.64,-1203774,946.9108685789979,27,-,-,-,-,-
1042,41.68,-1207525,1536.3967597352557,27,-,-,-,-,-
1043,41.72,-1210021,2102.8900655128064,27,-,-,-,-,-
1044,41.76,-1212692,2723.7043268310736,27,-,-,-,-,-
1045,41.8,-1212413,2927.560913386737,27,-,-,-,-,-
1046,41.84,-1213611,2278.1432871215175,27,-,-,-,-,-
1047,41.88,-1214868,641.5296436604488,27,-,-,-,-,-
1048,41.92,-1215130,-1218.3481301868733,27,-,-,-,-,-
1049,41.96,-1212038,-2335.8001576579413,27,-,-,-,-,-
1050,42.0,-1199687,-2649.606457535072,58,46.25,-,-,-,-
1051,42.04,-1191006,-2353.0838988237774,58,-,-,-,-,-
1052,42.08,-1194235,-1761.5485122679565,58,-,-,-,-,-
1053,42.12,-1199252,-1203.2742125314153,58,-,-,-,-,-
1054,42.16,-1201384,-600.1161937865745,58,-,-,-,-,-
1055,42.2,-1202453,91.64943307403337,58,-,-,-,-,-
1056,42.24,-1201308,649.934352143076,58,-,-,-,-,-
1057,42.28,-1204214,1252.9235579180631,58,-,-,-,-,-
1058,42.32,-1206310,1889.026053597754,58,-,-,-,-,-
1059,42.36,-1210318,2576.7372283796467,58,-,-,-,-,-
1060,42.4,-1212286,2695.5638226419187,58,-,-,-,-,-
1061,42.44,-1213788,1811.5794188823447,58,-,-,-,-,-
1062,42.48,-1214257,145.52704833888538,58,-,-,-,-,-
1063,42.52,-1215044,-1303.2055001746621,58,-,-,-,-,-
1064,42.56,-1215431,-1797.7833658211093,58,-,-,-,-,-
1065,42.6,-1212126,-1599.6695424622285,58,-,-,-,-,-
1066,42.64,-1200526,-1564.5472677168673,58,-,-,-,-,-
1067,42.68,-1192208,-1729.2090780759354,58,-,-,-,-,-
1068,42.72,-1189481,-1836.8017783242904,58,-,-,-,-,-
1069,42.76,-1194205,-1450.2398779858377,58,-,-,-,-,-
1070,42.8,-1201782,-601.8003569176472,58,-,-,-,-,-
1071,42.84,-1202099,181.84653330643505,58,-,-,-,-,-
1072,42.88,-1201998,871.6702456819667,58,-,-,-,-,-
1073,42.92,-1205167,1540.6568803991177,58,-,-,-,-,-
1074,42.96,-1208582,2208.812621120862,58,-,-,-,-,-
1075,43.0,-1210994,2803.968497094922,58,-,-,-,-,-
1076,43.04,-1212985,2940.6609243684425,58,-,-,-,-,-
1077,43.08,-1213856,2106.4231624504973,58,-,-,-,-,-
1078,43.12,-1216296,447.60389327864004,58,-,-,-,-,-
1079,43.16,-1214455,-1406.5004242562827,58,-,-,-,-,-
1080,43.2,-1210596,-2456.5398326244285,58,-,-,-,-,-
1081,43.24,-1197452,-2734.81011708756,58,-,-,-,-,-
1082,43.28,-1189219,-2367.069731716854,58,-,-,-,-,-
1083,43.32,-1191126,-1803.7221983001928,58,-,-,-,-,-
1084,43.36,-1195835,-1340.5205789145905,58,-,-,-,-,-
1085,43.4,-1199785,-798.3182925277079,58,-,-,-,-,-
1086,43.44,-1202709,-60.28462002979177,58,-,-,-,-,-
1087,43.48,-1201221,638.9969700568781,58,-,-,-,-,-
1088,43.52,-1203535,1465.347925932132,58,-,-,-,-,-
1089,43.56,-1206288,2309.958622148647,58,-,-,-,-,-
1090,43.6,-1207780,2942.9332481943684,58,-,-,-,-,-
1091,43.64,-1211997,3007.524087085124,58,-,-,-,-,-
1092,43.68,-1213386,1935.844820677712,58,-,-,-,-,-
1093,43.72,-1213602,87.73463094305998,58,-,-,-,-,-
1094,43.76,-1213763,-1540.648629990735,58,-,-,-,-,-
1095,43.8,-1215505,-2114.861954688264,58,-,-,-,-,-
1096,43.84,-1213836,-1863.683475624589,58,-,-,-,-,-
1097,43.88,-1210023,-1423.815587830998,58,-,-,-,-,-
1098,43.92,-1197324,-1538.9209726652953,58,-,-,-,-,-
1099,43.96,-1191022,-1697.4580020661997,58,-,-,-,-,-
1100,44.0,-1190670,-1573.9662967143067,58,-,-,-,-,-
1101,44.04,-1195181,-977.98052212616,58,-,-,-,-,-
1102,44.08,-1202152,-52.71683871010919,58,-,-,-,-,-
1103,44.12,-1202304,669.3505077960626,58,-,-,-,-,-
1104,44.16,-1202575,1242.2109418187038,58,-,-,-,-,-
1105,44.2,-1205204,1783.5565713452515,58,-,-,-,-,-
1106,44.24,-1207545,2344.365371825531,58,-,-,-,-,-
1107,44.28,-1210323,2838.5532497195154,58,-,-,-,-,-
1108,44.32,-1212021,2749.938729739966,58,-,-,-,-,-
1109,44.36,-1213179,1693.7242738943164,58,-,-,-,-,-
1110,44.4,-1213553,-88.90108956407539,58,-,-,-,-,-
1111,44.44,-1214977,-1655.2927586740125,58,-,-,-,-,-
1112,44.48,-1208607,-2511.859200158264,58,-,-,-,-,-
1113,44.52,-1194298,-2653.7918671268526,58,-,-,-,-,-
1114,44.56,-1190582,-2107.772429040653,58,-,-,-,-,-
1115,44.6,-1193059,-1550.6509142157647,58,-,-,-,-,-
1116,44.64,-1197750,-1119.2375244722373,58,-,-,-,-,-
1117,44.68,-1201583,-632.8523549022775,58,-,-,-,-,-
1118,44.72,-1202970,-22.419804986787312,58,-,-,-,-,-
1119,44.76,-1201462,598.0955451966806,58,-,-,-,-,-
1120,44.8,-1204702,1395.010037234464,58,-,-,-,-,-
1121,44.84,-1206591,2166.265960298364,58,-,-,-,-,-
1122,44.88,-1209845,2795.8328393722704,58,-,-,-,-,-
1123,44.92,-1212094,2691.504786284003,58,-,-,-,-,-
1124,44.96,-1213742,1526.347077880304,58,-,-,-,-,-
1125,45.0,-1214271,-264.28845416133845,59,46.75,-,-,-,-
1126,45.04,-1212947,-1687.8537041168288,59,-,-,-,-,-
1127,45.08,-1203177,-2324.9914025833586,59,-,-,-,-,-
1128,45.12,-1191311,-2228.8072763925156,59,-,-,-,-,-
1129,45.16,-1190169,-1679.1238307455005,59,-,-,-,-,-
1130,45.2,-1193694,-1263.282605789684,59,-,-,-,-,-
1131,45.24,-1198711,-955.8128352283125,59,-,-,-,-,-
1132,45.28,-1201863,-559.4660802375047,59,-,-,-,-,-
1133,45.32,-1201214,-19.240317159939877,59,-,-,-,-,-
1134,45.36,-1203317,797.6919386964264,59,-,-,-,-,-
1135,45.4,-1205691,1709.5330261573854,59,-,-,-,-,-
1136,45.44,-1208042,2553.5237808007396,59,-,-,-,-,-
1137,45.48,-1211501,2986.313039000357,59,-,-,-,-,-
1138,45.52,-1212347,2406.8419921975305,59,-,-,-,-,-
1139,45.56,-1213986,893.4123762881832,59,-,-,-,-,-
1140,45.6,-1213377,-918.4313312902443,59,-,-,-,-,-
1141,45.64,-1214956,-1931.866817553378,59,-,-,-,-,-
1142,45.68,-1204476,-2293.7309795548426,59,-,-,-,-,-
1143,45.72,-1192107,-2156.861205569234,59,-,-,-,-,-
1144,45.76,-1190181,-1745.5258150434001,59,-,-,-,-,-
1145,45.8,-1195552,-1331.0090039675988,59,-,-,-,-,-
1146,45.84,-1201739,-887.7328515280678,59,-,-,-,-,-
1147,45.88,-1201630,-431.65764505610787,59,-,-,-,-,-
1148,45.92,-1202144,224.31022059848874,59,-,-,-,-,-
1149,45.96,-1204462,977.693861100297,59,-,-,-,-,-
1150,46.0,-1206716,1727.2572830110103,59,-,-,-,-,-
1151,46.04,-1211381,2531.0874429594514,59,-,-,-,-,-
1152,46.08,-1212106,2888.1248111572813,59,-,-,-,-,-
1153,46.12,-1212849,2383.224853340299,59,-,-,-,-,-
1154,46.16,-1215138,914.7385971385124,59,-,-,-,-,-
1155,46.2,-1214877,-920.0627478116102,59,-,-,-,-,-
1156,46.24,-1214588,-1981.6808754376677,59,-,-,-,-,-
1157,46.28,-1213243,-1981.8962380130288,59,-,-,-,-,-
1158,46.32,-1201504,-1824.7684944030352,59,-,-,-,-,-
1159,46.36,-1192032,-1777.1360958207788,59,-,-,-,-,-
1160,46.4,-1190673,-1700.1142590339532,59,-,-,-,-,-
1161,46.44,-1193375,-1358.259858351159,59,-,-,-,-,-
1162,46.48,-1201046,-531.6963292522796,59,-,-,-,-,-
1163,46.52,-1203006,262.60736965186425,59,-,-,-,-,-
1164,46.56,-1201488,852.1804698582619,59,-,-,-,-,-
1165,46.6,-1203777,1449.0243863912938,59,-,-,-,-,-
1166,46.64,-1206047,2061.5694078860397,59,-,-,-,-,-
1167,46.68,-1209170,2686.9708242212946,59,-,-,-,-,-
1168,46.72,-1210789,2864.1586291763088,59,-,-,-,-,-
1169,46.76,-1212729,2162.5039116528774,59,-,-,-,-,-
1170,46.8,-1213894,550.7701432459153,59,-,-,-,-,-
1171,46.84,-1214655,-1203.0155912934492,59,-,-,-,-,-
1172,46.88,-1214186,-2192.4954462752767,59,-,-,-,-,-
1173,46.92,-1211000,-2201.4275471795827,59,-,-,-,-,-
1174,46.96,-1195778,-2073.751673280358,59,-,-,-,-,-
1175,47.0,-1190405,-1777.83320787308,59,-,-,-,-,-
1176,47.04,-1192450,-1533.1498157541628,59,-,-,-,-,-
1177,47.08,-1199263,-1111.5139581655035,59,-,-,-,-,-
1178,47.12,-1202270,-546.8344113746607,59,-,-,-,-,-
1179,47.16,-1201247,72.73322349662203,59,-,-,-,-,-
1180,47.2,-1204104,815.606332005128,59,-,-,-,-,-
1181,47.24,-1206972,1526.8080012110831,59,-,-,-,-,-
1182,47.28,-1210888,2297.5883743400955,59,-,-,-,-,-
1183,47.32,-1212602,2856.473621247311,59,-,-,-,-,-
1184,47.36,-1214262,2763.111832636193,59,-,-,-,-,-
1185,47.4,-1215204,1603.895537437561,59,-,-,-,-,-
1186,47.44,-1214732,-267.8977778554133,59,-,-,-,-,-
1187,47.48,-1214964,-1753.2921285687723,59,-,-,-,-,-
1188,47.52,-1213707,-2216.6178020219445,59,-,-,-,-,-
1189,47.56,-1204263,-2133.4638280923555,59,-,-,-,-,-
1190,47.6,-1192516,-2035.547570757817,59,-,-,-,-,-
1191,47.64,-1191471,-1814.3923064052924,59,-,-,-,-,-
1192,47.68,-1194034,-1457.0055508965565,59,-,-,-,-,-
1193,47.72,-1201108,-672.9430621931265,59,-,-,-,-,-
1194,47.76,-1203681,173.44229674772578,59,-,-,-,-,-
1195,47.8,-1200989,805.8217559622071,59,-,-,-,-,-
1196,47.84,-1203752,1456.4395475061465,59,-,-,-,-,-
1197,47.88,-1205317,2001.3412389455098,59,-,-,-,-,-
1198,47.92,-1209222,2601.0161812614288,59,-,-,-,-,-
1199,47.96,-1210385,2811.1630311889685,59,-,-,-,-,-
1200,48.0,-1212984,2267.74132708079,26,42.5,-,-,-,-
1201,48.04,-1213048,732.0936926579179,26,-,-,-,-,-
1202,48.08,-1213904,-1012.0717866368224,26,-,-,-,-,-
1203,48.12,-1214537,-2026.7309274007257,26,-,-,-,-,-
1204,48.16,-1214698,-1983.0836957748663,26,-,-,-,-,-
1205,48.2,-1213741,-1440.6670095063287,26,-,-,-,-,-
1206,48.24,-1207590,-1254.7359568784805,26,-,-,-,-,-
1207,48.28,-1193963,-1664.9292652318218,26,-,-,-,-,-
1208,48.32,-1190730,-1734.1574026831568,26,-,-,-,-,-
1209,48.36,-1192200,-1321.0702497564744,26,-,-,-,-,-
1210,48.4,-1201921,-357.16581861621125,26,-,-,-,-,-
1211,48.44,-1202228,332.40205862546827,26,-,-,-,-,-
1212,48.48,-1207652,1027.4374920894152,26,-,-,-,-,-
1213,48.52,-1212408,1555.2316715045436,26,-,-,-,-,-
1214,48.56,-1213212,1957.74850967773,26,-,-,-,-,-
1215,48.6,-1215146,2462.3782991405287,26,-,-,-,-,-
1216,48.64,-1214916,2699.562432358349,26,-,-,-,-,-
1217,48.68,-1215178,2229.76235779208,26,-,-,-,-,-
1218,48.72,-1213512,722.6380629324667,26,-,-,-,-,-
1219,48.76,-1199918,-1619.5027256559442,26,-,-,-,-,-
1220,48.8,-1190532,-3265.3346707072033,26,-,-,-,-,-
1221,48.84,-1191559,-3417.906581027959,26,-,-,-,-,-
1222,48.88,-1195864,-2551.3994414505914,26,-,-,-,-,-
1223,48.92,-1200819,-1359.3024183041825,26,-,-,-,-,-
1224,48.96,-1202711,-338.7307678541547,26,-,-,-,-,-
1225,49.0,-1201015,418.25910257316764,26,-,-,-,-,-
1226,49.04,-1202862,1194.4927559784278,26,-,-,-,-,-
1227,49.08,-1206121,2002.4189712927573,26,-,-,-,-,-
1228,49.12,-1207649,2670.5590658786823,26,-,-,-,-,-
1229,49.16,-1210808,2896.509247109453,26,-,-,-,-,-
1230,49.2,-1212914,2107.1676541579486,26,-,-,-,-,-
1231,49.24,-1213998,415.5588766049318,26,-,-,-,-,-
1232,49.28,-1215408,-1234.7302869314724,26,-,-,-,-,-
1233,49.32,-1215380,-1990.5831444626015,26,-,-,-,-,-
1234,49.36,-1213673,-1800.3462843500083,26,-,-,-,-,-
1235,49.4,-1205710,-1493.0776038123495,26,-,-,-,-,-
1236,49.44,-1193423,-1602.3391742152126,26,-,-,-,-,-
1237,49.48,-1190906,-1669.6965931843024,26,-,-,-,-,-
1238,49.52,-1193404,-1478.5032200419919,26,-,-,-,-,-
1239,49.56,-1196972,-934.1251194834332,26,-,-,-,-,-
1240,49.6,-1202677,-94.11648465015242,26,-,-,-,-,-
1241,49.64,-1201781,565.4457289867241,26,-,-,-,-,-
1242,49.68,-1207383,1382.5662397810884,26,-,-,-,-,-
1243,49.72,-1209126,2066.4500267925114,26,-,-,-,-,-
1244,49.76,-1212345,2758.5553364577436,26,-,-,-,-,-
1245,49.8,-1212968,3020.7513873147927,26,-,-,-,-,-
1246,49.84,-1214531,2498.8230026455158,26,-,-,-,-,-
1247,49.88,-1215443,1029.537708650582,26,-,-,-,-,-
1248,49.92,-1215067,-819.6239017314325,26,-,-,-,-,-
1249,49.96,-1213539,-2152.7818783664065,26,-,-,-,-,-
1250,50.0,-1208204,-2637.7781155721805,26,-,-,-,-,-
1251,50.04,-1194827,-2694.023781073234,26,-,-,-,-,-
1252,50.08,-1191002,-2256.3068459556507,26,-,-,-,-,-
1253,50.12,-1195091,-1588.1998513441604,26,-,-,-,-,-
1254,50.16,-1199506,-865.6273455574192,26,-,-,-,-,-
1255,50.2,-1202728,-96.79548105204321,26,-,-,-,-,-
1256,50.24,-1201449,520.8898404609299,26,-,-,-,-,-
1257,50.28,-1202703,1145.1575919342527,26,-,-,-,-,-
1258,50.32,-1205893,1806.8128986411348,26,-,-,-,-,-
1259,50.36,-1208264,2435.2403876068674,26,-,-,-,-,-
1260,50.4,-1211469,2839.608984956988,26,-,-,-,-,-
1261,50.44,-1212263,2451.878378055276,26,-,-,-,-,-
1262,50.48,-1212858,1139.1752790426212,26,-,-,-,-,-
1263,50.52,-1214587,-539.7544436051146,26,-,-,-,-,-
1264,50.56,-1214828,-1728.3929685241303,26,-,-,-,-,-
1265,50.6,-1215098,-1906.8945936680923,26,-,-,-,-,-
1266,50.64,-1211153,-1606.9940215525648,26,-,-,-,-,-
1267,50.68,-1197099,-1693.9363293688948,26,-,-,-,-,-
1268,50.72,-1190470,-1816.05835714159,26,-,-,-,-,-
1269,50.76,-1190869,-1690.309414972884,26,-,-,-,-,-
1270,50.8,-1194030,-1160.218734179932,26,-,-,-,-,-
1271,50.84,-1200995,-246.4723063998499,26,-,-,-,-,-
1272,50.88,-1202572,489.48788492966924,26,-,-,-,-,-
1273,50.92,-1201522,989.0491754800996,26,-,-,-,-,-
1274,50.96,-1205923,1615.4170750214607,26,-,-,-,-,-
1275,51.0,-1208886,2295.0352451400504,53,49.0,-,-,-,-
1276,51.04,-1213273,2967.2687655792124,53,-,-,-,-,-
1277,51.08,-1215407,2982.637589639563,53,-,-,-,-,-
1278,51.12,-1215738,1902.4640461218833,53,-,-,-,-,-
1279,51.16,-1212414,-78.2303096362723,53,-,-,-,-,-
1280,51.2,-1198732,-2224.870881740251,53,-,-,-,-,-
1281,51.24,-1190588,-3185.010700788356,53,-,-,-,-,-
1282,51.28,-1192419,-2788.8514775602,53,-,-,-,-,-
1283,51.32,-1195982,-1943.2327589792735,53,-,-,-,-,-
1284,51.36,-1201086,-1228.2331931680733,53,-,-,-,-,-
1285,51.4,-1202650,-832.2835608434489,53,-,-,-,-,-
1286,51.44,-1202238,-361.0219454531666,53,-,-,-,-,-
1287,51.48,-1202791,518.8492671352556,53,-,-,-,-,-
1288,51.52,-1205633,1744.5804843768274,53,-,-,-,-,-
1289,51.56,-1208418,2806.5585302669324,53,-,-,-,-,-
1290,51.6,-1210957,3083.9741273747286,53,-,-,-,-,-
1291,51.64,-1212759,2173.233279302105,53,-,-,-,-,-
1292,51.68,-1212862,383.18325332152335,53,-,-,-,-,-
1293,51.72,-1215419,-1165.5456571272566,53,-,-,-,-,-
1294,51.76,-1214638,-1845.1440925803547,53,-,-,-,-,-
1295,51.8,-1214539,-1567.2556921771961,53,-,-,-,-,-
1296,51.84,-1209364,-1189.2436474773303,53,-,-,-,-,-
1297,51.88,-1194857,-1396.5708640798694,53,-,-,-,-,-
1298,51.92,-1190231,-1564.5945178658185,53,-,-,-,-,-
1299,51.96,-1192598,-1424.2315934303278,53,-,-,-,-,-
1300,52.0,-1196153,-912.4629862310576,53,-,-,-,-,-
1301,52.04,-1200473,-123.34485180064439,53,-,-,-,-,-
1302,52.08,-1202814,610.5411171670894,53,-,-,-,-,-
1303,52.12,-1201598,1118.9133969383029,53,-,-,-,-,-
1304,52.16,-1205804,1778.564311748376,53,-,-,-,-,-
1305,52.2,-1208064,2436.5525439865305,53,-,-,-,-,-
1306,52.24,-1210909,2951.502348506102,53,-,-,-,-,-
1307,52.28,-1213218,2762.7106340523815,53,-,-,-,-,-
1308,52.32,-1214665,1536.9974349346553,53,-,-,-,-,-
1309,52.36,-1214930,-314.503044022249,53,-,-,-,-,-
1310,52.4,-1214819,-1805.9097394680798,53,-,-,-,-,-
1311,52.44,-1214963,-2286.809317099332,53,-,-,-,-,-
1312,52.48,-1200574,-2423.3884132154744,53,-,-,-,-,-
1313,52.52,-1192289,-2172.7443735628676,53,-,-,-,-,-
1314,52.56,-1197417,-1676.71967312776,53,-,-,-,-,-
1315,52.6,-1201143,-1322.294516928904,53,-,-,-,-,-
1316,52.64,-1203566,-850.2331237778722,53,-,-,-,-,-
1317,52.68,-1201610,-297.6944187292736,53,-,-,-,-,-
1318,52.72,-1203080,445.7818774569387,53,-,-,-,-,-
1319,52.76,-1207194,1245.2650135063577,53,-,-,-,-,-
1320,52.8,-1209496,1970.1331543292172,53,-,-,-,-,-
1321,52.84,-1210703,2561.8651936098877,53,-,-,-,-,-
1322,52.88,-1213805,2713.2914915508154,53,-,-,-,-,-
1323,52.92,-1215114,1869.5160580852976,53,-,-,-,-,-
1324,52.96,-1215026,262.4296408631492,53,-,-,-,-,-
1325,53.0,-1214945,-1125.5240482628988,53,-,-,-,-,-
1326,53.04,-1213273,-1631.0104160809738,53,-,-,-,-,-
1327,53.08,-1204125,-1670.672158384221,53,-,-,-,-,-
1328,53.12,-1193381,-1732.9378971081787,53,-,-,-,-,-
1329,53.16,-1190369,-1760.8343508050511,53,-,-,-,-,-
1330,53.2,-1194132,-1507.8654041935065,53,-,-,-,-,-
1331,53.24,-1198796,-919.0144541837694,53,-,-,-,-,-
1332,53.28,-1200637,-194.80868748851844,53,-,-,-,-,-
1333,53.32,-1201636,529.8354447518623,53,-,-,-,-,-
1334,53.36,-1202674,1206.8683188244813,53,-,-,-,-,-
1335,53.4,-1206662,1958.726462348277,53,-,-,-,-,-
1336,53.44,-1209131,2592.010975950725,53,-,-,-,-,-
1337,53.48,-1211122,2839.725432931994,53,-,-,-,-,-
1338,53.52,-1212788,2274.487431216191,53,-,-,-,-,-
1339,53.56,-1212827,789.1694219540748,53,-,-,-,-,-
1340,53.6,-1215141,-863.1100637084621,53,-,-,-,-,-
1341,53.64,-1215063,-1953.6258215861735,53,-,-,-,-,-
1342,53.68,-1214906,-2088.246313141441,53,-,-,-,-,-
1343,53.72,-1210209,-1840.8376306065666,53,-,-,-,-,-
1344,53.76,-1195250,-1965.0184436499658,53,-,-,-,-,-
1345,53.8,-1195509,-1771.198004835056,53,-,-,-,-,-
1346,53.84,-1201260,-1329.4952521928208,53,-,-,-,-,-
1347,53.88,-1202274,-794.2103469653889,53,-,-,-,-,-
1348,53.92,-1201984,-159.71974588252283,53,-,-,-,-,-
1349,53.96,-1203355,458.4087981854036,53,-,-,-,-,-
1350,54.0,-1207246,1035.450013913599,29,41.75,-,-,-,-
1351,54.04,-1211446,1635.6952149042618,29,-,-,-,-,-
1352,54.08,-1212790,2226.47696211547,29,-,-,-,-,-
1353,54.12,-1214982,2644.053657611391,29,-,-,-,-,-
1354,54.16,-1214235,2242.0273836893302,29,-,-,-,-,-
1355,54.2,-1214864,999.0270622475688,29,-,-,-,-,-
1356,54.24,-1211490,-635.7558999272733,29,-,-,-,-,-
1357,54.28,-1199906,-1917.6660642732204,29,-,-,-,-,-
1358,54.32,-1191544,-2260.553675354191,29,-,-,-,-,-
1359,54.36,-1191630,-1976.7529197265994,29,-,-,-,-,-
1360,54.4,-1194552,-1630.6043135262944,29,-,-,-,-,-
1361,54.44,-1199818,-1137.3437107415075,29,-,-,-,-,-
1362,54.48,-1203098,-436.99218277561886,29,-,-,-,-,-
1363,54.52,-1201598,312.7541017240328,29,-,-,-,-,-
1364,54.56,-1205158,1226.6087770151662,29,-,-,-,-,-
1365,54.6,-1206671,1980.7598144603226,29,-,-,-,-,-
1366,54.64,-1209484,2591.2814166214057,29,-,-,-,-,-
1367,54.68,-1211444,2669.7816220729574,29,-,-,-,-,-
1368,54.72,-1212473,1839.601127688296,29,-,-,-,-,-
1369,54.76,-1213740,259.38725644021997,29,-,-,-,-,-
1370,54.8,-1214875,-1314.8769728288019,29,-,-,-,-,-
1371,54.84,-1214651,-2127.8209279848224,29,-,-,-,-,-
1372,54.88,-1214870,-1997.6152378250513,29,-,-,-,-,-
1373,54.92,-1211293,-1582.8730055803162,29,-,-,-,-,-
1374,54.96,-1195004,-1705.1802742888776,29,-,-,-,-,-
1375,55.0,-1190923,-1642.2486089518861,29,-,-,-,-,-
1376,55.04,-1194320,-1291.2843577567828,29,-,-,-,-,-
1377,55.08,-1199823,-650.1600581768766,29,-,-,-,-,-
1378,55.12,-1203405,73.08041588100605,29,-,-,-,-,-
1379,55.16,-1201452,581.9665661740278,29,-,-,-,-,-
1380,55.2,-1204370,1144.8845669695875,29,-,-,-,-,-
1381,55.24,-1208089,1728.772932318895,29,-,-,-,-,-
1382,55.28,-1211158,2376.554890447792,29,-,-,-,-,-
1383,55.32,-1211950,2834.269823868526,29,-,-,-,-,-
1384,55.36,-1212555,2624.9755971165077,29,-,-,-,-,-
1385,55.4,-1215318,1446.378455564105,29,-,-,-,-,-
1386,55.44,-1214846,-435.9666917132147,29,-,-,-,-,-
1387,55.48,-1215074,-1835.7193502418036,29,-,-,-,-,-
1388,55.52,-1210994,-2278.612286186909,29,-,-,-,-,-
1389,55.56,-1196748,-2301.4219802854877,29,-,-,-,-,-
1390,55.6,-1190619,-2031.628813388339,29,-,-,-,-,-
1391,55.64,-1191601,-1732.945608994677,29,-,-,-,-,-
1392,55.68,-1194891,-1288.1498697311044,29,-,-,-,-,-
1393,55.72,-1200233,-517.5757966363562,29,-,-,-,-,-
1394,55.76,-1202318,252.2077799869021,29,-,-,-,-,-
1395,55.8,-1202507,869.7478167921563,29,-,-,-,-,-
1396,55.84,-1203503,1467.2330389272993,29,-,-,-,-,-
1397,55.88,-1208148,2256.0486876804716,29,-,-,-,-,-
1398,55.92,-1209878,2857.155821054762,29,-,-,-,-,-
1399,55.96,-1211392,2836.908632281872,29,-,-,-,-,-
1400,56.0,-1211714,1758.6857647760303,29,-,-,-,-,-
1401,56.04,-1213760,13.357624267476695,29,-,-,-,-,-
1402,56.08,-1214794,-1560.1394644500097,29,-,-,-,-,-
1403,56.12,-1214716,-2217.1668973217065,29,-,-,-,-,-
1404,56.16,-1215212,-1953.1899726679812,29,-,-,-,-,-
1405,56.2,-1210240,-1578.6456632459922,29,-,-,-,-,-
1406,56.24,-1192775,-1804.8314221694218,29,-,-,-,-,-
1407,56.28,-1194690,-1585.4625603970362,29,-,-,-,-,-
1408,56.32,-1199572,-1147.5238897374797,29,-,-,-,-,-
1409,56.36,-1203008,-509.83761088414303,29,-,-,-,-,-
1410,56.4,-1202323,69.84904999180526,29,-,-,-,-,-
1411,56.44,-1203723,593.2644590059872,29,-,-,-,-,-
1412,56.48,-1206686,1065.4488895561162,29,-,-,-,-,-
1413,56.52,-1209436,1606.62602906937,29,-,-,-,-,-
1414,56.56,-1211727,2259.1298330857644,29,-,-,-,-,-
1415,56.6,-1212565,2664.8404234945046,29,-,-,-,-,-
1416,56.64,-1215435,2356.024644702646,29,-,-,-,-,-
1417,56.68,-1214992,965.5558956356663,29,-,-,-,-,-
1418,56.72,-1216146,-674.5219386842866,29,-,-,-,-,-
1419,56.76,-1213192,-1751.8254702399681,29,-,-,-,-,-
1420,56.8,-1199801,-2200.2348279709186,29,-,-,-,-,-
1421,56.84,-1191159,-2082.5148256958055,29,-,-,-,-,-
1422,56.88,-1191330,-1777.2753285083618,29,-,-,-,-,-
1423,56.92,-1194526,-1436.0185022866933,29,-,-,-,-,-
1424,56.96,-1198523,-888.7739406261821,29,-,-,-,-,-
1425,57.0,-1202680,-137.99641691161014,27,33.75,-,-,-,-
1426,57.04,-1206734,651.973597479242,27,-,-,-,-,-
1427,57.08,-1210304,1407.9605951083759,27,-,-,-,-,-
1428,57.12,-1212106,2140.3256021862035,27,-,-,-,-,-
1429,57.16,-1213512,2782.271631878354,27,-,-,-,-,-
1430,57.2,-1214500,2879.497074070623,27,-,-,-,-,-
1431,57.24,-1215197,1968.8142257525349,27,-,-,-,-,-
1432,57.28,-1214779,169.88260681463385,27,-,-,-,-,-
1433,57.32,-1213890,-1651.042036454326,27,-,-,-,-,-
1434,57.36,-1208547,-2796.2385252490603,27,-,-,-,-,-
1435,57.4,-1193684,-3270.744486177802,27,-,-,-,-,-
1436,57.44,-1189949,-2788.6806668063127,27,-,-,-,-,-
1437,57.48,-1195373,-1808.7863008548165,27,-,-,-,-,-
1438,57.52,-1200693,-815.7159311094806,27,-,-,-,-,-
1439,57.56,-1202381,0.009391544112986594,27,-,-,-,-,-
1440,57.6,-16775848,490286.0593069233,27,-,-,-,-,-
1441,57.64,-16775509,450767.9633987369,27,-,-,-,-,-
1442,57.68,-16775448,364345.69226496667,27,-,-,-,-,-
1443,57.72,-16775507,226469.95112930072,27,-,-,-,-,-
1444,57.76,-16775441,49149.55811007391,27,-,-,-,-,-
1445,57.8,-16775418,-139914.5474627749,27,-,-,-,-,-
1446,57.84,-16775451,-336884.5767859076,27,-,-,-,-,-
1447,57.88,-16775466,-607446.9759545205,27,-,-,-,-,-
1448,57.92,-16775422,-1029513.7712534354,27,-,-,-,-,-
1449,57.96,-16775397,-1493156.2273906246,27,-,-,-,-,-
1450,58.0,-16775402,-1607904.2643047129,27,-,-,-,-,-
1451,58.04,-16775376,-1047330.2953541824,27,-,-,-,-,-
1452,58.08,-16775463,-36687.90682567726,27,-,-,-,-,-
1453,58.12,-16775381,783545.3717712937,27,-,-,-,-,-
1454,58.16,-16775462,1042133.1749685925,27,-,-,-,-,-
1455,58.2,-16775458,914277.4871647365,27,-,-,-,-,-
1456,58.24,-16775385,737509.82846559,27,-,-,-,-,-
1457,58.28,-16775526,644090.3629466412,27,-,-,-,-,-
1458,58.32,-16775409,584603.9400893961,27,-,-,-,-,-
1459,58.36,-16775466,499671.28195388685,27,-,-,-,-,-
1460,58.4,-16775392,388265.9675292636,27,-,-,-,-,-
1461,58.44,-16775412,276136.682109619,27,-,-,-,-,-
1462,58.48,-16775407,178373.77279700525,27,-,-,-,-,-
1463,58.52,-16775487,95075.38432556437,27,-,-,-,-,-
1464,58.56,-16775451,22893.36870569247,27,-,-,-,-,-
1465,58.6,-16775401,-38452.55324078328,27,-,-,-,-,-
1466,58.64,-16775382,-87453.59213493473,27,-,-,-,-,-
1467,58.68,-16775442,-123526.19881605916,27,-,-,-,-,-
1468,58.72,-16775487,-147581.77889951027,27,-,-,-,-,-
1469,58.76,-16775507,-161172.76026364148,27,-,-,-,-,-
1470,58.8,-16775497,-165831.30526101397,27,-,-,-,-,-
1471,58.84,-16775488,-162990.7286320029,27,-,-,-,-,-
1472,58.88,-16775465,-154107.24581437948,27,-,-,-,-,-
1473,58.92,-16775472,-140664.54819150714,27,-,-,-,-,-
1474,58.96,-16775430,-124090.08848326244,27,-,-,-,-,-
1475,59.0,-16775456,-105661.63521653773,27,-,-,-,-,-
1476,59.04,-16775484,-86484.23563619831,27,-,-,-,-,-
1477,59.08,-16775450,-67476.12589173621,27,-,-,-,-,-
1478,59.12,-16775438,-49368.20635016024,27,-,-,-,-,-
1479,59.16,-16775410,-32723.838338095637,27,-,-,-,-,-
1480,59.2,-16775477,-17941.195004251407,27,-,-,-,-,-
1481,59.24,-16775455,-5274.773107896675,27,-,-,-,-,-
1482,59.28,-16775392,5161.286242126836,27,-,-,-,-,-
1483,59.32,-16775434,13372.987518592534,27,-,-,-,-,-
1484,59.36,-16775399,19447.756334628983,27,-,-,-,-,-
1485,59.4,-16775392,23552.195003974703,27,-,-,-,-,-
1486,59.44,-16775396,25897.735327875867,27,-,-,-,-,-
1487,59.48,-16775451,26727.596396633708,27,-,-,-,-,-
1488,59.52,-16775451,26294.10006500365,27,-,-,-,-,-
1489,59.56,-16775417,24856.587429299132,27,-,-,-,-,-
1490,59.6,-16775431,22671.303195644425,27,-,-,-,-,-
1491,59.64,-16775358,19970.04708158908,27,-,-,-,-,-
1492,59.68,-16775407,16968.676644124986,27,-,-,-,-,-
1493,59.72,-16775464,13841.669987941175,27,-,-,-,-,-
1494,59.76,-16775453,10738.896299906111,27,-,-,-,-,-
1495,59.8,-16775435,7790.9429240520585,27,-,-,-,-,-
1496,59.84,-16775333,5089.942354348394,27,-,-,-,-,-
1497,59.88,-16775367,2696.697755932746,27,-,-,-,-,-
1498,59.92,-16775420,632.9309905091723,27,-,-,-,-,-
1499,59.96,-16775538,-1066.4603905852127,27,-,-,-,-,-
1500,60.0,-16775465,-2347.060939171981,nan,36.333333333333336,-,-,-,Desconexión
1501,60.04,-16775410,-3162.340765716848,nan,-,-,-,-,Desconexión
1502,60.08,-16775461,-3573.0037693391514,nan,-,-,-,-,Desconexión
1503,60.12,-16775416,-3729.755097076364,nan,-,-,-,-,Desconexión
1504,60.16,-16775456,-3733.2386700373872,nan,-,-,-,-,Desconexión
1505,60.2,-16775419,-3611.8935388986283,nan,-,-,-,-,Desconexión
1506,60.24,-16775488,-3360.255876394381,nan,-,-,-,-,Desconexión
1507,60.28,-16775437,-3015.1299718919145,nan,-,-,-,-,Desconexión
1508,60.32,-16775472,-2618.563609200882,nan,-,-,-,-,Desconexión
1509,60.36,-16775488,-2217.481602519667,nan,-,-,-,-,Desconexión
1510,60.4,-16775399,-1849.3309086007284,nan,-,-,-,-,Desconexión
1511,60.44,-16775402,-1542.655349896886,nan,-,-,-,-,Desconexión
1512,60.48,-16775370,-1330.2304069336242,nan,-,-,-,-,Desconexión
1513,60.52,-16775456,-1221.460145929219,nan,-,-,-,-,Desconexión
1514,60.56,-16775384,-1.9060514557575896,nan,-,-,-,-,Desconexión
1515,60.6,-16775387,-2.515427879331323,nan,-,-,-,-,Desconexión
1516,60.64,-16775476,1.6660417247965142,nan,-,-,-,-,Desconexión
1517,60.68,-16775448,2.6986301398996098,nan,-,-,-,-,Desconexión
1518,60.72,-16775462,5.487509831993286,nan,-,-,-,-,Desconexión
1519,60.76,-16775424,6.837087977559915,nan,-,-,-,-,Desconexión
1520,60.8,-16775363,6.077447152117038,nan,-,-,-,-,Desconexión
1521,60.84,-16775417,5.49766935439472,nan,-,-,-,-,Desconexión
1522,60.88,-16775435,0.7008034056701327,nan,-,-,-,-,Desconexión
1523,60.92,-16775424,-4.4838893265648565,nan,-,-,-,-,Desconexión
1524,60.96,-16775447,-5.608697561035207,nan,-,-,-,-,Desconexión
1525,61.0,-16775391,-7.496705309942836,nan,-,-,-,-,Desconexión
1526,61.04,-16775430,-5.692287014447595,nan,-,-,-,-,Desconexión
1527,61.08,-16775477,-1.5733067321790486,nan,-,-,-,-,Desconexión
1528,61.12,-16775504,4.259275625568684,nan,-,-,-,-,Desconexión
1529,61.16,-16775418,5.1132408387016,nan,-,-,-,-,Desconexión
1530,61.2,-16775437,4.151708586886549,nan,-,-,-,-,Desconexión
1531,61.24,-16775467,-0.510036554226091,nan,-,-,-,-,Desconexión
1532,61.28,-16775433,-6.013330153424665,nan,-,-,-,-,Desconexión
1533,61.32,-16775390,-7.00913513062936,nan,-,-,-,-,Desconexión
1534,61.36,-16775384,-4.085904851576615,nan,-,-,-,-,Desconexión
1535,61.4,-16775380,-2.7951344274369205,nan,-,-,-,-,Desconexión
1536,61.44,-16775467,-1.2868972176664428,nan,-,-,-,-,Desconexión
1537,61.48,-16775493,-0.922544882870362,nan,-,-,-,-,Desconexión
1538,61.52,-16775446,0.8517615206155007,nan,-,-,-,-,Desconexión
1539,61.56,-16775498,7.342075744676237,nan,-,-,-,-,Desconexión
1540,61.6,-16775469,8.263667195640327,nan,-,-,-,-,Desconexión
1541,61.64,-16775458,6.392074685804463,nan,-,-,-,-,Desconexión
1542,61.68,-16775465,4.825643206492506,nan,-,-,-,-,Desconexión
1543,61.72,-16775530,5.271151341998102,nan,-,-,-,-,Desconexión
1544,61.76,-16775494,-0.0875594420601069,nan,-,-,-,-,Desconexión
1545,61.8,-16775387,-10.235817852261746,nan,-,-,-,-,Desconexión
1546,61.84,-16775471,-12.053483420919264,nan,-,-,-,-,Desconexión
1547,61.88,-16775439,-11.33391512887972,nan,-,-,-,-,Desconexión
1548,61.92,-16775434,-5.0225666932391455,nan,-,-,-,-,Desconexión
1549,61.96,-16775425,0.7204369683270482,nan,-,-,-,-,Desconexión
1550,62.0,-16775425,3.0353812609705386,nan,-,-,-,-,Desconexión
1551,62.04,-16775430,2.4820984318343013,nan,-,-,-,-,Desconexión
1552,62.08,-16775479,3.0746214791602213,nan,-,-,-,-,Desconexión
1553,62.12,-16775408,2.135424852848212,nan,-,-,-,-,Desconexión
1554,62.16,-16775452,7.093557396729217,nan,-,-,-,-,Desconexión
1555,62.2,-16775424,8.245402379810711,nan,-,-,-,-,Desconexión
1556,62.24,-16775411,5.546724900794192,nan,-,-,-,-,Desconexión
1557,62.28,-16775506,4.203482700743024,nan,-,-,-,-,Desconexión
1558,62.32,-16775489,0.9520988283060277,nan,-,-,-,-,Desconexión
1559,62.36,-16775445,-1.3399107342922836,nan,-,-,-,-,Desconexión
1560,62.4,-16775468,-1.7839465747661272,nan,-,-,-,-,Desconexión
1561,62.44,-16775405,-5.355264665677289,nan,-,-,-,-,Desconexión
1562,62.48,-16775417,-5.065331173139345,nan,-,-,-,-,Desconexión
1563,62.52,-16775432,-2.8928277649779384,nan,-,-,-,-,Desconexión
1564,62.56,-16775379,-3.211122913251657,nan,-,-,-,-,Desconexión
1565,62.6,-16775432,-2.285973376636983,nan,-,-,-,-,Desconexión
1566,62.64,-16775435,-4.183750239521512,nan,-,-,-,-,Desconexión
1567,62.68,-16775476,-3.0145812123250835,nan,-,-,-,-,Desconexión
1568,62.72,-16775442,-0.3973624176398092,nan,-,-,-,-,Desconexión
1569,62.76,-16775404,4.067070331902801,nan,-,-,-,-,Desconexión
1570,62.8,-16775426,8.123976556847747,nan,-,-,-,-,Desconexión
1571,62.84,-16775409,6.539358924771598,nan,-,-,-,-,Desconexión
1572,62.88,-16775415,3.040241018905385,nan,-,-,-,-,Desconexión
1573,62.92,-16775490,1.7430083132702876,nan,-,-,-,-,Desconexión
1574,62.96,-16775399,-3.954480683140787,nan,-,-,-,-,Desconexión
1575,63.0,-16775454,-4.131646688414639,nan,28.0,-,-,-,Minimo
1576,63.04,-16775385,-6.647003300259122,nan,-,-,-,-,Minimo
1577,63.08,-16775348,-5.22372474597573,nan,-,-,-,-,Minimo
1578,63.12,-16775451,2.600218258034161,nan,-,-,-,-,Minimo
1579,63.16,-16775430,4.762524223752571,nan,-,-,-,-,Minimo
1580,63.2,-16775444,4.026991951845698,nan,-,-,-,-,Minimo
1581,63.24,-16775356,-2.453560008609621,nan,-,-,-,-,Minimo
1582,63.28,-16775461,-1.553540418713574,nan,-,-,-,-,Minimo
1583,63.32,-16775445,-1.0513658659925653,nan,-,-,-,-,Minimo
1584,63.36,-16775417,1.7803157994646206,nan,-,-,-,-,Minimo
1585,63.4,-16775449,5.950579342608927,nan,-,-,-,-,Minimo
1586,63.44,-16775471,5.871802489595947,nan,-,-,-,-,Minimo
1587,63.48,-16775461,0.6879796603034709,nan,-,-,-,-,Minimo
1588,63.52,-16775422,-5.68856671915918,nan,-,-,-,-,Minimo
1589,63.56,-16775485,-4.655264328308066,nan,-,-,-,-,Minimo
1590,63.6,-16775494,-1.4544857375875626,nan,-,-,-,-,Minimo
1591,63.64,-16775390,-2.605461527565552,nan,-,-,-,-,Minimo
1592,63.68,-16775393,-3.528689446154786,nan,-,-,-,-,Minimo
1593,63.72,-16775480,-2.447353004580389,nan,-,-,-,-,Minimo
1594,63.76,-16775465,-2.5827208491864067,nan,-,-,-,-,Minimo
1595,63.8,-16775407,-2.648834254538947,nan,-,-,-,-,Minimo
1596,63.84,-16775383,-1.6910062861526427,nan,-,-,-,-,Minimo
1597,63.88,-16775376,-0.46095560271337277,nan,-,-,-,-,Minimo
1598,63.92,-16775477,4.053566225013114,nan,-,-,-,-,Minimo
1599,63.96,-16775442,4.27803730635123,nan,-,-,-,-,Minimo
1600,64.0,-16775421,5.437424305500495,nan,-,-,-,-,Minimo
1601,64.04,-16775349,3.983227135590745,nan,-,-,-,-,Minimo
1602,64.08,-16775432,4.30965768787296,nan,-,-,-,-,Minimo
1603,64.12,-16775470,1.8894218168477082,nan,-,-,-,-,Minimo
1604,64.16,-16775420,0.10704796296115937,nan,-,-,-,-,Minimo
1605,64.2,-16775461,4.379797447623876,nan,-,-,-,-,Minimo
1606,64.24,-16775472,4.792822196876184,nan,-,-,-,-,Minimo
1607,64.28,-16775479,-0.16194798557866186,nan,-,-,-,-,Minimo
1608,64.32,-16775425,-6.700590059735468,nan,-,-,-,-,Minimo
1609,64.36,-16775412,-5.99476766955226,nan,-,-,-,-,Minimo
1610,64.4,-16775463,0.06822290914224194,nan,-,-,-,-,Minimo
1611,64.44,-16775463,0.8016591836132259,nan,-,-,-,-,Minimo
1612,64.48,-16775419,-4.898408614962129,nan,-,-,-,-,Minimo
1613,64.52,-16775487,-6.3860191798747366,nan,-,-,-,-,Minimo
1614,64.56,-16775410,-7.729280659392774,nan,-,-,-,-,Minimo
1615,64.6,-16775442,-2.598300824892098,nan,-,-,-,-,Minimo
1616,64.64,-16775451,1.5000998001527495,nan,-,-,-,-,Minimo
1617,64.68,-16775415,3.063946786589039,nan,-,-,-,-,Minimo
1618,64.72,-16775480,6.355191464423925,nan,-,-,-,-,Minimo
1619,64.76,-16775386,1.960846332471263,nan,-,-,-,-,Minimo
1620,64.8,-16775466,1.5731909679051803,nan,-,-,-,-,Minimo
1621,64.84,-16775411,-1.664763262386792,nan,-,-,-,-,Minimo
1622,64.88,-16775487,1.9614014940991709,nan,-,-,-,-,Minimo
1623,64.92,-16775387,0.657939720364201,nan,-,-,-,-,Minimo
1624,64.96,-16775381,1.0295155528761413,nan,-,-,-,-,Minimo
1625,65.0,-16775493,3.6710844638941467,nan,-,-,-,-,Minimo
1626,65.04,-16775452,1.0103012178225974,nan,-,-,-,-,Minimo
1627,65.08,-16775469,0.956796406698107,nan,-,-,-,-,Minimo
1628,65.12,-16775470,1.152846412098274,nan,-,-,-,-,Minimo
1629,65.16,-16775575,4.284181814330083,nan,-,-,-,-,Minimo
1630,65.2,-16775574,2.9915319081380645,nan,-,-,-,-,Minimo
1631,65.24,-16775501,-0.651982090963287,nan,-,-,-,-,Minimo
1632,65.28,-16775459,-2.3693353408308155,nan,-,-,-,-,Minimo
1633,65.32,-16775426,-4.0725346671646605,nan,-,-,-,-,Minimo
1634,65.36,-16775398,-7.687051393761649,nan,-,-,-,-,Minimo
1635,65.4,-16775297,-14.25239873489555,nan,-,-,-,-,Minimo
1636,65.44,-1177830,-490409.2495342959,nan,-,-,-,-,Minimo
1637,65.48,-1178321,-450283.43407431804,nan,-,-,-,-,Minimo
1638,65.52,-1177212,-363233.1988592241,nan,-,-,-,-,Minimo
1639,65.56,-34940,-260486.2503150332,nan,-,-,-,-,Minimo
1640,65.6,-5136,-80521.80870483979,nan,-,-,-,-,Minimo
1641,65.64,-5067,114950.0209447965,nan,-,-,-,-,Minimo
1642,65.68,-5080,321248.605405977,nan,-,-,-,-,Minimo
1643,65.72,-1200617,641407.3266468504,nan,-,-,-,-,Minimo
1644,65.76,-1204399,1074274.554077128,nan,-,-,-,-,Minimo
1645,65.8,-1203394,1546695.5466518006,nan,-,-,-,-,Minimo
1646,65.84,-1206566,1671924.0258151665,nan,-,-,-,-,Minimo
1647,65.88,-1210167,1128980.554258434,nan,-,-,-,-,Minimo
1648,65.92,-1213358,137385.07151791127,nan,-,-,-,-,Minimo
1649,65.96,-1215523,-689850.954503766,nan,-,-,-,-,Minimo
1650,66.0,-1215852,-1010516.7737233499,nan,27.0,-,-,-,-
1651,66.04,-1217128,-990096.073543956,nan,-,-,-,-,-
1652,66.08,-1217107,-910925.5670200849,nan,-,-,-,-,-
1653,66.12,-1213047,-847086.8912795231,nan,-,-,-,-,-
1654,66.16,-1199097,-736251.9311404045,nan,-,-,-,-,-
1655,66.2,-1193041,-560651.3221117025,nan,-,-,-,-,-
1656,66.24,-1192575,-378835.1166292962,nan,-,-,-,-,-
1657,66.28,-1197301,-241713.7164785252,nan,-,-,-,-,-
1658,66.32,-1203575,-146581.79219143814,nan,-,-,-,-,-
1659,66.36,-1203646,-67721.13052127697,nan,-,-,-,-,-
1660,66.4,-1201527,6474.367605297128,nan,-,-,-,-,-
1661,66.44,-1204257,71481.88467215863,nan,-,-,-,-,-
1662,66.48,-1207908,121091.89545072499,nan,-,-,-,-,-
1663,66.52,-1209905,154689.43747537443,nan,-,-,-,-,-
1664,66.56,-1212193,174804.42416438134,nan,-,-,-,-,-
1665,66.6,-1214423,183610.27185215428,nan,-,-,-,-,-
1666,66.64,-1214264,182776.9568455828,nan,-,-,-,-,-
1667,66.68,-1215897,174623.69145040095,nan,-,-,-,-,-
1668,66.72,-1216570,161428.67691074795,nan,-,-,-,-,-
1669,66.76,-1215978,144852.93984672392,nan,-,-,-,-,-
1670,66.8,-1205539,125475.98701635435,nan,-,-,-,-,-
1671,66.84,-1193448,104320.6782015422,nan,-,-,-,-,-
1672,66.88,-1192210,82984.85444373672,nan,-,-,-,-,-
1673,66.92,-1195623,62616.25310413091,nan,-,-,-,-,-
1674,66.96,-1201661,44055.576258664456,nan,-,-,-,-,-
1675,67.0,-1204654,27454.951807243167,nan,-,-,-,-,-
1676,67.04,-1202948,12852.945303636312,nan,-,-,-,-,-
1677,67.08,-1206170,709.0772113340499,nan,-,-,-,-,-
1678,67.12,-1208255,-8961.41094913482,nan,-,-,-,-,-
1679,67.16,-1213410,-16036.443561621767,nan,-,-,-,-,-
1680,67.2,-1214717,-21253.48024720083,nan,-,-,-,-,-
1681,67.24,-1216168,-25296.10058671952,nan,-,-,-,-,-
1682,67.28,-1216281,-28590.04812594595,nan,-,-,-,-,-
1683,67.32,-1215744,-30638.40127195151,nan,-,-,-,-,-
1684,67.36,-1215144,-30673.61590658774,nan,-,-,-,-,-
1685,67.4,-1210060,-28781.09700657473,nan,-,-,-,-,-
1686,67.44,-1195606,-25926.02928735679,nan,-,-,-,-,-
1687,67.48,-1192818,-22362.04985395022,nan,-,-,-,-,-
1688,67.52,-1193239,-18709.656895766966,nan,-,-,-,-,-
1689,67.56,-1198633,-14758.9868809613,nan,-,-,-,-,-
1690,67.6,-1203738,-10587.184272295071,nan,-,-,-,-,-
1691,67.64,-1202917,-6632.755777378214,nan,-,-,-,-,-
1692,67.68,-1204010,-3010.2625299525607,nan,-,-,-,-,-
1693,67.72,-1206707,132.31824368081652,nan,-,-,-,-,-
1694,67.76,-1210053,2816.3586623242772,nan,-,-,-,-,-
1695,67.8,-1212905,4873.909301991773,nan,-,-,-,-,-
1696,67.84,-1213079,5762.758736959979,nan,-,-,-,-,-
1697,67.88,-1214317,5276.124553485253,nan,-,-,-,-,-
1698,67.92,-1215644,3845.6127598347284,nan,-,-,-,-,-
1699,67.96,-1216763,2534.5071079335266,nan,-,-,-,-,-
1700,68.0,-1216854,2034.4730910249436,nan,-,-,-,-,-
1701,68.04,-1213141,2054.522744466807,nan,-,-,-,-,-
1702,68.08,-1198974,1718.6520154059363,nan,-,-,-,-,-
1703,68.12,-1192713,1299.6000482499767,nan,-,-,-,-,-
1704,68.16,-1193372,1014.702295465002,nan,-,-,-,-,-
1705,68.2,-1197907,1126.5974589556126,nan,-,-,-,-,-
1706,68.24,-1203763,1579.4166052919918,nan,-,-,-,-,-
1707,68.28,-1202930,1879.133638039395,nan,-,-,-,-,-
1708,68.32,-1205031,2208.9066897794273,nan,-,-,-,-,-
1709,68.36,-1206937,2614.7081057872147,nan,-,-,-,-,-
1710,68.4,-1212506,2168.386715213901,nan,-,-,-,-,-
1711,68.44,-1213088,2765.7704296159854,nan,-,-,-,-,-
1712,68.48,-1215138,2818.9205738663295,nan,-,-,-,-,-
1713,68.52,-1215696,1685.4536621759778,nan,-,-,-,-,-
1714,68.56,-1215536,-146.44212108152811,nan,-,-,-,-,-
1715,68.6,-1217269,-1703.4921185409323,nan,-,-,-,-,-
1716,68.64,-1214669,-2411.1054240041844,nan,-,-,-,-,-
1717,68.68,-1204937,-2357.1905385636946,nan,-,-,-,-,-
1718,68.72,-1194317,-2178.009076028102,nan,-,-,-,-,-
1719,68.76,-1192022,-1908.0474602233826,nan,-,-,-,-,-
1720,68.8,-1194252,-1540.9097177780804,nan,-,-,-,-,-
1721,68.84,-1199406,-845.2812972656607,nan,-,-,-,-,-
1722,68.88,-1203497,37.89717990105328,nan,-,-,-,-,-
1723,68.92,-1203186,753.1162468416214,nan,-,-,-,-,-
1724,68.96,-1203272,1330.9036699485805,nan,-,-,-,-,-
1725,69.0,-1206913,1983.8714158605098,57,57.0,-,-,-,-
1726,69.04,-1212578,2714.093722263049,57,-,-,-,-,-
1727,69.08,-1214145,3001.0693535385617,57,-,-,-,-,-
1728,69.12,-1215598,2444.2757261578054,57,-,-,-,-,-
1729,69.16,-1216682,935.418073914353,57,-,-,-,-,-
1730,69.2,-1217146,-870.8563948131294,57,-,-,-,-,-
1731,69.24,-1214569,-2122.113922106977,57,-,-,-,-,-
1732,69.28,-1205346,-2556.814657927129,57,-,-,-,-,-
1733,69.32,-1193551,-2446.5509778308333,57,-,-,-,-,-
1734,69.36,-1191823,-2028.5482463594235,57,-,-,-,-,-
1735,69.4,-1194674,-1704.3484045155083,57,-,-,-,-,-
1736,69.44,-1200451,-1248.1226444428853,57,-,-,-,-,-
1737,69.48,-1203151,-555.6967983209915,57,-,-,-,-,-
1738,69.52,-1203550,326.8833716961908,57,-,-,-,-,-
1739,69.56,-1203259,1189.719664287643,57,-,-,-,-,-
1740,69.6,-1206691,2066.152610837664,57,-,-,-,-,-
1741,69.64,-1210462,2820.3802026770445,57,-,-,-,-,-
1742,69.68,-1211779,3085.9712932447355,57,-,-,-,-,-
1743,69.72,-1214481,2526.77338361921,57,-,-,-,-,-
1744,69.76,-1215814,991.0395022372095,57,-,-,-,-,-
1745,69.8,-1217571,-776.5792096579421,57,-,-,-,-,-
1746,69.84,-1216705,-1929.627070232983,57,-,-,-,-,-
1747,69.88,-1214700,-2075.2326247943456,57,-,-,-,-,-
1748,69.92,-1202540,-1963.9911029011619,57,-,-,-,-,-
1749,69.96,-1193202,-1838.192135129475,57,-,-,-,-,-
1750,70.0,-1192148,-1723.4308452460755,57,-,-,-,-,-
1751,70.04,-1196095,-1447.1136060230742,57,-,-,-,-,-
1752,70.08,-1200008,-890.3403275793694,57,-,-,-,-,-
1753,70.12,-1204362,-75.12452360879252,57,-,-,-,-,-
1754,70.16,-1202402,580.7692371490775,57,-,-,-,-,-
1755,70.2,-1202825,1287.1689030510438,57,-,-,-,-,-
1756,70.24,-1206247,2118.931456939632,57,-,-,-,-,-
1757,70.28,-1208618,2843.633300519534,57,-,-,-,-,-
1758,70.32,-1211611,3087.076875058029,57,-,-,-,-,-
1759,70.36,-1212660,2304.8662096458374,57,-,-,-,-,-
1760,70.4,-1214484,676.0639112533281,57,-,-,-,-,-
1761,70.44,-1214679,-1066.3480375151812,57,-,-,-,-,-
1762,70.48,-1215833,-1956.2563221835499,57,-,-,-,-,-
1763,70.52,-1216976,-1841.5181222039173,57,-,-,-,-,-
1764,70.56,-1215355,-1368.017044396633,57,-,-,-,-,-
1765,70.6,-1205600,-1350.5344792899486,57,-,-,-,-,-
1766,70.64,-1193823,-1728.0016355380376,57,-,-,-,-,-
1767,70.68,-1191672,-1788.5373259591743,57,-,-,-,-,-
1768,70.72,-1193679,-1384.135946828621,57,-,-,-,-,-
1769,70.76,-1198545,-580.4066318391122,57,-,-,-,-,-
1770,70.8,-1203596,278.90306100395355,57,-,-,-,-,-
1771,70.84,-1203628,837.8119219176451,57,-,-,-,-,-
1772,70.88,-1203135,1279.1190037888737,57,-,-,-,-,-
1773,70.92,-1205812,1894.8020478299004,57,-,-,-,-,-
1774,70.96,-1207850,2580.383887755075,57,-,-,-,-,-
1775,71.0,-1210994,3012.451476001521,57,-,-,-,-,-
1776,71.04,-1212700,2532.9678301649847,57,-,-,-,-,-
1777,71.08,-1214170,1046.6232815670269,57,-,-,-,-,-
1778,71.12,-1215665,-775.1005883009982,57,-,-,-,-,-
1779,71.16,-1215738,-2008.440835789956,57,-,-,-,-,-
1780,71.2,-1215949,-2172.168724213838,57,-,-,-,-,-
1781,71.24,-1209488,-1858.6499001774491,57,-,-,-,-,-
1782,71.28,-1196059,-1752.324491574178,57,-,-,-,-,-
1783,71.32,-1190711,-1700.309247661322,57,-,-,-,-,-
1784,71.36,-1193557,-1518.6107064932912,57,-,-,-,-,-
1785,71.4,-1197838,-1095.0294526844923,57,-,-,-,-,-
1786,71.44,-1203315,-350.20998961721034,57,-,-,-,-,-
1787,71.48,-1203211,329.79666375789475,57,-,-,-,-,-
1788,71.52,-1202225,940.6621679336477,57,-,-,-,-,-
1789,71.56,-1205551,1671.57792894282,57,-,-,-,-,-
1790,71.6,-1208686,2429.4472499929198,57,-,-,-,-,-
1791,71.64,-1210216,2946.0263693414345,57,-,-,-,-,-
1792,71.68,-1212697,2776.8460417447623,57,-,-,-,-,-
1793,71.72,-1213882,1528.357770226979,57,-,-,-,-,-
1794,71.76,-1215669,-288.1975280186896,57,-,-,-,-,-
1795,71.8,-1216749,-1704.751155141315,57,-,-,-,-,-
1796,71.84,-1216517,-2090.5631694325443,57,-,-,-,-,-
1797,71.88,-1215810,-1678.7307408242018,57,-,-,-,-,-
1798,71.92,-1212141,-1293.2139697526572,57,-,-,-,-,-
1799,71.96,-1198225,-1582.2959938413278,57,-,-,-,-,-
1800,72.0,-1191574,-1792.2200236361314,56,56.5,-,-,-,-
1801,72.04,-1196855,-1401.727293685578,56,-,-,-,-,-
1802,72.08,-1200808,-751.8332085447757,56,-,-,-,-,-
1803,72.12,-1203984,-13.505152048506716,56,-,-,-,-,-
1804,72.16,-1202690,521.0738894546448,56,-,-,-,-,-
1805,72.2,-1205995,1130.7351734868607,56,-,-,-,-,-
1806,72.24,-1211097,1813.3972295632466,56,-,-,-,-,-
1807,72.28,-1213875,2463.300450248491,56,-,-,-,-,-
1808,72.32,-1216033,2912.431674039236,56,-,-,-,-,-
1809,72.36,-1215772,2619.0209346369525,56,-,-,-,-,-
1810,72.4,-1215842,1360.438857193902,56,-,-,-,-,-
1811,72.44,-1211325,-595.1665011099872,56,-,-,-,-,-
1812,72.48,-1194759,-2487.7453083105356,56,-,-,-,-,-
1813,72.52,-1191437,-2891.1489795143625,56,-,-,-,-,-
1814,72.56,-1194191,-2350.3969213382543,56,-,-,-,-,-
1815,72.6,-1200844,-1604.547092337063,56,-,-,-,-,-
1816,72.64,-1203188,-1133.9944878748474,56,-,-,-,-,-
1817,72.68,-1202528,-656.2807336547767,56,-,-,-,-,-
1818,72.72,-1205187,207.77747159066166,56,-,-,-,-,-
1819,72.76,-1207742,1246.8773008260814,56,-,-,-,-,-
1820,72.8,-1211067,2267.688494254202,56,-,-,-,-,-
1821,72.84,-1212718,2881.4741830683934,56,-,-,-,-,-
1822,72.88,-1213968,2668.0285945375053,56,-,-,-,-,-
1823,72.92,-1215583,1402.2679098140159,56,-,-,-,-,-
1824,72.96,-1216548,-436.393266800862,56,-,-,-,-,-
1825,73.0,-1217068,-1784.657510950673,56,-,-,-,-,-
1826,73.04,-1216131,-2078.6071250515142,56,-,-,-,-,-
1827,73.08,-1211174,-1778.7520781852281,56,-,-,-,-,-
1828,73.12,-1194719,-1852.5269226673772,56,-,-,-,-,-
1829,73.16,-1191991,-1734.9597153125196,56,-,-,-,-,-
1830,73.2,-1193731,-1455.0256426540473,56,-,-,-,-,-
1831,73.24,-1197385,-851.8725843995655,56,-,-,-,-,-
1832,73.28,-1202992,-3.559987265903146,56,-,-,-,-,-
1833,73.32,-1204101,664.0090447161301,56,-,-,-,-,-
1834,73.36,-1202995,1157.6643469964474,56,-,-,-,-,-
1835,73.4,-1204735,1760.1891086826863,56,-,-,-,-,-
1836,73.44,-1208173,2503.192229086756,56,-,-,-,-,-
1837,73.48,-1210277,3024.9167482497332,56,-,-,-,-,-
1838,73.52,-1212203,2801.862475046719,56,-,-,-,-,-
1839,73.56,-1213264,1497.153621159805,56,-,-,-,-,-
1840,73.6,-1214529,-374.29817487164587,56,-,-,-,-,-
1841,73.64,-1215831,-1802.5598406029094,56,-,-,-,-,-
1842,73.68,-1216113,-2190.0590059664905,56,-,-,-,-,-
1843,73.72,-1214946,-1794.1177573406153,56,-,-,-,-,-
1844,73.76,-1200700,-1690.7368894180036,56,-,-,-,-,-
1845,73.8,-1192005,-1718.2502030384203,56,-,-,-,-,-
1846,73.84,-1192361,-1645.0746631692218,56,-,-,-,-,-
1847,73.88,-1197435,-1250.610642575103,56,-,-,-,-,-
1848,73.92,-1201986,-569.1856443148108,56,-,-,-,-,-
1849,73.96,-1203705,143.14044374741388,56,-,-,-,-,-
1850,74.0,-1202299,672.3902858820179,56,-,-,-,-,-
1851,74.04,-1204347,1254.5290129244604,56,-,-,-,-,-
1852,74.08,-1208165,1993.829272147308,56,-,-,-,-,-
1853,74.12,-1209649,2691.630710259179,56,-,-,-,-,-
1854,74.16,-1211959,2948.0334365406134,56,-,-,-,-,-
1855,74.2,-1214023,2164.9835918323274,56,-,-,-,-,-
1856,74.24,-1215029,432.70212455694355,56,-,-,-,-,-
1857,74.28,-1215779,-1274.4831904627813,56,-,-,-,-,-
1858,74.32,-1216532,-2017.2617185643207,56,-,-,-,-,-
1859,74.36,-1216678,-1775.7615574228773,56,-,-,-,-,-
1860,74.4,-1213202,-1352.79631258687,56,-,-,-,-,-
1861,74.44,-1199150,-1557.018094700541,56,-,-,-,-,-
1862,74.48,-1192246,-1776.2664477119488,56,-,-,-,-,-
1863,74.52,-1191669,-1654.2978932186252,56,-,-,-,-,-
1864,74.56,-1196236,-1040.1266523802037,56,-,-,-,-,-
1865,74.6,-1201111,-221.47179720083568,56,-,-,-,-,-
1866,74.64,-1203977,511.5164094034508,56,-,-,-,-,-
1867,74.68,-1203616,1035.9919368387364,56,-,-,-,-,-
1868,74.72,-1204155,1564.7604697128454,56,-,-,-,-,-
1869,74.76,-1206935,2246.6354989001547,56,-,-,-,-,-
1870,74.8,-1210179,2890.225774540617,56,-,-,-,-,-
1871,74.84,-1211998,2942.826531066061,56,-,-,-,-,-
1872,74.88,-1213443,1975.4774707552046,56,-,-,-,-,-
1873,74.92,-1214056,175.88794441396317,56,-,-,-,-,-
1874,74.96,-1215353,-1495.962974392444,56,-,-,-,-,-
1875,75.0,-1215948,-2243.2216402229296,57,56.666666666666664,-,-,-,-
1876,75.04,-1200314,-2504.248922333005,57,-,-,-,-,-
1877,75.08,-1191911,-2126.90105180749,57,-,-,-,-,-
1878,75.12,-1196900,-1498.8446821205234,57,-,-,-,-,-
1879,75.16,-1201300,-1160.5264130654484,57,-,-,-,-,-
1880,75.2,-1203104,-889.8758775861324,57,-,-,-,-,-
1881,75.24,-1202508,-462.0583442118277,57,-,-,-,-,-
1882,75.28,-1204108,207.79366276241353,57,-,-,-,-,-
1883,75.32,-1206705,944.0063249574168,57,-,-,-,-,-
1884,75.36,-1210186,1742.2548709038601,57,-,-,-,-,-
1885,75.4,-1211000,2426.066372291846,57,-,-,-,-,-
1886,75.44,-1214066,2710.817076716088,57,-,-,-,-,-
1887,75.48,-1214822,1918.8271968277704,57,-,-,-,-,-
1888,75.52,-1216054,316.4346517570409,57,-,-,-,-,-
1889,75.56,-1215997,-1153.4343446319378,57,-,-,-,-,-
1890,75.6,-1215935,-1651.5871571344007,57,-,-,-,-,-
1891,75.64,-1212403,-1491.8448705450182,57,-,-,-,-,-
1892,75.68,-1200297,-1550.1537137883988,57,-,-,-,-,-
1893,75.72,-1192752,-1704.3315728733378,57,-,-,-,-,-
1894,75.76,-1192006,-1634.8400342989207,57,-,-,-,-,-
1895,75.8,-1195970,-1137.0890025964834,57,-,-,-,-,-
1896,75.84,-1200701,-370.31400154185667,57,-,-,-,-,-
1897,75.88,-1203984,392.4235618955954,57,-,-,-,-,-
1898,75.92,-1202959,939.7335566122056,57,-,-,-,-,-
1899,75.96,-1203204,1486.744718489169,57,-,-,-,-,-
1900,76.0,-1205606,2133.205483591507,57,-,-,-,-,-
1901,76.04,-1208762,2715.451939340346,57,-,-,-,-,-
1902,76.08,-1210012,2734.138407565809,57,-,-,-,-,-
1903,76.12,-1213275,1912.5753797148682,57,-,-,-,-,-
1904,76.16,-1214306,267.52959354105496,57,-,-,-,-,-
1905,76.2,-1215791,-1314.1780651666572,57,-,-,-,-,-
1906,76.24,-1216851,-2061.6891492210607,57,-,-,-,-,-
1907,76.28,-1216019,-1914.8990659996448,57,-,-,-,-,-
1908,76.32,-1212166,-1467.9858102672988,57,-,-,-,-,-
1909,76.36,-1195269,-1638.252138832806,57,-,-,-,-,-
1910,76.4,-1191818,-1691.966143457852,57,-,-,-,-,-
1911,76.44,-1194154,-1570.0326961209266,57,-,-,-,-,-
1912,76.48,-1201630,-1008.6062079098883,57,-,-,-,-,-
1913,76.52,-1204086,-346.7636977333286,57,-,-,-,-,-
1914,76.56,-1202079,239.97521003726843,57,-,-,-,-,-
1915,76.6,-1203532,893.065447980011,57,-,-,-,-,-
1916,76.64,-1206578,1611.2001302743774,57,-,-,-,-,-
1917,76.68,-1209814,2409.192382344848,57,-,-,-,-,-
1918,76.72,-1211860,3001.140901930762,57,-,-,-,-,-
1919,76.76,-1212517,2805.0892659937867,57,-,-,-,-,-
1920,76.8,-1215375,1574.692103700594,57,-,-,-,-,-
1921,76.84,-1214845,-366.475323154032,57,-,-,-,-,-
1922,76.88,-1216629,-1716.3078766098072,57,-,-,-,-,-
1923,76.92,-1214990,-2014.0613114852813,57,-,-,-,-,-
1924,76.96,-1214506,-1530.149865348309,57,-,-,-,-,-
1925,77.0,-1200162,-1572.1417735996965,57,-,-,-,-,-
1926,77.04,-1192004,-1777.4846084009368,57,-,-,-,-,-
1927,77.08,-1191484,-1747.1719963905762,57,-,-,-,-,-
1928,77.12,-1195887,-1218.9946230106757,57,-,-,-,-,-
1929,77.16,-1199479,-432.72629118236136,57,-,-,-,-,-
1930,77.2,-1203681,386.44239420017857,57,-,-,-,-,-
1931,77.24,-1202761,914.362123715945,57,-,-,-,-,-
1932,77.28,-1202336,1407.698341495392,57,-,-,-,-,-
1933,77.32,-1206157,2109.009489564536,57,-,-,-,-,-
1934,77.36,-1209122,2758.0731665106077,57,-,-,-,-,-
1935,77.4,-1212196,2939.868654058482,57,-,-,-,-,-
1936,77.44,-1213036,2094.4586416973543,57,-,-,-,-,-
1937,77.48,-1214252,406.62248804055207,57,-,-,-,-,-
1938,77.52,-1215472,-1289.1118626318548,57,-,-,-,-,-
1939,77.56,-1216112,-2129.529715349934,57,-,-,-,-,-
1940,77.6,-1215769,-1996.5403113565226,57,-,-,-,-,-
1941,77.64,-1214602,-1475.303280741165,57,-,-,-,-,-
1942,77.68,-1204410,-1456.2999809670546,57,-,-,-,-,-
1943,77.72,-1192412,-1819.36870011479,57,-,-,-,-,-
1944,77.76,-1192431,-1771.2483168158797,57,-,-,-,-,-
1945,77.8,-1197798,-1202.5398585371815,57,-,-,-,-,-
1946,77.84,-1203277,-327.67292549164176,57,-,-,-,-,-
1947,77.88,-1202074,347.6908375702019,57,-,-,-,-,-
1948,77.92,-1203108,926.06005468887,57,-,-,-,-,-
1949,77.96,-1205778,1456.8437320424318,57,-,-,-,-,-
1950,78.0,-1208222,2045.850908738069,57,56.75,-,-,-,-
1951,78.04,-1211466,2692.857870308726,57,-,-,-,-,-
1952,78.08,-1214896,2964.046651065966,57,-,-,-,-,-
1953,78.12,-1215482,2228.7310028693987,57,-,-,-,-,-
1954,78.16,-1215278,557.0595688944393,57,-,-,-,-,-
1955,78.2,-1215870,-1174.4107912540858,57,-,-,-,-,-
1956,78.24,-1213631,-2123.6714016126484,57,-,-,-,-,-
1957,78.28,-1205101,-2255.222999026979,57,-,-,-,-,-
1958,78.32,-1192415,-2148.92099833632,57,-,-,-,-,-
1959,78.36,-1191168,-1876.521838458888,57,-,-,-,-,-
1960,78.4,-1194581,-1617.1179329706315,57,-,-,-,-,-
1961,78.44,-1199820,-1117.0345382503351,57,-,-,-,-,-
1962,78.48,-1203352,-345.8050820615408,57,-,-,-,-,-
1963,78.52,-1202083,438.62947677907323,57,-,-,-,-,-
1964,78.56,-1203260,1253.228207102321,57,-,-,-,-,-
1965,78.6,-1206294,2015.1799835256152,57,-,-,-,-,-
1966,78.64,-1208781,2639.56113454725,57,-,-,-,-,-
1967,78.68,-1211209,2901.60661011337,57,-,-,-,-,-
1968,78.72,-1212261,2309.8185926802876,57,-,-,-,-,-
1969,78.76,-1214555,848.0700353132193,57,-,-,-,-,-
1970,78.8,-1215257,-914.0960491393448,57,-,-,-,-,-
1971,78.84,-1215646,-1980.7929673451351,57,-,-,-,-,-
1972,78.88,-1215825,-2000.9316601669734,57,-,-,-,-,-
1973,78.92,-1215448,-1481.2805910423895,57,-,-,-,-,-
1974,78.96,-1209459,-1273.8855263593668,57,-,-,-,-,-
1975,79.0,-1194977,-1662.5771352808806,57,-,-,-,-,-
1976,79.04,-1192006,-1702.1290814826225,57,-,-,-,-,-
1977,79.08,-1194696,-1283.2348834514496,57,-,-,-,-,-
1978,79.12,-1199577,-536.3820115009639,57,-,-,-,-,-
1979,79.16,-1203887,245.5285735649295,57,-,-,-,-,-
1980,79.2,-1202425,752.4321083309987,57,-,-,-,-,-
1981,79.24,-1205161,1309.1805671757247,57,-,-,-,-,-
1982,79.28,-1208615,1900.4498983218891,57,-,-,-,-,-
1983,79.32,-1209198,2445.940079923489,57,-,-,-,-,-
1984,79.36,-1211995,2867.6159515529453,57,-,-,-,-,-
1985,79.4,-1214118,2557.9875192732325,57,-,-,-,-,-
1986,79.44,-1214413,1208.3937831511676,57,-,-,-,-,-
1987,79.48,-1215796,-582.7566938908109,57,-,-,-,-,-
1988,79.52,-1215410,-1918.6618545343026,57,-,-,-,-,-
1989,79.56,-1215841,-2183.0231971170133,57,-,-,-,-,-
1990,79.6,-1212615,-1863.3697256122732,57,-,-,-,-,-
1991,79.64,-1197542,-1880.6724470123881,57,-,-,-,-,-
1992,79.68,-1192266,-1794.471924160889,57,-,-,-,-,-
1993,79.72,-1191557,-1577.8055670980266,57,-,-,-,-,-
1994,79.76,-1196389,-988.9002466513452,57,-,-,-,-,-
1995,79.8,-1200698,-242.31245438306996,57,-,-,-,-,-
1996,79.84,-1203590,483.8507852810171,57,-,-,-,-,-
1997,79.88,-1202925,1020.544838597265,57,-,-,-,-,-
1998,79.92,-1202873,1538.2011197040747,57,-,-,-,-,-
1999,79.96,-1206056,2208.3554140012156,57,-,-,-,-,-
2000,80.0,-1208559,2785.3986894877717,57,-,-,-,-,-
2001,80.04,-1211701,2841.626054918118,57,-,-,-,-,-
2002,80.08,-1212671,1847.9375726670078,57,-,-,-,-,-
2003,80.12,-1214401,123.48252533665027,57,-,-,-,-,-
2004,80.16,-1214665,-1496.1819899438751,57,-,-,-,-,-
2005,80.2,-1215630,-2145.9094096248846,57,-,-,-,-,-
2006,80.24,-1216283,-1855.8916576037977,57,-,-,-,-,-
2007,80.28,-1215675,-1291.1971324473125,57,-,-,-,-,-
2008,80.32,-1208745,-1198.6601094757953,57,-,-,-,-,-
2009,80.36,-1195638,-1634.5660668994806,57,-,-,-,-,-
2010,80.4,-1191054,-1776.4826484981313,57,-,-,-,-,-
2011,80.44,-1192668,-1390.8300612915782,57,-,-,-,-,-
2012,80.48,-1197823,-583.2176756241317,57,-,-,-,-,-
2013,80.52,-1203752,310.93574048540904,57,-,-,-,-,-
2014,80.56,-1202778,845.6438197718626,57,-,-,-,-,-
2015,80.6,-1202742,1279.4540087605037,57,-,-,-,-,-
2016,80.64,-1206245,1854.1233333213613,57,-,-,-,-,-
2017,80.68,-1210204,2545.4587868808103,57,-,-,-,-,-
2018,80.72,-1213094,3033.9366807352962,57,-,-,-,-,-
2019,80.76,-1213020,2698.0641270863352,57,-,-,-,-,-
2020,80.8,-1215289,1405.824327645813,57,-,-,-,-,-
2021,80.84,-1214998,-520.5532900969088,57,-,-,-,-,-
2022,80.88,-1215444,-1968.345790890813,57,-,-,-,-,-
2023,80.92,-1214890,-2359.0011910857256,57,-,-,-,-,-
2024,80.96,-1210347,-2053.819166785459,57,-,-,-,-,-
2025,81.0,-1197450,-1932.317419848985,57,56.75,-,-,-,-
2026,81.04,-1197926,-1693.3645605786223,57,-,-,-,-,-
2027,81.08,-1202762,-1406.7559697619508,57,-,-,-,-,-
2028,81.12,-1203906,-962.9115587422191,57,-,-,-,-,-
2029,81.16,-1201977,-330.0108422960788,57,-,-,-,-,-
2030,81.2,-1205247,473.27826866563055,57,-,-,-,-,-
2031,81.24,-1207408,1065.7669276369106,57,-,-,-,-,-
2032,81.28,-1209640,1567.310085410376,57,-,-,-,-,-
2033,81.32,-1212631,2097.578351180957,57,-,-,-,-,-
2034,81.36,-1213983,2381.293343914691,57,-,-,-,-,-
2035,81.4,-1214738,2027.561839738562,57,-,-,-,-,-
2036,81.44,-1215303,924.0765301072547,57,-,-,-,-,-
2037,81.48,-1216568,-363.1748778209805,57,-,-,-,-,-
2038,81.52,-1215776,-1187.9867625367135,57,-,-,-,-,-
2039,81.56,-1212371,-1422.3938338174112,57,-,-,-,-,-
2040,81.6,-1197495,-1773.733505300488,57,-,-,-,-,-
2041,81.64,-1192230,-1863.0609218360787,57,-,-,-,-,-
2042,81.68,-1191961,-1721.7054732897204,57,-,-,-,-,-
2043,81.72,-1196091,-1177.2031633092224,57,-,-,-,-,-
2044,81.76,-1200536,-398.23261604572144,57,-,-,-,-,-
2045,81.8,-1203957,370.24356227611406,57,-,-,-,-,-
2046,81.84,-1202662,878.7301148667893,57,-,-,-,-,-
2047,81.88,-1205074,1463.506345163696,57,-,-,-,-,-
2048,81.92,-1208081,2145.4767016866917,57,-,-,-,-,-
2049,81.96,-1210349,2735.6391233285094,57,-,-,-,-,-
2050,82.0,-1213080,2763.5689341243988,57,-,-,-,-,-
2051,82.04,-1213909,1726.9652923540452,57,-,-,-,-,-
2052,82.08,-1215141,-29.11945233466463,57,-,-,-,-,-
2053,82.12,-1216011,-1616.3060577378806,57,-,-,-,-,-
2054,82.16,-1215687,-2304.87868077592,57,-,-,-,-,-
2055,82.2,-1210204,-2239.1621783981145,57,-,-,-,-,-
2056,82.24,-1196492,-2105.3161915864966,57,-,-,-,-,-
2057,82.28,-1191741,-1849.6555868583255,57,-,-,-,-,-
2058,82.32,-1193173,-1581.6848618961303,57,-,-,-,-,-
2059,82.36,-1198081,-1110.853479788148,57,-,-,-,-,-
2060,82.4,-1201581,-437.40874590460135,57,-,-,-,-,-
2061,82.44,-1204443,348.73283276579514,57,-,-,-,-,-
2062,82.48,-1202215,935.806373465125,57,-,-,-,-,-
2063,82.52,-1204430,1627.1319557420502,57,-,-,-,-,-
2064,82.56,-1206720,2346.699794580064,57,-,-,-,-,-
2065,82.6,-1210163,2939.552251702008,57,-,-,-,-,-
2066,82.64,-1211740,2801.556949118195,57,-,-,-,-,-
2067,82.68,-1213996,1673.9547522123498,57,-,-,-,-,-
2068,82.72,-1214982,-106.88895248391509,57,-,-,-,-,-
2069,82.76,-1215185,-1565.7183419492756,57,-,-,-,-,-
2070,82.8,-1215892,-2000.3247075735694,57,-,-,-,-,-
2071,82.84,-1215492,-1640.9738646018563,57,-,-,-,-,-
2072,82.88,-1212332,-1221.4935825003686,57,-,-,-,-,-
2073,82.92,-1200519,-1399.3586689350577,57,-,-,-,-,-
2074,82.96,-1191152,-1737.7737150365829,57,-,-,-,-,-
2075,83.0,-1191259,-1636.4339364829284,57,-,-,-,-,-
2076,83.04,-1195156,-1064.0038524524248,57,-,-,-,-,-
2077,83.08,-1199193,-243.77499654628127,57,-,-,-,-,-
2078,83.12,-1202317,551.3647646158524,57,-,-,-,-,-
2079,83.16,-1202547,1125.1934737184738,57,-,-,-,-,-
2080,83.2,-1202687,1618.6963626286652,57,-,-,-,-,-
2081,83.24,-1206879,2279.0068730675202,57,-,-,-,-,-
2082,83.28,-1208252,2802.099869829205,57,-,-,-,-,-
2083,83.32,-1210739,2888.7226498920227,57,-,-,-,-,-
2084,83.36,-1213128,2045.8866138521698,57,-,-,-,-,-
2085,83.4,-1214713,370.84928379835856,57,-,-,-,-,-
2086,83.44,-1214965,-1331.351118705198,57,-,-,-,-,-
2087,83.48,-1215956,-2159.057276236328,57,-,-,-,-,-
2088,83.52,-1215761,-2063.0131010480154,57,-,-,-,-,-
2089,83.56,-1209645,-1747.0505643883344,57,-,-,-,-,-
2090,83.6,-1193432,-1895.8371121335822,57,-,-,-,-,-
2091,83.64,-1191655,-1807.3419464099334,57,-,-,-,-,-
2092,83.68,-1195330,-1507.698889297597,57,-,-,-,-,-
2093,83.72,-1199823,-938.048626676542,57,-,-,-,-,-
2094,83.76,-1203806,-184.70890215540567,57,-,-,-,-,-
2095,83.8,-1202898,441.42871020338134,57,-,-,-,-,-
2096,83.84,-1203721,1064.8113906829412,57,-,-,-,-,-
2097,83.88,-1205454,1717.102563173652,57,-,-,-,-,-
2098,83.92,-1208111,2446.007489860127,57,-,-,-,-,-
2099,83.96,-1211102,2977.0968510510966,57,-,-,-,-,-
2100,84.0,-1212361,2678.5722761265506,55,56.5,-,-,-,-
2101,84.04,-1215345,1372.3830283792377,55,-,-,-,-,-
2102,84.08,-1215436,-509.6246317624925,55,-,-,-,-,-
2103,84.12,-1216745,-1759.2321248493488,55,-,-,-,-,-
2104,84.16,-1212845,-2055.984068120027,55,-,-,-,-,-
2105,84.2,-1196975,-2039.2321659539084,55,-,-,-,-,-
2106,84.24,-1191246,-1729.3335693391382,55,-,-,-,-,-
2107,84.28,-1191350,-1548.0187484918915,55,-,-,-,-,-
2108,84.32,-1196130,-1297.7699075622663,55,-,-,-,-,-
2109,84.36,-1200093,-851.7371850498771,55,-,-,-,-,-
2110,84.4,-1202422,-201.65235489749193,55,-,-,-,-,-
2111,84.44,-1203038,506.7221823394202,55,-,-,-,-,-
2112,84.48,-1203142,1246.6992873082063,55,-,-,-,-,-
2113,84.52,-1206109,2147.3337836387036,55,-,-,-,-,-
2114,84.56,-1208901,2927.328550009687,55,-,-,-,-,-
2115,84.6,-1211561,3054.211458640586,55,-,-,-,-,-
2116,84.64,-1214805,2095.192094068938,55,-,-,-,-,-
2117,84.68,-1214389,207.71761792850907,55,-,-,-,-,-
2118,84.72,-1215869,-1433.2881920349314,55,-,-,-,-,-
2119,84.76,-1216230,-2114.915287594835,55,-,-,-,-,-
2120,84.8,-1214751,-1911.6607822235947,55,-,-,-,-,-
2121,84.84,-1208858,-1553.3349203757007,55,-,-,-,-,-
2122,84.88,-1193447,-1727.8555605608053,55,-,-,-,-,-
2123,84.92,-1190796,-1744.019392342254,55,-,-,-,-,-
2124,84.96,-1195606,-1468.070181119947,55,-,-,-,-,-
2125,85.0,-1201754,-854.0092132380842,55,-,-,-,-,-
2126,85.04,-1203199,-125.25617897002394,55,-,-,-,-,-
2127,85.08,-1203035,602.873693152962,55,-,-,-,-,-
2128,85.12,-1203718,1253.9168606074213,55,-,-,-,-,-
2129,85.16,-1207088,1926.5932088518693,55,-,-,-,-,-
2130,85.2,-1210505,2603.129095972431,55,-,-,-,-,-
2131,85.24,-1211653,2968.027179951334,55,-,-,-,-,-
2132,85.28,-1213380,2565.213779541581,55,-,-,-,-,-
2133,85.32,-1215841,1156.2379565312508,55,-,-,-,-,-
2134,85.36,-1216314,-723.4879405596654,55,-,-,-,-,-
2135,85.4,-1217266,-1913.038508526526,55,-,-,-,-,-
2136,85.44,-1216164,-2027.5830770419943,55,-,-,-,-,-
2137,85.48,-1212041,-1625.0910371110785,55,-,-,-,-,-
2138,85.52,-1198193,-1682.0708529392668,55,-,-,-,-,-
2139,85.56,-1190783,-1851.8672167946715,55,-,-,-,-,-
2140,85.6,-1191021,-1736.9676907614157,55,-,-,-,-,-
2141,85.64,-1195427,-1162.9159713342979,55,-,-,-,-,-
2142,85.68,-1201259,-303.56038892777815,55,-,-,-,-,-
2143,85.72,-1203371,441.02020460864605,55,-,-,-,-,-
2144,85.76,-1203140,1030.8400866525135,55,-,-,-,-,-
2145,85.8,-1203311,1641.2855658878825,55,-,-,-,-,-
2146,85.84,-1206315,2406.9289876060493,55,-,-,-,-,-
2147,85.88,-1209412,3034.7425920195774,55,-,-,-,-,-
2148,85.92,-1211174,2983.9421661279976,55,-,-,-,-,-
2149,85.96,-1213516,1922.718308783884,55,-,-,-,-,-
2150,86.0,-1214078,48.16876994883751,55,-,-,-,-,-
2151,86.04,-1214651,-1648.0982122873875,55,-,-,-,-,-
2152,86.08,-1215842,-2322.088240190987,55,-,-,-,-,-
2153,86.12,-1216459,-2000.658761107255,55,-,-,-,-,-
2154,86.16,-1211205,-1520.0633091534783,55,-,-,-,-,-
2155,86.2,-1194609,-1669.685582736729,55,-,-,-,-,-
2156,86.24,-1191994,-1693.5267554630627,55,-,-,-,-,-
2157,86.28,-1194234,-1525.3448719464632,55,-,-,-,-,-
2158,86.32,-1201192,-888.2377922106602,55,-,-,-,-,-
2159,86.36,-1204498,-115.36353283607059,55,-,-,-,-,-
2160,86.4,-1202909,496.1785012510695,55,-,-,-,-,-
2161,86.44,-1204050,1052.6089186750432,55,-,-,-,-,-
2162,86.48,-1206475,1613.9388173700108,55,-,-,-,-,-
2163,86.52,-1209929,2319.5949504738437,55,-,-,-,-,-
2164,86.56,-1212386,2902.9492690914913,55,-,-,-,-,-
2165,86.6,-1213225,2727.9792466796725,55,-,-,-,-,-
2166,86.64,-1214346,1446.5964620686805,55,-,-,-,-,-
2167,86.68,-1214896,-461.1346595527999,55,-,-,-,-,-
2168,86.72,-1215647,-1833.0403609665166,55,-,-,-,-,-
2169,86.76,-1215780,-2050.4844460946315,55,-,-,-,-,-
2170,86.8,-1213200,-1591.5420906089971,55,-,-,-,-,-
2171,86.84,-1204665,-1389.3814755007443,55,-,-,-,-,-
2172,86.88,-1193228,-1665.1702100615712,55,-,-,-,-,-
2173,86.92,-1191885,-1678.484897194543,55,-,-,-,-,-
2174,86.96,-1195200,-1221.1590442343604,55,-,-,-,-,-
2175,87.0,-1200123,-398.118118999299,58,56.75,-,-,-,-
2176,87.04,-1203132,393.4362114575979,58,-,-,-,-,-
2177,87.08,-1202361,897.6025120150925,58,-,-,-,-,-
2178,87.12,-1205163,1407.2224360006085,58,-,-,-,-,-
2179,87.16,-1208541,1989.7214829663626,58,-,-,-,-,-
2180,87.2,-1210381,2555.6780290383376,58,-,-,-,-,-
2181,87.24,-1212894,2799.6131001069853,58,-,-,-,-,-
2182,87.28,-1214239,2170.4412947406454,58,-,-,-,-,-
2183,87.32,-1214045,618.472782390556,58,-,-,-,-,-
2184,87.36,-1216081,-1048.9991382163066,58,-,-,-,-,-
2185,87.4,-1214847,-2121.012878336631,58,-,-,-,-,-
2186,87.44,-1214340,-2189.448285150186,58,-,-,-,-,-
2187,87.48,-1209691,-1876.2999292718205,58,-,-,-,-,-
2188,87.52,-1194917,-1948.6661691603022,58,-,-,-,-,-
2189,87.56,-1191106,-1842.0244504819639,58,-,-,-,-,-
2190,87.6,-1195826,-1382.5161631508772,58,-,-,-,-,-
2191,87.64,-1201014,-664.0263398618263,58,-,-,-,-,-
2192,87.68,-1203575,106.48547054983374,58,-,-,-,-,-
2193,87.72,-1201691,668.279009087305,58,-,-,-,-,-
2194,87.76,-1206288,1304.0416679010568,58,-,-,-,-,-
2195,87.8,-1207253,1791.091693464923,58,-,-,-,-,-
2196,87.84,-1209760,2369.945711368733,58,-,-,-,-,-
2197,87.88,-1212968,2790.8986151186054,58,-,-,-,-,-
2198,87.92,-1214142,2454.877602761608,58,-,-,-,-,-
2199,87.96,-1215366,1154.4777298955592,58,-,-,-,-,-
2200,88.0,-1216295,-611.3097917508843,58,-,-,-,-,-
2201,88.04,-1216243,-1859.823715407077,58,-,-,-,-,-
2202,88.08,-1214377,-2108.805919542489,58,-,-,-,-,-
2203,88.12,-1208981,-1828.5920790807768,58,-,-,-,-,-
2204,88.16,-1192504,-1940.5098978374826,58,-,-,-,-,-
2205,88.2,-1191007,-1797.3063485471703,58,-,-,-,-,-
2206,88.24,-1193883,-1482.7489610649445,58,-,-,-,-,-
2207,88.28,-1198702,-860.8008432063161,58,-,-,-,-,-
2208,88.32,-1202897,-62.97858682994138,58,-,-,-,-,-
2209,88.36,-1203208,629.0469536159653,58,-,-,-,-,-
2210,88.4,-1202795,1223.031378196566,58,-,-,-,-,-
2211,88.44,-1205133,1884.5038648011541,58,-,-,-,-,-
2212,88.48,-1206977,2536.220151180896,58,-,-,-,-,-
2213,88.52,-1211597,3016.164482661111,58,-,-,-,-,-
2214,88.56,-1212942,2606.6429810290947,58,-,-,-,-,-
2215,88.6,-1214109,1179.918705117395,58,-,-,-,-,-
2216,88.64,-1215464,-675.7635160060837,58,-,-,-,-,-
2217,88.68,-1217030,-1932.9061247287896,58,-,-,-,-,-
2218,88.72,-1215902,-2164.356071721769,58,-,-,-,-,-
2219,88.76,-1213567,-1711.5694695787033,58,-,-,-,-,-
2220,88.8,-1200167,-1628.815060450048,58,-,-,-,-,-
2221,88.84,-1190992,-1766.8806706666146,58,-,-,-,-,-
2222,88.88,-1192743,-1695.325740306189,58,-,-,-,-,-
2223,88.92,-1197879,-1281.406858286743,58,-,-,-,-,-
2224,88.96,-1203395,-511.248106292649,58,-,-,-,-,-
2225,89.0,-1202710,203.6916109460417,58,-,-,-,-,-
2226,89.04,-1205343,942.8889541868566,58,-,-,-,-,-
2227,89.08,-1208289,1608.8164331304424,58,-,-,-,-,-
2228,89.12,-1210728,2301.035235331996,58,-,-,-,-,-
2229,89.16,-1212068,2894.857860088845,58,-,-,-,-,-
2230,89.2,-1214421,2962.267899257803,58,-,-,-,-,-
2231,89.24,-1214468,1918.6086697020733,58,-,-,-,-,-
2232,89.28,-1215536,91.68510247615177,58,-,-,-,-,-
2233,89.32,-1216107,-1597.0382675470933,58,-,-,-,-,-
2234,89.36,-1214843,-2333.8491851515873,58,-,-,-,-,-
2235,89.4,-1211157,-2178.200251428487,58,-,-,-,-,-
2236,89.44,-1196885,-2066.1822470784955,58,-,-,-,-,-
2237,89.48,-1191939,-1818.7672361591121,58,-,-,-,-,-
2238,89.52,-1192968,-1468.3095117409375,58,-,-,-,-,-
2239,89.56,-1196559,-892.2788916500244,58,-,-,-,-,-
2240,89.6,-1201900,-100.94886436731758,58,-,-,-,-,-
2241,89.64,-1203940,585.4560470982142,58,-,-,-,-,-
2242,89.68,-1201774,1043.2734090222457,58,-,-,-,-,-
2243,89.72,-1204523,1631.683968799367,58,-,-,-,-,-
2244,89.76,-1206524,2249.7384879349283,58,-,-,-,-,-
2245,89.8,-1209359,2773.0490092593527,58,-,-,-,-,-
2246,89.84,-1212160,2692.3078786508404,58,-,-,-,-,-
2247,89.88,-1213083,1593.3708612348205,58,-,-,-,-,-
2248,89.92,-1214977,-110.87690614958001,58,-,-,-,-,-
2249,89.96,-1215168,-1603.1609188817467,58,-,-,-,-,-
2250,90.0,-1216072,-2110.809469176531,54,56.0,-,-,-,-
2251,90.04,-1209963,-1974.8780300843064,54,-,-,-,-,-
2252,90.08,-1194813,-1895.015252282892,54,-,-,-,-,-
2253,90.12,-1191969,-1676.5917192737725,54,-,-,-,-,-
2254,90.16,-1194200,-1517.6051148745373,54,-,-,-,-,-
2255,90.2,-1200520,-1115.1571948542266,54,-,-,-,-,-
2256,90.24,-1203164,-538.565920115183,54,-,-,-,-,-
2257,90.28,-1203751,145.87026058663378,54,-,-,-,-,-
2258,90.32,-1203344,793.0525605869766,54,-,-,-,-,-
2259,90.36,-1207867,1580.6970369334076,54,-,-,-,-,-
2260,90.4,-1209800,2321.9527324722158,54,-,-,-,-,-
2261,90.44,-1212701,2911.264805648686,54,-,-,-,-,-
2262,90.48,-1214264,2718.803873070473,54,-,-,-,-,-
2263,90.52,-1214041,1402.403352184298,54,-,-,-,-,-
2264,90.56,-1216391,-386.61166867247834,54,-,-,-,-,-
2265,90.6,-1216157,-1753.9263168141722,54,-,-,-,-,-
2266,90.64,-1215632,-2036.6576945182392,54,-,-,-,-,-
2267,90.68,-1210556,-1737.9657459272103,54,-,-,-,-,-
2268,90.72,-1197648,-1695.9340207498153,54,-,-,-,-,-
2269,90.76,-1191805,-1719.242363201638,54,-,-,-,-,-
2270,90.8,-1192587,-1554.6185749811484,54,-,-,-,-,-
2271,90.84,-1196968,-989.5933997572861,54,-,-,-,-,-
2272,90.88,-1200947,-182.65634330625835,54,-,-,-,-,-
2273,90.92,-1203864,593.0980960137676,54,-,-,-,-,-
2274,90.96,-1202662,1100.990425397944,54,-,-,-,-,-
2275,91.0,-1203659,1639.0984974783414,54,-,-,-,-,-
2276,91.04,-1205872,2286.1049522311896,54,-,-,-,-,-
2277,91.08,-1209641,2860.291383226615,54,-,-,-,-,-
2278,91.12,-1210833,2725.1382751518877,54,-,-,-,-,-
2279,91.16,-1213166,1657.1033475591585,54,-,-,-,-,-
2280,91.2,-1214247,-84.58148559902247,54,-,-,-,-,-
2281,91.24,-1215022,-1573.4774307567482,54,-,basal,-,-,-
2282,91.28,-1216029,-2105.11536326596,54,-,basal,-,-,-
2283,91.32,-1216488,-1787.0381891966163,54,-,basal,-,-,-
2284,91.36,-1214500,-1305.6054097593706,54,-,basal,-,-,-
2285,91.4,-1201503,-1446.5812331596899,54,-,basal,-,-,-
2286,91.44,-1191624,-1760.6874539316032,54,-,basal,-,-,-
2287,91.48,-1191869,-1680.818554111016,54,-,basal,-,-,-
2288,91.52,-1197664,-1104.0953388542614,54,-,basal,-,-,-
2289,91.56,-1203982,-260.0831532874745,54,-,basal,-,-,-
2290,91.6,-1202207,337.0307152102505,54,-,basal,-,-,-
2291,91.64,-1204028,923.8010281017896,54,-,basal,-,-,-
2292,91.68,-1206321,1469.4578401113495,54,-,basal,-,-,-
2293,91.72,-1208833,2116.5346173024054,54,-,basal,-,-,-
2294,91.76,-1212062,2808.0712442829135,54,-,basal,-,-,-
2295,91.8,-1213582,2979.2185330380025,54,-,basal,-,-,-
2296,91.84,-1214453,2105.7670098749327,54,-,basal,-,-,-
2297,91.88,-1215218,310.9380738838347,54,-,basal,-,-,-
2298,91.92,-1216061,-1441.9317289640487,54,-,basal,-,-,-
2299,91.96,-1216689,-2199.08975670631,54,-,basal,-,-,-
2300,92.0,-1214846,-1994.0198642123637,54,-,basal,-,-,-
2301,92.04,-1209156,-1611.8519499565418,54,-,basal,-,-,-
2302,92.08,-1194073,-1805.6717595006885,54,-,basal,-,-,-
2303,92.12,-1191108,-1798.2909373807815,54,-,basal,-,-,-
2304,92.16,-1193242,-1441.2783059901412,54,-,basal,-,-,-
2305,92.2,-1197714,-697.2631190015743,54,-,basal,-,-,-
2306,92.24,-1203034,193.64267561318866,54,-,basal,-,-,-
2307,92.28,-1203560,818.2142563287962,54,-,basal,-,-,-
2308,92.32,-1203796,1293.2156341342443,54,-,basal,-,-,-
2309,92.36,-1205154,1819.9075797209753,54,-,basal,-,-,-
2310,92.4,-1207141,2454.100119072451,54,-,basal,-,-,-
2311,92.44,-1210535,2937.5352212629396,54,-,basal,-,-,-
2312,92.48,-1212166,2612.331223045514,54,-,basal,-,-,-
2313,92.52,-1213607,1263.9445106955513,54,-,basal,-,-,-
2314,92.56,-1214623,-595.736224258816,54,-,basal,-,-,-
2315,92.6,-1215359,-1965.7238711366613,54,-,basal,-,-,-
2316,92.64,-1216420,-2244.5060522513672,54,-,basal,-,-,-
2317,92.68,-1215399,-1786.6085835701365,54,-,basal,-,-,-
2318,92.72,-1213690,-1255.5695911808498,54,-,basal,-,-,-
2319,92.76,-1199094,-1472.275617039635,54,-,basal,-,-,-
2320,92.8,-1193021,-1643.0197625219262,54,-,basal,-,-,-
2321,92.84,-1192291,-1519.074766737047,54,-,basal,-,-,-
2322,92.88,-1197972,-883.5727194736282,54,-,basal,-,-,-
2323,92.92,-1203970,-43.51688474690036,54,-,basal,-,-,-
2324,92.96,-1202961,541.8660791439943,54,-,basal,-,-,-
2325,93.0,-1202858,1026.9752493346846,58,56.25,basal,-,-,-
2326,93.04,-1212174,1773.760294416168,58,-,basal,-,-,-
2327,93.08,-1213835,2351.574432514477,58,-,induccion,-,-,-
2328,93.12,-1193925,2194.3164155851146,58,-,induccion,-,-,-
2329,93.16,-1203012,2463.7569655486845,58,-,induccion,-,-,-
2330,93.2,-1203722,1525.1226456938598,58,-,induccion,-,-,-
2331,93.24,-1205425,-103.28756846705119,58,-,induccion,-,-,-
2332,93.28,-1207967,-1521.1757103430386,58,-,induccion,-,-,-
2333,93.32,-1211438,-1960.387225952999,58,-,induccion,-,-,-
2334,93.36,-1212148,-1609.4599479897952,58,-,induccion,-,-,-
2335,93.4,-1213266,-949.4378014396523,58,-,induccion,-,-,-
2336,93.44,-1214937,-288.68713374383424,58,-,induccion,-,-,-
2337,93.48,-1216346,350.83143639657834,58,-,induccion,-,-,-
2338,93.52,-1216348,677.2481942776642,58,-,induccion,-,-,-
2339,93.56,-1215793,298.7548977666852,58,-,induccion,-,-,-
2340,93.6,-1211581,-700.7668216164147,58,-,induccion,-,-,-
2341,93.64,-1198237,-1746.6577674159162,58,-,induccion,-,-,-
2342,93.68,-1191963,-1891.973561049499,58,-,induccion,-,-,-
2343,93.72,-1192595,-1349.8140348687348,58,-,induccion,-,-,-
2344,93.76,-1197432,-572.9251086271598,58,-,induccion,-,-,-
2345,93.8,-1202272,126.06376576461389,58,-,induccion,-,-,-
2346,93.84,-1204646,651.5853314512096,58,-,induccion,-,-,-
2347,93.88,-1202838,1020.8102179663174,58,-,induccion,-,-,-
2348,93.92,-1205287,1607.6987858910625,58,-,induccion,-,-,-
2349,93.96,-1208322,2306.2189112027645,58,-,induccion,-,-,-
2350,94.0,-1211101,2851.370541129754,58,-,induccion,-,-,-
2351,94.04,-1213746,2763.0865272963492,58,-,induccion,-,-,-
2352,94.08,-1214743,1644.1227183742235,58,-,induccion,-,-,-
2353,94.12,-1216219,-129.9784449383892,58,-,induccion,-,-,-
2354,94.16,-1215462,-1734.4168804980075,58,-,induccion,-,-,-
2355,94.2,-1216153,-2304.9545249918388,58,-,induccion,-,-,-
2356,94.24,-1211942,-2108.3543199425585,58,-,induccion,-,-,-
2357,94.28,-1197933,-1963.598311555903,58,-,induccion,-,-,-
2358,94.32,-1191107,-1848.7251614400648,58,-,induccion,-,-,-
2359,94.36,-1192525,-1689.3376281696492,58,-,mantenimiento,-,-,-
2360,94.4,-1196137,-1315.9034275222593,58,-,mantenimiento,-,-,-
2361,94.44,-1201677,-549.3924750274755,58,-,mantenimiento,-,-,-
2362,94.48,-1204388,308.71203055686055,58,-,mantenimiento,-,-,-
2363,94.52,-1203100,988.7435383430984,58,-,mantenimiento,-,-,-
2364,94.56,-1204318,1647.400474535575,58,-,mantenimiento,-,-,-
2365,94.6,-1206810,2325.842044742968,58,-,mantenimiento,-,-,-
2366,94.64,-1209828,2899.6825130945062,58,-,mantenimiento,-,-,-
2367,94.68,-1212485,2891.7230453607217,58,-,mantenimiento,-,-,-
2368,94.72,-1213151,1830.4383780374824,58,-,mantenimiento,-,-,-
2369,94.76,-1214667,55.984247439583214,58,-,mantenimiento,-,-,-
2370,94.8,-1215887,-1539.877008200854,58,-,mantenimiento,-,-,-
2371,94.84,-1216394,-2173.425622776921,58,-,mantenimiento,-,-,-
2372,94.88,-1216498,-1857.9808447775395,58,-,mantenimiento,-,-,-
2373,94.92,-1214727,-1303.5203007356158,58,-,mantenimiento,-,-,-
2374,94.96,-1202625,-1363.2126858905067,58,-,mantenimiento,-,-,-
2375,95.0,-1192762,-1664.5080305844203,58,-,mantenimiento,-,-,-
2376,95.04,-1190693,-1663.7340563264988,58,-,mantenimiento,-,-,-
2377,95.08,-1196213,-1089.3179751678467,58,-,mantenimiento,-,-,-
2378,95.12,-1200054,-308.8289804158171,58,-,mantenimiento,-,-,-
2379,95.16,-1203312,457.607218992709,58,-,mantenimiento,-,-,-
2380,95.2,-1202827,967.4100821903339,58,-,mantenimiento,-,-,-
2381,95.24,-1202607,1430.819424696525,58,-,mantenimiento,-,-,-
2382,95.28,-1205975,2103.5583686676455,58,-,mantenimiento,-,-,-
2383,95.32,-1210287,2828.3376548598535,58,-,mantenimiento,-,-,-
2384,95.36,-1211281,3022.8413822452458,58,-,mantenimiento,-,-,-
2385,95.4,-1214147,2324.6601699089397,58,-,mantenimiento,-,-,-
2386,95.44,-1215380,646.5237930990911,58,-,mantenimiento,-,-,-
2387,95.48,-1215811,-1165.7206523685581,58,-,mantenimiento,-,-,-
2388,95.52,-1216067,-2136.7566296449268,58,-,mantenimiento,-,-,-
2389,95.56,-1214717,-2097.1429879940256,58,-,mantenimiento,-,-,-
2390,95.6,-1201760,-1952.943691311495,58,-,mantenimiento,-,-,-
2391,95.64,-1192730,-1864.4151841099265,58,-,despertar,-,-,-
2392,95.68,-1193301,-1766.6385587286895,58,-,despertar,-,-,-
2393,95.72,-1194928,-1588.0379506454838,58,-,despertar,-,-,-
2394,95.76,-1200620,-938.657522237293,58,-,despertar,-,-,-
2395,95.8,-1204252,-88.66995706248508,58,-,despertar,-,-,-
2396,95.84,-1202774,613.8902842841435,58,-,despertar,-,-,-
2397,95.88,-1203419,1301.8628009959962,58,-,despertar,-,-,-
2398,95.92,-1206168,2047.3178970863746,58,-,despertar,-,-,-
2399,95.96,-1208573,2727.2064736972407,58,-,despertar,-,-,-
2400,96.0,-1211329,2973.403786830876,64,58.5,despertar,-,-,-
2401,96.04,-1214992,2319.7598934381404,64,-,despertar,-,-,-
2402,96.08,-1214773,667.9470128075377,64,-,despertar,-,-,-
2403,96.12,-1216935,-984.265687764801,64,-,despertar,-,-,-
2404,96.16,-1216281,-1930.9919720047528,64,-,despertar,-,-,-
2405,96.2,-1216268,-1870.8764029123909,64,-,despertar,-,-,-
2406,96.24,-1210475,-1532.4542548132767,64,-,despertar,-,-,-
2407,96.28,-1196458,-1611.6615895862524,64,-,despertar,-,-,-
2408,96.32,-1192259,-1690.587026684978,64,-,despertar,-,-,-
2409,96.36,-1193232,-1628.3660463301612,64,-,despertar,-,-,-
2410,96.4,-1196445,-1201.9424973286182,64,-,despertar,-,-,-
2411,96.44,-1202503,-363.1982367130913,64,-,despertar,-,-,-
2412,96.48,-1204134,451.36319628697856,64,-,despertar,-,-,-
2413,96.52,-1203073,1114.8810010772613,64,-,despertar,-,-,-
2414,96.56,-1203754,1762.1644561217945,64,-,despertar,-,-,-
2415,96.6,-1208007,2505.621630486138,64,-,despertar,-,-,-
2416,96.64,-1210612,3002.4385031765396,64,-,despertar,-,-,-
2417,96.68,-1211589,2782.2404095194124,64,-,despertar,-,-,-
2418,96.72,-1214022,1630.8353097254753,64,-,despertar,-,-,-
2419,96.76,-1214877,-167.80588215565922,64,-,despertar,-,-,-
2420,96.8,-1216375,-1622.835157528938,64,-,despertar,-,-,-
2421,96.84,-1216262,-2145.633533542409,64,-,despertar,-,-,-
2422,96.88,-1214545,-1859.1265619084497,64,-,despertar,-,-,-
2423,96.92,-1206057,-1574.555038180286,64,-,despertar,-,-,-
2424,96.96,-1193266,-1707.5943592317544,64,-,despertar,-,-,-
2425,97.0,-1191770,-1710.7579194729096,64,-,despertar,-,-,-
2426,97.04,-1197008,-1362.8532192796606,64,-,despertar,-,-,-
2427,97.08,-1201288,-721.6906956470089,64,-,despertar,-,-,-
2428,97.12,-1204121,42.29820682936952,64,-,recuperacion,-,-,-
2429,97.16,-1202622,615.4056536595872,64,-,recuperacion,-,-,-
2430,97.2,-1203183,1182.336000246306,64,-,recuperacion,-,-,-
2431,97.24,-1206777,1894.494232643643,64,-,recuperacion,-,-,-
2432,97.28,-1209908,2614.552620770768,64,-,recuperacion,-,-,-
2433,97.32,-1211922,2943.3679996228057,64,-,recuperacion,-,-,-
2434,97.36,-1214211,2397.456208707422,64,-,recuperacion,-,-,-
2435,97.4,-1215021,851.6445092646318,64,-,recuperacion,-,-,-
2436,97.44,-1215165,-930.8187068669329,64,-,recuperacion,-,-,-
2437,97.48,-1216890,-1889.9316443457471,64,-,recuperacion,-,-,-
2438,97.52,-1215631,-1879.8010132621334,64,-,recuperacion,-,-,-
2439,97.56,-1214854,-1373.999762916863,64,-,recuperacion,-,-,-
2440,97.6,-1204549,-1398.2549413476954,64,-,recuperacion,-,-,-
2441,97.64,-1193525,-1784.1064741026967,64,-,recuperacion,-,-,-
2442,97.68,-1192395,-1799.651656634769,64,-,recuperacion,-,-,-
2443,97.72,-1195142,-1316.415891627144,64,-,recuperacion,-,-,-
2444,97.76,-1199618,-469.3286785228024,64,-,recuperacion,-,-,-
2445,97.8,-1202965,368.89784821060675,64,-,recuperacion,-,-,-
2446,97.84,-1204919,1005.871765038175,64,-,recuperacion,-,-,-
2447,97.88,-1203560,1421.409543688601,64,-,recuperacion,-,-,-
2448,97.92,-1206006,1995.2464972056187,64,-,recuperacion,-,-,-
2449,97.96,-1208191,2587.5708652466537,64,-,recuperacion,-,-,-
2450,98.0,-1210823,2857.383733530316,64,-,recuperacion,-,-,-
2451,98.04,-1212985,2275.6766230925086,64,-,recuperacion,-,-,-
2452,98.08,-1214406,780.1740728990962,64,-,recuperacion,-,-,-
2453,98.12,-1215671,-933.1311089683027,64,-,recuperacion,-,-,-
2454,98.16,-1216027,-1997.9237305845652,64,-,recuperacion,-,-,-
2455,98.2,-1215914,-2080.604250218998,64,-,recuperacion,-,-,-
2456,98.24,-1214804,-1607.7930732330183,64,-,recuperacion,-,-,-
2457,98.28,-1204956,-1442.7844934685636,64,-,recuperacion,-,-,-
2458,98.32,-1193498,-1627.878817887522,64,-,recuperacion,-,-,-
2459,98.36,-1191747,-1629.9296367172137,64,-,recuperacion,-,-,-
2460,98.4,-1198420,-1187.467783618377,64,-,recuperacion,-,-,-
2461,98.44,-1203370,-519.9486440109467,64,-,recuperacion,-,-,-
2462,98.48,-1204301,162.82163250578833,64,-,recuperacion,-,-,-
2463,98.52,-1202243,713.1957559582597,64,-,recuperacion,-,-,-
2464,98.56,-1205890,1367.4695973000307,64,-,recuperacion,-,-,-
2465,98.6,-1207823,1973.1317827485218,64,-,recuperacion,-,-,-
2466,98.64,-1210643,2598.098427890096,64,-,recuperacion,-,-,-
2467,98.68,-1213141,2854.4644206552703,64,-,recuperacion,-,-,-
2468,98.72,-1214172,2192.3352916795902,64,-,recuperacion,-,-,-
2469,98.76,-1214393,588.1204901791775,64,-,recuperacion,-,-,-
2470,98.8,-1215384,-1125.3139296792906,64,-,recuperacion,-,-,-
2471,98.84,-1216315,-1984.1558332995535,64,-,recuperacion,-,-,-
2472,98.88,-1216072,-1819.8564398903136,64,-,recuperacion,-,-,-
2473,98.92,-1212159,-1389.1329258507285,64,-,recuperacion,-,-,-
2474,98.96,-1198180,-1565.032801508285,64,-,recuperacion,-,-,-
2475,99.0,-1191949,-1768.2449760507043,67,60.75,recuperacion,-,-,-
2476,99.04,-1197012,-1469.8105420376378,67,-,recuperacion,-,-,-
2477,99.08,-1201077,-847.5294409820674,67,-,recuperacion,-,-,-
2478,99.12,-1203908,-66.72567613654246,67,-,recuperacion,-,-,-
2479,99.16,-1203814,544.4731434691821,67,-,recuperacion,-,-,-
2480,99.2,-1203360,968.4455048698828,67,-,recuperacion,-,-,-
2481,99.24,-1206762,1482.7661495491611,67,-,recuperacion,-,-,-
2482,99.28,-1210301,2127.3493032657216,67,-,recuperacion,-,-,-
2483,99.32,-1211702,2649.366012764064,67,-,recuperacion,-,-,-
2484,99.36,-1214114,2586.2405197286434,67,-,recuperacion,-,-,-
2485,99.4,-1215045,1458.402403950794,67,-,recuperacion,-,-,-
2486,99.44,-1215374,-293.96758935925095,67,-,recuperacion,-,-,-
2487,99.48,-1216557,-1599.0740190358856,67,-,recuperacion,-,-,-
2488,99.52,-1216740,-1890.4897611045612,67,-,recuperacion,-,-,-
2489,99.56,-1214380,-1555.7049013200426,67,-,recuperacion,-,-,-
2490,99.6,-1201580,-1585.1514491238322,67,-,recuperacion,-,-,-
2491,99.64,-1191784,-1830.3908823673391,67,-,recuperacion,-,-,-
2492,99.68,-1192294,-1765.699722449648,67,-,recuperacion,-,-,-
2493,99.72,-1199689,-1163.7368843274312,67,-,recuperacion,-,-,-
2494,99.76,-1202845,-398.53202358371436,67,-,recuperacion,-,-,-
2495,99.8,-1203813,331.3169071604598,67,-,recuperacion,-,-,-
2496,99.84,-1203753,882.1735695294974,67,-,recuperacion,-,-,-
2497,99.88,-1207807,1477.7438604185463,67,-,recuperacion,-,-,-
2498,99.92,-1210174,2096.609158317211,67,-,recuperacion,-,-,-
2499,99.96,-1213032,2745.4835985397613,67,-,recuperacion,-,-,-
2500,100.0,-1215334,2900.4870736177027,67,-,recuperacion,-,-,-
2501,100.04,-1214955,1948.1826542919025,67,-,recuperacion,-,-,-
2502,100.08,-1216063,164.37232603287464,67,-,recuperacion,-,-,-
2503,100.12,-1216303,-1553.4657573136315,67,-,recuperacion,-,-,-
2504,100.16,-1215966,-2273.2315139559487,67,-,recuperacion,-,-,-
2505,100.2,-1213175,-2076.304461409719,67,-,recuperacion,-,-,-
2506,100.24,-1200144,-1947.6762688539766,67,-,recuperacion,-,-,-
2507,100.28,-1191825,-1914.3171730435515,67,-,recuperacion,-,-,-
2508,100.32,-1192464,-1710.251289495056,67,-,recuperacion,-,-,-
2509,100.36,-1196187,-1179.252257100918,67,-,recuperacion,-,-,-
2510,100.4,-1199867,-358.06991771591674,67,-,recuperacion,-,-,-
2511,100.44,-1204503,552.741995803156,67,-,recuperacion,-,-,-
2512,100.48,-1203815,1135.630717091698,67,-,recuperacion,-,-,-
2513,100.52,-1203217,1590.1730171785748,67,-,recuperacion,-,-,-
2514,100.56,-1206823,2207.0003377754183,67,-,recuperacion,-,-,-
2515,100.6,-1208918,2748.9270927079206,67,-,recuperacion,-,-,-
2516,100.64,-1211005,2820.4505786978507,67,-,recuperacion,-,-,-
2517,100.68,-1213077,1950.965075394035,67,-,recuperacion,-,-,-
2518,100.72,-1214393,262.2571692961046,67,-,recuperacion,-,-,-
2519,100.76,-1215884,-1366.1203595041345,67,-,recuperacion,-,-,-
2520,100.8,-1215979,-2158.7573504592265,67,-,recuperacion,-,-,-
2521,100.84,-1216791,-1957.403757325589,67,-,recuperacion,-,-,-
2522,100.88,-1215115,-1430.1508266394594,67,-,recuperacion,-,-,-
2523,100.92,-1209753,-1209.647552131527,67,-,recuperacion,-,-,-
2524,100.96,-1193958,-1646.7912688544657,67,-,recuperacion,-,-,-
2525,101.0,-1192073,-1673.9495918812263,67,-,recuperacion,-,-,-
2526,101.04,-1195664,-1266.4969480418495,67,-,recuperacion,-,-,-
2527,101.08,-1200712,-543.0173614713285,67,-,recuperacion,-,-,-
2528,101.12,-1204827,230.3002938876134,67,-,recuperacion,-,-,-
2529,101.16,-1202723,730.3392132901308,67,-,recuperacion,-,-,-
2530,101.2,-1205420,1307.0053373380915,67,-,recuperacion,-,-,-
2531,101.24,-1208193,1907.792172802061,67,-,recuperacion,-,-,-
2532,101.28,-1211421,2568.011727941851,67,-,recuperacion,-,-,-
2533,101.32,-1213485,2954.0182185096,67,-,recuperacion,-,-,-
2534,101.36,-1213826,2511.6307213634286,67,-,recuperacion,-,-,-
2535,101.4,-1215086,1092.5467168379014,67,-,recuperacion,-,-,-
2536,101.44,-1216437,-741.6290385162627,67,-,recuperacion,-,-,-
2537,101.48,-1215726,-2021.8660574210935,67,-,recuperacion,-,-,-
2538,101.52,-1215896,-2167.502342856463,67,-,recuperacion,-,-,-
2539,101.56,-1210842,-1827.053461194614,67,-,recuperacion,-,-,-
2540,101.6,-1196429,-1851.3818565637393,67,-,recuperacion,-,-,-
2541,101.64,-1192634,-1802.437117200985,67,-,recuperacion,-,-,-
2542,101.68,-1193532,-1562.5064883809155,67,-,recuperacion,-,-,-
2543,101.72,-1198692,-885.4772113200486,67,-,recuperacion,-,-,-
2544,101.76,-1203426,-25.16719822200048,67,-,recuperacion,-,-,-
2545,101.8,-1203904,633.2799309282163,67,-,recuperacion,-,-,-
2546,101.84,-1201778,1056.3246343961296,67,-,recuperacion,-,-,-
2547,101.88,-1204837,1628.4846405889439,67,-,recuperacion,-,-,-
2548,101.92,-1208423,2302.404548849915,67,-,recuperacion,-,-,-
2549,101.96,-1210165,2788.2017017335284,67,-,recuperacion,-,-,-
2550,102.0,-1212771,2652.968262832278,66,63.75,recuperacion,-,-,-
2551,102.04,-1214046,1487.7893843177349,66,-,recuperacion,-,-,-
2552,102.08,-1215658,-257.17619428177727,66,-,recuperacion,-,-,-
2553,102.12,-1215790,-1676.327040220251,66,-,recuperacion,-,-,-
2554,102.16,-1216425,-2047.2842625106598,66,-,recuperacion,-,-,-
2555,102.2,-1216536,-1623.5246126254824,66,-,recuperacion,-,-,-
2556,102.24,-1214587,-1192.9967499636487,66,-,recuperacion,-,-,-
2557,102.28,-1210075,-1226.0306451482502,66,-,recuperacion,-,-,-
2558,102.32,-1194486,-1818.9913373129402,66,-,recuperacion,-,-,-
2559,102.36,-1192799,-1746.6947775159006,66,-,recuperacion,-,-,-
2560,102.4,-1196759,-1126.0047293847729,66,-,recuperacion,-,-,-
2561,102.44,-1203801,-222.14444963679125,66,-,recuperacion,-,-,-
2562,102.48,-1206871,509.0826428768505,66,-,recuperacion,-,-,-
2563,102.52,-1211329,1141.9632589220982,66,-,recuperacion,-,-,-
2564,102.56,-1214390,1619.468819644897,66,-,recuperacion,-,-,-
2565,102.6,-1214118,1984.3788814482969,66,-,recuperacion,-,-,-
2566,102.64,-1215028,2413.4661396934516,66,-,recuperacion,-,-,-
2567,102.68,-1216394,2631.0963256523514,66,-,recuperacion,-,-,-
2568,102.72,-1215974,2068.1428712790976,66,-,recuperacion,-,-,-
2569,102.76,-1215045,543.7371356988951,66,-,recuperacion,-,-,-
2570,102.8,-1198094,-1875.363705634325,66,-,recuperacion,-,-,-
2571,102.84,-1192007,-3291.451204695548,66,-,recuperacion,-,-,-
2572,102.88,-1193713,-3240.0109174488316,66,-,recuperacion,-,-,-
2573,102.92,-1197326,-2220.838876563367,66,-,recuperacion,-,-,-
2574,102.96,-1201826,-946.7630654705845,66,-,recuperacion,-,-,-
2575,103.0,-1203498,15.130044305274168,66,-,recuperacion,-,-,-
2576,103.04,-1202628,603.1273880521021,66,-,recuperacion,-,-,-
2577,103.08,-1204216,1160.438683331623,66,-,recuperacion,-,-,-
2578,103.12,-1208294,1904.4404515361557,66,-,recuperacion,-,-,-
2579,103.16,-1209958,2590.810381309134,66,-,recuperacion,-,-,-
2580,103.2,-1211839,2760.765182253109,66,-,recuperacion,-,-,-
2581,103.24,-1214716,1905.5909373440486,66,-,recuperacion,-,-,-
2582,103.28,-1215868,163.89120306136874,66,-,recuperacion,-,-,-
2583,103.32,-1215948,-1446.9445114542216,66,-,recuperacion,-,-,-
2584,103.36,-1216782,-2040.6574293469027,66,-,recuperacion,-,-,-
2585,103.4,-1215656,-1786.823663188503,66,-,recuperacion,-,-,-
2586,103.44,-1213312,-1356.1271847433973,66,-,recuperacion,-,-,-
2587,103.48,-1198445,-1605.7395179474152,66,-,recuperacion,-,-,-
2588,103.52,-1191713,-1795.4575131980382,66,-,recuperacion,-,-,-
2589,103.56,-1192146,-1607.4950816631208,66,-,recuperacion,-,-,-
2590,103.6,-1197012,-967.6189124189702,66,-,recuperacion,-,-,-
2591,103.64,-1201371,-153.6495668050211,66,-,recuperacion,-,-,-
2592,103.68,-1202703,565.1136451414477,66,-,recuperacion,-,-,-
2593,103.72,-1206419,1272.6343521004765,66,-,recuperacion,-,-,-
2594,103.76,-1208602,1874.5021652707164,66,-,recuperacion,-,-,-
2595,103.8,-1211342,2502.675525392847,66,-,recuperacion,-,-,-
2596,103.84,-1213407,2994.4915741558307,66,-,recuperacion,-,-,-
2597,103.88,-1214660,2900.0075277220276,66,-,recuperacion,-,-,-
2598,103.92,-1215755,1820.4813266880878,66,-,recuperacion,-,-,-
2599,103.96,-1216364,-21.64575277043525,66,-,recuperacion,-,-,-
2600,104.0,-1214768,-1772.1595329444515,66,-,recuperacion,-,-,-
2601,104.04,-1200284,-2982.7242417322923,66,-,recuperacion,-,-,-
2602,104.08,-1192980,-3004.2219873277572,66,-,recuperacion,-,-,-
2603,104.12,-1192806,-2381.955672912185,66,-,recuperacion,-,-,-
2604,104.16,-1196275,-1648.4733817366327,66,-,recuperacion,-,-,-
2605,104.2,-1202209,-891.4859545363047,66,-,recuperacion,-,-,-
2606,104.24,-1205187,-201.2976078083111,66,-,recuperacion,-,-,-
2607,104.28,-1203406,376.13141884404376,66,-,recuperacion,-,-,-
2608,104.32,-1204371,1075.610512705046,66,-,recuperacion,-,-,-
2609,104.36,-1206543,1878.3613211272063,66,-,recuperacion,-,-,-
2610,104.4,-1209498,2653.722117692726,66,-,recuperacion,-,-,-
2611,104.44,-1211510,2892.200662732441,66,-,recuperacion,-,-,-
2612,104.48,-1214276,2151.646915302707,66,-,recuperacion,-,-,-
