muestra,tiempo,ppg,ppg filtrado,spi,spi_promedio,estado,tipo evento,evento,alarma,limites_alarma,descripcion_alarma
1,0.04,-16775539,-9.408302954120524,nan,-,-,-,-,-,"[50, 20, 15]",-
2,0.08,-16775537,-32.15445552058518,nan,-,-,-,-,-,"[50, 20, 15]",-
3,0.12,-16775534,20.473251249764665,nan,-,-,-,-,-,"[50, 20, 15]",-
4,0.16,-16775415,-45.230493417441494,nan,-,-,-,-,-,"[50, 20, 15]",-
5,0.2,-16775522,-10.47025903818987,nan,-,-,-,-,-,"[50, 20, 15]",-
6,0.24,-16775487,-6.025183675308983,nan,-,-,-,-,-,"[50, 20, 15]",-
7,0.28,-16775486,-16.993710804108858,nan,-,-,-,-,-,"[50, 20, 15]",-
8,0.32,-16775519,0.9544296268934825,nan,-,-,-,-,-,"[50, 20, 15]",-
9,0.36,-16775401,-34.69663123101614,nan,-,-,-,-,-,"[50, 20, 15]",-
10,0.4,-16775534,9.85890504159676,nan,-,-,-,-,-,"[50, 20, 15]",-
11,0.44,-16775562,13.448831602925313,nan,-,-,-,-,-,"[50, 20, 15]",-
12,0.48,-16775513,-11.317832518852427,nan,-,-,-,-,-,"[50, 20, 15]",-
13,0.52,-16775398,-42.92877376841338,nan,-,-,-,-,-,"[50, 20, 15]",-
14,0.56,-16775297,-65.30734943684391,nan,-,-,-,-,-,"[50, 20, 15]",-
15,0.6,-16775511,-12.915972632561587,nan,-,-,-,-,-,"[50, 20, 15]",-
16,0.64,-16775488,38.86162073476566,nan,-,-,-,-,-,"[50, 20, 15]",-
17,0.68,-16775470,-21.26462704297497,nan,-,-,-,-,-,"[50, 20, 15]",-
18,0.72,-16775452,-1.8638553238946747,nan,-,-,-,-,-,"[50, 20, 15]",-
19,0.76,-16775416,-10.22899048808206,nan,-,-,-,-,-,"[50, 20, 15]",-
20,0.8,-16775458,-18.59643820976566,nan,-,-,-,-,-,"[50, 20, 15]",-
21,0.84,-16775492,50.43242893732625,nan,-,-,-,-,-,"[50, 20, 15]",-
22,0.88,-16775497,-15.204822390134488,nan,-,-,-,-,-,"[50, 20, 15]",-
23,0.92,-16775567,-9.731638744812182,nan,-,-,-,-,-,"[50, 20, 15]",-
24,0.96,-16775418,18.389952236428602,nan,-,-,-,-,-,"[50, 20, 15]",-
25,1.0,-16775444,-3.0151191513556075,nan,-,-,-,-,-,"[50, 20, 15]",-
26,1.04,-16775400,-31.6213463130186,nan,-,-,-,-,-,"[50, 20, 15]",-
27,1.08,-16775356,0.6849908303755177,nan,-,-,-,-,-,"[50, 20, 15]",-
28,1.12,-16775358,0.01944979069556174,nan,-,-,-,-,-,"[50, 20, 15]",-
29,1.16,-16775450,1.0976750558022,nan,-,-,-,-,-,"[50, 20, 15]",-
30,1.2,-16775434,-1.332232289168454,nan,-,-,-,-,-,"[50, 20, 15]",-
31,1.24,-16775489,-6.892940958356457,nan,-,-,-,-,-,"[50, 20, 15]",-
32,1.28,-16775460,-3.6110287224962834,nan,-,-,-,-,-,"[50, 20, 15]",-
33,1.32,-16775533,15.36794159690667,nan,-,-,-,-,-,"[50, 20, 15]",-
34,1.36,-16775399,-25.03735867136933,nan,-,-,-,-,-,"[50, 20, 15]",-
35,1.4,-16775436,-54.32733927848567,nan,-,-,-,-,-,"[50, 20, 15]",-
36,1.44,-16775381,4.4185561225955645,nan,-,-,-,-,-,"[50, 20, 15]",-
37,1.48,-16775498,10.46761899789817,nan,-,-,-,-,-,"[50, 20, 15]",-
38,1.52,-16775543,3.062505539359984,nan,-,-,-,-,-,"[50, 20, 15]",-
39,1.56,-16775462,43.359772492846744,nan,-,-,-,-,-,"[50, 20, 15]",-
40,1.6,-16775500,-28.256838697273164,nan,-,-,-,-,-,"[50, 20, 15]",-
41,1.64,-16775463,-8.896251368861106,nan,-,-,-,-,-,"[50, 20, 15]",-
42,1.68,-16775452,16.104569354147266,nan,-,-,-,-,-,"[50, 20, 15]",-
43,1.72,-16775489,5.857906231648612,nan,-,-,-,-,-,"[50, 20, 15]",-
44,1.76,-16775444,1.3866689257560794,nan,-,-,-,-,-,"[50, 20, 15]",-
45,1.8,-16775510,6.813125251786886,nan,-,-,-,-,-,"[50, 20, 15]",-
46,1.84,-16775552,-4.294683566055307,nan,-,-,-,-,-,"[50, 20, 15]",-
47,1.88,-16775493,-12.726170574394098,nan,-,-,-,-,-,"[50, 20, 15]",-
48,1.92,-16775582,-23.7198835071383,nan,-,-,-,-,-,"[50, 20, 15]",-
49,1.96,-16775530,4.29519413291273,nan,-,-,-,-,-,"[50, 20, 15]",-
50,2.0,-16775427,6.334624499995523,nan,-,-,-,-,-,"[50, 20, 15]",-
51,2.04,-16775458,-0.8606163683968027,nan,-,-,-,-,-,"[50, 20, 15]",-
52,2.08,-16775502,1.7835946411682824,nan,-,-,-,-,-,"[50, 20, 15]",-
53,2.12,-16775466,-8.829246550894057,nan,-,-,-,-,-,"[50, 20, 15]",-
54,2.16,-16775409,-9.580132238324934,nan,-,-,-,-,-,"[50, 20, 15]",-
55,2.2,-16775486,-2.9506079974366544,nan,-,-,-,-,-,"[50, 20, 15]",-
56,2.24,-16775510,-15.896973849010326,nan,-,-,-,-,-,"[50, 20, 15]",-
57,2.28,-16775464,-18.682690852961322,nan,-,-,-,-,-,"[50, 20, 15]",-
58,2.32,-16775398,-55.8378266227296,nan,-,-,-,-,-,"[50, 20, 15]",-
59,2.36,-16775598,25.705279691103016,nan,-,-,-,-,-,"[50, 20, 15]",-
60,2.4,-16775660,-1.0272382383471994,nan,-,-,-,-,-,"[50, 20, 15]",-
61,2.44,-16775585,8.815270059813567,nan,-,-,-,-,-,"[50, 20, 15]",-
62,2.48,-16775584,0.5327301526279873,nan,-,-,-,-,-,"[50, 20, 15]",-
63,2.52,-16775549,26.9167015913866,nan,-,-,-,-,-,"[50, 20, 15]",-
64,2.56,-16775512,7.562674131999174,nan,-,-,-,-,-,"[50, 20, 15]",-
65,2.6,-16775358,-20.12900990131964,nan,-,-,-,-,-,"[50, 20, 15]",-
66,2.64,-16775433,-37.27223206362365,nan,-,-,-,-,-,"[50, 20, 15]",-
67,2.68,-16775476,-14.830825925557352,nan,-,-,-,-,-,"[50, 20, 15]",-
68,2.72,-16775436,-12.283289659882932,nan,-,-,-,-,-,"[50, 20, 15]",-
69,2.76,-16775563,-16.212387133500847,nan,-,-,-,-,-,"[50, 20, 15]",-
70,2.8,-16775523,-46.66270998372722,nan,-,-,-,-,-,"[50, 20, 15]",-
71,2.84,-16775555,16.189095070720903,nan,-,-,-,-,-,"[50, 20, 15]",-
72,2.88,-16775537,43.90685948722619,nan,-,-,-,-,-,"[50, 20, 15]",-
73,2.92,-16775598,36.72414314111154,nan,-,-,-,-,-,"[50, 20, 15]",-
74,2.96,-16775515,35.055677661271055,nan,-,-,-,-,-,"[50, 20, 15]",-
76,3.04,-16775345,3.3468938678788724,nan,-,-,-,-,-,"[50, 20, 15]",-
77,3.08,-16775381,-45.832618641744276,nan,-,-,-,-,-,"[50, 20, 15]",-
78,3.12,-16775437,-26.030688405880888,nan,-,-,-,-,-,"[50, 20, 15]",-
79,3.16,-16775500,-10.543471197266246,nan,-,-,-,-,-,"[50, 20, 15]",-
80,3.2,-16775380,-4.625996805774209,nan,-,-,-,-,-,"[50, 20, 15]",-
81,3.24,-16775409,6.448678283909291,nan,-,-,-,-,-,"[50, 20, 15]",-
82,3.28,-16775516,10.125319459491424,nan,-,-,-,-,-,"[50, 20, 15]",-
83,3.32,-16775527,27.14497993258977,nan,-,-,-,-,-,"[50, 20, 15]",-
84,3.36,-16775544,29.25586236621946,nan,-,-,-,-,-,"[50, 20, 15]",-
85,3.4,-16775536,55.22341464855605,nan,-,-,-,-,-,"[50, 20, 15]",-
86,3.44,-16775548,37.87231634894723,nan,-,-,-,-,-,"[50, 20, 15]",-
87,3.48,-16775422,4.423980366102642,nan,-,-,-,-,-,"[50, 20, 15]",-
88,3.52,-16775377,-36.70799363612268,nan,-,-,-,-,-,"[50, 20, 15]",-
89,3.56,-16775433,-30.80586574195679,nan,-,-,-,-,-,"[50, 20, 15]",-
90,3.6,-16775521,-10.871962487245781,nan,-,-,-,-,-,"[50, 20, 15]",-
91,3.64,-16775392,-3.8613656035855737,nan,-,-,-,-,-,"[50, 20, 15]",-
92,3.68,-16775433,-39.2320975734573,nan,-,-,-,-,-,"[50, 20, 15]",-
93,3.72,-16775461,-33.97973646685974,nan,-,-,-,-,-,"[50, 20, 15]",-
94,3.76,-16775500,1.807205052416872,nan,-,-,-,-,-,"[50, 20, 15]",-
95,3.8,-16775601,19.3518650775436,nan,-,-,-,-,-,"[50, 20, 15]",-
96,3.84,-16775536,23.965325293062005,nan,-,-,-,-,-,"[50, 20, 15]",-
97,3.88,-16775527,26.149501228075096,nan,-,-,-,-,-,"[50, 20, 15]",-
98,3.92,-16775513,34.37134134369598,nan,-,-,-,-,-,"[50, 20, 15]",-
99,3.96,-16775512,-3.8555275647361937,nan,-,-,-,-,-,"[50, 20, 15]",-
100,4.0,-16775438,-31.621097060034586,nan,-,-,-,-,-,"[50, 20, 15]",-
101,4.04,-16775366,-27.9259299374184,nan,-,-,-,-,-,"[50, 20, 15]",-
102,4.08,-16775405,2.5071416640852267,nan,-,-,-,-,-,"[50, 20, 15]",-
103,4.12,-16775424,-36.91424341204069,nan,-,-,-,-,-,"[50, 20, 15]",-
104,4.16,-16775441,-27.9674881628232,nan,-,-,-,-,-,"[50, 20, 15]",-
105,4.2,-16775492,-16.824179356681206,nan,-,-,-,-,-,"[50, 20, 15]",-
106,4.24,-16775404,-11.986698365223484,nan,-,-,-,-,-,"[50, 20, 15]",-
107,4.28,-16775465,31.914206521610083,nan,-,-,-,-,-,"[50, 20, 15]",-
108,4.32,-16775560,30.75128709202903,nan,-,-,-,-,-,"[50, 20, 15]",-
109,4.36,-16775580,35.50085884584841,nan,-,-,-,-,-,"[50, 20, 15]",-
110,4.4,-16775520,30.229778215390635,nan,-,-,-,-,-,"[50, 20, 15]",-
111,4.44,-16775567,37.08498242225574,nan,-,-,-,-,-,"[50, 20, 15]",-
112,4.48,-16775599,16.5781161664336,nan,-,-,-,-,-,"[50, 20, 15]",-
113,4.52,-16775502,-21.800162830292674,nan,-,-,-,-,-,"[50, 20, 15]",-
114,4.56,-16775464,-22.96279250202865,nan,-,-,-,-,-,"[50, 20, 15]",-
115,4.6,-16775472,-23.358404316628743,nan,-,-,-,-,-,"[50, 20, 15]",-
116,4.64,-16775489,-22.214584230530303,nan,-,-,-,-,-,"[50, 20, 15]",-
117,4.68,-16775520,-6.714474562213543,nan,-,-,-,-,-,"[50, 20, 15]",-
118,4.72,-16775462,-43.514039714365126,nan,-,-,-,-,-,"[50, 20, 15]",-
119,4.76,-16775596,-18.75455228868679,nan,-,-,-,-,-,"[50, 20, 15]",-
120,4.8,-16775592,9.928560324495818,nan,-,-,-,-,-,"[50, 20, 15]",-
121,4.84,-16775603,22.290832464363618,nan,-,-,-,-,-,"[50, 20, 15]",-
122,4.88,-16775599,6.040366720560812,nan,-,-,-,-,-,"[50, 20, 15]",-
123,4.92,-16775454,8.645278302211981,nan,-,-,-,-,-,"[50, 20, 15]",-
124,4.96,-16775350,14.401142396940145,nan,-,-,-,-,-,"[50, 20, 15]",-
125,5.0,-16775473,-0.7316278650034693,nan,-,-,-,-,-,"[50, 20, 15]",-
126,5.04,-16775477,-14.635212809856844,nan,-,-,-,-,-,"[50, 20, 15]",-
127,5.08,-16775439,-19.51319921988477,nan,-,-,-,-,-,"[50, 20, 15]",-
128,5.12,-16775529,-8.15209419778176,nan,-,-,-,-,-,"[50, 20, 15]",-
129,5.16,-16775511,-0.9090090878652912,nan,-,-,-,-,-,"[50, 20, 15]",-
130,5.2,-16775512,-20.02525716956895,nan,-,-,-,-,-,"[50, 20, 15]",-
131,5.24,-16775557,27.343647377267416,nan,-,-,-,-,-,"[50, 20, 15]",-
132,5.28,-16775557,33.96141839811759,nan,-,-,-,-,-,"[50, 20, 15]",-
133,5.32,-16775527,41.72818846459367,nan,-,-,-,-,-,"[50, 20, 15]",-
134,5.36,-16775502,45.86087321403578,nan,-,-,-,-,-,"[50, 20, 15]",-
135,5.4,-16775489,2.086100672463392,nan,-,-,-,-,-,"[50, 20, 15]",-
136,5.44,-16775537,-34.77775542272255,nan,-,-,-,-,-,"[50, 20, 15]",-
137,5.48,-16775376,-20.926990811104517,nan,-,-,-,-,-,"[50, 20, 15]",-
138,5.52,-16775456,-14.930791450432118,nan,-,-,-,-,-,"[50, 20, 15]",-
139,5.56,-16775455,-29.84342732879692,nan,-,-,-,-,-,"[50, 20, 15]",-
140,5.6,-16775521,2.2265946098920124,nan,-,-,-,-,-,"[50, 20, 15]",-
141,5.64,-16775443,-8.71147317462352,nan,-,-,-,-,-,"[50, 20, 15]",-
142,5.68,-16775404,-10.533023627570305,nan,-,-,-,-,-,"[50, 20, 15]",-
143,5.72,-16775334,0.5396811826184646,nan,-,-,-,-,-,"[50, 20, 15]",-
144,5.76,-16775405,14.552630275051163,nan,-,-,-,-,-,"[50, 20, 15]",-
145,5.8,-16775383,9.929348695291628,nan,-,-,-,-,-,"[50, 20, 15]",-
146,5.84,-16775386,7.652013131479177,nan,-,-,-,-,-,"[50, 20, 15]",-
147,5.88,-16775436,12.067580372641357,nan,-,-,-,-,-,"[50, 20, 15]",-
148,5.92,-16775388,28.399377429164147,nan,-,-,-,-,-,"[50, 20, 15]",-
149,5.96,-16775375,-20.22600498538559,nan,-,-,-,-,-,"[50, 20, 15]",-
151,6.04,-16775503,30.48472759752479,nan,-,-,-,-,-,"[50, 20, 15]",-
152,6.08,-16775450,36.579731296051655,nan,-,-,-,-,-,"[50, 20, 15]",-
153,6.12,-16775552,26.05240620577269,nan,-,-,-,-,-,"[50, 20, 15]",-
154,6.16,-16775485,6.897739447620824,nan,-,-,-,-,-,"[50, 20, 15]",-
155,6.2,-16775509,82.62432630974348,nan,-,-,-,-,-,"[50, 20, 15]",-
156,6.24,-16775511,-4.229926528872374,nan,-,-,-,-,-,"[50, 20, 15]",-
157,6.28,-16775622,81.75398332832235,nan,-,-,-,-,-,"[50, 20, 15]",-
158,6.32,-16775563,-17.657815477406416,nan,-,-,-,-,-,"[50, 20, 15]",-
159,6.36,-16775536,-10.542363563066225,nan,-,-,-,-,-,"[50, 20, 15]",-
160,6.4,-16775437,-28.00436833562934,nan,-,-,-,-,-,"[50, 20, 15]",-
161,6.44,-16775393,-42.63058583255112,nan,-,-,-,-,-,"[50, 20, 15]",-
162,6.48,-16775426,-18.706709199522823,nan,-,-,-,-,-,"[50, 20, 15]",-
163,6.52,-16775387,-18.22329802927891,nan,-,-,-,-,-,"[50, 20, 15]",-
164,6.56,-16775365,-21.840489894525046,nan,-,-,-,-,-,"[50, 20, 15]",-
165,6.6,-16775493,-3.771235577043919,nan,-,-,-,-,-,"[50, 20, 15]",-
166,6.64,-16775505,-11.84123161538438,nan,-,-,-,-,-,"[50, 20, 15]",-
167,6.68,-16775482,-6.062457179100419,nan,-,-,-,-,-,"[50, 20, 15]",-
168,6.72,-16775608,2.0888554169868394,nan,-,-,-,-,-,"[50, 20, 15]",-
169,6.76,-16775647,32.84082511013684,nan,-,-,-,-,-,"[50, 20, 15]",-
170,6.8,-16775655,27.548472901609873,nan,-,-,-,-,-,"[50, 20, 15]",-
171,6.84,-16775511,21.883874651386666,nan,-,-,-,-,-,"[50, 20, 15]",-
172,6.88,-16775579,5.667291809970838,nan,-,-,-,-,-,"[50, 20, 15]",-
173,6.92,-16775501,-10.449358251121286,nan,-,-,-,-,-,"[50, 20, 15]",-
174,6.96,-16775465,-12.77837117373617,nan,-,-,-,-,-,"[50, 20, 15]",-
175,7.0,-16775442,-40.84757535143985,nan,-,-,-,-,-,"[50, 20, 15]",-
176,7.04,-16775532,-51.40869963139372,nan,-,-,-,-,-,"[50, 20, 15]",-
177,7.08,-16775459,-20.967909364227133,nan,-,-,-,-,-,"[50, 20, 15]",-
178,7.12,-16775596,-12.305315419269007,nan,-,-,-,-,-,"[50, 20, 15]",-
179,7.16,-16775538,-27.318657869073977,nan,-,-,-,-,-,"[50, 20, 15]",-
180,7.2,-16775541,13.43043463990977,nan,-,-,-,-,-,"[50, 20, 15]",-
181,7.24,-16775371,18.642958259138283,nan,-,-,-,-,-,"[50, 20, 15]",-
182,7.28,-16775384,33.96380741923028,nan,-,-,-,-,-,"[50, 20, 15]",-
183,7.32,-16775471,4.8950081231405385,nan,-,-,-,-,-,"[50, 20, 15]",-
184,7.36,-16775501,22.824026036650185,nan,-,-,-,-,-,"[50, 20, 15]",-
185,7.4,-16775500,13.777451243629795,nan,-,-,-,-,-,"[50, 20, 15]",-
186,7.44,-16775467,-4.275794700455478,nan,-,-,-,-,-,"[50, 20, 15]",-
187,7.48,-16775513,-1.656758151037885,nan,-,-,-,-,-,"[50, 20, 15]",-
188,7.52,-16775568,15.478038926959123,nan,-,-,-,-,-,"[50, 20, 15]",-
189,7.56,-16775554,0.3313560723179366,nan,-,-,-,-,-,"[50, 20, 15]",-
190,7.6,-16775534,27.213899382571057,nan,-,-,-,-,-,"[50, 20, 15]",-
191,7.64,-16775549,21.980153502429975,nan,-,-,-,-,-,"[50, 20, 15]",-
192,7.68,-16775475,21.7542930942928,nan,-,-,-,-,-,"[50, 20, 15]",-
193,7.72,-16775356,-14.436119050044244,nan,-,-,-,-,-,"[50, 20, 15]",-
194,7.76,-16775448,-16.95782847826866,nan,-,-,-,-,-,"[50, 20, 15]",-
195,7.8,-16775467,-3.968153983693921,nan,-,-,-,-,-,"[50, 20, 15]",-
196,7.84,-16775504,2.2511411682012414,nan,-,-,-,-,-,"[50, 20, 15]",-
197,7.88,-16775516,-1.0452047024617672,nan,-,-,-,-,-,"[50, 20, 15]",-
198,7.92,-16775473,-13.220634228432022,nan,-,-,-,-,-,"[50, 20, 15]",-
199,7.96,-16775465,-2.2907123351884238,nan,-,-,-,-,-,"[50, 20, 15]",-
200,8.0,-16775538,13.10523153971236,nan,-,-,-,-,-,"[50, 20, 15]",-
201,8.04,-16775521,13.288909665039133,nan,-,-,-,-,-,"[50, 20, 15]",-
202,8.08,-16775458,12.855242931131055,nan,-,-,-,-,-,"[50, 20, 15]",-
203,8.12,-16775485,20.799042757393135,nan,-,-,-,-,-,"[50, 20, 15]",-
204,8.16,-16775411,6.8781518870606275,nan,-,-,-,-,-,"[50, 20, 15]",-
205,8.2,-16775382,28.311107761599573,nan,-,-,-,-,-,"[50, 20, 15]",-
206,8.24,-16775444,-5.528851631775546,nan,-,-,-,-,-,"[50, 20, 15]",-
207,8.28,-16775502,-2.1374919972771,nan,-,-,-,-,-,"[50, 20, 15]",-
208,8.32,-16775534,5.538161297971793,nan,-,-,-,-,-,"[50, 20, 15]",-
209,8.36,-16775524,8.575362506609684,nan,-,-,-,-,-,"[50, 20, 15]",-
210,8.4,-16775486,0.7401157666002351,nan,-,-,-,-,-,"[50, 20, 15]",-
211,8.44,-16775498,-5.650667757575908,nan,-,-,-,-,-,"[50, 20, 15]",-
212,8.48,-16775633,15.27553059139031,nan,-,-,-,-,-,"[50, 20, 15]",-
213,8.52,-16775661,15.783271036640823,nan,-,-,-,-,-,"[50, 20, 15]",-
214,8.56,-16775586,2.6015277165442248,nan,-,-,-,-,-,"[50, 20, 15]",-
215,8.6,-16775437,-1.3952807483137137,nan,-,-,-,-,-,"[50, 20, 15]",-
216,8.64,-16775379,-21.53527530047153,nan,-,-,-,-,-,"[50, 20, 15]",-
217,8.68,-16775417,-34.5140775108535,nan,-,-,-,-,-,"[50, 20, 15]",-
218,8.72,-16775394,-27.592333806545618,nan,-,-,-,-,-,"[50, 20, 15]",-
219,8.76,-16775484,-15.092063381979942,nan,-,-,-,-,-,"[50, 20, 15]",-
220,8.8,-16775537,1.7333844807805514,nan,-,-,-,-,-,"[50, 20, 15]",-
221,8.84,-16775456,-6.078963484080578,nan,-,-,-,-,-,"[50, 20, 15]",-
222,8.88,-16775464,-15.208604858326588,nan,-,-,-,-,-,"[50, 20, 15]",-
223,8.92,-16775472,-13.658792215403786,nan,-,-,-,-,-,"[50, 20, 15]",-
224,8.96,-16775493,38.919791972054746,nan,-,-,-,-,-,"[50, 20, 15]",-
226,9.04,-16775536,55.02717503980271,nan,-,-,-,-,-,"[50, 20, 15]",-
227,9.08,-16775547,12.110447351758879,nan,-,-,-,-,-,"[50, 20, 15]",-
228,9.12,-16775523,-15.352100606795872,nan,-,-,-,-,-,"[50, 20, 15]",-
229,9.16,-16775486,-16.13895788016341,nan,-,-,-,-,-,"[50, 20, 15]",-
230,9.2,-16775407,-21.113376133512105,nan,-,-,-,-,-,"[50, 20, 15]",-
231,9.24,-16775414,-5.249741726682654,nan,-,-,-,-,-,"[50, 20, 15]",-
232,9.28,-16775517,8.20036228765945,nan,-,-,-,-,-,"[50, 20, 15]",-
233,9.32,-16775477,-8.473883067038228,nan,-,-,-,-,-,"[50, 20, 15]",-
234,9.36,-16775532,-10.746992514706267,nan,-,-,-,-,-,"[50, 20, 15]",-
235,9.4,-16775538,27.154423766455206,nan,-,-,-,-,-,"[50, 20, 15]",-
236,9.44,-16775445,-13.785051101692183,nan,-,-,-,-,-,"[50, 20, 15]",-
237,9.48,-16775453,20.190985809105182,nan,-,-,-,-,-,"[50, 20, 15]",-
238,9.52,-16775462,11.78131511706069,nan,-,-,-,-,-,"[50, 20, 15]",-
239,9.56,-16775538,26.497124208968494,nan,-,-,-,-,-,"[50, 20, 15]",-
240,9.6,-16775477,17.629382228814894,nan,-,-,-,-,-,"[50, 20, 15]",-
241,9.64,-16775509,10.561488492268989,nan,-,-,-,-,-,"[50, 20, 15]",-
242,9.68,-16775547,-14.349927307923702,nan,-,-,-,-,-,"[50, 20, 15]",-
243,9.72,-16775581,-16.764260988514014,nan,-,-,-,-,-,"[50, 20, 15]",-
244,9.76,-16775588,12.256005597769065,nan,-,-,-,-,-,"[50, 20, 15]",-
245,9.8,-16775553,-3.3398464000139834,nan,-,-,-,-,-,"[50, 20, 15]",-
246,9.84,-16775580,15.267030116541378,nan,-,-,-,-,-,"[50, 20, 15]",-
247,9.88,-16775377,0.26341654470020615,nan,-,-,-,-,-,"[50, 20, 15]",-
248,9.92,-16775486,-19.614739959872452,nan,-,-,-,-,-,"[50, 20, 15]",-
249,9.96,-16775524,-18.895295489076922,nan,-,-,-,-,-,"[50, 20, 15]",-
250,10.0,-16775467,-26.41649439216753,nan,-,-,-,-,-,"[50, 20, 15]",-
251,10.04,-16775458,-4.807627915247961,nan,-,-,-,-,-,"[50, 20, 15]",-
252,10.08,-16775510,-19.10442711400075,nan,-,-,-,-,-,"[50, 20, 15]",-
253,10.12,-16775486,-12.612347458658137,nan,-,-,-,-,-,"[50, 20, 15]",-
254,10.16,-16775503,2.463427864991879,nan,-,-,-,-,-,"[50, 20, 15]",-
255,10.2,-16775548,8.782338698083576,nan,-,-,-,-,-,"[50, 20, 15]",-
256,10.24,-16775547,15.404766238646241,nan,-,-,-,-,-,"[50, 20, 15]",-
257,10.28,-16775391,11.99517634575226,nan,-,-,-,-,-,"[50, 20, 15]",-
258,10.32,-16775411,27.81689019336172,nan,-,-,-,-,-,"[50, 20, 15]",-
259,10.36,-16775505,-26.68940077562181,nan,-,-,-,-,-,"[50, 20, 15]",-
260,10.4,-16775433,-5.39689791487106,nan,-,-,-,-,-,"[50, 20, 15]",-
261,10.44,-16775483,12.03431968886335,nan,-,-,-,-,-,"[50, 20, 15]",-
262,10.48,-16775555,1.8767315729744207,nan,-,-,-,-,-,"[50, 20, 15]",-
263,10.52,-16775523,-6.312122337909979,nan,-,-,-,-,-,"[50, 20, 15]",-
264,10.56,-16775467,3.5926797378874324,nan,-,-,-,-,-,"[50, 20, 15]",-
265,10.6,-16775530,2.7598596763474994,nan,-,-,-,-,-,"[50, 20, 15]",-
266,10.64,-16775435,-0.325510288586611,nan,-,-,-,-,-,"[50, 20, 15]",-
267,10.68,-16775503,12.406149576387245,nan,-,-,-,-,-,"[50, 20, 15]",-
268,10.72,-16775578,21.37189922483813,nan,-,-,-,-,-,"[50, 20, 15]",-
269,10.76,-16775630,-7.811192848213961,nan,-,-,-,-,-,"[50, 20, 15]",-
270,10.8,-16775636,-10.07469347397077,nan,-,-,-,-,-,"[50, 20, 15]",-
271,10.84,-16775617,3.61677128511851,nan,-,-,-,-,-,"[50, 20, 15]",-
272,10.88,-16775602,-15.693938683204557,nan,-,-,-,-,-,"[50, 20, 15]",-
273,10.92,-16775537,-14.03609957438653,nan,-,-,-,-,-,"[50, 20, 15]",-
274,10.96,-16775553,0.3733887204585795,nan,-,-,-,-,-,"[50, 20, 15]",-
275,11.0,-16775451,-9.235245708680553,nan,-,-,-,-,-,"[50, 20, 15]",-
276,11.04,-16775375,-25.833996249660935,nan,-,-,-,-,-,"[50, 20, 15]",-
277,11.08,-16775513,-9.022486793498155,nan,-,-,-,-,-,"[50, 20, 15]",-
278,11.12,-16775487,-32.383205276024896,nan,-,-,-,-,-,"[50, 20, 15]",-
279,11.16,-16775503,-23.945364488955054,nan,-,-,-,-,-,"[50, 20, 15]",-
280,11.2,-16775548,-6.114556052949613,nan,-,-,-,-,-,"[50, 20, 15]",-
281,11.24,-16775588,10.857973999812145,nan,-,-,-,-,-,"[50, 20, 15]",-
282,11.28,-16775540,17.671683780767186,nan,-,-,-,-,-,"[50, 20, 15]",-
283,11.32,-16775476,29.059118134233035,nan,-,-,-,-,-,"[50, 20, 15]",-
284,11.36,-16775421,-63.646590929783606,nan,-,-,-,-,-,"[50, 20, 15]",-
285,11.4,-16775540,16.562769890773165,nan,-,-,-,-,-,"[50, 20, 15]",-
286,11.44,-16775527,-22.524408000746867,nan,-,-,-,-,-,"[50, 20, 15]",-
287,11.48,-16775471,14.22231506540195,nan,-,-,-,-,-,"[50, 20, 15]",-
288,11.52,-16775597,-28.715088421498553,nan,-,-,-,-,-,"[50, 20, 15]",-
289,11.56,-16775593,6.854611138778655,nan,-,-,-,-,-,"[50, 20, 15]",-
290,11.6,-16775607,-4.336507817282458,nan,-,-,-,-,-,"[50, 20, 15]",-
291,11.64,-16775519,-8.117200882918572,nan,-,-,-,-,-,"[50, 20, 15]",-
292,11.68,-16775416,-4.201493883494578,nan,-,-,-,-,-,"[50, 20, 15]",-
293,11.72,-16775456,15.325518465706216,nan,-,-,-,-,-,"[50, 20, 15]",-
294,11.76,-16775418,1.0151657618203416,nan,-,-,-,-,-,"[50, 20, 15]",-
295,11.8,-16775501,-11.16978676313455,nan,-,-,-,-,-,"[50, 20, 15]",-
296,11.84,-16775450,-38.235817187193184,nan,-,-,-,-,-,"[50, 20, 15]",-
297,11.88,-16775528,2.713137851223091,nan,-,-,-,-,-,"[50, 20, 15]",-
298,11.92,-16775444,-6.953372541796284,nan,-,-,-,-,-,"[50, 20, 15]",-
299,11.96,-16775514,-18.06592571095987,nan,-,-,-,-,-,"[50, 20, 15]",-
301,12.04,-16775608,39.0269812683746,nan,-,-,-,-,-,"[50, 20, 15]",-
302,12.08,-16775548,45.65947284420196,nan,-,-,-,-,-,"[50, 20, 15]",-
303,12.12,-16775603,28.40508455078647,nan,-,-,-,-,-,"[50, 20, 15]",-
304,12.16,-16775639,86.78961103263843,nan,-,-,-,-,-,"[50, 20, 15]",-
305,12.2,-16775439,-18.23196387143146,nan,-,-,-,-,-,"[50, 20, 15]",-
306,12.24,-16775456,-20.02953787020295,nan,-,-,-,-,-,"[50, 20, 15]",-
307,12.28,-16775497,-12.421482084052489,nan,-,-,-,-,-,"[50, 20, 15]",-
308,12.32,-16775422,-22.073905948427466,nan,-,-,-,-,-,"[50, 20, 15]",-
309,12.36,-16775495,-11.335859003844305,nan,-,-,-,-,-,"[50, 20, 15]",-
310,12.4,-16775566,-24.792556309784437,nan,-,-,-,-,-,"[50, 20, 15]",-
311,12.44,-16775621,-13.338881419443101,nan,-,-,-,-,-,"[50, 20, 15]",-
312,12.48,-16775539,3.5840441894661113,nan,-,-,-,-,-,"[50, 20, 15]",-
313,12.52,-16775511,18.413368189227388,nan,-,-,-,-,-,"[50, 20, 15]",-
314,12.56,-16775514,5.501189054676134,nan,-,-,-,-,-,"[50, 20, 15]",-
315,12.6,-16775546,29.823674579901557,nan,-,-,-,-,-,"[50, 20, 15]",-
316,12.64,-16775481,29.500276773800188,nan,-,-,-,-,-,"[50, 20, 15]",-
317,12.68,-16775379,2.4190263626927493,nan,-,-,-,-,-,"[50, 20, 15]",-
318,12.72,-16775370,-10.1439261602095,nan,-,-,-,-,-,"[50, 20, 15]",-
319,12.76,-16775356,-38.40501015449636,nan,-,-,-,-,-,"[50, 20, 15]",-
320,12.8,-16775352,-2.24198327224181,nan,-,-,-,-,-,"[50, 20, 15]",-
321,12.84,-16775499,-9.761894908031785,nan,-,-,-,-,-,"[50, 20, 15]",-
322,12.88,-16775523,18.20846609147389,nan,-,-,-,-,-,"[50, 20, 15]",-
323,12.92,-16775490,41.90213175474,nan,-,-,-,-,-,"[50, 20, 15]",-
324,12.96,-16775493,26.50198180050542,nan,-,-,-,-,-,"[50, 20, 15]",-
325,13.0,-16775507,23.737533342510382,nan,-,-,-,-,-,"[50, 20, 15]",-
326,13.04,-16775461,23.709131543416802,nan,-,-,-,-,-,"[50, 20, 15]",-
327,13.08,-16775622,18.821744213656117,nan,-,-,-,-,-,"[50, 20, 15]",-
328,13.12,-16775548,29.954858594514846,nan,-,-,-,-,-,"[50, 20, 15]",-
329,13.16,-16775608,-0.49725956232144575,nan,-,-,-,-,-,"[50, 20, 15]",-
330,13.2,-16775545,-9.281420016681437,nan,-,-,-,-,-,"[50, 20, 15]",-
331,13.24,-16775485,-40.779572366229644,nan,-,-,-,-,-,"[50, 20, 15]",-
332,13.28,-16775273,-45.93397314010032,nan,-,-,-,-,-,"[50, 20, 15]",-
333,13.32,-16775446,-14.900380452207823,nan,-,-,-,-,-,"[50, 20, 15]",-
334,13.36,-16775475,-9.933452592565233,nan,-,-,-,-,-,"[50, 20, 15]",-
335,13.4,-16775518,-12.342343290657126,nan,-,-,-,-,-,"[50, 20, 15]",-
336,13.44,-16775528,-9.826045872071589,nan,-,-,-,-,-,"[50, 20, 15]",-
337,13.48,-16775625,-4.275524956675097,nan,-,-,-,-,-,"[50, 20, 15]",-
338,13.52,-16775555,-18.41610252679622,nan,-,-,-,-,-,"[50, 20, 15]",-
339,13.56,-16775598,16.737111488967685,nan,-,-,-,-,-,"[50, 20, 15]",-
340,13.6,-16775603,5.541907315174291,nan,-,-,-,-,-,"[50, 20, 15]",-
341,13.64,-16775601,23.50847582026966,nan,-,-,-,-,-,"[50, 20, 15]",-
342,13.68,-16775544,27.7545096672542,nan,-,-,-,-,-,"[50, 20, 15]",-
343,13.72,-16775408,-22.33519348490336,nan,-,-,-,-,-,"[50, 20, 15]",-
344,13.76,-16775320,54.37484026228328,nan,-,-,-,-,-,"[50, 20, 15]",-
345,13.8,-16775456,1.0473256217635294,nan,-,-,-,-,-,"[50, 20, 15]",-
346,13.84,-16775606,-19.11386232415497,nan,-,-,-,-,-,"[50, 20, 15]",-
347,13.88,-16775544,-12.99811187580617,nan,-,-,-,-,-,"[50, 20, 15]",-
348,13.92,-16775396,-42.20018258711594,nan,-,-,-,-,-,"[50, 20, 15]",-
349,13.96,-16775443,16.78616482122127,nan,-,-,-,-,-,"[50, 20, 15]",-
350,14.0,-16775376,-2.7590060639002707,nan,-,-,-,-,-,"[50, 20, 15]",-
351,14.04,-16775388,18.45088660346388,nan,-,-,-,-,-,"[50, 20, 15]",-
352,14.08,-16775452,36.36238252137421,nan,-,-,-,-,-,"[50, 20, 15]",-
353,14.12,-16775370,38.928274998492604,nan,-,-,-,-,-,"[50, 20, 15]",-
354,14.16,-16775392,32.24803025015587,nan,-,-,-,-,-,"[50, 20, 15]",-
355,14.2,-16775433,-4.411703177079309,nan,-,-,-,-,-,"[50, 20, 15]",-
356,14.24,-16775471,-35.76660387622414,nan,-,-,-,-,-,"[50, 20, 15]",-
357,14.28,-16775522,4.975113374649576,nan,-,-,-,-,-,"[50, 20, 15]",-
358,14.32,-16775573,62.193727915295995,nan,-,-,-,-,-,"[50, 20, 15]",-
359,14.36,-16775543,50.26132534140259,nan,-,-,-,-,-,"[50, 20, 15]",-
360,14.4,-16775550,6.108858396679325,nan,-,-,-,-,-,"[50, 20, 15]",-
361,14.44,-16775528,14.057027892566081,nan,-,-,-,-,-,"[50, 20, 15]",-
362,14.48,-16775402,-24.091727081204155,nan,-,-,-,-,-,"[50, 20, 15]",-
363,14.52,-16775424,-26.277144270955006,nan,-,-,-,-,-,"[50, 20, 15]",-
364,14.56,-16775530,-1.573491738029744,nan,-,-,-,-,-,"[50, 20, 15]",-
365,14.6,-16775443,-39.96415507852754,nan,-,-,-,-,-,"[50, 20, 15]",-
366,14.64,-16775478,50.095366877157765,nan,-,-,-,-,-,"[50, 20, 15]",-
367,14.68,-16775546,37.540819036372106,nan,-,-,-,-,-,"[50, 20, 15]",-
368,14.72,-16775512,14.888086887456183,nan,-,-,-,-,-,"[50, 20, 15]",-
369,14.76,-16775435,-10.11325533813288,nan,-,-,-,-,-,"[50, 20, 15]",-
370,14.8,-16775459,13.634786039222773,nan,-,-,-,-,-,"[50, 20, 15]",-
371,14.84,-16775394,5.382418743659283,nan,-,-,-,-,-,"[50, 20, 15]",-
372,14.88,-16775328,8.304328954406122,nan,-,-,-,-,-,"[50, 20, 15]",-
373,14.92,-16775381,12.989387766373207,nan,-,-,-,-,-,"[50, 20, 15]",-
374,14.96,-16775499,-14.179176606731005,nan,-,-,-,-,-,"[50, 20, 15]",-
375,15.0,-16775450,-15.888843797475632,nan,nan,-,-,-,Desconexión,"[50, 20, 15]",Desconexión del sensor
376,15.04,-16775595,31.823407749678484,nan,-,-,-,-,Desconexión,"[50, 20, 15]",Desconexión del sensor
377,15.08,-16775535,1.7914015476136498,nan,-,-,-,-,Desconexión,"[50, 20, 15]",Desconexión del sensor
378,15.12,-16775629,20.538829870783644,nan,-,-,-,-,Desconexión,"[50, 20, 15]",Desconexión del sensor
379,15.16,-16775523,35.27258367884556,nan,-,-,-,-,Desconexión,"[50, 20, 15]",Desconexión del sensor
380,15.2,-16775579,17.419581294910827,nan,-,-,-,-,Desconexión,"[50, 20, 15]",Desconexión del sensor
381,15.24,-16775590,3.9286275810716456,nan,-,-,-,-,Desconexión,"[50, 20, 15]",Desconexión del sensor
382,15.28,-16775436,-0.42522302820929614,nan,-,-,-,-,Desconexión,"[50, 20, 15]",Desconexión del sensor
383,15.32,-16775356,-17.84406707446947,nan,-,-,-,-,Desconexión,"[50, 20, 15]",Desconexión del sensor
384,15.36,-16775411,45.70849493964623,nan,-,-,-,-,Desconexión,"[50, 20, 15]",Desconexión del sensor
385,15.4,-16775387,9.422555196177589,nan,-,-,-,-,Desconexión,"[50, 20, 15]",Desconexión del sensor
386,15.44,-16775502,-15.534100691988971,nan,-,-,-,-,Desconexión,"[50, 20, 15]",Desconexión del sensor
387,15.48,-16775504,-31.081836428728003,nan,-,-,-,-,Desconexión,"[50, 20, 15]",Desconexión del sensor
388,15.52,-16775411,2.529114579404228,nan,-,-,-,-,Desconexión,"[50, 20, 15]",Desconexión del sensor
389,15.56,-16775588,13.208295385899408,nan,-,-,-,-,Desconexión,"[50, 20, 15]",Desconexión del sensor
390,15.6,-16775586,24.68972356635993,nan,-,-,-,-,Desconexión,"[50, 20, 15]",Desconexión del sensor
391,15.64,-16775557,6.429442422760982,nan,-,-,-,-,Desconexión,"[50, 20, 15]",Desconexión del sensor
392,15.68,-16775585,22.605001319008313,nan,-,-,-,-,Desconexión,"[50, 20, 15]",Desconexión del sensor
393,15.72,-16775475,28.289048098742352,nan,-,-,-,-,Desconexión,"[50, 20, 15]",Desconexión del sensor
394,15.76,-16775452,0.692217004482174,nan,-,-,-,-,Desconexión,"[50, 20, 15]",Desconexión del sensor
395,15.8,-16775433,-34.66092112731282,nan,-,-,-,-,Desconexión,"[50, 20, 15]",Desconexión del sensor
396,15.84,-16775420,-28.963134088497146,nan,-,-,-,-,Desconexión,"[50, 20, 15]",Desconexión del sensor
397,15.88,-16775541,-33.16943315144363,nan,-,-,-,-,Desconexión,"[50, 20, 15]",Desconexión del sensor
398,15.92,-16775500,-6.494187005437597,nan,-,-,-,-,Desconexión,"[50, 20, 15]",Desconexión del sensor
399,15.96,-16775513,-4.270067648692269,nan,-,-,-,-,Desconexión,"[50, 20, 15]",Desconexión del sensor
400,16.0,-16775506,-36.88360197113084,nan,-,-,-,-,Desconexión,"[50, 20, 15]",Desconexión del sensor
401,16.04,-16775550,20.654475220869156,nan,-,-,-,-,Desconexión,"[50, 20, 15]",Desconexión del sensor
402,16.08,-16775505,23.60922285888211,nan,-,-,-,-,Desconexión,"[50, 20, 15]",Desconexión del sensor
403,16.12,-16775625,31.786141898849642,nan,-,-,-,-,Desconexión,"[50, 20, 15]",Desconexión del sensor
404,16.16,-16775597,43.2365707272846,nan,-,-,-,-,Desconexión,"[50, 20, 15]",Desconexión del sensor
405,16.2,-16775421,-5.326216779152055,nan,-,-,-,-,Desconexión,"[50, 20, 15]",Desconexión del sensor
406,16.24,-16775324,-24.994530229805044,nan,-,-,-,-,Desconexión,"[50, 20, 15]",Desconexión del sensor
407,16.28,-16775421,-27.3868729815441,nan,-,-,-,-,Desconexión,"[50, 20, 15]",Desconexión del sensor
408,16.32,-16775425,-36.920479163920525,nan,-,-,-,-,Desconexión,"[50, 20, 15]",Desconexión del sensor
409,16.36,-16775516,7.218771424029634,nan,-,-,-,-,Desconexión,"[50, 20, 15]",Desconexión del sensor
410,16.4,-16775401,-13.627354551337246,nan,-,-,-,-,Desconexión,"[50, 20, 15]",Desconexión del sensor
411,16.44,-16775451,-3.5736360706800046,nan,-,-,-,-,Desconexión,"[50, 20, 15]",Desconexión del sensor
412,16.48,-16775448,-3.47345327706759,nan,-,-,-,-,Desconexión,"[50, 20, 15]",Desconexión del sensor
413,16.52,-16775636,20.753725790690943,nan,-,-,-,-,Desconexión,"[50, 20, 15]",Desconexión del sensor
414,16.56,-16775601,18.627628324563762,nan,-,-,-,-,Desconexión,"[50, 20, 15]",Desconexión del sensor
415,16.6,-16775636,65.00637846887736,nan,-,-,-,-,Desconexión,"[50, 20, 15]",Desconexión del sensor
416,16.64,-16775519,55.69789110278148,nan,-,-,-,-,Desconexión,"[50, 20, 15]",Desconexión del sensor
417,16.68,-16775452,-2.994015665751644,nan,-,-,-,-,Desconexión,"[50, 20, 15]",Desconexión del sensor
418,16.72,-16775463,-42.33122174021594,nan,-,-,-,-,Desconexión,"[50, 20, 15]",Desconexión del sensor
419,16.76,-16775399,-14.539138896710178,nan,-,-,-,-,Desconexión,"[50, 20, 15]",Desconexión del sensor
420,16.8,-16775424,-14.22465905816532,nan,-,-,-,-,Desconexión,"[50, 20, 15]",Desconexión del sensor
421,16.84,-16775584,7.791897760236324,nan,-,-,-,-,Desconexión,"[50, 20, 15]",Desconexión del sensor
422,16.88,-16775561,-32.481019162727215,nan,-,-,-,-,Desconexión,"[50, 20, 15]",Desconexión del sensor
423,16.92,-16775349,-43.7568917795181,nan,-,-,-,-,Desconexión,"[50, 20, 15]",Desconexión del sensor
424,16.96,-16775509,-33.737458483363575,nan,-,-,-,-,Desconexión,"[50, 20, 15]",Desconexión del sensor
425,17.0,-16775526,29.51583163022649,nan,-,-,-,-,Desconexión,"[50, 20, 15]",Desconexión del sensor
426,17.04,-16775588,35.5480143469804,nan,-,-,-,-,Desconexión,"[50, 20, 15]",Desconexión del sensor
427,17.08,-16775515,50.25905981848483,nan,-,-,-,-,Desconexión,"[50, 20, 15]",Desconexión del sensor
428,17.12,-16775473,17.515129310149295,nan,-,-,-,-,Desconexión,"[50, 20, 15]",Desconexión del sensor
429,17.16,-16775456,-5.686449438224789,nan,-,-,-,-,Desconexión,"[50, 20, 15]",Desconexión del sensor
430,17.2,-16775410,-10.112297812593516,nan,-,-,-,-,Desconexión,"[50, 20, 15]",Desconexión del sensor
431,17.24,-16775417,-34.32499558858798,nan,-,-,-,-,Desconexión,"[50, 20, 15]",Desconexión del sensor
432,17.28,-16775470,-28.227376453061787,nan,-,-,-,-,Desconexión,"[50, 20, 15]",Desconexión del sensor
433,17.32,-16775366,12.865343680684711,nan,-,-,-,-,Desconexión,"[50, 20, 15]",Desconexión del sensor
434,17.36,-16775433,20.36684057370749,nan,-,-,-,-,Desconexión,"[50, 20, 15]",Desconexión del sensor
435,17.4,-16775467,-42.454283840721835,nan,-,-,-,-,Desconexión,"[50, 20, 15]",Desconexión del sensor
436,17.44,-16775511,7.3821403924685765,nan,-,-,-,-,Desconexión,"[50, 20, 15]",Desconexión del sensor
437,17.48,-16775413,7.656336111787115,nan,-,-,-,-,Desconexión,"[50, 20, 15]",Desconexión del sensor
438,17.52,-16775460,38.97599410708108,nan,-,-,-,-,Desconexión,"[50, 20, 15]",Desconexión del sensor
439,17.56,-16775442,23.274521873029,nan,-,-,-,-,Desconexión,"[50, 20, 15]",Desconexión del sensor
440,17.6,-16775442,13.66837482127697,nan,-,-,-,-,Desconexión,"[50, 20, 15]",Desconexión del sensor
441,17.64,-16775420,6.92325523919513,nan,-,-,-,-,Desconexión,"[50, 20, 15]",Desconexión del sensor
442,17.68,-16775630,10.706048989063785,nan,-,-,-,-,Desconexión,"[50, 20, 15]",Desconexión del sensor
443,17.72,-16775610,73.71360329915323,nan,-,-,-,-,Desconexión,"[50, 20, 15]",Desconexión del sensor
444,17.76,-16775482,8.43223703003168,nan,-,-,-,-,Desconexión,"[50, 20, 15]",Desconexión del sensor
445,17.8,-16775581,-19.013771569412505,nan,-,-,-,-,Desconexión,"[50, 20, 15]",Desconexión del sensor
446,17.84,-16775581,-5.555578339305024,nan,-,-,-,-,Desconexión,"[50, 20, 15]",Desconexión del sensor
447,17.88,-16775583,1.2434940245636406,nan,-,-,-,-,Desconexión,"[50, 20, 15]",Desconexión del sensor
448,17.92,-16775504,6.24729165816222,nan,-,-,-,-,Desconexión,"[50, 20, 15]",Desconexión del sensor
449,17.96,-16775427,-34.140685511827414,nan,-,-,-,-,Desconexión,"[50, 20, 15]",Desconexión del sensor
450,18.0,-16775432,-14.75157303970068,nan,nan,-,-,-,Desconexión,"[50, 20, 15]",Desconexión del sensor
451,18.04,-16775579,-21.59755072372519,nan,-,-,-,-,Desconexión,"[50, 20, 15]",Desconexión del sensor
452,18.08,-16775593,-26.309413258601225,nan,-,-,-,-,Desconexión,"[50, 20, 15]",Desconexión del sensor
453,18.12,-16775596,-39.67245133924408,nan,-,-,-,-,Desconexión,"[50, 20, 15]",Desconexión del sensor
454,18.16,-16775587,23.73761085533654,nan,-,-,-,-,Desconexión,"[50, 20, 15]",Desconexión del sensor
455,18.2,-16775490,16.737949831491747,nan,-,-,-,-,Desconexión,"[50, 20, 15]",Desconexión del sensor
456,18.24,-16775466,-22.124209477596796,nan,-,-,-,-,Desconexión,"[50, 20, 15]",Desconexión del sensor
457,18.28,-16775442,7.0092038922396345,nan,-,-,-,-,Desconexión,"[50, 20, 15]",Desconexión del sensor
458,18.32,-16775450,13.174568359365782,nan,-,-,-,-,Desconexión,"[50, 20, 15]",Desconexión del sensor
459,18.36,-16775496,24.17910436076997,nan,-,-,-,-,Desconexión,"[50, 20, 15]",Desconexión del sensor
460,18.4,-16775509,3.402816328357519,nan,-,-,-,-,Desconexión,"[50, 20, 15]",Desconexión del sensor
461,18.44,-16775486,-26.506119848515326,nan,-,-,-,-,Desconexión,"[50, 20, 15]",Desconexión del sensor
462,18.48,-16775362,-43.311449500028246,nan,-,-,-,-,Desconexión,"[50, 20, 15]",Desconexión del sensor
463,18.52,-16775481,-46.50427842475361,nan,-,-,-,-,Desconexión,"[50, 20, 15]",Desconexión del sensor
464,18.56,-16775523,28.385088030439178,nan,-,-,-,-,Desconexión,"[50, 20, 15]",Desconexión del sensor
465,18.6,-16775533,39.086205224029875,nan,-,-,-,-,Desconexión,"[50, 20, 15]",Desconexión del sensor
466,18.64,-16775548,45.77917207486856,nan,-,-,-,-,Desconexión,"[50, 20, 15]",Desconexión del sensor
467,18.68,-16775558,15.442883975175754,nan,-,-,-,-,Desconexión,"[50, 20, 15]",Desconexión del sensor
468,18.72,-16775498,7.6899164989171105,nan,-,-,-,-,Desconexión,"[50, 20, 15]",Desconexión del sensor
469,18.76,-16775447,-10.948272778960863,nan,-,-,-,-,Desconexión,"[50, 20, 15]",Desconexión del sensor
470,18.8,-16775471,-10.882999605832012,nan,-,-,-,-,Desconexión,"[50, 20, 15]",Desconexión del sensor
471,18.84,-16775507,4.083248088581048,nan,-,-,-,-,Desconexión,"[50, 20, 15]",Desconexión del sensor
472,18.88,-16775442,7.480761015775905,nan,-,-,-,-,Desconexión,"[50, 20, 15]",Desconexión del sensor
473,18.92,-16775485,5.118044301661566,nan,-,-,-,-,Desconexión,"[50, 20, 15]",Desconexión del sensor
474,18.96,-16775532,-40.47567341022504,nan,-,-,-,-,Desconexión,"[50, 20, 15]",Desconexión del sensor
475,19.0,-16775500,-13.822617820640959,nan,-,-,-,-,Desconexión,"[50, 20, 15]",Desconexión del sensor
476,19.04,-16775609,9.479348282579048,nan,-,-,-,-,Desconexión,"[50, 20, 15]",Desconexión del sensor
477,19.08,-16775616,14.996823246605532,nan,-,-,-,-,Desconexión,"[50, 20, 15]",Desconexión del sensor
478,19.12,-16775540,15.17224562501128,nan,-,-,-,-,Desconexión,"[50, 20, 15]",Desconexión del sensor
479,19.16,-16775545,-15.687370300687984,nan,-,-,-,-,Desconexión,"[50, 20, 15]",Desconexión del sensor
480,19.2,-16775490,5.0672044349485015,nan,-,-,-,-,Desconexión,"[50, 20, 15]",Desconexión del sensor
481,19.24,-16775465,-21.472782211525143,nan,-,-,-,-,Desconexión,"[50, 20, 15]",Desconexión del sensor
482,19.28,-16775467,-18.80194130879868,nan,-,-,-,-,Desconexión,"[50, 20, 15]",Desconexión del sensor
483,19.32,-16775422,-14.146588818524565,nan,-,-,-,-,Desconexión,"[50, 20, 15]",Desconexión del sensor
484,19.36,-16775504,-29.001437660961685,nan,-,-,-,-,Desconexión,"[50, 20, 15]",Desconexión del sensor
485,19.4,-16775367,-32.11425127243131,nan,-,-,-,-,Desconexión,"[50, 20, 15]",Desconexión del sensor
486,19.44,-16775317,-58.52498734055759,nan,-,-,-,-,Desconexión,"[50, 20, 15]",Desconexión del sensor
487,19.48,-16775504,-2.9428814657726967,nan,-,-,-,-,Desconexión,"[50, 20, 15]",Desconexión del sensor
488,19.52,-16775447,-63.77126956333781,nan,-,-,-,-,Desconexión,"[50, 20, 15]",Desconexión del sensor
489,19.56,-16775475,-62.935266408438814,nan,-,-,-,-,Desconexión,"[50, 20, 15]",Desconexión del sensor
490,19.6,-16775485,18.35592592306064,nan,-,-,-,-,Desconexión,"[50, 20, 15]",Desconexión del sensor
491,19.64,-16775430,20.86951642738454,nan,-,-,-,-,Desconexión,"[50, 20, 15]",Desconexión del sensor
492,19.68,-16775517,17.443169625468556,nan,-,-,-,-,Desconexión,"[50, 20, 15]",Desconexión del sensor
493,19.72,-16775419,8.68595610043049,nan,-,-,-,-,Desconexión,"[50, 20, 15]",Desconexión del sensor
494,19.76,-16775450,10.89898494672385,nan,-,-,-,-,Desconexión,"[50, 20, 15]",Desconexión del sensor
495,19.8,-16775605,10.81669505261641,nan,-,-,-,-,Desconexión,"[50, 20, 15]",Desconexión del sensor
496,19.84,-16775521,22.742815101691964,nan,-,-,-,-,Desconexión,"[50, 20, 15]",Desconexión del sensor
497,19.88,-16775573,-9.602885426261949,nan,-,-,-,-,Desconexión,"[50, 20, 15]",Desconexión del sensor
498,19.92,-16775583,-25.4378003350131,nan,-,-,-,-,Desconexión,"[50, 20, 15]",Desconexión del sensor
499,19.96,-16775456,0.8193098685173135,nan,-,-,-,-,Desconexión,"[50, 20, 15]",Desconexión del sensor
500,20.0,-16775463,-10.02398678932906,nan,-,-,-,-,Desconexión,"[50, 20, 15]",Desconexión del sensor
501,20.04,-16775469,-8.334993968990942,nan,-,-,-,-,Desconexión,"[50, 20, 15]",Desconexión del sensor
502,20.08,-16775475,-7.753966753795157,nan,-,-,-,-,Desconexión,"[50, 20, 15]",Desconexión del sensor
503,20.12,-16775509,-19.47037089595395,nan,-,-,-,-,Desconexión,"[50, 20, 15]",Desconexión del sensor
504,20.16,-16775378,-10.255723188174686,nan,-,-,-,-,Desconexión,"[50, 20, 15]",Desconexión del sensor
505,20.2,-16775424,-38.91736309199182,nan,-,-,-,-,Desconexión,"[50, 20, 15]",Desconexión del sensor
506,20.24,-16775503,-26.546022884837203,nan,-,-,-,-,Desconexión,"[50, 20, 15]",Desconexión del sensor
507,20.28,-16775593,-16.027746250222634,nan,-,-,-,-,Desconexión,"[50, 20, 15]",Desconexión del sensor
508,20.32,-16775631,32.30612695155362,nan,-,-,-,-,Desconexión,"[50, 20, 15]",Desconexión del sensor
509,20.36,-16775341,5.652623989496022,nan,-,-,-,-,Desconexión,"[50, 20, 15]",Desconexión del sensor
510,20.4,-16775316,20.071338356815858,nan,-,-,-,-,Desconexión,"[50, 20, 15]",Desconexión del sensor
511,20.44,-16775281,-17.635291270815422,nan,-,-,-,-,Desconexión,"[50, 20, 15]",Desconexión del sensor
512,20.48,-16775397,-1.7659798614278455,nan,-,-,-,-,Desconexión,"[50, 20, 15]",Desconexión del sensor
513,20.52,-16775455,1.6784927577639772,nan,-,-,-,-,Desconexión,"[50, 20, 15]",Desconexión del sensor
514,20.56,-16775490,5.653948488034912,nan,-,-,-,-,Desconexión,"[50, 20, 15]",Desconexión del sensor
515,20.6,-16775483,14.177576096507925,nan,-,-,-,-,Desconexión,"[50, 20, 15]",Desconexión del sensor
516,20.64,-16775622,-2.5375778091400245,nan,-,-,-,-,Desconexión,"[50, 20, 15]",Desconexión del sensor
517,20.68,-16775630,0.7426018139250985,nan,-,-,-,-,Desconexión,"[50, 20, 15]",Desconexión del sensor
518,20.72,-16775618,10.374779792070228,nan,-,-,-,-,Desconexión,"[50, 20, 15]",Desconexión del sensor
519,20.76,-16775593,33.33708484265413,nan,-,-,-,-,Desconexión,"[50, 20, 15]",Desconexión del sensor
520,20.8,-16775581,49.750405398276946,nan,-,-,-,-,Desconexión,"[50, 20, 15]",Desconexión del sensor
521,20.84,-16775599,-4.33089468816581,nan,-,-,-,-,Desconexión,"[50, 20, 15]",Desconexión del sensor
522,20.88,-16775534,-23.984516260038816,nan,-,-,-,-,Desconexión,"[50, 20, 15]",Desconexión del sensor
523,20.92,-16775543,-46.09020777851174,nan,-,-,-,-,Desconexión,"[50, 20, 15]",Desconexión del sensor
524,20.96,-16775397,-40.40956541584491,nan,-,-,-,-,Desconexión,"[50, 20, 15]",Desconexión del sensor
525,21.0,-16775397,-32.829033343393924,nan,nan,-,-,-,Desconexión,"[50, 20, 15]",Desconexión del sensor
526,21.04,-16775557,-24.12263278584434,nan,-,-,-,-,Desconexión,"[50, 20, 15]",Desconexión del sensor
527,21.08,-16775487,-31.07865396688927,nan,-,-,-,-,Desconexión,"[50, 20, 15]",Desconexión del sensor
528,21.12,-16775574,10.633402556586052,nan,-,-,-,-,Desconexión,"[50, 20, 15]",Desconexión del sensor
529,21.16,-16775571,5.332418596217314,nan,-,-,-,-,Desconexión,"[50, 20, 15]",Desconexión del sensor
530,21.2,-16775624,11.247848146244706,nan,-,-,-,-,Desconexión,"[50, 20, 15]",Desconexión del sensor
531,21.24,-16775580,10.101200942548008,nan,-,-,-,-,Desconexión,"[50, 20, 15]",Desconexión del sensor
532,21.28,-16775635,14.126898211194916,nan,-,-,-,-,Desconexión,"[50, 20, 15]",Desconexión del sensor
533,21.32,-8647,-4232859.434914988,nan,-,-,-,-,Desconexión,"[50, 20, 15]",Desconexión del sensor
534,21.36,-16776893,32265.098583462706,nan,-,-,-,-,Desconexión,"[50, 20, 15]",Desconexión del sensor
535,21.4,-16776527,108540.43385603033,nan,-,-,-,-,Desconexión,"[50, 20, 15]",Desconexión del sensor
536,21.44,-60988,-4068202.856999365,nan,-,-,-,-,Desconexión,"[50, 20, 15]",Desconexión del sensor
537,21.48,-16477549,161678.2505761715,nan,-,-,-,-,Desconexión,"[50, 20, 15]",Desconexión del sensor
538,21.52,-16691487,279352.0525664873,nan,-,-,-,-,Desconexión,"[50, 20, 15]",Desconexión del sensor
539,21.56,-16689896,311587.7717403734,nan,-,-,-,-,Desconexión,"[50, 20, 15]",Desconexión del sensor
540,21.6,-1980,-3906966.6128200246,nan,-,-,-,-,Desconexión,"[50, 20, 15]",Desconexión del sensor
541,21.64,-891,-3898726.3800457143,nan,-,-,-,-,Desconexión,"[50, 20, 15]",Desconexión del sensor
542,21.68,-710,-3878188.223580505,nan,-,-,-,-,Desconexión,"[50, 20, 15]",Desconexión del sensor
543,21.72,-16615951,351910.2669878953,nan,-,-,-,-,Desconexión,"[50, 20, 15]",Desconexión del sensor
544,21.76,-16625129,360322.5282183417,nan,-,-,-,-,Desconexión,"[50, 20, 15]",Desconexión del sensor
545,21.8,-16637759,8495165.78438542,nan,-,-,-,-,Desconexión,"[50, 20, 15]",Desconexión del sensor
546,21.84,-16685832,139785.38943737623,nan,-,-,-,-,Desconexión,"[50, 20, 15]",Desconexión del sensor
547,21.88,-16665001,81415.61749691862,nan,-,-,-,-,Desconexión,"[50, 20, 15]",Desconexión del sensor
548,21.92,-2096921,-1076122.8650758779,nan,-,-,-,-,Desconexión,"[50, 20, 15]",Desconexión del sensor
549,21.96,-2096921,629105.8175571798,nan,-,-,-,-,Desconexión,"[50, 20, 15]",Desconexión del sensor
550,22.0,-2096921,1080732.2818252402,nan,-,-,-,-,Desconexión,"[50, 20, 15]",Desconexión del sensor
551,22.04,-2096921,161668.47357698384,nan,-,-,-,-,Desconexión,"[50, 20, 15]",Desconexión del sensor
552,22.08,-2096921,-1155708.0763010052,nan,-,-,-,-,Desconexión,"[50, 20, 15]",Desconexión del sensor
553,22.12,-2096921,-957373.0080718786,nan,-,-,-,-,Desconexión,"[50, 20, 15]",Desconexión del sensor
554,22.16,-2096921,-656626.6403604272,nan,-,-,-,-,Desconexión,"[50, 20, 15]",Desconexión del sensor
555,22.2,-2096921,913425.7141534972,nan,-,-,-,-,Desconexión,"[50, 20, 15]",Desconexión del sensor
556,22.24,-2096921,1017439.230317989,nan,-,-,-,-,Desconexión,"[50, 20, 15]",Desconexión del sensor
557,22.28,-2096921,1040310.5154175212,nan,-,-,-,-,Desconexión,"[50, 20, 15]",Desconexión del sensor
558,22.32,-2096921,979500.3907667494,nan,-,-,-,-,Desconexión,"[50, 20, 15]",Desconexión del sensor
559,22.36,-2096921,822480.3638133346,nan,-,-,-,-,Desconexión,"[50, 20, 15]",Desconexión del sensor
560,22.4,-2096921,-460684.7308474697,nan,-,-,-,-,Desconexión,"[50, 20, 15]",Desconexión del sensor
561,22.44,-2096921,-484280.0420090434,nan,-,-,-,-,Desconexión,"[50, 20, 15]",Desconexión del sensor
562,22.48,-16775603,6778582.025199038,nan,-,-,-,-,Desconexión,"[50, 20, 15]",Desconexión del sensor
563,22.52,-267565,-482928.1430420254,nan,-,-,-,-,Desconexión,"[50, 20, 15]",Desconexión del sensor
564,22.56,-2096921,-442706.7503761572,nan,-,-,-,-,Desconexión,"[50, 20, 15]",Desconexión del sensor
565,22.6,-2096921,-396215.99456249666,nan,-,-,-,-,Desconexión,"[50, 20, 15]",Desconexión del sensor
566,22.64,-2096921,-338865.816599983,nan,-,-,-,-,Desconexión,"[50, 20, 15]",Desconexión del sensor
567,22.68,-2096921,-275718.69346427603,nan,-,-,-,-,Desconexión,"[50, 20, 15]",Desconexión del sensor
568,22.72,-2096921,-209036.67347980055,nan,-,-,-,-,Desconexión,"[50, 20, 15]",Desconexión del sensor
569,22.76,-2096921,-137883.11113766863,nan,-,-,-,-,Desconexión,"[50, 20, 15]",Desconexión del sensor
570,22.8,-2096921,-60132.50364142188,nan,-,-,-,-,Desconexión,"[50, 20, 15]",Desconexión del sensor
571,22.84,-2096921,23158.754530111433,nan,-,-,-,-,Desconexión,"[50, 20, 15]",Desconexión del sensor
572,22.88,-2096921,105550.78114693341,nan,-,-,-,-,Desconexión,"[50, 20, 15]",Desconexión del sensor
573,22.92,-2096921,184566.63507724204,nan,-,-,-,-,Desconexión,"[50, 20, 15]",Desconexión del sensor
574,22.96,-2096921,1305494.7804046893,nan,-,-,-,-,Desconexión,"[50, 20, 15]",Desconexión del sensor
575,23.0,-2096921,-109204.87478300324,nan,-,-,-,-,Desconexión,"[50, 20, 15]",Desconexión del sensor
576,23.04,-2096921,13970.243431210482,nan,-,-,-,-,Desconexión,"[50, 20, 15]",Desconexión del sensor
577,23.08,-2096921,-10226.441335893855,nan,-,-,-,-,Desconexión,"[50, 20, 15]",Desconexión del sensor
578,23.12,-16631725,36871.97511019354,nan,-,-,-,-,Desconexión,"[50, 20, 15]",Desconexión del sensor
579,23.16,-16653928,-21310.024943826313,nan,-,-,-,-,Desconexión,"[50, 20, 15]",Desconexión del sensor
580,23.2,-16705234,-146386.81433286093,nan,-,-,-,-,Desconexión,"[50, 20, 15]",Desconexión del sensor
581,23.24,-16760446,-332865.05792507785,nan,-,-,-,-,Desconexión,"[50, 20, 15]",Desconexión del sensor
582,23.28,-16775364,-574230.0004461413,nan,-,-,-,-,Desconexión,"[50, 20, 15]",Desconexión del sensor
583,23.32,-16775497,-315914.3218400882,nan,-,-,-,-,Desconexión,"[50, 20, 15]",Desconexión del sensor
584,23.36,-16775535,-412286.2787347785,nan,-,-,-,-,Desconexión,"[50, 20, 15]",Desconexión del sensor
585,23.4,-16775465,-495134.89267027506,nan,-,-,-,-,Desconexión,"[50, 20, 15]",Desconexión del sensor
586,23.44,-16775506,-1990381.8121442224,nan,-,-,-,-,Desconexión,"[50, 20, 15]",Desconexión del sensor
587,23.48,-16775486,-553541.6081280954,nan,-,-,-,-,Desconexión,"[50, 20, 15]",Desconexión del sensor
588,23.52,-16775562,-3085018.748634947,nan,-,-,-,-,Desconexión,"[50, 20, 15]",Desconexión del sensor
589,23.56,-16775533,-3781501.117226884,nan,-,-,-,-,Desconexión,"[50, 20, 15]",Desconexión del sensor
590,23.6,-16775451,-1240569.7474917956,nan,-,-,-,-,Desconexión,"[50, 20, 15]",Desconexión del sensor
591,23.64,-16775656,-992890.2338650802,nan,-,-,-,-,Desconexión,"[50, 20, 15]",Desconexión del sensor
592,23.68,-16775670,-744739.7477604215,nan,-,-,-,-,Desconexión,"[50, 20, 15]",Desconexión del sensor
593,23.72,-16775523,-495898.05950652546,nan,-,-,-,-,Desconexión,"[50, 20, 15]",Desconexión del sensor
594,23.76,-16775441,-259926.8486428123,nan,-,-,-,-,Desconexión,"[50, 20, 15]",Desconexión del sensor
595,23.8,-16775383,36096.554248591485,nan,-,-,-,-,Desconexión,"[50, 20, 15]",Desconexión del sensor
596,23.84,-16775350,169143.22706462274,nan,-,-,-,-,Desconexión,"[50, 20, 15]",Desconexión del sensor
597,23.88,-16775309,344655.81177721696,nan,-,-,-,-,Desconexión,"[50, 20, 15]",Desconexión del sensor
598,23.92,-16775460,571834.5514013781,nan,-,-,-,-,Desconexión,"[50, 20, 15]",Desconexión del sensor
599,23.96,-16775386,634510.0231640319,nan,-,-,-,-,Desconexión,"[50, 20, 15]",Desconexión del sensor
600,24.0,-16775495,739792.0515663647,nan,nan,-,-,-,-,"[50, 20, 15]",-
601,24.04,-16775458,826949.3256636623,nan,-,-,-,-,-,"[50, 20, 15]",-
602,24.08,-16775401,973636.1632573154,nan,-,-,-,-,-,"[50, 20, 15]",-
603,24.12,-16775410,1039663.1575676594,nan,-,-,-,-,-,"[50, 20, 15]",-
604,24.16,-16775450,1092217.7867109473,nan,-,-,-,-,-,"[50, 20, 15]",-
605,24.2,-16775631,1056253.1521860203,nan,-,-,-,-,-,"[50, 20, 15]",-
606,24.24,-16775647,1073908.4662361694,nan,-,-,-,-,-,"[50, 20, 15]",-
607,24.28,-16775481,-1030613.4286563819,nan,-,-,-,-,-,"[50, 20, 15]",-
608,24.32,-16775535,1077324.73138093,nan,-,-,-,-,-,"[50, 20, 15]",-
609,24.36,-16775380,1065108.1691696905,nan,-,-,-,-,-,"[50, 20, 15]",-
610,24.4,-16775299,-1455483.601013936,nan,-,-,-,-,-,"[50, 20, 15]",-
611,24.44,-16775231,-36516.038373704985,nan,-,-,-,-,-,"[50, 20, 15]",-
612,24.48,-16775411,-19038.848248598308,nan,-,-,-,-,-,"[50, 20, 15]",-
613,24.52,-16775392,-4405.046095079295,nan,-,-,-,-,-,"[50, 20, 15]",-
614,24.56,-16775460,-1175021.011247802,nan,-,-,-,-,-,"[50, 20, 15]",-
615,24.6,-16775488,-1109452.1202164083,nan,-,-,-,-,-,"[50, 20, 15]",-
616,24.64,-16775443,-1046511.6911754108,nan,-,-,-,-,-,"[50, 20, 15]",-
617,24.68,-16775437,882995.6265640468,nan,-,-,-,-,-,"[50, 20, 15]",-
618,24.72,-16775452,840323.2810966027,nan,-,-,-,-,-,"[50, 20, 15]",-
619,24.76,-16775479,796032.0751079569,nan,-,-,-,-,-,"[50, 20, 15]",-
620,24.8,-16775433,751444.5474542922,nan,-,-,-,-,-,"[50, 20, 15]",-
621,24.84,-16775722,704403.9247322427,nan,-,-,-,-,-,"[50, 20, 15]",-
622,24.88,-16775697,-794406.919300231,nan,-,-,-,-,-,"[50, 20, 15]",-
623,24.92,-16775703,-732024.5695965582,nan,-,-,-,-,-,"[50, 20, 15]",-
624,24.96,-16775626,-52863.982831238376,nan,-,-,-,-,-,"[50, 20, 15]",-
625,25.0,-16775139,-701074.0220021226,nan,-,-,-,-,-,"[50, 20, 15]",-
626,25.04,-16775351,-565618.337666233,nan,-,-,-,-,-,"[50, 20, 15]",-
627,25.08,-16775456,-510201.36333382037,nan,-,-,-,-,-,"[50, 20, 15]",-
628,25.12,-16775433,-456374.71836743876,nan,-,-,-,-,-,"[50, 20, 15]",-
629,25.16,-16775362,-404174.4012172028,nan,-,-,-,-,-,"[50, 20, 15]",-
630,25.2,-16775468,-353526.9137196034,nan,-,-,-,-,-,"[50, 20, 15]",-
631,25.24,-16775446,-304490.90242293023,nan,-,-,-,-,-,"[50, 20, 15]",-
632,25.28,-16775706,-256902.24598750056,nan,-,-,-,-,-,"[50, 20, 15]",-
633,25.32,-16775733,-211068.35265021512,nan,-,-,-,-,-,"[50, 20, 15]",-
634,25.36,-16775714,-166598.36433821326,nan,-,-,-,-,-,"[50, 20, 15]",-
635,25.4,-16775531,-123667.21844355608,nan,-,-,-,-,-,"[50, 20, 15]",-
636,25.44,-16775161,-927303.4802697245,nan,-,-,-,-,-,"[50, 20, 15]",-
637,25.48,-16775177,65700.30536867082,nan,-,-,-,-,-,"[50, 20, 15]",-
638,25.52,-16775362,967.4044188917367,nan,-,-,-,-,-,"[50, 20, 15]",-
639,25.56,-16775364,40182.439835811834,nan,-,-,-,-,-,"[50, 20, 15]",-
640,25.6,-16775396,690462.4805671144,nan,-,-,-,-,-,"[50, 20, 15]",-
641,25.64,-16775401,716176.9524456627,nan,-,-,-,-,-,"[50, 20, 15]",-
642,25.68,-16775392,740788.5873942584,nan,-,-,-,-,-,"[50, 20, 15]",-
643,25.72,-16775420,763371.5140791027,nan,-,-,-,-,-,"[50, 20, 15]",-
644,25.76,-16775801,781933.6704800768,nan,-,-,-,-,-,"[50, 20, 15]",-
645,25.8,-16775695,797616.9323060663,nan,-,-,-,-,-,"[50, 20, 15]",-
646,25.84,-16775773,811126.4183029566,nan,-,-,-,-,-,"[50, 20, 15]",-
647,25.88,-16775822,822464.5673820733,nan,-,-,-,-,-,"[50, 20, 15]",-
648,25.92,-16775709,831617.1413023408,nan,-,-,-,-,-,"[50, 20, 15]",-
649,25.96,-16775510,838316.7533629196,nan,-,-,-,-,-,"[50, 20, 15]",-
650,26.0,-16775295,842698.5799379775,nan,-,-,-,-,-,"[50, 20, 15]",-
651,26.04,-16775472,845030.7139564606,nan,-,-,-,-,-,"[50, 20, 15]",-
652,26.08,-16775493,8248.894892477367,nan,-,-,-,-,-,"[50, 20, 15]",-
653,26.12,-16775535,7022.241011389297,nan,-,-,-,-,-,"[50, 20, 15]",-
654,26.16,-16775493,4080.7412141162426,nan,-,-,-,-,-,"[50, 20, 15]",-
655,26.2,-16775497,891.2688465770391,nan,-,-,-,-,-,"[50, 20, 15]",-
656,26.24,-16775543,6.152334396043393,nan,-,-,-,-,-,"[50, 20, 15]",-
657,26.28,-16775613,4.246501281524754,nan,-,-,-,-,-,"[50, 20, 15]",-
658,26.32,-16775473,53.15550478250267,nan,-,-,-,-,-,"[50, 20, 15]",-
659,26.36,-16775417,86.37467723907102,nan,-,-,-,-,-,"[50, 20, 15]",-
660,26.4,-16775395,71.03460785694047,nan,-,-,-,-,-,"[50, 20, 15]",-
661,26.44,-16775441,22.790744968728546,nan,-,-,-,-,-,"[50, 20, 15]",-
662,26.48,-16775436,-52.62316545531142,nan,-,-,-,-,-,"[50, 20, 15]",-
663,26.52,-16775444,-8.235407013002341,nan,-,-,-,-,-,"[50, 20, 15]",-
664,26.56,-16775482,0.6705525809381374,nan,-,-,-,-,-,"[50, 20, 15]",-
665,26.6,-16775468,21.39484364302936,nan,-,-,-,-,-,"[50, 20, 15]",-
666,26.64,-16775400,-33.385869394825214,nan,-,-,-,-,-,"[50, 20, 15]",-
667,26.68,-16775600,18.025264907048857,nan,-,-,-,-,-,"[50, 20, 15]",-
668,26.72,-16775551,30.788063386204847,nan,-,-,-,-,-,"[50, 20, 15]",-
669,26.76,-16775529,57.84231531006685,nan,-,-,-,-,-,"[50, 20, 15]",-
670,26.8,-16775592,25.60932427921877,nan,-,-,-,-,-,"[50, 20, 15]",-
671,26.84,-16775463,-8.01681911709284,nan,-,-,-,-,-,"[50, 20, 15]",-
672,26.88,-16775486,-21.09394219820784,nan,-,-,-,-,-,"[50, 20, 15]",-
673,26.92,-16775412,-20.5473469130622,nan,-,-,-,-,-,"[50, 20, 15]",-
674,26.96,-16775433,-24.86687018023365,nan,-,-,-,-,-,"[50, 20, 15]",-
675,27.0,-16775419,-27.81504693527569,nan,nan,-,-,-,Desconexión,"[50, 20, 15]",Desconexión del sensor
676,27.04,-16775543,-6.496700329739353,nan,-,-,-,-,Desconexión,"[50, 20, 15]",Desconexión del sensor
677,27.08,-16775511,-14.925712325907964,nan,-,-,-,-,Desconexión,"[50, 20, 15]",Desconexión del sensor
678,27.12,-275043,-4165510.944305015,nan,-,-,-,-,Desconexión,"[50, 20, 15]",Desconexión del sensor
679,27.16,-2096921,-3650236.5745687303,nan,-,-,-,-,Desconexión,"[50, 20, 15]",Desconexión del sensor
680,27.2,-2096921,-3549743.4057292677,nan,-,-,-,-,Desconexión,"[50, 20, 15]",Desconexión del sensor
681,27.24,-2096921,-3412541.8749929084,nan,-,-,-,-,Desconexión,"[50, 20, 15]",Desconexión del sensor
682,27.28,-2096921,-3251190.072180627,nan,-,-,-,-,Desconexión,"[50, 20, 15]",Desconexión del sensor
683,27.32,-2096921,-3082143.7233115383,nan,-,-,-,-,Desconexión,"[50, 20, 15]",Desconexión del sensor
684,27.36,-2096921,-2925706.0893994044,nan,-,-,-,-,Desconexión,"[50, 20, 15]",Desconexión del sensor
685,27.4,-2096921,-2803593.5353987706,nan,-,-,-,-,Desconexión,"[50, 20, 15]",Desconexión del sensor
686,27.44,-2096921,-2736425.1132395724,nan,-,-,-,-,Desconexión,"[50, 20, 15]",Desconexión del sensor
687,27.48,-2096921,-2738375.174783105,nan,-,-,-,-,Desconexión,"[50, 20, 15]",Desconexión del sensor
688,27.52,-2096921,-2810558.1080018734,nan,-,-,-,-,Desconexión,"[50, 20, 15]",Desconexión del sensor
689,27.56,-2096921,-2931685.7033359427,nan,-,-,-,-,Desconexión,"[50, 20, 15]",Desconexión del sensor
690,27.6,-2096921,4949570.498573903,nan,-,-,-,-,Desconexión,"[50, 20, 15]",Desconexión del sensor
691,27.64,-2096921,3764491.050099814,nan,-,-,-,-,Desconexión,"[50, 20, 15]",Desconexión del sensor
692,27.68,-2096921,3524952.1407884047,nan,-,-,-,-,Desconexión,"[50, 20, 15]",Desconexión del sensor
693,27.72,-2096921,3327378.7856166,nan,-,-,-,-,Desconexión,"[50, 20, 15]",Desconexión del sensor
694,27.76,-2096921,3169019.533788727,nan,-,-,-,-,Desconexión,"[50, 20, 15]",Desconexión del sensor
695,27.8,-2096921,3043391.69682284,nan,-,-,-,-,Desconexión,"[50, 20, 15]",Desconexión del sensor
696,27.84,-2096921,2942376.7079957915,nan,-,-,-,-,Desconexión,"[50, 20, 15]",Desconexión del sensor
697,27.88,-2096921,2857587.18184659,nan,-,-,-,-,Desconexión,"[50, 20, 15]",Desconexión del sensor
698,27.92,-2096921,2781536.6878351225,nan,-,-,-,-,Desconexión,"[50, 20, 15]",Desconexión del sensor
699,27.96,-2096921,2708274.7732860595,nan,-,-,-,-,Desconexión,"[50, 20, 15]",Desconexión del sensor
700,28.0,-2096921,2633484.6498995647,nan,-,-,-,-,Desconexión,"[50, 20, 15]",Desconexión del sensor
701,28.04,-2096921,2554667.809409282,nan,-,-,-,-,Desconexión,"[50, 20, 15]",Desconexión del sensor
702,28.08,-2096921,2470787.8736432483,nan,-,-,-,-,Desconexión,"[50, 20, 15]",Desconexión del sensor
703,28.12,-2096921,2381938.6421155357,nan,-,-,-,-,Desconexión,"[50, 20, 15]",Desconexión del sensor
704,28.16,-2096921,2288987.8489444028,nan,-,-,-,-,Desconexión,"[50, 20, 15]",Desconexión del sensor
705,28.2,-2096921,2193267.902081764,nan,-,-,-,-,Desconexión,"[50, 20, 15]",Desconexión del sensor
706,28.24,-2096921,2096223.041466454,nan,-,-,-,-,Desconexión,"[50, 20, 15]",Desconexión del sensor
707,28.28,-2096921,1999226.3387248707,nan,-,-,-,-,Desconexión,"[50, 20, 15]",Desconexión del sensor
708,28.32,-2096921,1903458.169622146,nan,-,-,-,-,Desconexión,"[50, 20, 15]",Desconexión del sensor
709,28.36,-2096921,1809790.469794546,nan,-,-,-,-,Desconexión,"[50, 20, 15]",Desconexión del sensor
710,28.4,-2096921,1718789.6611482569,nan,-,-,-,-,Desconexión,"[50, 20, 15]",Desconexión del sensor
711,28.44,-2096921,-824249.0015093155,nan,-,-,-,-,Desconexión,"[50, 20, 15]",Desconexión del sensor
712,28.48,-2096921,-787916.730418016,nan,-,-,-,-,Desconexión,"[50, 20, 15]",Desconexión del sensor
713,28.52,-2096921,-747548.3920976436,nan,-,-,-,-,Desconexión,"[50, 20, 15]",Desconexión del sensor
714,28.56,-2096921,-703903.1345359883,nan,-,-,-,-,Desconexión,"[50, 20, 15]",Desconexión del sensor
715,28.6,-2096921,-657686.4155972227,nan,-,-,-,-,Desconexión,"[50, 20, 15]",Desconexión del sensor
716,28.64,-2096921,-609542.6673837266,nan,-,-,-,-,Desconexión,"[50, 20, 15]",Desconexión del sensor
717,28.68,-2096921,-560064.231731903,nan,-,-,-,-,Desconexión,"[50, 20, 15]",Desconexión del sensor
718,28.72,-2096921,-509789.19203036634,nan,-,-,-,-,Desconexión,"[50, 20, 15]",Desconexión del sensor
719,28.76,-2096921,1019254.1014235589,nan,-,-,-,-,Desconexión,"[50, 20, 15]",Desconexión del sensor
720,28.8,-2096921,951418.3128414021,nan,-,-,-,-,Desconexión,"[50, 20, 15]",Desconexión del sensor
721,28.84,-2096921,885088.2982249808,nan,-,-,-,-,Desconexión,"[50, 20, 15]",Desconexión del sensor
722,28.88,-2096921,820256.4505664397,nan,-,-,-,-,Desconexión,"[50, 20, 15]",Desconexión del sensor
723,28.92,-2096921,756929.3067443572,nan,-,-,-,-,Desconexión,"[50, 20, 15]",Desconexión del sensor
724,28.96,-2096921,695119.7861613377,nan,-,-,-,-,Desconexión,"[50, 20, 15]",Desconexión del sensor
725,29.0,-2096921,634833.1949757726,nan,-,-,-,-,Desconexión,"[50, 20, 15]",Desconexión del sensor
726,29.04,-2096921,576125.6024630199,nan,-,-,-,-,Desconexión,"[50, 20, 15]",Desconexión del sensor
727,29.08,-2096921,519000.6839052171,nan,-,-,-,-,Desconexión,"[50, 20, 15]",Desconexión del sensor
728,29.12,-2096921,463473.2299518049,nan,-,-,-,-,Desconexión,"[50, 20, 15]",Desconexión del sensor
729,29.16,-2096921,409549.1141896923,nan,-,-,-,-,Desconexión,"[50, 20, 15]",Desconexión del sensor
730,29.2,-2096921,357198.01638413384,nan,-,-,-,-,Desconexión,"[50, 20, 15]",Desconexión del sensor
731,29.24,-2096921,306417.38761545066,nan,-,-,-,-,Desconexión,"[50, 20, 15]",Desconexión del sensor
732,29.28,-2096921,257202.66146741228,nan,-,-,-,-,Desconexión,"[50, 20, 15]",Desconexión del sensor
733,29.32,-2096921,209501.4259339097,nan,-,-,-,-,Desconexión,"[50, 20, 15]",Desconexión del sensor
734,29.36,-2096921,163305.82904107773,nan,-,-,-,-,Desconexión,"[50, 20, 15]",Desconexión del sensor
735,29.4,-2096921,118577.57895757683,nan,-,-,-,-,Desconexión,"[50, 20, 15]",Desconexión del sensor
736,29.44,-2096921,75306.52469700437,nan,-,-,-,-,Desconexión,"[50, 20, 15]",Desconexión del sensor
737,29.48,-2096921,33459.34481999456,nan,-,-,-,-,Desconexión,"[50, 20, 15]",Desconexión del sensor
738,29.52,-2096921,-6980.394029200041,nan,-,-,-,-,Desconexión,"[50, 20, 15]",Desconexión del sensor
739,29.56,-2096921,-46041.93705528533,nan,-,-,-,-,Desconexión,"[50, 20, 15]",Desconexión del sensor
740,29.6,-2096921,-778908.36060295,nan,-,-,-,-,Desconexión,"[50, 20, 15]",Desconexión del sensor
741,29.64,-2096921,-725105.7939358053,nan,-,-,-,-,Desconexión,"[50, 20, 15]",Desconexión del sensor
742,29.68,-2096921,-747186.9050072014,nan,-,-,-,-,Desconexión,"[50, 20, 15]",Desconexión del sensor
743,29.72,-2096921,-767038.2384918943,nan,-,-,-,-,Desconexión,"[50, 20, 15]",Desconexión del sensor
744,29.76,-2096921,-784661.5689503329,nan,-,-,-,-,Desconexión,"[50, 20, 15]",Desconexión del sensor
745,29.8,-2096921,-800039.4597911695,nan,-,-,-,-,Desconexión,"[50, 20, 15]",Desconexión del sensor
746,29.84,-2096921,-813190.4570113119,nan,-,-,-,-,Desconexión,"[50, 20, 15]",Desconexión del sensor
747,29.88,-2096921,-824099.1946566051,nan,-,-,-,-,Desconexión,"[50, 20, 15]",Desconexión del sensor
748,29.92,-2096921,-832775.9699084507,nan,-,-,-,-,Desconexión,"[50, 20, 15]",Desconexión del sensor
749,29.96,-2096921,-839212.7596207048,nan,-,-,-,-,Desconexión,"[50, 20, 15]",Desconexión del sensor
750,30.0,-2096921,-843419.1821643804,nan,nan,-,-,-,Movimiento,"[50, 20, 15]",Movimiento del dedo
751,30.04,-2096921,-845378.0956904931,nan,-,-,-,-,Movimiento,"[50, 20, 15]",Movimiento del dedo
752,30.08,-2096921,104892.19643433554,nan,-,-,-,-,Movimiento,"[50, 20, 15]",Movimiento del dedo
753,30.12,-2096921,1.7480164176311278e-06,nan,-,-,-,-,Movimiento,"[50, 20, 15]",Movimiento del dedo
754,30.16,-2096921,1.7480164176311278e-06,nan,-,-,-,-,Movimiento,"[50, 20, 15]",Movimiento del dedo
755,30.2,-2096921,1.7480164176311278e-06,nan,-,-,-,-,Movimiento,"[50, 20, 15]",Movimiento del dedo
756,30.24,-2096921,1.7480164176311278e-06,nan,-,-,-,-,Movimiento,"[50, 20, 15]",Movimiento del dedo
757,30.28,-2096921,1.7480164176311278e-06,nan,-,-,-,-,Movimiento,"[50, 20, 15]",Movimiento del dedo
758,30.32,-2096921,1.7480164176311278e-06,nan,-,-,-,-,Movimiento,"[50, 20, 15]",Movimiento del dedo
759,30.36,-2096921,1.7480164176311278e-06,nan,-,-,-,-,Movimiento,"[50, 20, 15]",Movimiento del dedo
760,30.4,-2096921,1.7480164176311278e-06,nan,-,-,-,-,Movimiento,"[50, 20, 15]",Movimiento del dedo
761,30.44,-2096921,1.7480164176311278e-06,nan,-,-,-,-,Movimiento,"[50, 20, 15]",Movimiento del dedo
762,30.48,-2096921,1.7480164176311278e-06,nan,-,-,-,-,Movimiento,"[50, 20, 15]",Movimiento del dedo
763,30.52,-2096921,1.7480164176311278e-06,nan,-,-,-,-,Movimiento,"[50, 20, 15]",Movimiento del dedo
764,30.56,-2096921,1.7480164176311278e-06,nan,-,-,-,-,Movimiento,"[50, 20, 15]",Movimiento del dedo
765,30.6,-2096921,1.7480164176311278e-06,nan,-,-,-,-,Movimiento,"[50, 20, 15]",Movimiento del dedo
766,30.64,-2096921,1.7480164176311278e-06,nan,-,-,-,-,Movimiento,"[50, 20, 15]",Movimiento del dedo
767,30.68,-2096921,1.7480164176311278e-06,nan,-,-,-,-,Movimiento,"[50, 20, 15]",Movimiento del dedo
768,30.72,-2096921,1.7480164176311278e-06,nan,-,-,-,-,Movimiento,"[50, 20, 15]",Movimiento del dedo
769,30.76,-2096921,1.7480164176311278e-06,nan,-,-,-,-,Movimiento,"[50, 20, 15]",Movimiento del dedo
770,30.8,-2096921,1.7480164176311278e-06,nan,-,-,-,-,Movimiento,"[50, 20, 15]",Movimiento del dedo
771,30.84,-2096921,1.7480164176311278e-06,nan,-,-,-,-,Movimiento,"[50, 20, 15]",Movimiento del dedo
772,30.88,-2096921,1.7480164176311278e-06,nan,-,-,-,-,Movimiento,"[50, 20, 15]",Movimiento del dedo
773,30.92,-2096921,1.7480164176311278e-06,nan,-,-,-,-,Movimiento,"[50, 20, 15]",Movimiento del dedo
774,30.96,-2096921,1.7480164176311278e-06,nan,-,-,-,-,Movimiento,"[50, 20, 15]",Movimiento del dedo
775,31.0,-2096921,1.7480164176311278e-06,nan,-,-,-,-,Movimiento,"[50, 20, 15]",Movimiento del dedo
776,31.04,-2096921,1.7480164176311278e-06,nan,-,-,-,-,Movimiento,"[50, 20, 15]",Movimiento del dedo
777,31.08,-2096921,1.7480164176311278e-06,nan,-,-,-,-,Movimiento,"[50, 20, 15]",Movimiento del dedo
778,31.12,-2096921,1.7480164176311278e-06,nan,-,-,-,-,Movimiento,"[50, 20, 15]",Movimiento del dedo
779,31.16,-2096921,1.7480164176311278e-06,nan,-,-,-,-,Movimiento,"[50, 20, 15]",Movimiento del dedo
780,31.2,-2096921,1.7480164176311278e-06,nan,-,-,-,-,Movimiento,"[50, 20, 15]",Movimiento del dedo
781,31.24,-2096921,1.7480164176311278e-06,nan,-,-,-,-,Movimiento,"[50, 20, 15]",Movimiento del dedo
782,31.28,-2096921,1.7480164176311278e-06,nan,-,-,-,-,Movimiento,"[50, 20, 15]",Movimiento del dedo
783,31.32,-2096921,1.7480164176311278e-06,nan,-,-,-,-,Movimiento,"[50, 20, 15]",Movimiento del dedo
784,31.36,-2096921,1.7480164176311278e-06,nan,-,-,-,-,Movimiento,"[50, 20, 15]",Movimiento del dedo
785,31.4,-2096921,1.7480164176311278e-06,nan,-,-,-,-,Movimiento,"[50, 20, 15]",Movimiento del dedo
786,31.44,-2096921,1.7480164176311278e-06,nan,-,-,-,-,Movimiento,"[50, 20, 15]",Movimiento del dedo
787,31.48,-2096921,1.7480164176311278e-06,nan,-,-,-,-,Movimiento,"[50, 20, 15]",Movimiento del dedo
788,31.52,-2096921,1.7480164176311278e-06,nan,-,-,-,-,Movimiento,"[50, 20, 15]",Movimiento del dedo
789,31.56,-2096921,1.7480164176311278e-06,nan,-,-,-,-,Movimiento,"[50, 20, 15]",Movimiento del dedo
790,31.6,-2096921,1.7480164176311278e-06,nan,-,-,-,-,Movimiento,"[50, 20, 15]",Movimiento del dedo
791,31.64,-2096921,1.7480164176311278e-06,nan,-,-,-,-,Movimiento,"[50, 20, 15]",Movimiento del dedo
792,31.68,-2096921,1.7480164176311278e-06,nan,-,-,-,-,Movimiento,"[50, 20, 15]",Movimiento del dedo
793,31.72,-2096921,1.7480164176311278e-06,nan,-,-,-,-,Movimiento,"[50, 20, 15]",Movimiento del dedo
794,31.76,-2096921,1.7480164176311278e-06,nan,-,-,-,-,Movimiento,"[50, 20, 15]",Movimiento del dedo
795,31.8,-2096921,1.7480164176311278e-06,nan,-,-,-,-,Movimiento,"[50, 20, 15]",Movimiento del dedo
796,31.84,-2096921,1.7480164176311278e-06,nan,-,-,-,-,Movimiento,"[50, 20, 15]",Movimiento del dedo
797,31.88,-2096921,1.7480164176311278e-06,nan,-,-,-,-,Movimiento,"[50, 20, 15]",Movimiento del dedo
798,31.92,-2096921,1.7480164176311278e-06,nan,-,-,-,-,Movimiento,"[50, 20, 15]",Movimiento del dedo
799,31.96,-2096921,1.7480164176311278e-06,nan,-,-,-,-,Movimiento,"[50, 20, 15]",Movimiento del dedo
800,32.0,-2096921,1.7480164176311278e-06,nan,-,-,-,-,Movimiento,"[50, 20, 15]",Movimiento del dedo
801,32.04,-2096921,1.7480164176311278e-06,nan,-,-,-,-,Movimiento,"[50, 20, 15]",Movimiento del dedo
802,32.08,-2096921,1.7480164176311278e-06,nan,-,-,-,-,Movimiento,"[50, 20, 15]",Movimiento del dedo
803,32.12,-2096921,1.7480164176311278e-06,nan,-,-,-,-,Movimiento,"[50, 20, 15]",Movimiento del dedo
804,32.16,-2096921,1.7480164176311278e-06,nan,-,-,-,-,Movimiento,"[50, 20, 15]",Movimiento del dedo
805,32.2,-2096921,1.7480164176311278e-06,nan,-,-,-,-,Movimiento,"[50, 20, 15]",Movimiento del dedo
806,32.24,-2096921,1.7480164176311278e-06,nan,-,-,-,-,Movimiento,"[50, 20, 15]",Movimiento del dedo
807,32.28,-2096921,1.7480164176311278e-06,nan,-,-,-,-,Movimiento,"[50, 20, 15]",Movimiento del dedo
808,32.32,-2096921,1.7480164176311278e-06,nan,-,-,-,-,Movimiento,"[50, 20, 15]",Movimiento del dedo
809,32.36,-2096921,1.7480164176311278e-06,nan,-,-,-,-,Movimiento,"[50, 20, 15]",Movimiento del dedo
810,32.4,-2096921,1.7480164176311278e-06,nan,-,-,-,-,Movimiento,"[50, 20, 15]",Movimiento del dedo
811,32.44,-2096921,1.7480164176311278e-06,nan,-,-,-,-,Movimiento,"[50, 20, 15]",Movimiento del dedo
812,32.48,-2096921,1.7480164176311278e-06,nan,-,-,-,-,Movimiento,"[50, 20, 15]",Movimiento del dedo
813,32.52,-2096921,1.7480164176311278e-06,nan,-,-,-,-,Movimiento,"[50, 20, 15]",Movimiento del dedo
814,32.56,-2096921,1.7480164176311278e-06,nan,-,-,-,-,Movimiento,"[50, 20, 15]",Movimiento del dedo
815,32.6,-2096921,1.7480164176311278e-06,nan,-,-,-,-,Movimiento,"[50, 20, 15]",Movimiento del dedo
816,32.64,-2096921,1.7480164176311278e-06,nan,-,-,-,-,Movimiento,"[50, 20, 15]",Movimiento del dedo
817,32.68,-2096921,1.7480164176311278e-06,nan,-,-,-,-,Movimiento,"[50, 20, 15]",Movimiento del dedo
818,32.72,-2096921,1.7480164176311278e-06,nan,-,-,-,-,Movimiento,"[50, 20, 15]",Movimiento del dedo
819,32.76,-2096921,1.7480164176311278e-06,nan,-,-,-,-,Movimiento,"[50, 20, 15]",Movimiento del dedo
820,32.8,-2096921,1.7480164176311278e-06,nan,-,-,-,-,Movimiento,"[50, 20, 15]",Movimiento del dedo
821,32.84,-2096921,1.7480164176311278e-06,nan,-,-,-,-,Movimiento,"[50, 20, 15]",Movimiento del dedo
822,32.88,-2096921,1.7480164176311278e-06,nan,-,-,-,-,Movimiento,"[50, 20, 15]",Movimiento del dedo
823,32.92,-2096921,1.7480164176311278e-06,nan,-,-,-,-,Movimiento,"[50, 20, 15]",Movimiento del dedo
824,32.96,-2096921,1.7480164176311278e-06,nan,-,-,-,-,Movimiento,"[50, 20, 15]",Movimiento del dedo
825,33.0,-2096921,1.7480164176311278e-06,nan,nan,-,-,-,Movimiento,"[50, 20, 15]",Movimiento del dedo
826,33.04,-2096921,1.7480164176311278e-06,nan,-,-,-,-,Movimiento,"[50, 20, 15]",Movimiento del dedo
827,33.08,-2096921,1.7480164176311278e-06,nan,-,-,-,-,Movimiento,"[50, 20, 15]",Movimiento del dedo
828,33.12,-2096921,1.7480164176311278e-06,nan,-,-,-,-,Movimiento,"[50, 20, 15]",Movimiento del dedo
829,33.16,-2096921,1.7480164176311278e-06,nan,-,-,-,-,Movimiento,"[50, 20, 15]",Movimiento del dedo
830,33.2,-2096921,1.7480164176311278e-06,nan,-,-,-,-,Movimiento,"[50, 20, 15]",Movimiento del dedo
831,33.24,-2096921,1.7480164176311278e-06,nan,-,-,-,-,Movimiento,"[50, 20, 15]",Movimiento del dedo
832,33.28,-2096921,1.7480164176311278e-06,nan,-,-,-,-,Movimiento,"[50, 20, 15]",Movimiento del dedo
833,33.32,-2096921,1.7480164176311278e-06,nan,-,-,-,-,Movimiento,"[50, 20, 15]",Movimiento del dedo
834,33.36,-2096921,1.7480164176311278e-06,nan,-,-,-,-,Movimiento,"[50, 20, 15]",Movimiento del dedo
835,33.4,-2096921,1.7480164176311278e-06,nan,-,-,-,-,Movimiento,"[50, 20, 15]",Movimiento del dedo
836,33.44,-2096921,1.7480164176311278e-06,nan,-,-,-,-,Movimiento,"[50, 20, 15]",Movimiento del dedo
837,33.48,-2096921,1.7480164176311278e-06,nan,-,-,-,-,Movimiento,"[50, 20, 15]",Movimiento del dedo
838,33.52,-2096921,1.7480164176311278e-06,nan,-,-,-,-,Movimiento,"[50, 20, 15]",Movimiento del dedo
839,33.56,-2096921,1.7480164176311278e-06,nan,-,-,-,-,Movimiento,"[50, 20, 15]",Movimiento del dedo
840,33.6,-2096921,1.7480164176311278e-06,nan,-,-,-,-,Movimiento,"[50, 20, 15]",Movimiento del dedo
841,33.64,-2096921,1.7480164176311278e-06,nan,-,-,-,-,Movimiento,"[50, 20, 15]",Movimiento del dedo
842,33.68,-2096921,1.7480164176311278e-06,nan,-,-,-,-,Movimiento,"[50, 20, 15]",Movimiento del dedo
843,33.72,-2096921,1.7480164176311278e-06,nan,-,-,-,-,Movimiento,"[50, 20, 15]",Movimiento del dedo
844,33.76,-2096921,1.7480164176311278e-06,nan,-,-,-,-,Movimiento,"[50, 20, 15]",Movimiento del dedo
845,33.8,-2096921,1.7480164176311278e-06,nan,-,-,-,-,Movimiento,"[50, 20, 15]",Movimiento del dedo
846,33.84,-2096921,1.7480164176311278e-06,nan,-,-,-,-,Movimiento,"[50, 20, 15]",Movimiento del dedo
847,33.88,-2096921,1.7480164176311278e-06,nan,-,-,-,-,Movimiento,"[50, 20, 15]",Movimiento del dedo
848,33.92,-2096921,1.7480164176311278e-06,nan,-,-,-,-,Movimiento,"[50, 20, 15]",Movimiento del dedo
849,33.96,-2096921,1.7480164176311278e-06,nan,-,-,-,-,Movimiento,"[50, 20, 15]",Movimiento del dedo
850,34.0,-2096921,1.7480164176311278e-06,nan,-,-,-,-,Movimiento,"[50, 20, 15]",Movimiento del dedo
851,34.04,-2096921,1.7480164176311278e-06,nan,-,-,-,-,Movimiento,"[50, 20, 15]",Movimiento del dedo
852,34.08,-2096921,1.7480164176311278e-06,nan,-,-,-,-,Movimiento,"[50, 20, 15]",Movimiento del dedo
853,34.12,-2096921,1.7480164176311278e-06,nan,-,-,-,-,Movimiento,"[50, 20, 15]",Movimiento del dedo
854,34.16,-2096921,1.7480164176311278e-06,nan,-,-,-,-,Movimiento,"[50, 20, 15]",Movimiento del dedo
855,34.2,-2096921,1.7480164176311278e-06,nan,-,-,-,-,Movimiento,"[50, 20, 15]",Movimiento del dedo
856,34.24,-2096921,1.7480164176311278e-06,nan,-,-,-,-,Movimiento,"[50, 20, 15]",Movimiento del dedo
857,34.28,-2096921,1.7480164176311278e-06,nan,-,-,-,-,Movimiento,"[50, 20, 15]",Movimiento del dedo
858,34.32,-2096921,1.7480164176311278e-06,nan,-,-,-,-,Movimiento,"[50, 20, 15]",Movimiento del dedo
859,34.36,-2096921,1.7480164176311278e-06,nan,-,-,-,-,Movimiento,"[50, 20, 15]",Movimiento del dedo
860,34.4,-2096921,1.7480164176311278e-06,nan,-,-,-,-,Movimiento,"[50, 20, 15]",Movimiento del dedo
861,34.44,-2096921,1.7480164176311278e-06,nan,-,-,-,-,Movimiento,"[50, 20, 15]",Movimiento del dedo
862,34.48,-2096921,1.7480164176311278e-06,nan,-,-,-,-,Movimiento,"[50, 20, 15]",Movimiento del dedo
863,34.52,-2096921,1.7480164176311278e-06,nan,-,-,-,-,Movimiento,"[50, 20, 15]",Movimiento del dedo
864,34.56,-2096921,1.7480164176311278e-06,nan,-,-,-,-,Movimiento,"[50, 20, 15]",Movimiento del dedo
865,34.6,-2096921,1.7480164176311278e-06,nan,-,-,-,-,Movimiento,"[50, 20, 15]",Movimiento del dedo
866,34.64,-2096921,1.7480164176311278e-06,nan,-,-,-,-,Movimiento,"[50, 20, 15]",Movimiento del dedo
867,34.68,-2096921,1.7480164176311278e-06,nan,-,-,-,-,Movimiento,"[50, 20, 15]",Movimiento del dedo
868,34.72,-2096921,1.7480164176311278e-06,nan,-,-,-,-,Movimiento,"[50, 20, 15]",Movimiento del dedo
869,34.76,-2096921,1.7480164176311278e-06,nan,-,-,-,-,Movimiento,"[50, 20, 15]",Movimiento del dedo
870,34.8,-2096921,1.7480164176311278e-06,nan,-,-,-,-,Movimiento,"[50, 20, 15]",Movimiento del dedo
871,34.84,-2096921,1.7480164176311278e-06,nan,-,-,-,-,Movimiento,"[50, 20, 15]",Movimiento del dedo
872,34.88,-2096921,1.7480164176311278e-06,nan,-,-,-,-,Movimiento,"[50, 20, 15]",Movimiento del dedo
873,34.92,-2096921,1.7480164176311278e-06,nan,-,-,-,-,Movimiento,"[50, 20, 15]",Movimiento del dedo
874,34.96,-2096921,1.7480164176311278e-06,nan,-,-,-,-,Movimiento,"[50, 20, 15]",Movimiento del dedo
875,35.0,-2096921,1.7480164176311278e-06,nan,-,-,-,-,Movimiento,"[50, 20, 15]",Movimiento del dedo
876,35.04,-2096921,1.7480164176311278e-06,nan,-,-,-,-,Movimiento,"[50, 20, 15]",Movimiento del dedo
877,35.08,-2096921,1.7480164176311278e-06,nan,-,-,-,-,Movimiento,"[50, 20, 15]",Movimiento del dedo
878,35.12,-2096921,1.7480164176311278e-06,nan,-,-,-,-,Movimiento,"[50, 20, 15]",Movimiento del dedo
879,35.16,-2096921,1.7480164176311278e-06,nan,-,-,-,-,Movimiento,"[50, 20, 15]",Movimiento del dedo
880,35.2,-2096921,1.7480164176311278e-06,nan,-,-,-,-,Movimiento,"[50, 20, 15]",Movimiento del dedo
881,35.24,-2096921,1.7480164176311278e-06,nan,-,-,-,-,Movimiento,"[50, 20, 15]",Movimiento del dedo
882,35.28,-2096921,1.7480164176311278e-06,nan,-,-,-,-,Movimiento,"[50, 20, 15]",Movimiento del dedo
883,35.32,-2096921,1.7480164176311278e-06,nan,-,-,-,-,Movimiento,"[50, 20, 15]",Movimiento del dedo
884,35.36,-2096921,1.7480164176311278e-06,nan,-,-,-,-,Movimiento,"[50, 20, 15]",Movimiento del dedo
885,35.4,-2096921,1.7480164176311278e-06,nan,-,-,-,-,Movimiento,"[50, 20, 15]",Movimiento del dedo
886,35.44,-2096921,1.7480164176311278e-06,nan,-,-,-,-,Movimiento,"[50, 20, 15]",Movimiento del dedo
887,35.48,-2096921,1.7480164176311278e-06,nan,-,-,-,-,Movimiento,"[50, 20, 15]",Movimiento del dedo
888,35.52,-2096921,1.7480164176311278e-06,nan,-,-,-,-,Movimiento,"[50, 20, 15]",Movimiento del dedo
889,35.56,-2096921,1.7480164176311278e-06,nan,-,-,-,-,Movimiento,"[50, 20, 15]",Movimiento del dedo
890,35.6,-2096921,1.7480164176311278e-06,nan,-,-,-,-,Movimiento,"[50, 20, 15]",Movimiento del dedo
891,35.64,-2096921,1.7480164176311278e-06,nan,-,-,-,-,Movimiento,"[50, 20, 15]",Movimiento del dedo
892,35.68,-2096921,1.7480164176311278e-06,nan,-,-,-,-,Movimiento,"[50, 20, 15]",Movimiento del dedo
893,35.72,-2096921,1.7480164176311278e-06,nan,-,-,-,-,Movimiento,"[50, 20, 15]",Movimiento del dedo
894,35.76,-2096921,1.7480164176311278e-06,nan,-,-,-,-,Movimiento,"[50, 20, 15]",Movimiento del dedo
895,35.8,-2096921,1.7480164176311278e-06,nan,-,-,-,-,Movimiento,"[50, 20, 15]",Movimiento del dedo
896,35.84,-2096921,1.7480164176311278e-06,nan,-,-,-,-,Movimiento,"[50, 20, 15]",Movimiento del dedo
897,35.88,-2096921,1.7480164176311278e-06,nan,-,-,-,-,Movimiento,"[50, 20, 15]",Movimiento del dedo
898,35.92,-2096921,1.7480164176311278e-06,nan,-,-,-,-,Movimiento,"[50, 20, 15]",Movimiento del dedo
899,35.96,-2096921,1.7480164176311278e-06,nan,-,-,-,-,Movimiento,"[50, 20, 15]",Movimiento del dedo
900,36.0,-2096921,1.7480164176311278e-06,nan,nan,-,-,-,Movimiento,"[50, 20, 15]",Movimiento del dedo
901,36.04,-2096921,1.7480164176311278e-06,nan,-,-,-,-,Movimiento,"[50, 20, 15]",Movimiento del dedo
902,36.08,-2096921,1.7480164176311278e-06,nan,-,-,-,-,Movimiento,"[50, 20, 15]",Movimiento del dedo
903,36.12,-2096921,1.7480164176311278e-06,nan,-,-,-,-,Movimiento,"[50, 20, 15]",Movimiento del dedo
904,36.16,-2096921,1.7480164176311278e-06,nan,-,-,-,-,Movimiento,"[50, 20, 15]",Movimiento del dedo
905,36.2,-2096921,1.7480164176311278e-06,nan,-,-,-,-,Movimiento,"[50, 20, 15]",Movimiento del dedo
906,36.24,-2096921,1.7480164176311278e-06,nan,-,-,-,-,Movimiento,"[50, 20, 15]",Movimiento del dedo
907,36.28,-2096921,1.7480164176311278e-06,nan,-,-,-,-,Movimiento,"[50, 20, 15]",Movimiento del dedo
908,36.32,-2096921,1.7480164176311278e-06,nan,-,-,-,-,Movimiento,"[50, 20, 15]",Movimiento del dedo
909,36.36,-2096921,1.7480164176311278e-06,nan,-,-,-,-,Movimiento,"[50, 20, 15]",Movimiento del dedo
910,36.4,-2096921,1.7480164176311278e-06,nan,-,-,-,-,Movimiento,"[50, 20, 15]",Movimiento del dedo
911,36.44,-2096921,1.7480164176311278e-06,nan,-,-,-,-,Movimiento,"[50, 20, 15]",Movimiento del dedo
912,36.48,-2096921,1.7480164176311278e-06,nan,-,-,-,-,Movimiento,"[50, 20, 15]",Movimiento del dedo
913,36.52,-2096921,1.7480164176311278e-06,nan,-,-,-,-,Movimiento,"[50, 20, 15]",Movimiento del dedo
914,36.56,-2096921,1.7480164176311278e-06,nan,-,-,-,-,Movimiento,"[50, 20, 15]",Movimiento del dedo
915,36.6,-2096921,1.7480164176311278e-06,nan,-,-,-,-,Movimiento,"[50, 20, 15]",Movimiento del dedo
916,36.64,-2096921,1.7480164176311278e-06,nan,-,-,-,-,Movimiento,"[50, 20, 15]",Movimiento del dedo
917,36.68,-2096921,1.7480164176311278e-06,nan,-,-,-,-,Movimiento,"[50, 20, 15]",Movimiento del dedo
918,36.72,-2096921,1.7480164176311278e-06,nan,-,-,-,-,Movimiento,"[50, 20, 15]",Movimiento del dedo
919,36.76,-2096921,1.7480164176311278e-06,nan,-,-,-,-,Movimiento,"[50, 20, 15]",Movimiento del dedo
920,36.8,-2096921,1.7480164176311278e-06,nan,-,-,-,-,Movimiento,"[50, 20, 15]",Movimiento del dedo
921,36.84,-2096921,1.7480164176311278e-06,nan,-,-,-,-,Movimiento,"[50, 20, 15]",Movimiento del dedo
922,36.88,-2096921,1.7480164176311278e-06,nan,-,-,-,-,Movimiento,"[50, 20, 15]",Movimiento del dedo
923,36.92,-2096921,1.7480164176311278e-06,nan,-,-,-,-,Movimiento,"[50, 20, 15]",Movimiento del dedo
924,36.96,-2096921,1.7480164176311278e-06,nan,-,-,-,-,Movimiento,"[50, 20, 15]",Movimiento del dedo
925,37.0,-2096921,1.7480164176311278e-06,nan,-,-,-,-,Movimiento,"[50, 20, 15]",Movimiento del dedo
926,37.04,-2096921,1.7480164176311278e-06,nan,-,-,-,-,Movimiento,"[50, 20, 15]",Movimiento del dedo
927,37.08,-2096921,1.7480164176311278e-06,nan,-,-,-,-,Movimiento,"[50, 20, 15]",Movimiento del dedo
928,37.12,-2096921,1.7480164176311278e-06,nan,-,-,-,-,Movimiento,"[50, 20, 15]",Movimiento del dedo
929,37.16,-2096921,1.7480164176311278e-06,nan,-,-,-,-,Movimiento,"[50, 20, 15]",Movimiento del dedo
930,37.2,-2096921,1.7480164176311278e-06,nan,-,-,-,-,Movimiento,"[50, 20, 15]",Movimiento del dedo
931,37.24,-2096921,1.7480164176311278e-06,nan,-,-,-,-,Movimiento,"[50, 20, 15]",Movimiento del dedo
932,37.28,-2096921,1.7480164176311278e-06,nan,-,-,-,-,Movimiento,"[50, 20, 15]",Movimiento del dedo
933,37.32,-2096921,1.7480164176311278e-06,nan,-,-,-,-,Movimiento,"[50, 20, 15]",Movimiento del dedo
934,37.36,-2096921,1.7480164176311278e-06,nan,-,-,-,-,Movimiento,"[50, 20, 15]",Movimiento del dedo
935,37.4,-2096921,1.7480164176311278e-06,nan,-,-,-,-,Movimiento,"[50, 20, 15]",Movimiento del dedo
936,37.44,-2096921,1.7480164176311278e-06,nan,-,-,-,-,Movimiento,"[50, 20, 15]",Movimiento del dedo
937,37.48,-2096921,1.7480164176311278e-06,nan,-,-,-,-,Movimiento,"[50, 20, 15]",Movimiento del dedo
938,37.52,-2096921,1.7480164176311278e-06,nan,-,-,-,-,Movimiento,"[50, 20, 15]",Movimiento del dedo
939,37.56,-2096921,1.7480164176311278e-06,nan,-,-,-,-,Movimiento,"[50, 20, 15]",Movimiento del dedo
940,37.6,-2096921,1.7480164176311278e-06,nan,-,-,-,-,Movimiento,"[50, 20, 15]",Movimiento del dedo
941,37.64,-2096921,1.7480164176311278e-06,nan,-,-,-,-,Movimiento,"[50, 20, 15]",Movimiento del dedo
942,37.68,-2096921,1.7480164176311278e-06,nan,-,-,-,-,Movimiento,"[50, 20, 15]",Movimiento del dedo
943,37.72,-2096921,1.7480164176311278e-06,nan,-,-,-,-,Movimiento,"[50, 20, 15]",Movimiento del dedo
944,37.76,-2096921,1.7480164176311278e-06,nan,-,-,-,-,Movimiento,"[50, 20, 15]",Movimiento del dedo
945,37.8,-2096921,1.7480164176311278e-06,nan,-,-,-,-,Movimiento,"[50, 20, 15]",Movimiento del dedo
946,37.84,-2096921,1.7480164176311278e-06,nan,-,-,-,-,Movimiento,"[50, 20, 15]",Movimiento del dedo
947,37.88,-2096921,1.7480164176311278e-06,nan,-,-,-,-,Movimiento,"[50, 20, 15]",Movimiento del dedo
948,37.92,-2096921,1.7480164176311278e-06,nan,-,-,-,-,Movimiento,"[50, 20, 15]",Movimiento del dedo
949,37.96,-2096921,1.7480164176311278e-06,nan,-,-,-,-,Movimiento,"[50, 20, 15]",Movimiento del dedo
950,38.0,-2096921,1.7480164176311278e-06,nan,-,-,-,-,Movimiento,"[50, 20, 15]",Movimiento del dedo
951,38.04,-2096921,1.7480164176311278e-06,nan,-,-,-,-,Movimiento,"[50, 20, 15]",Movimiento del dedo
952,38.08,-2096921,1.7480164176311278e-06,nan,-,-,-,-,Movimiento,"[50, 20, 15]",Movimiento del dedo
953,38.12,-2096921,1.7480164176311278e-06,nan,-,-,-,-,Movimiento,"[50, 20, 15]",Movimiento del dedo
954,38.16,-2096921,1.7480164176311278e-06,nan,-,-,-,-,Movimiento,"[50, 20, 15]",Movimiento del dedo
955,38.2,-2096921,1.7480164176311278e-06,nan,-,-,-,-,Movimiento,"[50, 20, 15]",Movimiento del dedo
956,38.24,-2096921,1.7480164176311278e-06,nan,-,-,-,-,Movimiento,"[50, 20, 15]",Movimiento del dedo
957,38.28,-2096921,1.7480164176311278e-06,nan,-,-,-,-,Movimiento,"[50, 20, 15]",Movimiento del dedo
958,38.32,-2096921,1.7480164176311278e-06,nan,-,-,-,-,Movimiento,"[50, 20, 15]",Movimiento del dedo
959,38.36,-2096921,1.7480164176311278e-06,nan,-,-,-,-,Movimiento,"[50, 20, 15]",Movimiento del dedo
960,38.4,-2096921,1.7480164176311278e-06,nan,-,-,-,-,Movimiento,"[50, 20, 15]",Movimiento del dedo
961,38.44,-2096921,1.7480164176311278e-06,nan,-,-,-,-,Movimiento,"[50, 20, 15]",Movimiento del dedo
962,38.48,-2096921,1.7480164176311278e-06,nan,-,-,-,-,Movimiento,"[50, 20, 15]",Movimiento del dedo
963,38.52,-2096921,1.7480164176311278e-06,nan,-,-,-,-,Movimiento,"[50, 20, 15]",Movimiento del dedo
964,38.56,-2096921,1.7480164176311278e-06,nan,-,-,-,-,Movimiento,"[50, 20, 15]",Movimiento del dedo
965,38.6,-2096921,1.7480164176311278e-06,nan,-,-,-,-,Movimiento,"[50, 20, 15]",Movimiento del dedo
966,38.64,-2096921,1.7480164176311278e-06,nan,-,-,-,-,Movimiento,"[50, 20, 15]",Movimiento del dedo
967,38.68,-2096921,1.7480164176311278e-06,nan,-,-,-,-,Movimiento,"[50, 20, 15]",Movimiento del dedo
968,38.72,-2096921,1.7480164176311278e-06,nan,-,-,-,-,Movimiento,"[50, 20, 15]",Movimiento del dedo
969,38.76,-2096921,1.7480164176311278e-06,nan,-,-,-,-,Movimiento,"[50, 20, 15]",Movimiento del dedo
970,38.8,-2096921,1.7480164176311278e-06,nan,-,-,-,-,Movimiento,"[50, 20, 15]",Movimiento del dedo
971,38.84,-2096921,1.7480164176311278e-06,nan,-,-,-,-,Movimiento,"[50, 20, 15]",Movimiento del dedo
972,38.88,-2096921,1.7480164176311278e-06,nan,-,-,-,-,Movimiento,"[50, 20, 15]",Movimiento del dedo
973,38.92,-2096921,1.7480164176311278e-06,nan,-,-,-,-,Movimiento,"[50, 20, 15]",Movimiento del dedo
974,38.96,-2096921,1.7480164176311278e-06,nan,-,-,-,-,Movimiento,"[50, 20, 15]",Movimiento del dedo
975,39.0,-2096921,1.7480164176311278e-06,nan,nan,-,-,-,Movimiento,"[50, 20, 15]",Movimiento del dedo
976,39.04,-2096921,1.7480164176311278e-06,nan,-,-,-,-,Movimiento,"[50, 20, 15]",Movimiento del dedo
977,39.08,-2096921,1.7480164176311278e-06,nan,-,-,-,-,Movimiento,"[50, 20, 15]",Movimiento del dedo
978,39.12,-2096921,1.7480164176311278e-06,nan,-,-,-,-,Movimiento,"[50, 20, 15]",Movimiento del dedo
979,39.16,-2096921,1.7480164176311278e-06,nan,-,-,-,-,Movimiento,"[50, 20, 15]",Movimiento del dedo
980,39.2,-2096921,1.7480164176311278e-06,nan,-,-,-,-,Movimiento,"[50, 20, 15]",Movimiento del dedo
981,39.24,-2096921,1.7480164176311278e-06,nan,-,-,-,-,Movimiento,"[50, 20, 15]",Movimiento del dedo
982,39.28,-2096921,1.7480164176311278e-06,nan,-,-,-,-,Movimiento,"[50, 20, 15]",Movimiento del dedo
983,39.32,-2096921,1.7480164176311278e-06,nan,-,-,-,-,Movimiento,"[50, 20, 15]",Movimiento del dedo
984,39.36,-2096921,1.7480164176311278e-06,nan,-,-,-,-,Movimiento,"[50, 20, 15]",Movimiento del dedo
985,39.4,-2096921,1.7480164176311278e-06,nan,-,-,-,-,Movimiento,"[50, 20, 15]",Movimiento del dedo
986,39.44,-2096921,1.7480164176311278e-06,nan,-,-,-,-,Movimiento,"[50, 20, 15]",Movimiento del dedo
987,39.48,-2096921,1.7480164176311278e-06,nan,-,-,-,-,Movimiento,"[50, 20, 15]",Movimiento del dedo
988,39.52,-2096921,1.7480164176311278e-06,nan,-,-,-,-,Movimiento,"[50, 20, 15]",Movimiento del dedo
989,39.56,-2096921,1.7480164176311278e-06,nan,-,-,-,-,Movimiento,"[50, 20, 15]",Movimiento del dedo
990,39.6,-2096921,1.7480164176311278e-06,nan,-,-,-,-,Movimiento,"[50, 20, 15]",Movimiento del dedo
991,39.64,-2096921,1.7480164176311278e-06,nan,-,-,-,-,Movimiento,"[50, 20, 15]",Movimiento del dedo
992,39.68,-2096921,1.7480164176311278e-06,nan,-,-,-,-,Movimiento,"[50, 20, 15]",Movimiento del dedo
993,39.72,-2096921,1.7480164176311278e-06,nan,-,-,-,-,Movimiento,"[50, 20, 15]",Movimiento del dedo
994,39.76,-2096921,1.7480164176311278e-06,nan,-,-,-,-,Movimiento,"[50, 20, 15]",Movimiento del dedo
995,39.8,-2096921,1.7480164176311278e-06,nan,-,-,-,-,Movimiento,"[50, 20, 15]",Movimiento del dedo
996,39.84,-2096921,1.7480164176311278e-06,nan,-,-,-,-,Movimiento,"[50, 20, 15]",Movimiento del dedo
997,39.88,-2096921,1.7480164176311278e-06,nan,-,-,-,-,Movimiento,"[50, 20, 15]",Movimiento del dedo
998,39.92,-2096921,1.7480164176311278e-06,nan,-,-,-,-,Movimiento,"[50, 20, 15]",Movimiento del dedo
999,39.96,-2096921,1.7480164176311278e-06,nan,-,-,-,-,Movimiento,"[50, 20, 15]",Movimiento del dedo
1000,40.0,-2096921,1.7480164176311278e-06,nan,-,-,-,-,Movimiento,"[50, 20, 15]",Movimiento del dedo
1001,40.04,-2096921,1.7480164176311278e-06,nan,-,-,-,-,Movimiento,"[50, 20, 15]",Movimiento del dedo
1002,40.08,-2096921,1.7480164176311278e-06,nan,-,-,-,-,Movimiento,"[50, 20, 15]",Movimiento del dedo
1003,40.12,-2096921,1.7480164176311278e-06,nan,-,-,-,-,Movimiento,"[50, 20, 15]",Movimiento del dedo
1004,40.16,-2096921,1.7480164176311278e-06,nan,-,-,-,-,Movimiento,"[50, 20, 15]",Movimiento del dedo
1005,40.2,-2096921,1.7480164176311278e-06,nan,-,-,-,-,Movimiento,"[50, 20, 15]",Movimiento del dedo
1006,40.24,-2096921,1.7480164176311278e-06,nan,-,-,-,-,Movimiento,"[50, 20, 15]",Movimiento del dedo
1007,40.28,-2096921,1.7480164176311278e-06,nan,-,-,-,-,Movimiento,"[50, 20, 15]",Movimiento del dedo
1008,40.32,-2096921,1.7480164176311278e-06,nan,-,-,-,-,Movimiento,"[50, 20, 15]",Movimiento del dedo
1009,40.36,-2096921,1.7480164176311278e-06,nan,-,-,-,-,Movimiento,"[50, 20, 15]",Movimiento del dedo
1010,40.4,-2096921,1.7480164176311278e-06,nan,-,-,-,-,Movimiento,"[50, 20, 15]",Movimiento del dedo
1011,40.44,-2096921,1.7480164176311278e-06,nan,-,-,-,-,Movimiento,"[50, 20, 15]",Movimiento del dedo
1012,40.48,-2096921,1.7480164176311278e-06,nan,-,-,-,-,Movimiento,"[50, 20, 15]",Movimiento del dedo
1013,40.52,-2096921,1.7480164176311278e-06,nan,-,-,-,-,Movimiento,"[50, 20, 15]",Movimiento del dedo
1014,40.56,-2096921,1.7480164176311278e-06,nan,-,-,-,-,Movimiento,"[50, 20, 15]",Movimiento del dedo
1015,40.6,-2096921,1.7480164176311278e-06,nan,-,-,-,-,Movimiento,"[50, 20, 15]",Movimiento del dedo
1016,40.64,-2096921,1.7480164176311278e-06,nan,-,-,-,-,Movimiento,"[50, 20, 15]",Movimiento del dedo
1017,40.68,-2096921,1.7480164176311278e-06,nan,-,-,-,-,Movimiento,"[50, 20, 15]",Movimiento del dedo
1018,40.72,-2096921,1.7480164176311278e-06,nan,-,-,-,-,Movimiento,"[50, 20, 15]",Movimiento del dedo
1019,40.76,-2096921,1.7480164176311278e-06,nan,-,-,-,-,Movimiento,"[50, 20, 15]",Movimiento del dedo
1020,40.8,-2096921,1.7480164176311278e-06,nan,-,-,-,-,Movimiento,"[50, 20, 15]",Movimiento del dedo
1021,40.84,-2096921,1.7480164176311278e-06,nan,-,-,-,-,Movimiento,"[50, 20, 15]",Movimiento del dedo
1022,40.88,-2096921,1.7480164176311278e-06,nan,-,-,-,-,Movimiento,"[50, 20, 15]",Movimiento del dedo
1023,40.92,-2096921,1.7480164176311278e-06,nan,-,-,-,-,Movimiento,"[50, 20, 15]",Movimiento del dedo
1024,40.96,-2096921,1.7480164176311278e-06,nan,-,-,-,-,Movimiento,"[50, 20, 15]",Movimiento del dedo
1025,41.0,-2096921,1.7480164176311278e-06,nan,-,-,-,-,Movimiento,"[50, 20, 15]",Movimiento del dedo
1026,41.04,-2096921,1.7480164176311278e-06,nan,-,-,-,-,Movimiento,"[50, 20, 15]",Movimiento del dedo
1027,41.08,-2096921,1.7480164176311278e-06,nan,-,-,-,-,Movimiento,"[50, 20, 15]",Movimiento del dedo
1028,41.12,-2096921,1.7480164176311278e-06,nan,-,-,-,-,Movimiento,"[50, 20, 15]",Movimiento del dedo
1029,41.16,-2096921,1.7480164176311278e-06,nan,-,-,-,-,Movimiento,"[50, 20, 15]",Movimiento del dedo
1030,41.2,-2096921,1.7480164176311278e-06,nan,-,-,-,-,Movimiento,"[50, 20, 15]",Movimiento del dedo
1031,41.24,-2096921,1.7480164176311278e-06,nan,-,-,-,-,Movimiento,"[50, 20, 15]",Movimiento del dedo
1032,41.28,-2096921,1.7480164176311278e-06,nan,-,-,-,-,Movimiento,"[50, 20, 15]",Movimiento del dedo
1033,41.32,-2096921,1.7480164176311278e-06,nan,-,-,-,-,Movimiento,"[50, 20, 15]",Movimiento del dedo
1034,41.36,-2096921,1.7480164176311278e-06,nan,-,-,-,-,Movimiento,"[50, 20, 15]",Movimiento del dedo
1035,41.4,-2096921,1.7480164176311278e-06,nan,-,-,-,-,Movimiento,"[50, 20, 15]",Movimiento del dedo
1036,41.44,-2096921,1.7480164176311278e-06,nan,-,-,-,-,Movimiento,"[50, 20, 15]",Movimiento del dedo
1037,41.48,-2096921,1.7480164176311278e-06,nan,-,-,-,-,Movimiento,"[50, 20, 15]",Movimiento del dedo
1038,41.52,-2096921,1.7480164176311278e-06,nan,-,-,-,-,Movimiento,"[50, 20, 15]",Movimiento del dedo
1039,41.56,-2096921,1.7480164176311278e-06,nan,-,-,-,-,Movimiento,"[50, 20, 15]",Movimiento del dedo
1040,41.6,-2096921,1.7480164176311278e-06,nan,-,-,-,-,Movimiento,"[50, 20, 15]",Movimiento del dedo
1041,41.64,-2096921,1.7480164176311278e-06,nan,-,-,-,-,Movimiento,"[50, 20, 15]",Movimiento del dedo
1042,41.68,-2096921,1.7480164176311278e-06,nan,-,-,-,-,Movimiento,"[50, 20, 15]",Movimiento del dedo
1043,41.72,-2096921,1.7480164176311278e-06,nan,-,-,-,-,Movimiento,"[50, 20, 15]",Movimiento del dedo
1044,41.76,-2096921,1.7480164176311278e-06,nan,-,-,-,-,Movimiento,"[50, 20, 15]",Movimiento del dedo
1045,41.8,-2096921,1.7480164176311278e-06,nan,-,-,-,-,Movimiento,"[50, 20, 15]",Movimiento del dedo
1046,41.84,-2096921,1.7480164176311278e-06,nan,-,-,-,-,Movimiento,"[50, 20, 15]",Movimiento del dedo
1047,41.88,-2096921,1.7480164176311278e-06,nan,-,-,-,-,Movimiento,"[50, 20, 15]",Movimiento del dedo
1048,41.92,-2096921,1.7480164176311278e-06,nan,-,-,-,-,Movimiento,"[50, 20, 15]",Movimiento del dedo
1049,41.96,-2096921,1.7480164176311278e-06,nan,-,-,-,-,Movimiento,"[50, 20, 15]",Movimiento del dedo
1050,42.0,-2096921,1.7480164176311278e-06,nan,nan,-,-,-,Movimiento,"[50, 20, 15]",Movimiento del dedo
1051,42.04,-2096921,1.7480164176311278e-06,nan,-,-,-,-,Movimiento,"[50, 20, 15]",Movimiento del dedo
1052,42.08,-2096921,1.7480164176311278e-06,nan,-,-,-,-,Movimiento,"[50, 20, 15]",Movimiento del dedo
1053,42.12,-2096921,1.7480164176311278e-06,nan,-,-,-,-,Movimiento,"[50, 20, 15]",Movimiento del dedo
1054,42.16,-2096921,1.7480164176311278e-06,nan,-,-,-,-,Movimiento,"[50, 20, 15]",Movimiento del dedo
1055,42.2,-2096921,1.7480164176311278e-06,nan,-,-,-,-,Movimiento,"[50, 20, 15]",Movimiento del dedo
1056,42.24,-2096921,1.7480164176311278e-06,nan,-,-,-,-,Movimiento,"[50, 20, 15]",Movimiento del dedo
1057,42.28,-2096921,1.7480164176311278e-06,nan,-,-,-,-,Movimiento,"[50, 20, 15]",Movimiento del dedo
1058,42.32,-2096921,1.7480164176311278e-06,nan,-,-,-,-,Movimiento,"[50, 20, 15]",Movimiento del dedo
1059,42.36,-2096921,1.7480164176311278e-06,nan,-,-,-,-,Movimiento,"[50, 20, 15]",Movimiento del dedo
1060,42.4,-2096921,1.7480164176311278e-06,nan,-,-,-,-,Movimiento,"[50, 20, 15]",Movimiento del dedo
1061,42.44,-2096921,1.7480164176311278e-06,nan,-,-,-,-,Movimiento,"[50, 20, 15]",Movimiento del dedo
1062,42.48,-2096921,1.7480164176311278e-06,nan,-,-,-,-,Movimiento,"[50, 20, 15]",Movimiento del dedo
1063,42.52,-2096921,1.7480164176311278e-06,nan,-,-,-,-,Movimiento,"[50, 20, 15]",Movimiento del dedo
1064,42.56,-2096921,1.7480164176311278e-06,nan,-,-,-,-,Movimiento,"[50, 20, 15]",Movimiento del dedo
1065,42.6,-2096921,1.7480164176311278e-06,nan,-,-,-,-,Movimiento,"[50, 20, 15]",Movimiento del dedo
1066,42.64,-2096921,1.7480164176311278e-06,nan,-,-,-,-,Movimiento,"[50, 20, 15]",Movimiento del dedo
1067,42.68,-2096921,1.7480164176311278e-06,nan,-,-,-,-,Movimiento,"[50, 20, 15]",Movimiento del dedo
1068,42.72,-2096921,1.7480164176311278e-06,nan,-,-,-,-,Movimiento,"[50, 20, 15]",Movimiento del dedo
1069,42.76,-2096921,1.7480164176311278e-06,nan,-,-,-,-,Movimiento,"[50, 20, 15]",Movimiento del dedo
1070,42.8,-2096921,1.7480164176311278e-06,nan,-,-,-,-,Movimiento,"[50, 20, 15]",Movimiento del dedo
1071,42.84,-2096921,1.7480164176311278e-06,nan,-,-,-,-,Movimiento,"[50, 20, 15]",Movimiento del dedo
1072,42.88,-2096921,1.7480164176311278e-06,nan,-,-,-,-,Movimiento,"[50, 20, 15]",Movimiento del dedo
1073,42.92,-2096921,1.7480164176311278e-06,nan,-,-,-,-,Movimiento,"[50, 20, 15]",Movimiento del dedo
1074,42.96,-2096921,1.7480164176311278e-06,nan,-,-,-,-,Movimiento,"[50, 20, 15]",Movimiento del dedo
1075,43.0,-2096921,1.7480164176311278e-06,nan,-,-,-,-,Movimiento,"[50, 20, 15]",Movimiento del dedo
1076,43.04,-2096921,1.7480164176311278e-06,nan,-,-,-,-,Movimiento,"[50, 20, 15]",Movimiento del dedo
1077,43.08,-2096921,1.7480164176311278e-06,nan,-,-,-,-,Movimiento,"[50, 20, 15]",Movimiento del dedo
1078,43.12,-2096921,1.7480164176311278e-06,nan,-,-,-,-,Movimiento,"[50, 20, 15]",Movimiento del dedo
1079,43.16,-2096921,1.7480164176311278e-06,nan,-,-,-,-,Movimiento,"[50, 20, 15]",Movimiento del dedo
1080,43.2,-2096921,1.7480164176311278e-06,nan,-,-,-,-,Movimiento,"[50, 20, 15]",Movimiento del dedo
1081,43.24,-2096921,1.7480164176311278e-06,nan,-,-,-,-,Movimiento,"[50, 20, 15]",Movimiento del dedo
1082,43.28,-2096921,1.7480164176311278e-06,nan,-,-,-,-,Movimiento,"[50, 20, 15]",Movimiento del dedo
1083,43.32,-2096921,1.7480164176311278e-06,nan,-,-,-,-,Movimiento,"[50, 20, 15]",Movimiento del dedo
1084,43.36,-2096921,1.7480164176311278e-06,nan,-,-,-,-,Movimiento,"[50, 20, 15]",Movimiento del dedo
1085,43.4,-2096921,1.7480164176311278e-06,nan,-,-,-,-,Movimiento,"[50, 20, 15]",Movimiento del dedo
1086,43.44,-2096921,1.7480164176311278e-06,nan,-,-,-,-,Movimiento,"[50, 20, 15]",Movimiento del dedo
1087,43.48,-2096921,1.7480164176311278e-06,nan,-,-,-,-,Movimiento,"[50, 20, 15]",Movimiento del dedo
1088,43.52,-2096921,1.7480164176311278e-06,nan,-,-,-,-,Movimiento,"[50, 20, 15]",Movimiento del dedo
1089,43.56,-2096921,1.7480164176311278e-06,nan,-,-,-,-,Movimiento,"[50, 20, 15]",Movimiento del dedo
1090,43.6,-2096921,1.7480164176311278e-06,nan,-,-,-,-,Movimiento,"[50, 20, 15]",Movimiento del dedo
1091,43.64,-2096921,1.7480164176311278e-06,nan,-,-,-,-,Movimiento,"[50, 20, 15]",Movimiento del dedo
1092,43.68,-2096921,1.7480164176311278e-06,nan,-,-,-,-,Movimiento,"[50, 20, 15]",Movimiento del dedo
1093,43.72,-2096921,1.7480164176311278e-06,nan,-,-,-,-,Movimiento,"[50, 20, 15]",Movimiento del dedo
1094,43.76,-2096921,1.7480164176311278e-06,nan,-,-,-,-,Movimiento,"[50, 20, 15]",Movimiento del dedo
1095,43.8,-2096921,1.7480164176311278e-06,nan,-,-,-,-,Movimiento,"[50, 20, 15]",Movimiento del dedo
1096,43.84,-2096921,1.7480164176311278e-06,nan,-,-,-,-,Movimiento,"[50, 20, 15]",Movimiento del dedo
1097,43.88,-2096921,1.7480164176311278e-06,nan,-,-,-,-,Movimiento,"[50, 20, 15]",Movimiento del dedo
1098,43.92,-2096921,1.7480164176311278e-06,nan,-,-,-,-,Movimiento,"[50, 20, 15]",Movimiento del dedo
1099,43.96,-2096921,1.7480164176311278e-06,nan,-,-,-,-,Movimiento,"[50, 20, 15]",Movimiento del dedo
1100,44.0,-2096921,1.7480164176311278e-06,nan,-,-,-,-,Movimiento,"[50, 20, 15]",Movimiento del dedo
1101,44.04,-2096921,1.7480164176311278e-06,nan,-,-,-,-,Movimiento,"[50, 20, 15]",Movimiento del dedo
1102,44.08,-2096921,1.7480164176311278e-06,nan,-,-,-,-,Movimiento,"[50, 20, 15]",Movimiento del dedo
1103,44.12,-2096921,1.7480164176311278e-06,nan,-,-,-,-,Movimiento,"[50, 20, 15]",Movimiento del dedo
1104,44.16,-2096921,1.7480164176311278e-06,nan,-,-,-,-,Movimiento,"[50, 20, 15]",Movimiento del dedo
1105,44.2,-2096921,1.7480164176311278e-06,nan,-,-,-,-,Movimiento,"[50, 20, 15]",Movimiento del dedo
1106,44.24,-2096921,1.7480164176311278e-06,nan,-,-,-,-,Movimiento,"[50, 20, 15]",Movimiento del dedo
1107,44.28,-2096921,1.7480164176311278e-06,nan,-,-,-,-,Movimiento,"[50, 20, 15]",Movimiento del dedo
1108,44.32,-2096921,1.7480164176311278e-06,nan,-,-,-,-,Movimiento,"[50, 20, 15]",Movimiento del dedo
1109,44.36,-1930793,-41939.20736365033,nan,-,-,-,-,Movimiento,"[50, 20, 15]",Movimiento del dedo
1110,44.4,-1243278,-214944.93034615382,nan,-,-,-,-,Movimiento,"[50, 20, 15]",Movimiento del dedo
1111,44.44,-1245699,-210950.33188376774,nan,-,-,-,-,Movimiento,"[50, 20, 15]",Movimiento del dedo
1112,44.48,-1245785,-204995.91692904802,nan,-,-,-,-,Movimiento,"[50, 20, 15]",Movimiento del dedo
1113,44.52,-1252368,-195353.35938387478,nan,-,-,-,-,Movimiento,"[50, 20, 15]",Movimiento del dedo
1114,44.56,-1253846,-185716.24593996955,nan,-,-,-,-,Movimiento,"[50, 20, 15]",Movimiento del dedo
1115,44.6,-1257203,-175300.14579703988,nan,-,-,-,-,Movimiento,"[50, 20, 15]",Movimiento del dedo
1116,44.64,-1253320,-167576.91079522367,nan,-,-,-,-,Movimiento,"[50, 20, 15]",Movimiento del dedo
1117,44.68,-1251724,-161363.8520762829,nan,-,-,-,-,Movimiento,"[50, 20, 15]",Movimiento del dedo
1118,44.72,-1246038,-159388.06274152244,nan,-,-,-,-,Movimiento,"[50, 20, 15]",Movimiento del dedo
1119,44.76,-1245899,-159913.15853460302,nan,-,-,-,-,Movimiento,"[50, 20, 15]",Movimiento del dedo
1120,44.8,-1247928,-163690.87057948514,nan,-,-,-,-,Movimiento,"[50, 20, 15]",Movimiento del dedo
1121,44.84,-1250395,-89202.73136699255,nan,-,-,-,-,Movimiento,"[50, 20, 15]",Movimiento del dedo
1122,44.88,-1255009,236647.1554362765,nan,-,-,-,-,Movimiento,"[50, 20, 15]",Movimiento del dedo
1123,44.92,-1257665,220293.306240504,nan,-,-,-,-,Movimiento,"[50, 20, 15]",Movimiento del dedo
1124,44.96,-1260755,207417.166184458,nan,-,-,-,-,Movimiento,"[50, 20, 15]",Movimiento del dedo
1125,45.0,-1262520,193390.47692371887,nan,nan,-,-,-,-,"[50, 20, 15]",-
1126,45.04,-1270440,185620.73931764156,nan,-,-,-,-,-,"[50, 20, 15]",-
1127,45.08,-1272717,177278.36883636142,nan,-,-,-,-,-,"[50, 20, 15]",-
1128,45.12,-1273942,173520.98991072288,nan,-,-,-,-,-,"[50, 20, 15]",-
1129,45.16,-1274387,169270.52742490708,nan,-,-,-,-,-,"[50, 20, 15]",-
1130,45.2,-1263410,164590.76759505967,nan,-,-,-,-,-,"[50, 20, 15]",-
1131,45.24,-1256816,158488.80675247047,nan,-,-,-,-,-,"[50, 20, 15]",-
1132,45.28,-1256177,152877.41183629617,nan,-,-,-,-,-,"[50, 20, 15]",-
1133,45.32,-1257804,147555.463820187,nan,-,-,-,-,-,"[50, 20, 15]",-
1134,45.36,-1260140,141227.00440914626,nan,-,-,-,-,-,"[50, 20, 15]",-
1135,45.4,-1263387,135931.22819426903,nan,-,-,-,-,-,"[50, 20, 15]",-
1136,45.44,-1297080,137939.59663297026,nan,-,-,-,-,-,"[50, 20, 15]",-
1137,45.48,-1419481,162732.3599590756,nan,-,-,-,-,-,"[50, 20, 15]",-
1138,45.52,-2096921,324015.1038477502,nan,-,-,-,-,-,"[50, 20, 15]",-
1139,45.56,-2096921,314257.934976598,nan,-,-,-,-,-,"[50, 20, 15]",-
1140,45.6,-2096921,302504.94576342666,nan,-,-,-,-,-,"[50, 20, 15]",-
1141,45.64,-2096921,289177.2430757608,nan,-,-,-,-,-,"[50, 20, 15]",-
1142,45.68,-2096921,280247.9627948922,nan,-,-,-,-,-,"[50, 20, 15]",-
1143,45.72,-2096921,268941.77270774485,nan,-,-,-,-,-,"[50, 20, 15]",-
1144,45.76,-2096921,255727.4417684881,nan,-,-,-,-,-,"[50, 20, 15]",-
1145,45.8,-2096921,243680.76320382688,nan,-,-,-,-,-,"[50, 20, 15]",-
1146,45.84,-2096921,234651.9506009994,nan,-,-,-,-,-,"[50, 20, 15]",-
1147,45.88,-2096921,229192.47583748566,nan,-,-,-,-,-,"[50, 20, 15]",-
1148,45.92,-2096921,212822.54607345152,nan,-,-,-,-,-,"[50, 20, 15]",-
1149,45.96,-2096921,-205580.71688759862,nan,-,-,-,-,-,"[50, 20, 15]",-
1150,46.0,-2096921,-82931.94617266631,nan,-,-,-,-,-,"[50, 20, 15]",-
1151,46.04,-2096921,-67391.1867190728,nan,-,-,-,-,-,"[50, 20, 15]",-
1152,46.08,-2096921,-52203.82212270743,nan,-,-,-,-,-,"[50, 20, 15]",-
1153,46.12,-2096921,-37271.987538781075,nan,-,-,-,-,-,"[50, 20, 15]",-
1154,46.16,-2096921,-22871.69245877657,nan,-,-,-,-,-,"[50, 20, 15]",-
1155,46.2,-2096921,-130512.50603843776,nan,-,-,-,-,-,"[50, 20, 15]",-
1156,46.24,-2096921,-128283.21266251376,nan,-,-,-,-,-,"[50, 20, 15]",-
1157,46.28,-2096921,-126856.98154833054,nan,-,-,-,-,-,"[50, 20, 15]",-
1158,46.32,-2096921,-125819.00616937557,nan,-,-,-,-,-,"[50, 20, 15]",-
1159,46.36,-2096921,-124838.51642547209,nan,-,-,-,-,-,"[50, 20, 15]",-
1160,46.4,-2096921,-123682.37027922615,nan,-,-,-,-,-,"[50, 20, 15]",-
1161,46.44,-2096921,-122212.70415954276,nan,-,-,-,-,-,"[50, 20, 15]",-
1162,46.48,-2096921,-120373.91994831848,nan,-,-,-,-,-,"[50, 20, 15]",-
1163,46.52,-2096921,-118173.89654876679,nan,-,-,-,-,-,"[50, 20, 15]",-
1164,46.56,-2096921,-115663.47001880076,nan,-,-,-,-,-,"[50, 20, 15]",-
1165,46.6,-2096921,-112917.16799552973,nan,-,-,-,-,-,"[50, 20, 15]",-
1166,46.64,-2096921,-110017.10275507018,nan,-,-,-,-,-,"[50, 20, 15]",-
1167,46.68,-2096921,-107040.95761717611,nan,-,-,-,-,-,"[50, 20, 15]",-
1168,46.72,-2096921,-104054.22324198869,nan,-,-,-,-,-,"[50, 20, 15]",-
1169,46.76,-2096921,-101106.2862797695,nan,-,-,-,-,-,"[50, 20, 15]",-
1170,46.8,-2096921,-98229.63852383329,nan,-,-,-,-,-,"[50, 20, 15]",-
1171,46.84,-2096921,-102440.36611018659,nan,-,-,-,-,-,"[50, 20, 15]",-
1172,46.88,-2096921,-128575.03982208893,nan,-,-,-,-,-,"[50, 20, 15]",-
1173,46.92,-2096921,-125161.31314959424,nan,-,-,-,-,-,"[50, 20, 15]",-
1174,46.96,-2096921,-121872.73180350136,nan,-,-,-,-,-,"[50, 20, 15]",-
1175,47.0,-2096921,-118321.18982639712,nan,-,-,-,-,-,"[50, 20, 15]",-
1176,47.04,-2096921,-114986.27689713328,nan,-,-,-,-,-,"[50, 20, 15]",-
1177,47.08,-2096921,-111556.97166459894,nan,-,-,-,-,-,"[50, 20, 15]",-
1178,47.12,-2096921,-108408.4984704765,nan,-,-,-,-,-,"[50, 20, 15]",-
1179,47.16,-2096921,-105126.06072798687,nan,-,-,-,-,-,"[50, 20, 15]",-
1180,47.2,-2096921,-101974.9757935903,nan,-,-,-,-,-,"[50, 20, 15]",-
1181,47.24,-2096921,-98543.22597324758,nan,-,-,-,-,-,"[50, 20, 15]",-
1182,47.28,-2096921,-94976.587012972,nan,-,-,-,-,-,"[50, 20, 15]",-
1183,47.32,-2096921,-81785.59741678287,nan,-,-,-,-,-,"[50, 20, 15]",-
1184,47.36,-2096921,-38471.693718055874,nan,-,-,-,-,-,"[50, 20, 15]",-
1185,47.4,-2096921,-35056.280302592895,nan,-,-,-,-,-,"[50, 20, 15]",-
1186,47.44,-2096921,-31581.596197744635,nan,-,-,-,-,-,"[50, 20, 15]",-
1187,47.48,-2096921,-28631.658316710687,nan,-,-,-,-,-,"[50, 20, 15]",-
1188,47.52,-2096921,-25221.913479500996,nan,-,-,-,-,-,"[50, 20, 15]",-
1189,47.56,-2096921,-22256.34383628088,nan,-,-,-,-,-,"[50, 20, 15]",-
1190,47.6,-2096921,-19011.391799906847,nan,-,-,-,-,-,"[50, 20, 15]",-
1191,47.64,-2096921,-16023.101520938688,nan,-,-,-,-,-,"[50, 20, 15]",-
1192,47.68,-2096921,-13371.208817484487,nan,-,-,-,-,-,"[50, 20, 15]",-
1193,47.72,-2096921,-10934.959481804286,nan,-,-,-,-,-,"[50, 20, 15]",-
1194,47.76,-2096921,-8455.07368725115,nan,-,-,-,-,-,"[50, 20, 15]",-
1195,47.8,-2096921,-5990.0424232140185,nan,-,-,-,-,-,"[50, 20, 15]",-
1196,47.84,-2096921,-3703.85362427441,nan,-,-,-,-,-,"[50, 20, 15]",-
1197,47.88,-2096921,-1350.260749657528,nan,-,-,-,-,-,"[50, 20, 15]",-
1198,47.92,-2096921,2178.155286623486,nan,-,-,-,-,-,"[50, 20, 15]",-
1199,47.96,-2096921,9414.00391572547,nan,-,-,-,-,-,"[50, 20, 15]",-
1200,48.0,-2096921,39500.55903518561,nan,nan,-,-,-,Movimiento,"[50, 20, 15]",Movimiento del dedo
1201,48.04,-2096921,40735.74672145245,nan,-,-,-,-,Movimiento,"[50, 20, 15]",Movimiento del dedo
1202,48.08,-2096921,41906.29131012184,nan,-,-,-,-,Movimiento,"[50, 20, 15]",Movimiento del dedo
1203,48.12,-2096921,42996.636761547576,nan,-,-,-,-,Movimiento,"[50, 20, 15]",Movimiento del dedo
1204,48.16,-2096921,44619.462577554565,nan,-,-,-,-,Movimiento,"[50, 20, 15]",Movimiento del dedo
1205,48.2,-2096921,45863.06070562254,nan,-,-,-,-,Movimiento,"[50, 20, 15]",Movimiento del dedo
1206,48.24,-2096921,46635.84876479009,nan,-,-,-,-,Movimiento,"[50, 20, 15]",Movimiento del dedo
1207,48.28,-2096921,47150.061680349376,nan,-,-,-,-,Movimiento,"[50, 20, 15]",Movimiento del dedo
1208,48.32,-2096921,47495.547236708444,nan,-,-,-,-,Movimiento,"[50, 20, 15]",Movimiento del dedo
1209,48.36,-2096921,47661.00216625066,nan,-,-,-,-,Movimiento,"[50, 20, 15]",Movimiento del dedo
1210,48.4,-2096921,45946.46439855728,nan,-,-,-,-,Movimiento,"[50, 20, 15]",Movimiento del dedo
1211,48.44,-2096921,39002.70465666524,nan,-,-,-,-,Movimiento,"[50, 20, 15]",Movimiento del dedo
1212,48.48,-2096921,1.7480164176311278e-06,nan,-,-,-,-,Movimiento,"[50, 20, 15]",Movimiento del dedo
1213,48.52,-2096921,1.7480164176311278e-06,nan,-,-,-,-,Movimiento,"[50, 20, 15]",Movimiento del dedo
1214,48.56,-2096921,1.7480164176311278e-06,nan,-,-,-,-,Movimiento,"[50, 20, 15]",Movimiento del dedo
1215,48.6,-2096921,1.7480164176311278e-06,nan,-,-,-,-,Movimiento,"[50, 20, 15]",Movimiento del dedo
1216,48.64,-2096921,1.7480164176311278e-06,nan,-,-,-,-,Movimiento,"[50, 20, 15]",Movimiento del dedo
1217,48.68,-2096921,1.7480164176311278e-06,nan,-,-,-,-,Movimiento,"[50, 20, 15]",Movimiento del dedo
1218,48.72,-2096921,1.7480164176311278e-06,nan,-,-,-,-,Movimiento,"[50, 20, 15]",Movimiento del dedo
1219,48.76,-2096921,1.7480164176311278e-06,nan,-,-,-,-,Movimiento,"[50, 20, 15]",Movimiento del dedo
1220,48.8,-2096921,1.7480164176311278e-06,nan,-,-,-,-,Movimiento,"[50, 20, 15]",Movimiento del dedo
1221,48.84,-2096921,1.7480164176311278e-06,nan,-,-,-,-,Movimiento,"[50, 20, 15]",Movimiento del dedo
1222,48.88,-2096921,1.7480164176311278e-06,nan,-,-,-,-,Movimiento,"[50, 20, 15]",Movimiento del dedo
1223,48.92,-2096921,1.7480164176311278e-06,nan,-,-,-,-,Movimiento,"[50, 20, 15]",Movimiento del dedo
1224,48.96,-2096921,1.7480164176311278e-06,nan,-,-,-,-,Movimiento,"[50, 20, 15]",Movimiento del dedo
1225,49.0,-2096921,1.7480164176311278e-06,nan,-,-,-,-,Movimiento,"[50, 20, 15]",Movimiento del dedo
1226,49.04,-2096921,1.7480164176311278e-06,nan,-,-,-,-,Movimiento,"[50, 20, 15]",Movimiento del dedo
1227,49.08,-2096921,1.7480164176311278e-06,nan,-,-,-,-,Movimiento,"[50, 20, 15]",Movimiento del dedo
1228,49.12,-2096921,1.7480164176311278e-06,nan,-,-,-,-,Movimiento,"[50, 20, 15]",Movimiento del dedo
1229,49.16,-2096921,1.7480164176311278e-06,nan,-,-,-,-,Movimiento,"[50, 20, 15]",Movimiento del dedo
1230,49.2,-2096921,1.7480164176311278e-06,nan,-,-,-,-,Movimiento,"[50, 20, 15]",Movimiento del dedo
1231,49.24,-2096921,1.7480164176311278e-06,nan,-,-,-,-,Movimiento,"[50, 20, 15]",Movimiento del dedo
1232,49.28,-2096921,1.7480164176311278e-06,nan,-,-,-,-,Movimiento,"[50, 20, 15]",Movimiento del dedo
1233,49.32,-2096921,1.7480164176311278e-06,nan,-,-,-,-,Movimiento,"[50, 20, 15]",Movimiento del dedo
1234,49.36,-2096921,1.7480164176311278e-06,nan,-,-,-,-,Movimiento,"[50, 20, 15]",Movimiento del dedo
1235,49.4,-2096921,1.7480164176311278e-06,nan,-,-,-,-,Movimiento,"[50, 20, 15]",Movimiento del dedo
1236,49.44,-2096921,1.7480164176311278e-06,nan,-,-,-,-,Movimiento,"[50, 20, 15]",Movimiento del dedo
1237,49.48,-2096921,1.7480164176311278e-06,nan,-,-,-,-,Movimiento,"[50, 20, 15]",Movimiento del dedo
1238,49.52,-2096921,1.7480164176311278e-06,nan,-,-,-,-,Movimiento,"[50, 20, 15]",Movimiento del dedo
1239,49.56,-2096921,1.7480164176311278e-06,nan,-,-,-,-,Movimiento,"[50, 20, 15]",Movimiento del dedo
1240,49.6,-2096921,1.7480164176311278e-06,nan,-,-,-,-,Movimiento,"[50, 20, 15]",Movimiento del dedo
1241,49.64,-2096921,1.7480164176311278e-06,nan,-,-,-,-,Movimiento,"[50, 20, 15]",Movimiento del dedo
1242,49.68,-2096921,1.7480164176311278e-06,nan,-,-,-,-,Movimiento,"[50, 20, 15]",Movimiento del dedo
1243,49.72,-2096921,1.7480164176311278e-06,nan,-,-,-,-,Movimiento,"[50, 20, 15]",Movimiento del dedo
1244,49.76,-2096921,1.7480164176311278e-06,nan,-,-,-,-,Movimiento,"[50, 20, 15]",Movimiento del dedo
1245,49.8,-2096921,1.7480164176311278e-06,nan,-,-,-,-,Movimiento,"[50, 20, 15]",Movimiento del dedo
1246,49.84,-2096921,1.7480164176311278e-06,nan,-,-,-,-,Movimiento,"[50, 20, 15]",Movimiento del dedo
1247,49.88,-2096921,1.7480164176311278e-06,nan,-,-,-,-,Movimiento,"[50, 20, 15]",Movimiento del dedo
1248,49.92,-2096921,1.7480164176311278e-06,nan,-,-,-,-,Movimiento,"[50, 20, 15]",Movimiento del dedo
1249,49.96,-2096921,1.7480164176311278e-06,nan,-,-,-,-,Movimiento,"[50, 20, 15]",Movimiento del dedo
1250,50.0,-2096921,1.7480164176311278e-06,nan,-,-,-,-,Movimiento,"[50, 20, 15]",Movimiento del dedo
1251,50.04,-2096921,1.7480164176311278e-06,nan,-,-,-,-,Movimiento,"[50, 20, 15]",Movimiento del dedo
1252,50.08,-2096921,1.7480164176311278e-06,nan,-,-,-,-,Movimiento,"[50, 20, 15]",Movimiento del dedo
1253,50.12,-2096921,1.7480164176311278e-06,nan,-,-,-,-,Movimiento,"[50, 20, 15]",Movimiento del dedo
1254,50.16,-2096921,1.7480164176311278e-06,nan,-,-,-,-,Movimiento,"[50, 20, 15]",Movimiento del dedo
1255,50.2,-2096921,1.7480164176311278e-06,nan,-,-,-,-,Movimiento,"[50, 20, 15]",Movimiento del dedo
1256,50.24,-2096921,1.7480164176311278e-06,nan,-,-,-,-,Movimiento,"[50, 20, 15]",Movimiento del dedo
1257,50.28,-2096921,1.7480164176311278e-06,nan,-,-,-,-,Movimiento,"[50, 20, 15]",Movimiento del dedo
1258,50.32,-2096921,1.7480164176311278e-06,nan,-,-,-,-,Movimiento,"[50, 20, 15]",Movimiento del dedo
1259,50.36,-2096921,1.7480164176311278e-06,nan,-,-,-,-,Movimiento,"[50, 20, 15]",Movimiento del dedo
1260,50.4,-2096921,1.7480164176311278e-06,nan,-,-,-,-,Movimiento,"[50, 20, 15]",Movimiento del dedo
1261,50.44,-2096921,1.7480164176311278e-06,nan,-,-,-,-,Movimiento,"[50, 20, 15]",Movimiento del dedo
1262,50.48,-2096921,1.7480164176311278e-06,nan,-,-,-,-,Movimiento,"[50, 20, 15]",Movimiento del dedo
1263,50.52,-2096921,1.7480164176311278e-06,nan,-,-,-,-,Movimiento,"[50, 20, 15]",Movimiento del dedo
1264,50.56,-2096921,1.7480164176311278e-06,nan,-,-,-,-,Movimiento,"[50, 20, 15]",Movimiento del dedo
1265,50.6,-2096921,1.7480164176311278e-06,nan,-,-,-,-,Movimiento,"[50, 20, 15]",Movimiento del dedo
1266,50.64,-2096921,1.7480164176311278e-06,nan,-,-,-,-,Movimiento,"[50, 20, 15]",Movimiento del dedo
1267,50.68,-2096921,1.7480164176311278e-06,nan,-,-,-,-,Movimiento,"[50, 20, 15]",Movimiento del dedo
1268,50.72,-2096921,1.7480164176311278e-06,nan,-,-,-,-,Movimiento,"[50, 20, 15]",Movimiento del dedo
1269,50.76,-2096921,1.7480164176311278e-06,nan,-,-,-,-,Movimiento,"[50, 20, 15]",Movimiento del dedo
1270,50.8,-2096921,1.7480164176311278e-06,nan,-,-,-,-,Movimiento,"[50, 20, 15]",Movimiento del dedo
1271,50.84,-2096921,1.7480164176311278e-06,nan,-,-,-,-,Movimiento,"[50, 20, 15]",Movimiento del dedo
1272,50.88,-2096921,1.7480164176311278e-06,nan,-,-,-,-,Movimiento,"[50, 20, 15]",Movimiento del dedo
1273,50.92,-2096921,1.7480164176311278e-06,nan,-,-,-,-,Movimiento,"[50, 20, 15]",Movimiento del dedo
1274,50.96,-2096921,1.7480164176311278e-06,nan,-,-,-,-,Movimiento,"[50, 20, 15]",Movimiento del dedo
1275,51.0,-2096921,1.7480164176311278e-06,nan,nan,-,-,-,Movimiento,"[50, 20, 15]",Movimiento del dedo
1276,51.04,-2096921,1.7480164176311278e-06,nan,-,-,-,-,Movimiento,"[50, 20, 15]",Movimiento del dedo
1277,51.08,-2096921,1.7480164176311278e-06,nan,-,-,-,-,Movimiento,"[50, 20, 15]",Movimiento del dedo
1278,51.12,-2096921,1.7480164176311278e-06,nan,-,-,-,-,Movimiento,"[50, 20, 15]",Movimiento del dedo
1279,51.16,-2096921,1.7480164176311278e-06,nan,-,-,-,-,Movimiento,"[50, 20, 15]",Movimiento del dedo
1280,51.2,-2096921,1.7480164176311278e-06,nan,-,-,-,-,Movimiento,"[50, 20, 15]",Movimiento del dedo
1281,51.24,-2096921,1.7480164176311278e-06,nan,-,-,-,-,Movimiento,"[50, 20, 15]",Movimiento del dedo
1282,51.28,-2096921,1.7480164176311278e-06,nan,-,-,-,-,Movimiento,"[50, 20, 15]",Movimiento del dedo
1283,51.32,-2096921,1.7480164176311278e-06,nan,-,-,-,-,Movimiento,"[50, 20, 15]",Movimiento del dedo
1284,51.36,-2096921,1.7480164176311278e-06,nan,-,-,-,-,Movimiento,"[50, 20, 15]",Movimiento del dedo
1285,51.4,-2096921,1.7480164176311278e-06,nan,-,-,-,-,Movimiento,"[50, 20, 15]",Movimiento del dedo
1286,51.44,-2096921,1.7480164176311278e-06,nan,-,-,-,-,Movimiento,"[50, 20, 15]",Movimiento del dedo
1287,51.48,-2096921,1.7480164176311278e-06,nan,-,-,-,-,Movimiento,"[50, 20, 15]",Movimiento del dedo
1288,51.52,-2096921,1.7480164176311278e-06,nan,-,-,-,-,Movimiento,"[50, 20, 15]",Movimiento del dedo
1289,51.56,-2096921,1.7480164176311278e-06,nan,-,-,-,-,Movimiento,"[50, 20, 15]",Movimiento del dedo
1290,51.6,-2096921,1.7480164176311278e-06,nan,-,-,-,-,Movimiento,"[50, 20, 15]",Movimiento del dedo
1291,51.64,-2096921,1.7480164176311278e-06,nan,-,-,-,-,Movimiento,"[50, 20, 15]",Movimiento del dedo
1292,51.68,-2096921,1.7480164176311278e-06,nan,-,-,-,-,Movimiento,"[50, 20, 15]",Movimiento del dedo
1293,51.72,-2096921,1.7480164176311278e-06,nan,-,-,-,-,Movimiento,"[50, 20, 15]",Movimiento del dedo
1294,51.76,-2096921,1.7480164176311278e-06,nan,-,-,-,-,Movimiento,"[50, 20, 15]",Movimiento del dedo
1295,51.8,-2096921,1.7480164176311278e-06,nan,-,-,-,-,Movimiento,"[50, 20, 15]",Movimiento del dedo
1296,51.84,-2096921,1.7480164176311278e-06,nan,-,-,-,-,Movimiento,"[50, 20, 15]",Movimiento del dedo
1297,51.88,-2096921,1.7480164176311278e-06,nan,-,-,-,-,Movimiento,"[50, 20, 15]",Movimiento del dedo
1298,51.92,-2096921,1.7480164176311278e-06,nan,-,-,-,-,Movimiento,"[50, 20, 15]",Movimiento del dedo
1299,51.96,-2096921,1.7480164176311278e-06,nan,-,-,-,-,Movimiento,"[50, 20, 15]",Movimiento del dedo
1300,52.0,-2096921,1.7480164176311278e-06,nan,-,-,-,-,Movimiento,"[50, 20, 15]",Movimiento del dedo
1301,52.04,-2096921,1.7480164176311278e-06,nan,-,-,-,-,Movimiento,"[50, 20, 15]",Movimiento del dedo
1302,52.08,-2096921,1.7480164176311278e-06,nan,-,-,-,-,Movimiento,"[50, 20, 15]",Movimiento del dedo
1303,52.12,-2096921,1.7480164176311278e-06,nan,-,-,-,-,Movimiento,"[50, 20, 15]",Movimiento del dedo
1304,52.16,-2096921,1.7480164176311278e-06,nan,-,-,-,-,Movimiento,"[50, 20, 15]",Movimiento del dedo
1305,52.2,-2096921,1.7480164176311278e-06,nan,-,-,-,-,Movimiento,"[50, 20, 15]",Movimiento del dedo
1306,52.24,-2096921,1.7480164176311278e-06,nan,-,-,-,-,Movimiento,"[50, 20, 15]",Movimiento del dedo
1307,52.28,-2096921,1.7480164176311278e-06,nan,-,-,-,-,Movimiento,"[50, 20, 15]",Movimiento del dedo
1308,52.32,-2096921,1.7480164176311278e-06,nan,-,-,-,-,Movimiento,"[50, 20, 15]",Movimiento del dedo
1309,52.36,-2096921,1.7480164176311278e-06,nan,-,-,-,-,Movimiento,"[50, 20, 15]",Movimiento del dedo
1310,52.4,-2096921,1.7480164176311278e-06,nan,-,-,-,-,Movimiento,"[50, 20, 15]",Movimiento del dedo
1311,52.44,-2096921,1.7480164176311278e-06,nan,-,-,-,-,Movimiento,"[50, 20, 15]",Movimiento del dedo
1312,52.48,-2096921,1.7480164176311278e-06,nan,-,-,-,-,Movimiento,"[50, 20, 15]",Movimiento del dedo
1313,52.52,-2096921,1.7480164176311278e-06,nan,-,-,-,-,Movimiento,"[50, 20, 15]",Movimiento del dedo
1314,52.56,-2096921,1.7480164176311278e-06,nan,-,-,-,-,Movimiento,"[50, 20, 15]",Movimiento del dedo
1315,52.6,-2096921,1.7480164176311278e-06,nan,-,-,-,-,Movimiento,"[50, 20, 15]",Movimiento del dedo
1316,52.64,-2096921,1.7480164176311278e-06,nan,-,-,-,-,Movimiento,"[50, 20, 15]",Movimiento del dedo
1317,52.68,-2096921,1.7480164176311278e-06,nan,-,-,-,-,Movimiento,"[50, 20, 15]",Movimiento del dedo
1318,52.72,-2096921,1.7480164176311278e-06,nan,-,-,-,-,Movimiento,"[50, 20, 15]",Movimiento del dedo
1319,52.76,-2096921,1.7480164176311278e-06,nan,-,-,-,-,Movimiento,"[50, 20, 15]",Movimiento del dedo
1320,52.8,-2096921,1.7480164176311278e-06,nan,-,-,-,-,Movimiento,"[50, 20, 15]",Movimiento del dedo
1321,52.84,-2096921,1.7480164176311278e-06,nan,-,-,-,-,Movimiento,"[50, 20, 15]",Movimiento del dedo
1322,52.88,-2096921,1.7480164176311278e-06,nan,-,-,-,-,Movimiento,"[50, 20, 15]",Movimiento del dedo
1323,52.92,-2096921,1.7480164176311278e-06,nan,-,-,-,-,Movimiento,"[50, 20, 15]",Movimiento del dedo
1324,52.96,-2096921,1.7480164176311278e-06,nan,-,-,-,-,Movimiento,"[50, 20, 15]",Movimiento del dedo
1325,53.0,-2096921,1.7480164176311278e-06,nan,-,-,-,-,Movimiento,"[50, 20, 15]",Movimiento del dedo
1326,53.04,-2096921,1.7480164176311278e-06,nan,-,-,-,-,Movimiento,"[50, 20, 15]",Movimiento del dedo
1327,53.08,-2096921,1.7480164176311278e-06,nan,-,-,-,-,Movimiento,"[50, 20, 15]",Movimiento del dedo
1328,53.12,-2096921,1.7480164176311278e-06,nan,-,-,-,-,Movimiento,"[50, 20, 15]",Movimiento del dedo
1329,53.16,-2096921,1.7480164176311278e-06,nan,-,-,-,-,Movimiento,"[50, 20, 15]",Movimiento del dedo
1330,53.2,-2096921,1.7480164176311278e-06,nan,-,-,-,-,Movimiento,"[50, 20, 15]",Movimiento del dedo
1331,53.24,-2096921,1.7480164176311278e-06,nan,-,-,-,-,Movimiento,"[50, 20, 15]",Movimiento del dedo
1332,53.28,-2096921,1.7480164176311278e-06,nan,-,-,-,-,Movimiento,"[50, 20, 15]",Movimiento del dedo
1333,53.32,-2096921,1.7480164176311278e-06,nan,-,-,-,-,Movimiento,"[50, 20, 15]",Movimiento del dedo
1334,53.36,-2096921,1.7480164176311278e-06,nan,-,-,-,-,Movimiento,"[50, 20, 15]",Movimiento del dedo
1335,53.4,-2096921,1.7480164176311278e-06,nan,-,-,-,-,Movimiento,"[50, 20, 15]",Movimiento del dedo
1336,53.44,-2096921,1.7480164176311278e-06,nan,-,-,-,-,Movimiento,"[50, 20, 15]",Movimiento del dedo
1337,53.48,-2096921,1.7480164176311278e-06,nan,-,-,-,-,Movimiento,"[50, 20, 15]",Movimiento del dedo
1338,53.52,-2096921,1.7480164176311278e-06,nan,-,-,-,-,Movimiento,"[50, 20, 15]",Movimiento del dedo
1339,53.56,-2096921,1.7480164176311278e-06,nan,-,-,-,-,Movimiento,"[50, 20, 15]",Movimiento del dedo
1340,53.6,-2096921,1.7480164176311278e-06,nan,-,-,-,-,Movimiento,"[50, 20, 15]",Movimiento del dedo
1341,53.64,-2096921,1.7480164176311278e-06,nan,-,-,-,-,Movimiento,"[50, 20, 15]",Movimiento del dedo
1342,53.68,-2096921,1.7480164176311278e-06,nan,-,-,-,-,Movimiento,"[50, 20, 15]",Movimiento del dedo
1343,53.72,-2096921,1.7480164176311278e-06,nan,-,-,-,-,Movimiento,"[50, 20, 15]",Movimiento del dedo
1344,53.76,-2096921,1.7480164176311278e-06,nan,-,-,-,-,Movimiento,"[50, 20, 15]",Movimiento del dedo
1345,53.8,-2096921,1.7480164176311278e-06,nan,-,-,-,-,Movimiento,"[50, 20, 15]",Movimiento del dedo
1346,53.84,-2096921,1.7480164176311278e-06,nan,-,-,-,-,Movimiento,"[50, 20, 15]",Movimiento del dedo
1347,53.88,-2096921,1.7480164176311278e-06,nan,-,-,-,-,Movimiento,"[50, 20, 15]",Movimiento del dedo
1348,53.92,-2096921,1.7480164176311278e-06,nan,-,-,-,-,Movimiento,"[50, 20, 15]",Movimiento del dedo
1349,53.96,-2096921,1.7480164176311278e-06,nan,-,-,-,-,Movimiento,"[50, 20, 15]",Movimiento del dedo
1350,54.0,-2096921,1.7480164176311278e-06,nan,nan,-,-,-,Movimiento,"[50, 20, 15]",Movimiento del dedo
1351,54.04,-2096921,1.7480164176311278e-06,nan,-,-,-,-,Movimiento,"[50, 20, 15]",Movimiento del dedo
1352,54.08,-2096921,1.7480164176311278e-06,nan,-,-,-,-,Movimiento,"[50, 20, 15]",Movimiento del dedo
1353,54.12,-2096921,1.7480164176311278e-06,nan,-,-,-,-,Movimiento,"[50, 20, 15]",Movimiento del dedo
1354,54.16,-2096921,1.7480164176311278e-06,nan,-,-,-,-,Movimiento,"[50, 20, 15]",Movimiento del dedo
1355,54.2,-2096921,1.7480164176311278e-06,nan,-,-,-,-,Movimiento,"[50, 20, 15]",Movimiento del dedo
1356,54.24,-2096921,1.7480164176311278e-06,nan,-,-,-,-,Movimiento,"[50, 20, 15]",Movimiento del dedo
1357,54.28,-2096921,1.7480164176311278e-06,nan,-,-,-,-,Movimiento,"[50, 20, 15]",Movimiento del dedo
1358,54.32,-2096921,1.7480164176311278e-06,nan,-,-,-,-,Movimiento,"[50, 20, 15]",Movimiento del dedo
1359,54.36,-2096921,1.7480164176311278e-06,nan,-,-,-,-,Movimiento,"[50, 20, 15]",Movimiento del dedo
1360,54.4,-2096921,1.7480164176311278e-06,nan,-,-,-,-,Movimiento,"[50, 20, 15]",Movimiento del dedo
1361,54.44,-2096921,1.7480164176311278e-06,nan,-,-,-,-,Movimiento,"[50, 20, 15]",Movimiento del dedo
1362,54.48,-2096921,1.7480164176311278e-06,nan,-,-,-,-,Movimiento,"[50, 20, 15]",Movimiento del dedo
1363,54.52,-2096921,1.7480164176311278e-06,nan,-,-,-,-,Movimiento,"[50, 20, 15]",Movimiento del dedo
1364,54.56,-2096921,1.7480164176311278e-06,nan,-,-,-,-,Movimiento,"[50, 20, 15]",Movimiento del dedo
1365,54.6,-2096921,1.7480164176311278e-06,nan,-,-,-,-,Movimiento,"[50, 20, 15]",Movimiento del dedo
1366,54.64,-2096921,1.7480164176311278e-06,nan,-,-,-,-,Movimiento,"[50, 20, 15]",Movimiento del dedo
1367,54.68,-2096921,1.7480164176311278e-06,nan,-,-,-,-,Movimiento,"[50, 20, 15]",Movimiento del dedo
1368,54.72,-2096921,1.7480164176311278e-06,nan,-,-,-,-,Movimiento,"[50, 20, 15]",Movimiento del dedo
1369,54.76,-2096921,1.7480164176311278e-06,nan,-,-,-,-,Movimiento,"[50, 20, 15]",Movimiento del dedo
1370,54.8,-2096921,1.7480164176311278e-06,nan,-,-,-,-,Movimiento,"[50, 20, 15]",Movimiento del dedo
1371,54.84,-2096921,1.7480164176311278e-06,nan,-,-,-,-,Movimiento,"[50, 20, 15]",Movimiento del dedo
1372,54.88,-2096921,1.7480164176311278e-06,nan,-,-,-,-,Movimiento,"[50, 20, 15]",Movimiento del dedo
1373,54.92,-2096921,1.7480164176311278e-06,nan,-,-,-,-,Movimiento,"[50, 20, 15]",Movimiento del dedo
1374,54.96,-2096921,1.7480164176311278e-06,nan,-,-,-,-,Movimiento,"[50, 20, 15]",Movimiento del dedo
1375,55.0,-2096921,1.7480164176311278e-06,nan,-,-,-,-,Movimiento,"[50, 20, 15]",Movimiento del dedo
1376,55.04,-2096921,1.7480164176311278e-06,nan,-,-,-,-,Movimiento,"[50, 20, 15]",Movimiento del dedo
1377,55.08,-2096921,1.7480164176311278e-06,nan,-,-,-,-,Movimiento,"[50, 20, 15]",Movimiento del dedo
1378,55.12,-2096921,1.7480164176311278e-06,nan,-,-,-,-,Movimiento,"[50, 20, 15]",Movimiento del dedo
1379,55.16,-2096921,1.7480164176311278e-06,nan,-,-,-,-,Movimiento,"[50, 20, 15]",Movimiento del dedo
1380,55.2,-2096921,1.7480164176311278e-06,nan,-,-,-,-,Movimiento,"[50, 20, 15]",Movimiento del dedo
1381,55.24,-2096921,1.7480164176311278e-06,nan,-,-,-,-,Movimiento,"[50, 20, 15]",Movimiento del dedo
1382,55.28,-2096921,1.7480164176311278e-06,nan,-,-,-,-,Movimiento,"[50, 20, 15]",Movimiento del dedo
1383,55.32,-2096921,1.7480164176311278e-06,nan,-,-,-,-,Movimiento,"[50, 20, 15]",Movimiento del dedo
1384,55.36,-2096921,1.7480164176311278e-06,nan,-,-,-,-,Movimiento,"[50, 20, 15]",Movimiento del dedo
1385,55.4,-2096921,1.7480164176311278e-06,nan,-,-,-,-,Movimiento,"[50, 20, 15]",Movimiento del dedo
1386,55.44,-2096921,1.7480164176311278e-06,nan,-,-,-,-,Movimiento,"[50, 20, 15]",Movimiento del dedo
1387,55.48,-2096921,1.7480164176311278e-06,nan,-,-,-,-,Movimiento,"[50, 20, 15]",Movimiento del dedo
1388,55.52,-2096921,1.7480164176311278e-06,nan,-,-,-,-,Movimiento,"[50, 20, 15]",Movimiento del dedo
1389,55.56,-2096921,1.7480164176311278e-06,nan,-,-,-,-,Movimiento,"[50, 20, 15]",Movimiento del dedo
1390,55.6,-2096921,1.7480164176311278e-06,nan,-,-,-,-,Movimiento,"[50, 20, 15]",Movimiento del dedo
1391,55.64,-2096921,1.7480164176311278e-06,nan,-,-,-,-,Movimiento,"[50, 20, 15]",Movimiento del dedo
1392,55.68,-2096921,1.7480164176311278e-06,nan,-,-,-,-,Movimiento,"[50, 20, 15]",Movimiento del dedo
1393,55.72,-2096921,1.7480164176311278e-06,nan,-,-,-,-,Movimiento,"[50, 20, 15]",Movimiento del dedo
1394,55.76,-2096921,1.7480164176311278e-06,nan,-,-,-,-,Movimiento,"[50, 20, 15]",Movimiento del dedo
1395,55.8,-2096921,1.7480164176311278e-06,nan,-,-,-,-,Movimiento,"[50, 20, 15]",Movimiento del dedo
1396,55.84,-2096921,1.7480164176311278e-06,nan,-,-,-,-,Movimiento,"[50, 20, 15]",Movimiento del dedo
1397,55.88,-2096921,1.7480164176311278e-06,nan,-,-,-,-,Movimiento,"[50, 20, 15]",Movimiento del dedo
1398,55.92,-2096921,1.7480164176311278e-06,nan,-,-,-,-,Movimiento,"[50, 20, 15]",Movimiento del dedo
1399,55.96,-2096921,1.7480164176311278e-06,nan,-,-,-,-,Movimiento,"[50, 20, 15]",Movimiento del dedo
1400,56.0,-2096921,1.7480164176311278e-06,nan,-,-,-,-,Movimiento,"[50, 20, 15]",Movimiento del dedo
1401,56.04,-2096921,1.7480164176311278e-06,nan,-,-,-,-,Movimiento,"[50, 20, 15]",Movimiento del dedo
1402,56.08,-2096921,1.7480164176311278e-06,nan,-,-,-,-,Movimiento,"[50, 20, 15]",Movimiento del dedo
1403,56.12,-2096921,1.7480164176311278e-06,nan,-,-,-,-,Movimiento,"[50, 20, 15]",Movimiento del dedo
1404,56.16,-2096921,1.7480164176311278e-06,nan,-,-,-,-,Movimiento,"[50, 20, 15]",Movimiento del dedo
1405,56.2,-2096921,1.7480164176311278e-06,nan,-,-,-,-,Movimiento,"[50, 20, 15]",Movimiento del dedo
1406,56.24,-2096921,1.7480164176311278e-06,nan,-,-,-,-,Movimiento,"[50, 20, 15]",Movimiento del dedo
1407,56.28,-2096921,1.7480164176311278e-06,nan,-,-,-,-,Movimiento,"[50, 20, 15]",Movimiento del dedo
1408,56.32,-2096921,1.7480164176311278e-06,nan,-,-,-,-,Movimiento,"[50, 20, 15]",Movimiento del dedo
1409,56.36,-2096921,1.7480164176311278e-06,nan,-,-,-,-,Movimiento,"[50, 20, 15]",Movimiento del dedo
1410,56.4,-2096921,1.7480164176311278e-06,nan,-,-,-,-,Movimiento,"[50, 20, 15]",Movimiento del dedo
1411,56.44,-2096921,1.7480164176311278e-06,nan,-,-,-,-,Movimiento,"[50, 20, 15]",Movimiento del dedo
1412,56.48,-2096921,1.7480164176311278e-06,nan,-,-,-,-,Movimiento,"[50, 20, 15]",Movimiento del dedo
