muestra,tiempo,ppg,ppg filtrado,spi,spi_promedio,estado,tipo evento,evento,alarma
1,0.04,-963966,-1170.3452800598557,nan,-,-,-,-,-
2,0.08,-965520,-1723.2737732991898,nan,-,-,-,-,-
3,0.12,-965902,-1573.2870484185637,nan,-,-,-,-,-
4,0.16,-965136,-1123.0965877009548,nan,-,-,-,-,-
5,0.2,-963473,-839.2140320598182,nan,-,-,-,-,-
6,0.24,-955154,-1078.0675400027558,nan,-,-,-,-,-
7,0.28,-946443,-1437.1612385060525,nan,-,-,-,-,-
8,0.32,-945958,-1349.449269874236,nan,-,-,-,-,-
9,0.36,-947076,-937.9431456907269,nan,-,-,-,-,-
10,0.4,-950308,-301.8774708882811,nan,-,-,-,-,-
11,0.44,-953646,343.9441031692586,nan,-,-,-,-,-
12,0.48,-954223,843.9885287769293,nan,-,-,-,-,-
13,0.52,-954578,1313.7499699778336,nan,-,-,-,-,-
14,0.56,-954793,1806.5482327207014,nan,-,-,-,-,-
15,0.6,-957479,2325.944274887909,nan,-,-,-,-,-
16,0.64,-959415,2471.7612556976537,nan,-,-,-,-,-
17,0.68,-960537,1904.2368832932102,nan,-,-,-,-,-
18,0.72,-963107,715.6680957200865,nan,-,-,-,-,-
19,0.76,-963641,-669.2600362354151,nan,-,-,-,-,-
20,0.8,-964681,-1513.431216815443,nan,-,-,-,-,-
21,0.84,-965298,-1617.623994007181,nan,-,-,-,-,-
22,0.88,-966074,-1256.0679702414595,nan,-,-,-,-,-
23,0.92,-963953,-982.4872950329186,nan,-,-,-,-,-
24,0.96,-959664,-1009.0689280093211,nan,-,-,-,-,-
25,1.0,-947125,-1437.73169364342,nan,-,-,-,-,-
26,1.04,-945115,-1425.340376738839,nan,-,-,-,-,-
27,1.08,-945561,-1101.2097560701295,nan,-,-,-,-,-
28,1.12,-949455,-490.07775861644643,nan,-,-,-,-,-
29,1.16,-953025,151.8689896941587,nan,-,-,-,-,-
30,1.2,-954957,689.2334577328666,nan,-,-,-,-,-
31,1.24,-953848,1080.3493751236892,nan,-,-,-,-,-
32,1.28,-953865,1537.43622148935,nan,-,-,-,-,-
33,1.32,-956726,2127.2255939565503,nan,-,-,-,-,-
34,1.36,-958730,2496.279294068603,nan,-,-,-,-,-
35,1.4,-959997,2226.428918086962,nan,-,-,-,-,-
36,1.44,-961545,1155.4289919567118,nan,-,-,-,-,-
37,1.48,-962256,-350.4275520821734,nan,-,-,-,-,-
38,1.52,-963751,-1464.228278165221,nan,-,-,-,-,-
39,1.56,-964496,-1755.4902796771964,nan,-,-,-,-,-
40,1.6,-964682,-1393.1609152736369,nan,-,-,-,-,-
41,1.64,-965305,-900.3989955513573,nan,-,-,-,-,-
42,1.68,-961346,-841.140984441321,nan,-,-,-,-,-
43,1.72,-951281,-1231.0444309433478,nan,-,-,-,-,-
44,1.76,-945597,-1422.5644385004653,nan,-,-,-,-,-
45,1.8,-945680,-1161.6235283423002,nan,-,-,-,-,-
46,1.84,-947704,-632.5431929341719,nan,-,-,-,-,-
47,1.88,-952374,6.143454660505995,nan,-,-,-,-,-
48,1.92,-954752,496.0970322372277,nan,-,-,-,-,-
49,1.96,-954734,861.914159260883,nan,-,-,-,-,-
50,2.0,-954474,1264.1873843752483,nan,-,-,-,-,-
51,2.04,-955884,1805.2573037950865,nan,-,-,-,-,-
52,2.08,-957669,2287.3228066587335,nan,-,-,-,-,-
53,2.12,-960164,2333.935825573315,nan,-,-,-,-,-
54,2.16,-961316,1559.508997104395,nan,-,-,-,-,-
55,2.2,-962126,178.49897973999623,nan,-,-,-,-,-
56,2.24,-962737,-1124.783384605935,nan,-,-,-,-,-
57,2.28,-964528,-1686.7923876518034,nan,-,-,-,-,-
58,2.32,-965457,-1509.2740415605135,nan,-,-,-,-,-
59,2.36,-964779,-1050.0149075292868,nan,-,-,-,-,-
60,2.4,-961976,-808.1107820167272,nan,-,-,-,-,-
61,2.44,-953203,-1053.8682101850027,nan,-,-,-,-,-
62,2.48,-945392,-1356.5183568182092,nan,-,-,-,-,-
63,2.52,-945028,-1231.4314455747353,nan,-,-,-,-,-
64,2.56,-948202,-735.3783955374013,nan,-,-,-,-,-
65,2.6,-951909,-113.91773311719862,nan,-,-,-,-,-
66,2.64,-954537,409.3328657480588,nan,-,-,-,-,-
67,2.68,-953841,742.091589852299,nan,-,-,-,-,-
68,2.72,-953830,1136.7720197038884,nan,-,-,-,-,-
69,2.76,-955240,1700.2728387516622,nan,-,-,-,-,-
70,2.8,-958392,2286.824262514463,nan,-,-,-,-,-
71,2.84,-962104,2456.4182557292443,nan,-,-,-,-,-
72,2.88,-962430,1734.0520090601217,nan,-,-,-,-,-
73,2.92,-963579,379.8732981350295,nan,-,-,-,-,-
74,2.96,-963394,-1014.6291507693064,nan,-,-,-,-,-
75,3.0,-964998,-1666.3635882580206,64,64.0,-,-,-,-
76,3.04,-965569,-1544.1789131343526,64,-,-,-,-,-
77,3.08,-963727,-1150.925854733648,64,-,-,-,-,-
78,3.12,-956313,-1115.2588060232492,64,-,-,-,-,-
79,3.16,-946693,-1455.99493184339,64,-,-,-,-,-
80,3.2,-945826,-1537.0531439654915,64,-,-,-,-,-
81,3.24,-947356,-1233.24220754423,64,-,-,-,-,-
82,3.28,-951158,-517.9055088957036,64,-,-,-,-,-
83,3.32,-953612,231.37080494238762,64,-,-,-,-,-
84,3.36,-954489,760.8017680700959,64,-,-,-,-,-
85,3.4,-953487,1079.6909696195635,64,-,-,-,-,-
86,3.44,-955026,1529.1958655637418,64,-,-,-,-,-
87,3.48,-956677,2074.4798967691922,64,-,-,-,-,-
88,3.52,-958847,2400.628606746449,64,-,-,-,-,-
89,3.56,-960588,2010.1006082732083,64,-,-,-,-,-
90,3.6,-962846,863.6012745654257,64,-,-,-,-,-
91,3.64,-963935,-533.9138205780878,64,-,-,-,-,-
92,3.68,-965106,-1400.2733831967194,64,-,-,-,-,-
93,3.72,-964043,-1535.9277724957358,64,-,-,-,-,-
94,3.76,-964547,-1149.4688951470994,64,-,-,-,-,-
95,3.8,-964085,-835.129372353721,64,-,-,-,-,-
96,3.84,-960503,-898.7934030822289,64,-,-,-,-,-
97,3.88,-948539,-1374.205888956465,64,-,-,-,-,-
98,3.92,-945196,-1451.3813860298287,64,-,-,-,-,-
99,3.96,-945983,-1145.6289990008027,64,-,-,-,-,-
100,4.0,-948982,-565.9886763256204,64,-,-,-,-,-
101,4.04,-953185,134.16411258130847,64,-,-,-,-,-
102,4.08,-956686,779.1011019697416,64,-,-,-,-,-
103,4.12,-955037,1158.9368102136032,64,-,-,-,-,-
104,4.16,-955753,1540.4274259563372,64,-,-,-,-,-
105,4.2,-957140,1938.761261128895,64,-,-,-,-,-
106,4.24,-959735,2277.6178524014895,64,-,-,-,-,-
107,4.28,-960860,2110.8206444172174,64,-,-,-,-,-
108,4.32,-962872,1216.3172575157046,64,-,-,-,-,-
109,4.36,-963875,-217.2665112255611,64,-,-,-,-,-
110,4.4,-963651,-1464.9484853387708,64,-,-,-,-,-
111,4.44,-964055,-1894.5382110972826,64,-,-,-,-,-
112,4.48,-964114,-1583.7300886032974,64,-,-,-,-,-
113,4.52,-963326,-1051.8952785996034,64,-,-,-,-,-
114,4.56,-959601,-833.0226221462399,64,-,-,-,-,-
115,4.6,-947397,-1183.7970842300729,64,-,-,-,-,-
116,4.64,-944955,-1260.372594758419,64,-,-,-,-,-
117,4.68,-946168,-999.2795665735766,64,-,-,-,-,-
118,4.72,-950536,-392.3257578552423,64,-,-,-,-,-
119,4.76,-953281,249.49388688362706,64,-,-,-,-,-
120,4.8,-955122,785.743105278334,64,-,-,-,-,-
121,4.84,-954932,1132.8867051659845,64,-,-,-,-,-
122,4.88,-954911,1446.6274774803219,64,-,-,-,-,-
123,4.92,-957635,1894.4954667692073,64,-,-,-,-,-
124,4.96,-959142,2201.563379338443,64,-,-,-,-,-
125,5.0,-961406,2023.41614401493,64,-,-,-,-,-
126,5.04,-961973,1018.337150075547,64,-,-,-,-,-
127,5.08,-962761,-413.6127038872771,64,-,-,-,-,-
128,5.12,-963932,-1493.92040205882,64,-,-,-,-,-
129,5.16,-963725,-1781.5066865625954,64,-,-,-,-,-
130,5.2,-963665,-1410.0780090426829,64,-,-,-,-,-
131,5.24,-964465,-909.9869900202518,64,-,-,-,-,-
132,5.28,-960656,-826.4775952478949,64,-,-,-,-,-
133,5.32,-949960,-1185.1137149197148,64,-,-,-,-,-
134,5.36,-943602,-1345.9531944307837,64,-,-,-,-,-
135,5.4,-945837,-986.9657522329599,64,-,-,-,-,-
136,5.44,-949864,-375.5073283453273,64,-,-,-,-,-
137,5.48,-952985,230.3704110322542,64,-,-,-,-,-
138,5.52,-955452,717.9884374322846,64,-,-,-,-,-
139,5.56,-954024,985.3766433709111,64,-,-,-,-,-
140,5.6,-954325,1308.2900427587301,64,-,-,-,-,-
141,5.64,-956623,1776.9216033289485,64,-,-,-,-,-
142,5.68,-958782,2202.2854159386216,64,-,-,-,-,-
143,5.72,-960451,2166.65667744029,64,-,-,-,-,-
144,5.76,-961993,1319.8746516316955,64,-,-,-,-,-
145,5.8,-963387,-118.87200890063014,64,-,-,-,-,-
146,5.84,-963858,-1381.1927713928621,64,-,-,-,-,-
147,5.88,-964281,-1791.5122293036013,64,-,-,-,-,-
148,5.92,-965202,-1414.969304173706,64,-,-,-,-,-
149,5.96,-964428,-920.3458479183355,64,-,-,-,-,-
150,6.0,-962118,-775.6439116277197,66,65.0,-,-,-,-
151,6.04,-947110,-1327.3709743079307,66,-,-,-,-,-
152,6.08,-944705,-1439.2651292734681,66,-,-,-,-,-
153,6.12,-946227,-1150.1051325680337,66,-,-,-,-,-
154,6.16,-949759,-553.0680881685464,66,-,-,-,-,-
155,6.2,-953210,103.44825807605866,66,-,-,-,-,-
156,6.24,-955382,639.0766513481267,66,-,-,-,-,-
157,6.28,-953513,950.5840251515529,66,-,-,-,-,-
158,6.32,-953870,1342.635302544962,66,-,-,-,-,-
159,6.36,-958209,1958.6508757983593,66,-,-,-,-,-
160,6.4,-958446,2372.209725008195,66,-,-,-,-,-
161,6.44,-960469,2300.849749337591,66,-,-,-,-,-
162,6.48,-962303,1339.4935153305519,66,-,-,-,-,-
163,6.52,-963238,-199.50666599552483,66,-,-,-,-,-
164,6.56,-963106,-1453.9189165054684,66,-,-,-,-,-
165,6.6,-964485,-1755.0199202915678,66,-,-,-,-,-
166,6.64,-964572,-1378.089053180026,66,-,-,-,-,-
167,6.68,-963949,-924.8382493811487,66,-,-,-,-,-
168,6.72,-960638,-871.7269943866486,66,-,-,-,-,-
169,6.76,-950565,-1270.9328050500044,66,-,-,-,-,-
170,6.8,-945306,-1417.669743026625,66,-,-,-,-,-
171,6.84,-946718,-1073.5843407892753,66,-,-,-,-,-
172,6.88,-950034,-479.06163812389553,66,-,-,-,-,-
173,6.92,-953103,125.78976539194127,66,-,-,-,-,-
174,6.96,-955779,636.2141572152732,66,-,-,-,-,-
175,7.0,-955957,984.8083247046261,66,-,-,-,-,-
176,7.04,-954396,1281.8144664867227,66,-,-,-,-,-
177,7.08,-957362,1791.0552992711,66,-,-,-,-,-
178,7.12,-960058,2209.577547373403,66,-,-,-,-,-
179,7.16,-961170,2110.9730257695883,66,-,-,-,-,-
180,7.2,-962089,1257.1633878387202,66,-,-,-,-,-
181,7.24,-964011,-74.49566135213672,66,-,-,-,-,-
182,7.28,-965076,-1243.3047642272284,66,-,-,-,-,-
183,7.32,-965342,-1686.6270620662342,66,-,-,-,-,-
184,7.36,-966290,-1400.5272565095156,66,-,-,-,-,-
185,7.4,-966137,-934.1665382339629,66,-,-,-,-,-
186,7.44,-962469,-804.3086567315613,66,-,-,-,-,-
187,7.48,-950778,-1206.1481130741522,66,-,-,-,-,-
188,7.52,-946187,-1381.8529760275214,66,-,-,-,-,-
189,7.56,-946828,-1142.5375604364808,66,-,-,-,-,-
190,7.6,-948743,-630.6067725470559,66,-,-,-,-,-
191,7.64,-952668,-3.6280700485085617,66,-,-,-,-,-
192,7.68,-955391,519.695322740532,66,-,-,-,-,-
193,7.72,-954760,889.5025916207687,66,-,-,-,-,-
194,7.76,-954911,1325.3009091480417,66,-,-,-,-,-
195,7.8,-956649,1892.7799749651476,66,-,-,-,-,-
196,7.84,-958412,2373.4244222791413,66,-,-,-,-,-
197,7.88,-16775361,499593.86858176254,66,-,-,-,-,-
198,7.92,-16775421,458040.2701399857,66,-,-,-,-,-
199,7.96,-16775409,368289.95785288466,66,-,-,-,-,-
200,8.0,-16775599,226422.26343407936,66,-,-,-,-,-
201,8.04,-16775407,45449.780540953856,66,-,-,-,-,-
202,8.08,-16775398,-145983.30886563472,66,-,-,-,-,-
203,8.12,-16775443,-344190.9054605798,66,-,-,-,-,-
204,8.16,-16775475,-616881.350368585,66,-,-,-,-,-
205,8.2,-16775520,-1044326.7186874687,66,-,-,-,-,-
206,8.24,-16775593,-1515205.8325331053,66,-,-,-,-,-
207,8.28,-16775544,-1632314.973121021,66,-,-,-,-,-
208,8.32,-16775506,-1063366.3520894353,66,-,-,-,-,-
209,8.36,-16775478,-36946.411190816434,66,-,-,-,-,-
210,8.4,-16775458,796231.8704245368,66,-,-,-,-,-
211,8.44,-16775320,1058898.2939099865,66,-,-,-,-,-
212,8.48,-16775351,928987.1229881074,66,-,-,-,-,-
213,8.52,-16775426,749370.5304950443,66,-,-,-,-,-
214,8.56,-16775454,654411.9229546924,66,-,-,-,-,-
215,8.6,-16775416,593943.1427464121,66,-,-,-,-,-
216,8.64,-16775400,507635.7550548547,66,-,-,-,-,-
217,8.68,-16775429,394452.8268062109,66,-,-,-,-,-
218,8.72,-16775562,280536.9644088091,66,-,-,-,-,-
219,8.76,-16775479,181205.70412535267,66,-,-,-,-,-
220,8.8,-16775365,96560.89172056667,66,-,-,-,-,-
221,8.84,-16775404,23214.90243120538,66,-,-,-,-,-
222,8.88,-16775246,-39127.75671888294,66,-,-,-,-,-
223,8.92,-16775350,-88915.24233815493,66,-,-,-,-,-
224,8.96,-16775400,-125562.19397301122,66,-,-,-,-,-
226,9.04,-16775447,-163793.50840069313,nan,-,-,-,-,-
227,9.08,-16775487,-168516.894412735,nan,-,-,-,-,-
228,9.12,-16775484,-165617.81856111967,nan,-,-,-,-,-
229,9.16,-16775428,-156574.19616315456,nan,-,-,-,-,-
230,9.2,-16775600,-142896.4648164668,nan,-,-,-,-,-
231,9.24,-16775527,-126058.07644370274,nan,-,-,-,-,-
232,9.28,-16775277,-107355.48760931559,nan,-,-,-,-,-
233,9.32,-16775256,-87882.83029342664,nan,-,-,-,-,-
234,9.36,-16775350,-68566.9324353454,nan,-,-,-,-,-
235,9.4,-16775398,-50160.70115568329,nan,-,-,-,-,-
236,9.44,-16775399,-33242.521413526585,nan,-,-,-,-,-
237,9.48,-16775420,-18221.802788207773,nan,-,-,-,-,-
238,9.52,-16775391,-5353.92827168107,nan,-,-,-,-,-
239,9.56,-16775441,5253.7990723111725,nan,-,-,-,-,-
240,9.6,-16775388,13600.900378078455,nan,-,-,-,-,-
241,9.64,-16775502,19789.60511737129,nan,-,-,-,-,-
242,9.68,-16775647,23970.138180167574,nan,-,-,-,-,-
243,9.72,-16775515,26336.480931090467,nan,-,-,-,-,-
244,9.76,-16775499,27152.658950753204,nan,-,-,-,-,-
245,9.8,-16775341,26689.327145273353,nan,-,-,-,-,-
246,9.84,-16775213,25225.9692792172,nan,-,-,-,-,-
247,9.88,-16775292,23017.82803108345,nan,-,-,-,-,-
248,9.92,-16775278,20281.712661914575,nan,-,-,-,-,-
249,9.96,-16775310,17229.93426374505,nan,-,-,-,-,-
250,10.0,-16775375,14049.436215441769,nan,-,-,-,-,-
251,10.04,-16775365,10900.23621658716,nan,-,-,-,-,-
252,10.08,-16775393,7919.809316022933,nan,-,-,-,-,-
253,10.12,-16775403,5199.626941924362,nan,-,-,-,-,-
254,10.16,-16775400,2783.078018802691,nan,-,-,-,-,-
255,10.2,-16775443,684.88165674825,nan,-,-,-,-,-
256,10.24,-16775432,-1065.620468208479,nan,-,-,-,-,-
257,10.28,-16775363,-2391.9396217557296,nan,-,-,-,-,-
258,10.32,-16775420,-3232.195255974406,nan,-,-,-,-,-
259,10.36,-16775517,-3649.2612689490034,nan,-,-,-,-,-
260,10.4,-16775461,-3804.074668435147,nan,-,-,-,-,-
261,10.44,-16775653,-3801.6912691196467,nan,-,-,-,-,-
262,10.48,-16775581,-3681.527631236717,nan,-,-,-,-,-
263,10.52,-16775477,-3429.734948815614,nan,-,-,-,-,-
264,10.56,-16775292,-3074.247296573568,nan,-,-,-,-,-
265,10.6,-16775386,-2658.0605459543176,nan,-,-,-,-,-
266,10.64,-16775398,-2246.667564972945,nan,-,-,-,-,-
267,10.68,-16775342,-1879.604353065286,nan,-,-,-,-,-
268,10.72,-16775382,-1578.7401118919606,nan,-,-,-,-,-
269,10.76,-16775409,-1365.3556358420083,nan,-,-,-,-,-
270,10.8,-16775397,-1250.8411412808546,nan,-,-,-,-,-
271,10.84,-16775388,5.0722345016558315,nan,-,-,-,-,-
272,10.88,-16775380,21.375119675343605,nan,-,-,-,-,-
273,10.92,-16775386,33.701838489024716,nan,-,-,-,-,-
274,10.96,-16775334,29.993694657754542,nan,-,-,-,-,-
275,11.0,-16775357,15.291430439591764,nan,-,-,-,-,-
276,11.04,-16775371,-0.9002984044305329,nan,-,-,-,-,-
277,11.08,-16775364,-8.846346792399945,nan,-,-,-,-,-
278,11.12,-16775392,-7.734798972949619,nan,-,-,-,-,-
279,11.16,-16775344,-6.933473255942969,nan,-,-,-,-,-
280,11.2,-16775336,-5.09883761249729,nan,-,-,-,-,-
281,11.24,-16775384,-1.50750466406474,nan,-,-,-,-,-
282,11.28,-16775428,1.4690868824940466,nan,-,-,-,-,-
283,11.32,-16775388,0.4035123230328228,nan,-,-,-,-,-
284,11.36,-16775356,-2.0359383369525155,nan,-,-,-,-,-
285,11.4,-16775369,-4.162715861509655,nan,-,-,-,-,-
286,11.44,-16775449,-3.6727190352665176,nan,-,-,-,-,-
287,11.48,-16775348,-6.742135582772008,nan,-,-,-,-,-
288,11.52,-16775387,-3.3056867730815416,nan,-,-,-,-,-
289,11.56,-16775346,-3.034491694133237,nan,-,-,-,-,-
290,11.6,-16775323,-4.74279239193217,nan,-,-,-,-,-
291,11.64,-16775334,-6.165377130061042,nan,-,-,-,-,-
292,11.68,-16775364,-4.011227918959531,nan,-,-,-,-,-
293,11.72,-16775411,2.0155244342693095,nan,-,-,-,-,-
294,11.76,-16775348,3.654371466433126,nan,-,-,-,-,-
295,11.8,-16775351,3.733703333301426,nan,-,-,-,-,-
296,11.84,-16775407,4.361978282352329,nan,-,-,-,-,-
297,11.88,-16775387,4.855628519275696,nan,-,-,-,-,-
298,11.92,-16775374,6.716467026324045,nan,-,-,-,-,-
299,11.96,-16775387,6.846207413804774,nan,-,-,-,-,-
301,12.04,-16775334,-4.488590821901585,nan,-,-,-,-,-
302,12.08,-16775371,-6.527537055998347,nan,-,-,-,-,-
303,12.12,-16775393,-4.744854103966805,nan,-,-,-,-,-
304,12.16,-16775348,-2.7059556034482863,nan,-,-,-,-,-
305,12.2,-16775348,-0.6631395965106837,nan,-,-,-,-,-
306,12.24,-16775340,-1.1921306021371638,nan,-,-,-,-,-
307,12.28,-16775417,1.31742210608612,nan,-,-,-,-,-
308,12.32,-16775369,1.659510391989219,nan,-,-,-,-,-
309,12.36,-16775392,4.459999578691873,nan,-,-,-,-,-
310,12.4,-16775379,4.13850058668091,nan,-,-,-,-,-
311,12.44,-16775376,1.9667472757611746,nan,-,-,-,-,-
312,12.48,-16775367,-0.8518564841144425,nan,-,-,-,-,-
313,12.52,-16775416,-0.17366524960749175,nan,-,-,-,-,-
314,12.56,-16775395,-0.12541516975426248,nan,-,-,-,-,-
315,12.6,-16775471,2.1738053029178914,nan,-,-,-,-,-
316,12.64,-16775429,-1.5312099201669984,nan,-,-,-,-,-
317,12.68,-16775431,-3.7904299650963154,nan,-,-,-,-,-
318,12.72,-16775427,-3.4548694865416323,nan,-,-,-,-,-
319,12.76,-16775366,-2.9117793253820707,nan,-,-,-,-,-
320,12.8,-16775416,0.30667241930766487,nan,-,-,-,-,-
321,12.84,-16775361,-2.1953731857680197,nan,-,-,-,-,-
322,12.88,-16775390,-3.465917475358566,nan,-,-,-,-,-
323,12.92,-16775403,-4.785655680609445,nan,-,-,-,-,-
324,12.96,-16775370,-5.425080318877431,nan,-,-,-,-,-
325,13.0,-16775469,0.902559441045149,nan,-,-,-,-,-
326,13.04,-16775439,4.718780568096054,nan,-,-,-,-,-
327,13.08,-16775396,7.397690733858706,nan,-,-,-,-,-
328,13.12,-16775445,10.232665179763506,nan,-,-,-,-,-
329,13.16,-16775346,5.190777472062464,nan,-,-,-,-,-
330,13.2,-16775377,2.6073367741202134,nan,-,-,-,-,-
331,13.24,-16775363,-1.3300842042364245,nan,-,-,-,-,-
332,13.28,-16775391,-2.9463596532370797,nan,-,-,-,-,-
333,13.32,-16775408,-4.002279054658008,nan,-,-,-,-,-
334,13.36,-16775324,-7.244583953070606,nan,-,-,-,-,-
335,13.4,-16775344,-5.087815044672862,nan,-,-,-,-,-
336,13.44,-16775366,-0.28437722169350366,nan,-,-,-,-,-
337,13.48,-16775401,5.930658103822303,nan,-,-,-,-,-
338,13.52,-16775395,8.749318094661795,nan,-,-,-,-,-
339,13.56,-16775361,6.80358881911803,nan,-,-,-,-,-
340,13.6,-16775326,1.713143882148355,nan,-,-,-,-,-
341,13.64,-16775408,-0.015934750740896675,nan,-,-,-,-,-
342,13.68,-16775426,-1.1438139685479811,nan,-,-,-,-,-
343,13.72,-16775432,0.5491029838836035,nan,-,-,-,-,-
344,13.76,-16775426,1.8181007017915416,nan,-,-,-,-,-
345,13.8,-16775376,-1.8433646534885497,nan,-,-,-,-,-
346,13.84,-16775378,-6.086274982578338,nan,-,-,-,-,-
347,13.88,-16775465,-4.970312347347491,nan,-,-,-,-,-
348,13.92,-16775453,-2.585603952341499,nan,-,-,-,-,-
349,13.96,-16775419,-0.5483118408113121,nan,-,-,-,-,-
350,14.0,-16775433,-1.3013384404625583,nan,-,-,-,-,-
351,14.04,-16775414,-6.221029799234195,nan,-,-,-,-,-
352,14.08,-16775447,-6.6814516661916015,nan,-,-,-,-,-
353,14.12,-16775387,-4.377385783577672,nan,-,-,-,-,-
354,14.16,-16775454,3.848057770733778,nan,-,-,-,-,-
355,14.2,-16775477,6.4191569450494725,nan,-,-,-,-,-
356,14.24,-16775503,3.6634911242800463,nan,-,-,-,-,-
357,14.28,-16775430,-2.775715361658765,nan,-,-,-,-,-
358,14.32,-16775437,-2.1734467734852565,nan,-,-,-,-,-
359,14.36,-16775442,1.9467175889374548,nan,-,-,-,-,-
360,14.4,-16775365,2.213894845815723,nan,-,-,-,-,-
361,14.44,-16775414,3.011432399351887,nan,-,-,-,-,-
362,14.48,-16775398,-0.09929334153044866,nan,-,-,-,-,-
363,14.52,-16775412,-2.0905530623531963,nan,-,-,-,-,-
364,14.56,-16775472,-1.4890972692790214,nan,-,-,-,-,-
365,14.6,-16775344,-4.421377232594978,nan,-,-,-,-,-
366,14.64,-16775394,1.6612023617833114,nan,-,-,-,-,-
367,14.68,-16775385,6.808957244892033,nan,-,-,-,-,-
368,14.72,-16775332,7.652695968055134,nan,-,-,-,-,-
369,14.76,-16775367,7.300294867144181,nan,-,-,-,-,-
370,14.8,-16775312,1.8293731071345913,nan,-,-,-,-,-
371,14.84,-16775365,-0.41212043307523416,nan,-,-,-,-,-
372,14.88,-16775417,-1.3775757678156708,nan,-,-,-,-,-
373,14.92,-16775425,-0.9725031745166959,nan,-,-,-,-,-
374,14.96,-16775443,2.5268260698913423,nan,-,-,-,-,-
375,15.0,-16775410,4.525821510991641,nan,65.0,-,-,-,Desconexión
376,15.04,-16775393,4.161911028087573,nan,-,-,-,-,Desconexión
377,15.08,-16775478,4.115462502734047,nan,-,-,-,-,Desconexión
378,15.12,-16775411,-1.5297090206153996,nan,-,-,-,-,Desconexión
379,15.16,-16775441,-3.8654998359608683,nan,-,-,-,-,Desconexión
380,15.2,-16775429,-8.177675401309141,nan,-,-,-,-,Desconexión
381,15.24,-16775489,-10.29075531889873,nan,-,-,-,-,Desconexión
382,15.28,-16775353,-15.904987452536218,nan,-,-,-,-,Desconexión
383,15.32,-16775371,-11.61064793386931,nan,-,-,-,-,Desconexión
384,15.36,-16775439,-2.660660684711937,nan,-,-,-,-,Desconexión
385,15.4,-16775419,1.902658700259677,nan,-,-,-,-,Desconexión
386,15.44,-16775428,3.3727560768133356,nan,-,-,-,-,Desconexión
387,15.48,-16775432,2.5001184311569657,nan,-,-,-,-,Desconexión
388,15.52,-16775415,1.8426654993351033,nan,-,-,-,-,Desconexión
389,15.56,-16775425,3.660125308492437,nan,-,-,-,-,Desconexión
390,15.6,-16775427,5.777036437990008,nan,-,-,-,-,Desconexión
391,15.64,-16775399,6.6940936233758475,nan,-,-,-,-,Desconexión
392,15.68,-16775375,6.054863065726945,nan,-,-,-,-,Desconexión
393,15.72,-16775450,5.057630028863773,nan,-,-,-,-,Desconexión
394,15.76,-16775446,-0.5131346495097375,nan,-,-,-,-,Desconexión
395,15.8,-16775399,-4.850574427170121,nan,-,-,-,-,Desconexión
396,15.84,-16775375,-3.9205464863165673,nan,-,-,-,-,Desconexión
397,15.88,-16775427,0.9740482081950432,nan,-,-,-,-,Desconexión
398,15.92,-16775403,1.8051702837462553,nan,-,-,-,-,Desconexión
399,15.96,-16775344,-0.06053220175498808,nan,-,-,-,-,Desconexión
400,16.0,-16775331,-0.7234353834412524,nan,-,-,-,-,Desconexión
401,16.04,-16775404,1.09189659994923,nan,-,-,-,-,Desconexión
402,16.08,-16775414,0.02521813366204384,nan,-,-,-,-,Desconexión
403,16.12,-16775403,-1.3689597739458783,nan,-,-,-,-,Desconexión
404,16.16,-16775428,0.8142926835179409,nan,-,-,-,-,Desconexión
405,16.2,-16775476,5.244892847835274,nan,-,-,-,-,Desconexión
406,16.24,-16775421,4.571822217159269,nan,-,-,-,-,Desconexión
407,16.28,-16775374,1.6313072414735998,nan,-,-,-,-,Desconexión
408,16.32,-16775348,-0.8087447021928682,nan,-,-,-,-,Desconexión
409,16.36,-16775436,0.6672360719487855,nan,-,-,-,-,Desconexión
410,16.4,-16775403,-3.5583036755095843,nan,-,-,-,-,Desconexión
411,16.44,-16775411,-7.7360722087137255,nan,-,-,-,-,Desconexión
412,16.48,-16775473,-7.697776300174212,nan,-,-,-,-,Desconexión
413,16.52,-16775354,-9.24432573994956,nan,-,-,-,-,Desconexión
414,16.56,-16775388,-3.4843548953126273,nan,-,-,-,-,Desconexión
415,16.6,-16775370,1.1329128019946708,nan,-,-,-,-,Desconexión
416,16.64,-16775311,3.8113112491956826,nan,-,-,-,-,Desconexión
417,16.68,-16775448,9.649608537616196,nan,-,-,-,-,Desconexión
418,16.72,-16775486,7.252806690967958,nan,-,-,-,-,Desconexión
419,16.76,-16775466,0.6836621914705887,nan,-,-,-,-,Desconexión
420,16.8,-16775404,-4.162393289846559,nan,-,-,-,-,Desconexión
421,16.84,-16775449,-0.589938100068935,nan,-,-,-,-,Desconexión
422,16.88,-16775410,2.586429420079398,nan,-,-,-,-,Desconexión
423,16.92,-16775401,5.264177516419235,nan,-,-,-,-,Desconexión
424,16.96,-16775417,4.765724585439259,nan,-,-,-,-,Desconexión
425,17.0,-16775387,-1.6040646768453009,nan,-,-,-,-,Desconexión
426,17.04,-16775386,-8.967848772535358,nan,-,-,-,-,Desconexión
427,17.08,-16775371,-13.828986663647477,nan,-,-,-,-,Desconexión
428,17.12,-16775377,-10.718565432726027,nan,-,-,-,-,Desconexión
429,17.16,-16775366,-1.844727723159545,nan,-,-,-,-,Desconexión
430,17.2,-16775390,7.640684642897966,nan,-,-,-,-,Desconexión
431,17.24,-16775422,11.212141949498033,nan,-,-,-,-,Desconexión
432,17.28,-16775384,7.515781280258462,nan,-,-,-,-,Desconexión
433,17.32,-16775385,4.560089287833959,nan,-,-,-,-,Desconexión
434,17.36,-16775449,5.2367336802402775,nan,-,-,-,-,Desconexión
435,17.4,-16775450,4.7302601983625365,nan,-,-,-,-,Desconexión
436,17.44,-16775399,2.0453676175749216,nan,-,-,-,-,Desconexión
437,17.48,-16775437,1.0909311854039867,nan,-,-,-,-,Desconexión
438,17.52,-16775370,-4.023378516719745,nan,-,-,-,-,Desconexión
439,17.56,-16775454,-4.0514811481348225,nan,-,-,-,-,Desconexión
440,17.6,-16775484,-4.390371305059638,nan,-,-,-,-,Desconexión
441,17.64,-16775367,-7.607776725445113,nan,-,-,-,-,Desconexión
442,17.68,-16775412,-4.821977662816078,nan,-,-,-,-,Desconexión
443,17.72,-16775377,-5.284721072458545,nan,-,-,-,-,Desconexión
444,17.76,-16775441,-2.755797347776678,nan,-,-,-,-,Desconexión
445,17.8,-16775419,-1.1794984831223738,nan,-,-,-,-,Desconexión
446,17.84,-16775363,0.6575357544491851,nan,-,-,-,-,Desconexión
447,17.88,-16775366,2.4712846727254565,nan,-,-,-,-,Desconexión
448,17.92,-16775499,5.132986639136533,nan,-,-,-,-,Desconexión
449,17.96,-16775407,0.3014567511604973,nan,-,-,-,-,Desconexión
450,18.0,-16775369,0.49263405251436865,nan,65.0,-,-,-,Desconexión
451,18.04,-16775444,6.273902826703118,nan,-,-,-,-,Desconexión
452,18.08,-16775442,6.701397804106421,nan,-,-,-,-,Desconexión
453,18.12,-16775388,1.410648337100728,nan,-,-,-,-,Desconexión
454,18.16,-16775398,-1.6391012281059165,nan,-,-,-,-,Desconexión
455,18.2,-16775398,-1.772400847612725,nan,-,-,-,-,Desconexión
456,18.24,-16775471,1.243359050438599,nan,-,-,-,-,Desconexión
457,18.28,-16775376,-3.241076471585565,nan,-,-,-,-,Desconexión
458,18.32,-16775420,-3.465738500783127,nan,-,-,-,-,Desconexión
459,18.36,-16775405,-2.605083659064654,nan,-,-,-,-,Desconexión
460,18.4,-16775352,-1.4743146508161544,nan,-,-,-,-,Desconexión
461,18.44,-16775395,0.924819514307119,nan,-,-,-,-,Desconexión
462,18.48,-16775453,2.5045073654418033,nan,-,-,-,-,Desconexión
463,18.52,-16775477,3.5097580085466404,nan,-,-,-,-,Desconexión
464,18.56,-16775441,2.0645154777904233,nan,-,-,-,-,Desconexión
465,18.6,-16775395,-1.1577969730796767,nan,-,-,-,-,Desconexión
466,18.64,-16775463,-0.05680417241929625,nan,-,-,-,-,Desconexión
467,18.68,-16775399,-0.7875243257061832,nan,-,-,-,-,Desconexión
468,18.72,-16775378,0.4916907604741425,nan,-,-,-,-,Desconexión
469,18.76,-16775419,1.4886014864431236,nan,-,-,-,-,Desconexión
470,18.8,-16775399,-2.5073852012179936,nan,-,-,-,-,Desconexión
471,18.84,-16775382,-7.371003608911252,nan,-,-,-,-,Desconexión
472,18.88,-16775405,-8.0473506907597,nan,-,-,-,-,Desconexión
473,18.92,-16775437,-3.0444502722297067,nan,-,-,-,-,Desconexión
474,18.96,-16775399,2.668021972200595,nan,-,-,-,-,Desconexión
475,19.0,-16775465,9.249584570777394,nan,-,-,-,-,Desconexión
476,19.04,-16775434,7.9855364027703875,nan,-,-,-,-,Desconexión
477,19.08,-16775368,3.233346945388085,nan,-,-,-,-,Desconexión
478,19.12,-16775397,1.6755745390188803,nan,-,-,-,-,Desconexión
479,19.16,-16775344,-1.9865487164169764,nan,-,-,-,-,Desconexión
480,19.2,-16775397,-1.7639698382077285,nan,-,-,-,-,Desconexión
481,19.24,-16775425,-1.788874681822822,nan,-,-,-,-,Desconexión
482,19.28,-16775451,-1.6581914106310833,nan,-,-,-,-,Desconexión
483,19.32,-16775392,-3.796939088334417,nan,-,-,-,-,Desconexión
484,19.36,-16775395,-2.5212925280084804,nan,-,-,-,-,Desconexión
485,19.4,-16775361,-0.5800881579613026,nan,-,-,-,-,Desconexión
486,19.44,-16775455,6.21228623470374,nan,-,-,-,-,Desconexión
487,19.48,-16775433,7.470812695212825,nan,-,-,-,-,Desconexión
488,19.52,-16775447,5.7482194239371545,nan,-,-,-,-,Desconexión
489,19.56,-16775435,-0.44724296998716007,nan,-,-,-,-,Desconexión
490,19.6,-16775458,-5.371399065076335,nan,-,-,-,-,Desconexión
491,19.64,-16775443,-7.203924046580529,nan,-,-,-,-,Desconexión
492,19.68,-16775363,-6.006869062554372,nan,-,-,-,-,Desconexión
493,19.72,-16775346,-1.4230959895436754,nan,-,-,-,-,Desconexión
494,19.76,-16775449,3.2393395183572338,nan,-,-,-,-,Desconexión
495,19.8,-16775469,0.4294196587733268,nan,-,-,-,-,Desconexión
496,19.84,-16775456,-3.9928490420130593,nan,-,-,-,-,Desconexión
497,19.88,-16775395,-5.984456928862848,nan,-,-,-,-,Desconexión
498,19.92,-16775453,-0.34692117964040836,nan,-,-,-,-,Desconexión
499,19.96,-16775428,3.140844231409674,nan,-,-,-,-,Desconexión
500,20.0,-16775393,4.982351364311896,nan,-,-,-,-,Desconexión
501,20.04,-16775510,10.087336607184909,nan,-,-,-,-,Desconexión
502,20.08,-16775416,5.283161714188605,nan,-,-,-,-,Desconexión
503,20.12,-16775431,-0.32435996756377605,nan,-,-,-,-,Desconexión
504,20.16,-16775472,-5.783082152117597,nan,-,-,-,-,Desconexión
505,20.2,-16775376,-9.979888669677912,nan,-,-,-,-,Desconexión
506,20.24,-16775417,-3.1476856898550682,nan,-,-,-,-,Desconexión
507,20.28,-16775461,4.164236872374261,nan,-,-,-,-,Desconexión
508,20.32,-16775441,4.35072238115008,nan,-,-,-,-,Desconexión
509,20.36,-16775388,-0.4338159271268829,nan,-,-,-,-,Desconexión
510,20.4,-16775493,0.22245046783249478,nan,-,-,-,-,Desconexión
511,20.44,-16775417,-2.216002157567459,nan,-,-,-,-,Desconexión
512,20.48,-16775400,-0.47356202775472056,nan,-,-,-,-,Desconexión
513,20.52,-16775334,0.0270680998983579,nan,-,-,-,-,Desconexión
514,20.56,-16775438,4.295793663625016,nan,-,-,-,-,Desconexión
515,20.6,-16775399,1.7785132758574846,nan,-,-,-,-,Desconexión
516,20.64,-16775432,0.43287013192137636,nan,-,-,-,-,Desconexión
517,20.68,-16775454,-0.5367645702539647,nan,-,-,-,-,Desconexión
518,20.72,-16775421,-1.2021704943675542,nan,-,-,-,-,Desconexión
519,20.76,-16775384,-0.5831938964892167,nan,-,-,-,-,Desconexión
520,20.8,-16775416,2.3783812405984346,nan,-,-,-,-,Desconexión
521,20.84,-16775391,3.3229168274385543,nan,-,-,-,-,Desconexión
522,20.88,-16775425,4.8141800236931545,nan,-,-,-,-,Desconexión
523,20.92,-16775477,3.359051323123545,nan,-,-,-,-,Desconexión
524,20.96,-16775436,-3.62841475237715,nan,-,-,-,-,Desconexión
525,21.0,-16775431,-7.425382663842658,nan,66.0,-,-,-,Desconexión
526,21.04,-16775432,-6.118741599697737,nan,-,-,-,-,Desconexión
527,21.08,-16775388,-3.000576451547282,nan,-,-,-,-,Desconexión
528,21.12,-16775384,0.9734444324521725,nan,-,-,-,-,Desconexión
529,21.16,-16775407,2.655817187930878,nan,-,-,-,-,Desconexión
530,21.2,-16775390,-0.39581686795301874,nan,-,-,-,-,Desconexión
531,21.24,-16775415,-3.266801149657205,nan,-,-,-,-,Desconexión
532,21.28,-16775365,-6.456511619273808,nan,-,-,-,-,Desconexión
533,21.32,-16775445,-1.6976981206818849,nan,-,-,-,-,Desconexión
534,21.36,-16775373,0.9133340847725826,nan,-,-,-,-,Desconexión
535,21.4,-16775417,6.879230349060528,nan,-,-,-,-,Desconexión
536,21.44,-16775397,7.770421974815868,nan,-,-,-,-,Desconexión
537,21.48,-16775307,3.174314631777108,nan,-,-,-,-,Desconexión
538,21.52,-16775334,0.7492657252232853,nan,-,-,-,-,Desconexión
539,21.56,-16775328,-2.2622006354968116,nan,-,-,-,-,Desconexión
540,21.6,-16775380,-1.5314144218387966,nan,-,-,-,-,Desconexión
541,21.64,-16775385,-0.6296310720750853,nan,-,-,-,-,Desconexión
542,21.68,-16775370,-0.054839984132815545,nan,-,-,-,-,Desconexión
543,21.72,-16775349,0.00297303386880432,nan,-,-,-,-,Desconexión
544,21.76,-16775411,3.122169282082666,nan,-,-,-,-,Desconexión
545,21.8,-16775370,3.8995280067374827,nan,-,-,-,-,Desconexión
546,21.84,-16775378,6.068855687181955,nan,-,-,-,-,Desconexión
547,21.88,-16775433,7.006946682883871,nan,-,-,-,-,Desconexión
548,21.92,-16775453,2.594915077129741,nan,-,-,-,-,Desconexión
549,21.96,-16775377,-6.738138046971674,nan,-,-,-,-,Desconexión
550,22.0,-16775375,-10.6650705919701,nan,-,-,-,-,Desconexión
551,22.04,-16775469,-6.281337283390485,nan,-,-,-,-,Desconexión
552,22.08,-16775345,-6.380659752964576,nan,-,-,-,-,Desconexión
553,22.12,-16775379,-2.9441741664745678,nan,-,-,-,-,Desconexión
554,22.16,-16775325,-4.82556321762128,nan,-,-,-,-,Desconexión
555,22.2,-16775340,-5.121116105580992,nan,-,-,-,-,Desconexión
556,22.24,-16775449,-1.314732802820096,nan,-,-,-,-,Desconexión
557,22.28,-16775412,-0.47853329707018943,nan,-,-,-,-,Desconexión
558,22.32,-16775385,2.3388931218625517,nan,-,-,-,-,Desconexión
559,22.36,-16775415,6.845055308241548,nan,-,-,-,-,Desconexión
560,22.4,-16775408,7.646029527273354,nan,-,-,-,-,Desconexión
561,22.44,-16775476,8.850552683497241,nan,-,-,-,-,Desconexión
562,22.48,-16775441,7.006928679245283,nan,-,-,-,-,Desconexión
563,22.52,-16775397,4.312656063526465,nan,-,-,-,-,Desconexión
564,22.56,-16775411,0.18296440136311176,nan,-,-,-,-,Desconexión
565,22.6,-16775383,-7.426883743287558,nan,-,-,-,-,Desconexión
566,22.64,-16775398,-10.430772207673554,nan,-,-,-,-,Desconexión
567,22.68,-16775394,-7.859713094048052,nan,-,-,-,-,Desconexión
568,22.72,-16775429,-1.4765930843434276,nan,-,-,-,-,Desconexión
569,22.76,-16775393,-0.3386876296921493,nan,-,-,-,-,Desconexión
570,22.8,-16775361,-2.209573979393145,nan,-,-,-,-,Desconexión
571,22.84,-16775433,0.5602954309460095,nan,-,-,-,-,Desconexión
572,22.88,-16775415,3.819074071432496,nan,-,-,-,-,Desconexión
573,22.92,-16775371,6.431104926864849,nan,-,-,-,-,Desconexión
574,22.96,-16775431,8.534665804318482,nan,-,-,-,-,Desconexión
575,23.0,-16775380,3.2191821698622576,nan,-,-,-,-,Desconexión
576,23.04,-16775434,0.7267513172664799,nan,-,-,-,-,Desconexión
577,23.08,-16775371,-3.1982933731765364,nan,-,-,-,-,Desconexión
578,23.12,-16775385,-2.0690038199511633,nan,-,-,-,-,Desconexión
579,23.16,-16775340,-2.0890690220858126,nan,-,-,-,-,Desconexión
580,23.2,-16775459,1.8521071429824474,nan,-,-,-,-,Desconexión
581,23.24,-16775449,0.40104116598011075,nan,-,-,-,-,Desconexión
582,23.28,-16775429,-0.7403879450058746,nan,-,-,-,-,Desconexión
583,23.32,-16775375,-1.7476621348001373,nan,-,-,-,-,Desconexión
584,23.36,-16775375,-1.1274500884122354,nan,-,-,-,-,Desconexión
585,23.4,-16775437,0.9267803499595679,nan,-,-,-,-,Desconexión
586,23.44,-16775428,1.1266120954056653,nan,-,-,-,-,Desconexión
587,23.48,-16775421,1.4459517325954212,nan,-,-,-,-,Desconexión
588,23.52,-16775347,-2.3630550761063702,nan,-,-,-,-,Desconexión
589,23.56,-16775342,-6.263484982804428,nan,-,-,-,-,Desconexión
590,23.6,-16775412,-6.3906078338577785,nan,-,-,-,-,Desconexión
591,23.64,-16775473,-1.4701920562362076,nan,-,-,-,-,Desconexión
592,23.68,-16775400,2.8355230543825742,nan,-,-,-,-,Desconexión
593,23.72,-16775414,6.983412325189629,nan,-,-,-,-,Desconexión
594,23.76,-16775469,5.9782954034236475,nan,-,-,-,-,Desconexión
595,23.8,-16775411,-0.7804907171566207,nan,-,-,-,-,Desconexión
596,23.84,-16775407,-1.4707201928944507,nan,-,-,-,-,Desconexión
597,23.88,-16775486,4.684978801163496,nan,-,-,-,-,Desconexión
598,23.92,-16775461,5.197572192159384,nan,-,-,-,-,Desconexión
599,23.96,-16775444,-0.2989449075504691,nan,-,-,-,-,Desconexión
600,24.0,-16775409,-8.459535730909252,nan,nan,-,-,-,Desconexión
601,24.04,-16775403,-10.541752422495463,nan,-,-,-,-,Desconexión
602,24.08,-16775390,-6.4766899134730735,nan,-,-,-,-,Desconexión
603,24.12,-16775458,1.0940513179629896,nan,-,-,-,-,Desconexión
604,24.16,-16775435,2.2892929255820604,nan,-,-,-,-,Desconexión
605,24.2,-16775436,1.4624171356396225,nan,-,-,-,-,Desconexión
606,24.24,-16775418,-0.44163102077107474,nan,-,-,-,-,Desconexión
607,24.28,-16775421,-0.40843099895001256,nan,-,-,-,-,Desconexión
608,24.32,-16775502,4.5547481518717845,nan,-,-,-,-,Desconexión
609,24.36,-16775485,7.690243127955501,nan,-,-,-,-,Desconexión
610,24.4,-16775369,5.214836606171026,nan,-,-,-,-,Desconexión
611,24.44,-16775367,1.7561038896777532,nan,-,-,-,-,Desconexión
612,24.48,-16775330,-5.016705788251102,nan,-,-,-,-,Desconexión
613,24.52,-16775412,-5.424239248888483,nan,-,-,-,-,Desconexión
614,24.56,-16775394,-4.339160605805965,nan,-,-,-,-,Desconexión
615,24.6,-16775375,-1.2224825133778632,nan,-,-,-,-,Desconexión
616,24.64,-16775362,0.00439059029400285,nan,-,-,-,-,Desconexión
617,24.68,-16775445,1.8930698905019767,nan,-,-,-,-,Desconexión
618,24.72,-16775421,2.0515805437905854,nan,-,-,-,-,Desconexión
619,24.76,-16775451,8.129420960693523,nan,-,-,-,-,Desconexión
620,24.8,-16775397,11.460595177974575,nan,-,-,-,-,Desconexión
621,24.84,-16775448,11.276483417497257,nan,-,-,-,-,Desconexión
622,24.88,-16775397,0.7154570270652023,nan,-,-,-,-,Desconexión
623,24.92,-16775410,-7.485710312512786,nan,-,-,-,-,Desconexión
624,24.96,-16775524,-6.185730939228527,nan,-,-,-,-,Desconexión
625,25.0,-16775441,-6.869061939898781,nan,-,-,-,-,Desconexión
626,25.04,-16775453,-5.536723504775457,nan,-,-,-,-,Desconexión
627,25.08,-16775432,-7.252406637609393,nan,-,-,-,-,Desconexión
628,25.12,-16775463,-5.862497598633997,nan,-,-,-,-,Desconexión
629,25.16,-16775417,-3.8689401106302554,nan,-,-,-,-,Desconexión
630,25.2,-16775430,0.3664429332658763,nan,-,-,-,-,Desconexión
631,25.24,-16775382,-0.21548417978755197,nan,-,-,-,-,Desconexión
632,25.28,-16775346,-3.3103720603679747,nan,-,-,-,-,Desconexión
633,25.32,-16775357,-5.015229558057573,nan,-,-,-,-,Desconexión
634,25.36,-16775384,-3.0970838949487316,nan,-,-,-,-,Desconexión
635,25.4,-16775380,1.6311977741377923,nan,-,-,-,-,Desconexión
636,25.44,-16775329,5.382592035329047,nan,-,-,-,-,Desconexión
637,25.48,-16775356,8.466594979237327,nan,-,-,-,-,Desconexión
638,25.52,-16775373,8.437869419207715,nan,-,-,-,-,Desconexión
639,25.56,-16775435,10.031710142136433,nan,-,-,-,-,Desconexión
640,25.6,-16775458,11.34663228599517,nan,-,-,-,-,Desconexión
641,25.64,-16775428,9.68819868665976,nan,-,-,-,-,Desconexión
642,25.68,-16775464,6.85766970307418,nan,-,-,-,-,Desconexión
643,25.72,-16775444,0.007308390284586075,nan,-,-,-,-,Desconexión
644,25.76,-16775395,-6.381670836929942,nan,-,-,-,-,Desconexión
645,25.8,-16775350,-9.10435096046291,nan,-,-,-,-,Desconexión
646,25.84,-16775458,-5.56380683525121,nan,-,-,-,-,Desconexión
647,25.88,-16775394,-9.543950835478451,nan,-,-,-,-,Desconexión
648,25.92,-16775391,-12.93144943072727,nan,-,-,-,-,Desconexión
649,25.96,-16775363,-14.308937057080897,nan,-,-,-,-,Desconexión
650,26.0,-16775426,-7.604041350886098,nan,-,-,-,-,Desconexión
651,26.04,-16775413,-0.3932379785030431,nan,-,-,-,-,Desconexión
652,26.08,-16775441,7.181118279631118,nan,-,-,-,-,Desconexión
653,26.12,-16775393,9.132701502105885,nan,-,-,-,-,Desconexión
654,26.16,-16775412,9.459539780590266,nan,-,-,-,-,Desconexión
655,26.2,-16775379,4.833911825681334,nan,-,-,-,-,Desconexión
656,26.24,-16775431,2.35784269286124,nan,-,-,-,-,Desconexión
657,26.28,-16775433,0.9176441238663315,nan,-,-,-,-,Desconexión
658,26.32,-16775451,2.0641092822263083,nan,-,-,-,-,Desconexión
659,26.36,-16775374,-1.1997179586150821,nan,-,-,-,-,Desconexión
660,26.4,-16775422,-2.3279843788380274,nan,-,-,-,-,Desconexión
661,26.44,-16775411,-3.844485335074285,nan,-,-,-,-,Desconexión
662,26.48,-16775395,-2.1069471297943636,nan,-,-,-,-,Desconexión
663,26.52,-16775364,0.16307113814029606,nan,-,-,-,-,Desconexión
664,26.56,-16775430,2.988691075019119,nan,-,-,-,-,Desconexión
665,26.6,-16775458,1.5188179968122597,nan,-,-,-,-,Desconexión
666,26.64,-16775411,-2.526932539208624,nan,-,-,-,-,Desconexión
667,26.68,-16775503,0.7351676058885204,nan,-,-,-,-,Desconexión
668,26.72,-16775450,1.9228752978404229,nan,-,-,-,-,Desconexión
669,26.76,-16775417,3.1359151436798953,nan,-,-,-,-,Desconexión
670,26.8,-16775455,3.749869968986442,nan,-,-,-,-,Desconexión
671,26.84,-16775444,0.8943847354345689,nan,-,-,-,-,Desconexión
672,26.88,-16775430,-2.086828732958203,nan,-,-,-,-,Desconexión
673,26.92,-16775407,-5.2500998127045975,nan,-,-,-,-,Desconexión
674,26.96,-16775396,-7.89410399664926,nan,-,-,-,-,Desconexión
675,27.0,-16775393,-8.359790362219712,nan,nan,-,-,-,Desconexión
676,27.04,-16775381,-5.862799581289352,nan,-,-,-,-,Desconexión
677,27.08,-16775426,0.47525969028851733,nan,-,-,-,-,Desconexión
678,27.12,-16775449,5.5759543399038805,nan,-,-,-,-,Desconexión
679,27.16,-16775349,4.370631195600087,nan,-,-,-,-,Desconexión
680,27.2,-16775358,4.268421546842262,nan,-,-,-,-,Desconexión
681,27.24,-16775431,5.733274403604632,nan,-,-,-,-,Desconexión
682,27.28,-16775408,5.262799613021251,nan,-,-,-,-,Desconexión
683,27.32,-16775431,6.451812640867093,nan,-,-,-,-,Desconexión
684,27.36,-16775430,4.923643516313238,nan,-,-,-,-,Desconexión
685,27.4,-16775431,1.2308406010930604,nan,-,-,-,-,Desconexión
686,27.44,-16775408,-3.297259910754107,nan,-,-,-,-,Desconexión
687,27.48,-16775464,-2.6181750566585755,nan,-,-,-,-,Desconexión
688,27.52,-16775451,-1.032220270354232,nan,-,-,-,-,Desconexión
689,27.56,-16775463,1.2650065148083192,nan,-,-,-,-,Desconexión
690,27.6,-16775413,-2.2337778715154855,nan,-,-,-,-,Desconexión
691,27.64,-16775397,-7.3475589957922125,nan,-,-,-,-,Desconexión
692,27.68,-16775413,-9.08633072765869,nan,-,-,-,-,Desconexión
693,27.72,-16775407,-6.8495631121224285,nan,-,-,-,-,Desconexión
694,27.76,-16775367,-3.8304922117491955,nan,-,-,-,-,Desconexión
695,27.8,-16775371,-1.0912360166268655,nan,-,-,-,-,Desconexión
696,27.84,-16775370,-0.832914444578182,nan,-,-,-,-,Desconexión
697,27.88,-16775428,1.0701200905239858,nan,-,-,-,-,Desconexión
698,27.92,-16775398,2.175221306950858,nan,-,-,-,-,Desconexión
699,27.96,-16775369,5.151742961757107,nan,-,-,-,-,Desconexión
700,28.0,-16775475,11.398399888221256,nan,-,-,-,-,Desconexión
701,28.04,-16775365,7.2222729896815885,nan,-,-,-,-,Desconexión
702,28.08,-16775460,7.120199308916156,nan,-,-,-,-,Desconexión
703,28.12,-16775421,2.957117324737089,nan,-,-,-,-,Desconexión
704,28.16,-16775435,1.435082782397938,nan,-,-,-,-,Desconexión
705,28.2,-16775462,-0.26941257372826755,nan,-,-,-,-,Desconexión
706,28.24,-16775498,-2.583765533997777,nan,-,-,-,-,Desconexión
707,28.28,-16775421,-7.298996473652956,nan,-,-,-,-,Desconexión
708,28.32,-16775366,-8.701092405037883,nan,-,-,-,-,Desconexión
709,28.36,-16775358,-7.325094127306777,nan,-,-,-,-,Desconexión
710,28.4,-16775405,-4.584059620144582,nan,-,-,-,-,Desconexión
711,28.44,-16775401,-3.73717624548737,nan,-,-,-,-,Desconexión
712,28.48,-16775446,-1.099126216100423,nan,-,-,-,-,Desconexión
713,28.52,-16775405,-1.3552613440854997,nan,-,-,-,-,Desconexión
714,28.56,-16775460,1.319003828139401,nan,-,-,-,-,Desconexión
715,28.6,-16775442,2.7388762056482605,nan,-,-,-,-,Desconexión
716,28.64,-16775383,5.016921899016985,nan,-,-,-,-,Desconexión
717,28.68,-16775397,9.943385320348117,nan,-,-,-,-,Desconexión
718,28.72,-16775533,14.360877849288258,nan,-,-,-,-,Desconexión
719,28.76,-16775443,4.928093697660945,nan,-,-,-,-,Desconexión
720,28.8,-16775359,-6.607314101637847,nan,-,-,-,-,Desconexión
721,28.84,-16775573,-4.571495031447725,nan,-,-,-,-,Desconexión
722,28.88,-16775446,-7.718169886822958,nan,-,-,-,-,Desconexión
723,28.92,-16775411,-5.09379520248298,nan,-,-,-,-,Desconexión
724,28.96,-16775466,0.017658122664719222,nan,-,-,-,-,Desconexión
725,29.0,-16775554,4.19055228112164,nan,-,-,-,-,Desconexión
726,29.04,-16775563,3.1112673596303964,nan,-,-,-,-,Desconexión
727,29.08,-16775551,-0.679985378688265,nan,-,-,-,-,Desconexión
728,29.12,-16775465,-5.744095417806328,nan,-,-,-,-,Desconexión
729,29.16,-16775498,-3.746440030501489,nan,-,-,-,-,Desconexión
730,29.2,-16775299,-7.976211376272005,nan,-,-,-,-,Desconexión
731,29.24,-16775185,-10.436299386518641,nan,-,-,-,-,Desconexión
732,29.28,-16775280,-6.099460633368665,nan,-,-,-,-,Desconexión
733,29.32,-16775362,-2.1115386057340544,nan,-,-,-,-,Desconexión
734,29.36,-16775212,-7.119674641395669,nan,-,-,-,-,Desconexión
735,29.4,-16775374,-1.1896271846940607,nan,-,-,-,-,Desconexión
736,29.44,-16775384,5.8570806231484625,nan,-,-,-,-,Desconexión
737,29.48,-16775402,18.630729447978467,nan,-,-,-,-,Desconexión
738,29.52,-16775363,28.539001559348954,nan,-,-,-,-,Desconexión
739,29.56,-16775414,34.32807650403291,nan,-,-,-,-,Desconexión
740,29.6,-16775414,28.76708411561235,nan,-,-,-,-,Desconexión
741,29.64,-16775417,13.659871844823616,nan,-,-,-,-,Desconexión
742,29.68,-16775511,-3.050235920596691,nan,-,-,-,-,Desconexión
743,29.72,-16775606,-14.893026189458737,nan,-,-,-,-,Desconexión
744,29.76,-16775546,-22.0490820344046,nan,-,-,-,-,Desconexión
745,29.8,-16775320,-28.33051659336084,nan,-,-,-,-,Desconexión
746,29.84,-16775289,-26.228489315731224,nan,-,-,-,-,Desconexión
747,29.88,-16775292,-21.106306409507326,nan,-,-,-,-,Desconexión
748,29.92,-16775337,-13.473628250239472,nan,-,-,-,-,Desconexión
749,29.96,-16775267,-11.297529539780676,nan,-,-,-,-,Desconexión
750,30.0,-16775415,-5.2266310313441835,nan,nan,-,-,-,Desconexión
751,30.04,-16775398,-5.377095237480368,nan,-,-,-,-,Desconexión
752,30.08,-16775443,0.19509496618977806,nan,-,-,-,-,Desconexión
753,30.12,-16775411,11.063286270891219,nan,-,-,-,-,Desconexión
754,30.16,-16775428,28.329195172570657,nan,-,-,-,-,Desconexión
755,30.2,-16775386,36.6348024922865,nan,-,-,-,-,Desconexión
756,30.24,-16775344,27.85962959838782,nan,-,-,-,-,Desconexión
757,30.28,-16775398,9.378039099550595,nan,-,-,-,-,Desconexión
758,30.32,-16775378,-10.079369705911963,nan,-,-,-,-,Desconexión
759,30.36,-16775407,-17.743296703818892,nan,-,-,-,-,Desconexión
760,30.4,-16775415,-17.29621708859205,nan,-,-,-,-,Desconexión
761,30.44,-16775388,-13.41336152423813,nan,-,-,-,-,Desconexión
762,30.48,-16775420,-5.409713247860688,nan,-,-,-,-,Desconexión
763,30.52,-16775409,1.3391878111470366,nan,-,-,-,-,Desconexión
764,30.56,-16775448,7.2211079588944,nan,-,-,-,-,Desconexión
765,30.6,-16775376,5.5690467614050725,nan,-,-,-,-,Desconexión
766,30.64,-16775453,4.952641468965275,nan,-,-,-,-,Desconexión
767,30.68,-16775395,-1.7191799227264575,nan,-,-,-,-,Desconexión
768,30.72,-16775382,-5.535369922476718,nan,-,-,-,-,Desconexión
769,30.76,-16775393,-5.279624962158023,nan,-,-,-,-,Desconexión
770,30.8,-16775495,0.1232491627524368,nan,-,-,-,-,Desconexión
771,30.84,-16775586,4.829134462635892,nan,-,-,-,-,Desconexión
772,30.88,-16775449,0.5399578738534139,nan,-,-,-,-,Desconexión
773,30.92,-16775387,-2.1574714737881493,nan,-,-,-,-,Desconexión
774,30.96,-16775411,-1.4483467035837876,nan,-,-,-,-,Desconexión
775,31.0,-16775398,-1.033556598708472,nan,-,-,-,-,Desconexión
776,31.04,-16775380,-0.6643586855079988,nan,-,-,-,-,Desconexión
777,31.08,-16775425,0.5522624514325081,nan,-,-,-,-,Desconexión
778,31.12,-16775401,-2.945488076552457,nan,-,-,-,-,Desconexión
779,31.16,-16775447,-5.944612015402967,nan,-,-,-,-,Desconexión
780,31.2,-16775383,-9.150129373974961,nan,-,-,-,-,Desconexión
781,31.24,-16775424,-0.6475653584735817,nan,-,-,-,-,Desconexión
782,31.28,-16775407,11.0519271078519,nan,-,-,-,-,Desconexión
783,31.32,-16775366,16.52667101562338,nan,-,-,-,-,Desconexión
784,31.36,-16775426,14.13520238652864,nan,-,-,-,-,Desconexión
785,31.4,-16775322,0.8541539439639294,nan,-,-,-,-,Desconexión
786,31.44,-16775424,-2.88889763411958,nan,-,-,-,-,Desconexión
787,31.48,-16775399,-5.185972626932973,nan,-,-,-,-,Desconexión
788,31.52,-16775362,-4.6397252781226745,nan,-,-,-,-,Desconexión
789,31.56,-16775404,-0.8244812915566371,nan,-,-,-,-,Desconexión
790,31.6,-16775388,0.5309479408682005,nan,-,-,-,-,Desconexión
791,31.64,-16775451,3.2961602439225075,nan,-,-,-,-,Desconexión
792,31.68,-16775383,0.9761707779396467,nan,-,-,-,-,Desconexión
793,31.72,-16775353,-0.5948573903994685,nan,-,-,-,-,Desconexión
794,31.76,-16775390,-0.5342250825891424,nan,-,-,-,-,Desconexión
795,31.8,-16775368,-2.8919612904216834,nan,-,-,-,-,Desconexión
796,31.84,-16775409,-2.932001632591774,nan,-,-,-,-,Desconexión
797,31.88,-16775432,-2.1982855501937593,nan,-,-,-,-,Desconexión
798,31.92,-16775381,-2.9523824381110604,nan,-,-,-,-,Desconexión
799,31.96,-16775363,-3.17049691900775,nan,-,-,-,-,Desconexión
800,32.0,-16775429,-0.9361703351763211,nan,-,-,-,-,Desconexión
801,32.04,-16775496,2.884037199613445,nan,-,-,-,-,Desconexión
802,32.08,-16775470,4.86908830327242,nan,-,-,-,-,Desconexión
803,32.12,-16775450,4.843944557808321,nan,-,-,-,-,Desconexión
804,32.16,-16775409,0.04854729950994141,nan,-,-,-,-,Desconexión
805,32.2,-16775463,-3.047749594400015,nan,-,-,-,-,Desconexión
806,32.24,-16775374,-7.720421221797736,nan,-,-,-,-,Desconexión
807,32.28,-16775477,-2.323910156787484,nan,-,-,-,-,Desconexión
808,32.32,-16775393,-2.5532300776324846,nan,-,-,-,-,Desconexión
809,32.36,-16775415,-2.7939515526410545,nan,-,-,-,-,Desconexión
810,32.4,-16775445,-5.120552250089082,nan,-,-,-,-,Desconexión
811,32.44,-16775463,-4.64300657673855,nan,-,-,-,-,Desconexión
812,32.48,-16775442,0.4807819029500462,nan,-,-,-,-,Desconexión
813,32.52,-16775425,7.210409357367398,nan,-,-,-,-,Desconexión
814,32.56,-16775432,9.96691981266875,nan,-,-,-,-,Desconexión
815,32.6,-16775397,5.926730304925567,nan,-,-,-,-,Desconexión
816,32.64,-16775448,3.347911478595897,nan,-,-,-,-,Desconexión
817,32.68,-16775407,-0.23269791966695852,nan,-,-,-,-,Desconexión
818,32.72,-16775376,-1.8221827608442425,nan,-,-,-,-,Desconexión
819,32.76,-16775455,0.023347172546586137,nan,-,-,-,-,Desconexión
820,32.8,-16775391,-2.9182098884480254,nan,-,-,-,-,Desconexión
821,32.84,-16775447,-0.46229411794520203,nan,-,-,-,-,Desconexión
822,32.88,-16775434,1.8214139162171712,nan,-,-,-,-,Desconexión
823,32.92,-16775433,4.163594611437254,nan,-,-,-,-,Desconexión
824,32.96,-16775402,2.9854229158023102,nan,-,-,-,-,Desconexión
825,33.0,-16775366,-0.2768796254282826,nan,nan,-,-,-,Desconexión
826,33.04,-16775415,-0.4409520201743451,nan,-,-,-,-,Desconexión
827,33.08,-16775397,-1.5145554184510899,nan,-,-,-,-,Desconexión
828,33.12,-16775368,-2.758981700109784,nan,-,-,-,-,Desconexión
829,33.16,-16775375,-3.442040212539184,nan,-,-,-,-,Desconexión
830,33.2,-16775412,-2.7784610130993954,nan,-,-,-,-,Desconexión
831,33.24,-16775447,-0.5178443809625364,nan,-,-,-,-,Desconexión
832,33.28,-16775386,0.24420172413656616,nan,-,-,-,-,Desconexión
833,33.32,-16775363,2.4674188505613373,nan,-,-,-,-,Desconexión
834,33.36,-16775434,5.9806180824389195,nan,-,-,-,-,Desconexión
835,33.4,-16775462,5.288238766563467,nan,-,-,-,-,Desconexión
836,33.44,-16775461,2.150895378068526,nan,-,-,-,-,Desconexión
837,33.48,-16775405,-1.9536498327589769,nan,-,-,-,-,Desconexión
838,33.52,-16775396,-3.4933392878954734,nan,-,-,-,-,Desconexión
839,33.56,-16775428,-3.973564843384702,nan,-,-,-,-,Desconexión
840,33.6,-16775405,-5.832394506717247,nan,-,-,-,-,Desconexión
841,33.64,-16775388,-5.069093928506479,nan,-,-,-,-,Desconexión
842,33.68,-16775400,-1.8780834048031814,nan,-,-,-,-,Desconexión
843,33.72,-16775369,-2.2905470173551343,nan,-,-,-,-,Desconexión
844,33.76,-16775506,0.02338074651174793,nan,-,-,-,-,Desconexión
845,33.8,-16775442,-2.2786326259025866,nan,-,-,-,-,Desconexión
846,33.84,-16775459,2.521263467602891,nan,-,-,-,-,Desconexión
847,33.88,-16775490,8.473933481815031,nan,-,-,-,-,Desconexión
848,33.92,-16775502,9.310300837348436,nan,-,-,-,-,Desconexión
849,33.96,-16775418,2.8824285363987414,nan,-,-,-,-,Desconexión
850,34.0,-16775459,0.46688779061310726,nan,-,-,-,-,Desconexión
851,34.04,-16775488,-0.710545105960172,nan,-,-,-,-,Desconexión
852,34.08,-16775433,-4.828579944291651,nan,-,-,-,-,Desconexión
853,34.12,-16775377,-9.814709389621065,nan,-,-,-,-,Desconexión
854,34.16,-16775343,-12.24712720756797,nan,-,-,-,-,Desconexión
855,34.2,-16775398,-7.630407090758031,nan,-,-,-,-,Desconexión
856,34.24,-16775403,-1.8705058212208954,nan,-,-,-,-,Desconexión
857,34.28,-16775410,3.55563087325433,nan,-,-,-,-,Desconexión
858,34.32,-16775337,4.658104403896171,nan,-,-,-,-,Desconexión
859,34.36,-16775418,8.848562520497815,nan,-,-,-,-,Desconexión
860,34.4,-16775460,10.199409659767326,nan,-,-,-,-,Desconexión
861,34.44,-16775396,8.133702686694557,nan,-,-,-,-,Desconexión
862,34.48,-16775420,10.000186875826191,nan,-,-,-,-,Desconexión
863,34.52,-16775420,9.588744082567931,nan,-,-,-,-,Desconexión
864,34.56,-16775447,5.299746043879125,nan,-,-,-,-,Desconexión
865,34.6,-16775365,-5.022089281672898,nan,-,-,-,-,Desconexión
866,34.64,-16775392,-8.594885864637526,nan,-,-,-,-,Desconexión
867,34.68,-16775433,-6.741878789093519,nan,-,-,-,-,Desconexión
868,34.72,-16775354,-7.669735357801546,nan,-,-,-,-,Desconexión
869,34.76,-16775390,-6.687874866366881,nan,-,-,-,-,Desconexión
870,34.8,-16775386,-6.667762980738208,nan,-,-,-,-,Desconexión
871,34.84,-16775421,-2.731983584662043,nan,-,-,-,-,Desconexión
872,34.88,-16775404,0.5056423053438639,nan,-,-,-,-,Desconexión
873,34.92,-16775455,4.295752812384144,nan,-,-,-,-,Desconexión
874,34.96,-16775378,2.471444982079788,nan,-,-,-,-,Desconexión
875,35.0,-16775453,4.83886427939651,nan,-,-,-,-,Desconexión
876,35.04,-16775493,5.059966809625493,nan,-,-,-,-,Desconexión
877,35.08,-16775388,-0.12571999139459678,nan,-,-,-,-,Desconexión
878,35.12,-16775418,-0.7602642904696744,nan,-,-,-,-,Desconexión
879,35.16,-16775424,-2.1728150891496245,nan,-,-,-,-,Desconexión
880,35.2,-16775448,-3.4494009072705465,nan,-,-,-,-,Desconexión
881,35.24,-16775441,-4.85120266376158,nan,-,-,-,-,Desconexión
882,35.28,-16775416,-4.724706074078533,nan,-,-,-,-,Desconexión
883,35.32,-16775433,-2.08116757569669,nan,-,-,-,-,Desconexión
884,35.36,-16775402,-1.6646465950208302,nan,-,-,-,-,Desconexión
885,35.4,-16775411,-0.6086836878266269,nan,-,-,-,-,Desconexión
886,35.44,-16775362,-0.34451834326007713,nan,-,-,-,-,Desconexión
887,35.48,-16775449,5.164686045201659,nan,-,-,-,-,Desconexión
888,35.52,-16775391,4.022810425861113,nan,-,-,-,-,Desconexión
889,35.56,-16775417,2.6041858259715056,nan,-,-,-,-,Desconexión
890,35.6,-16775375,-0.7796020955789231,nan,-,-,-,-,Desconexión
891,35.64,-16775365,-0.18433659352487197,nan,-,-,-,-,Desconexión
892,35.68,-16775379,2.8786475812470327,nan,-,-,-,-,Desconexión
893,35.72,-16775403,5.171597407591648,nan,-,-,-,-,Desconexión
894,35.76,-16775468,6.663470340281577,nan,-,-,-,-,Desconexión
895,35.8,-16775454,4.073916308505829,nan,-,-,-,-,Desconexión
896,35.84,-16775480,2.0613145178459646,nan,-,-,-,-,Desconexión
897,35.88,-16775456,-0.9252238030612889,nan,-,-,-,-,Desconexión
898,35.92,-16775470,-0.7119445588570479,nan,-,-,-,-,Desconexión
899,35.96,-16775412,-1.326453808883798,nan,-,-,-,-,Desconexión
900,36.0,-16775416,-1.0098730412372063,nan,nan,-,-,-,Desconexión
901,36.04,-16775394,-4.511804037977527,nan,-,-,-,-,Desconexión
902,36.08,-16775411,-8.737032189442058,nan,-,-,-,-,Desconexión
903,36.12,-16775407,-12.219719066910898,nan,-,-,-,-,Desconexión
904,36.16,-16775425,-10.590915691082854,nan,-,-,-,-,Desconexión
905,36.2,-16775381,-6.520325607565972,nan,-,-,-,-,Desconexión
906,36.24,-16775417,1.6813814480548075,nan,-,-,-,-,Desconexión
907,36.28,-16775388,6.322873736487722,nan,-,-,-,-,Desconexión
908,36.32,-16775404,9.734688852101277,nan,-,-,-,-,Desconexión
909,36.36,-16775397,9.786833904975584,nan,-,-,-,-,Desconexión
910,36.4,-16775397,7.665401429440271,nan,-,-,-,-,Desconexión
911,36.44,-16775370,3.1069219403908077,nan,-,-,-,-,Desconexión
912,36.48,-16775361,-0.5724743216561627,nan,-,-,-,-,Desconexión
913,36.52,-16775419,-0.12287906131341941,nan,-,-,-,-,Desconexión
914,36.56,-16775455,1.5450160661920194,nan,-,-,-,-,Desconexión
915,36.6,-16775362,-0.557648345967678,nan,-,-,-,-,Desconexión
916,36.64,-16775397,0.4530445632815433,nan,-,-,-,-,Desconexión
917,36.68,-16775467,1.6818949098975011,nan,-,-,-,-,Desconexión
918,36.72,-16775417,-0.726357754697736,nan,-,-,-,-,Desconexión
919,36.76,-16775382,-1.8085915997575945,nan,-,-,-,-,Desconexión
920,36.8,-16775425,-0.2207807328532827,nan,-,-,-,-,Desconexión
921,36.84,-16775481,0.4613186755630636,nan,-,-,-,-,Desconexión
922,36.88,-16775417,-4.2669520092538455,nan,-,-,-,-,Desconexión
923,36.92,-16775472,-4.528945309626939,nan,-,-,-,-,Desconexión
924,36.96,-16775473,-3.605636255157081,nan,-,-,-,-,Desconexión
925,37.0,-16775420,-2.73822420521671,nan,-,-,-,-,Desconexión
926,37.04,-16775412,-1.8818451859427157,nan,-,-,-,-,Desconexión
927,37.08,-16775408,-2.4306062061639047,nan,-,-,-,-,Desconexión
928,37.12,-16775448,-0.8016367921658221,nan,-,-,-,-,Desconexión
929,37.16,-16775465,0.5880342015179387,nan,-,-,-,-,Desconexión
930,37.2,-16775437,-0.932960612311061,nan,-,-,-,-,Desconexión
931,37.24,-16775388,-3.584153457061582,nan,-,-,-,-,Desconexión
932,37.28,-16775460,-0.18783058949877507,nan,-,-,-,-,Desconexión
933,37.32,-16775414,1.6595823921530322,nan,-,-,-,-,Desconexión
934,37.36,-16775435,5.789770812683747,nan,-,-,-,-,Desconexión
935,37.4,-16775451,7.856401808601397,nan,-,-,-,-,Desconexión
936,37.44,-16775378,3.829993445875246,nan,-,-,-,-,Desconexión
937,37.48,-16775478,2.765527116972379,nan,-,-,-,-,Desconexión
938,37.52,-16775469,-0.9667970822542031,nan,-,-,-,-,Desconexión
939,37.56,-16775426,-1.981800823264166,nan,-,-,-,-,Desconexión
940,37.6,-16775403,0.1949557417287977,nan,-,-,-,-,Desconexión
941,37.64,-16775456,3.236053265759514,nan,-,-,-,-,Desconexión
942,37.68,-16775456,1.4107980809382212,nan,-,-,-,-,Desconexión
943,37.72,-16775332,-4.9250896275249545,nan,-,-,-,-,Desconexión
944,37.76,-16775393,-3.3290903136992007,nan,-,-,-,-,Desconexión
945,37.8,-16775373,-3.0653193371451994,nan,-,-,-,-,Desconexión
946,37.84,-16775468,0.279407596515739,nan,-,-,-,-,Desconexión
947,37.88,-16775483,0.7129139458217679,nan,-,-,-,-,Desconexión
948,37.92,-16775434,0.45952162905528837,nan,-,-,-,-,Desconexión
949,37.96,-16775431,2.812861324463409,nan,-,-,-,-,Desconexión
950,38.0,-16775434,4.0278990258217044,nan,-,-,-,-,Desconexión
951,38.04,-16775392,2.0410940269005025,nan,-,-,-,-,Desconexión
952,38.08,-16775415,2.443404295573284,nan,-,-,-,-,Desconexión
953,38.12,-16775431,2.4309814778564602,nan,-,-,-,-,Desconexión
954,38.16,-16775378,-3.046151981999305,nan,-,-,-,-,Desconexión
955,38.2,-16775447,-7.08858194657493,nan,-,-,-,-,Desconexión
956,38.24,-16775439,-10.205541380843101,nan,-,-,-,-,Desconexión
957,38.28,-16775426,-6.300546388442952,nan,-,-,-,-,Desconexión
958,38.32,-16775417,1.5223969911531787,nan,-,-,-,-,Desconexión
959,38.36,-16775454,7.967256612255044,nan,-,-,-,-,Desconexión
960,38.4,-16775410,6.188425283760614,nan,-,-,-,-,Desconexión
961,38.44,-16775487,5.1062517277699015,nan,-,-,-,-,Desconexión
962,38.48,-16775401,-1.0231268020098199,nan,-,-,-,-,Desconexión
963,38.52,-16775433,-1.8982909953997629,nan,-,-,-,-,Desconexión
964,38.56,-16775492,-0.9088535619756648,nan,-,-,-,-,Desconexión
965,38.6,-16775429,-3.2811678851106976,nan,-,-,-,-,Desconexión
966,38.64,-16775463,-1.6626441932764489,nan,-,-,-,-,Desconexión
967,38.68,-16775421,-1.6994813808178861,nan,-,-,-,-,Desconexión
968,38.72,-16775374,-2.327371379611641,nan,-,-,-,-,Desconexión
969,38.76,-16775415,-1.1650084921097807,nan,-,-,-,-,Desconexión
970,38.8,-16775352,-3.237795912558923,nan,-,-,-,-,Desconexión
971,38.84,-16775466,1.4105904377912069,nan,-,-,-,-,Desconexión
972,38.88,-16775438,1.687975501120377,nan,-,-,-,-,Desconexión
973,38.92,-16775359,-0.6344304087276349,nan,-,-,-,-,Desconexión
974,38.96,-16775422,1.4773204052425601,nan,-,-,-,-,Desconexión
975,39.0,-16775410,2.8380669049894305,nan,nan,-,-,-,Desconexión
976,39.04,-16775450,7.183073297075822,nan,-,-,-,-,Desconexión
977,39.08,-16775375,6.459554517540475,nan,-,-,-,-,Desconexión
978,39.12,-16775410,5.708176194648164,nan,-,-,-,-,Desconexión
979,39.16,-16775458,2.2484379407014004,nan,-,-,-,-,Desconexión
980,39.2,-16775407,-4.493061416828661,nan,-,-,-,-,Desconexión
981,39.24,-16775434,-5.325855090001641,nan,-,-,-,-,Desconexión
982,39.28,-16775381,-4.637461781615794,nan,-,-,-,-,Desconexión
983,39.32,-16775403,-0.8641399926382505,nan,-,-,-,-,Desconexión
984,39.36,-16775414,-0.3322728755184925,nan,-,-,-,-,Desconexión
985,39.4,-16775433,-1.5171061507774262,nan,-,-,-,-,Desconexión
986,39.44,-16775455,-1.2484242404225405,nan,-,-,-,-,Desconexión
987,39.48,-16775399,-1.8977649029995618,nan,-,-,-,-,Desconexión
988,39.52,-16775419,-0.8059527591186715,nan,-,-,-,-,Desconexión
989,39.56,-16775411,-1.3238154062741394,nan,-,-,-,-,Desconexión
990,39.6,-16775398,-0.6684470130366584,nan,-,-,-,-,Desconexión
991,39.64,-16775376,0.8048066957866808,nan,-,-,-,-,Desconexión
992,39.68,-16775398,2.077332623592268,nan,-,-,-,-,Desconexión
993,39.72,-16775452,1.6040486851106124,nan,-,-,-,-,Desconexión
994,39.76,-16775446,-1.3706830720293546,nan,-,-,-,-,Desconexión
995,39.8,-16775380,-3.7736222280248306,nan,-,-,-,-,Desconexión
996,39.84,-16775371,-1.292903877177416,nan,-,-,-,-,Desconexión
997,39.88,-16775382,2.457783427903296,nan,-,-,-,-,Desconexión
998,39.92,-16775387,4.022843590471394,nan,-,-,-,-,Desconexión
999,39.96,-16775431,4.585690502569008,nan,-,-,-,-,Desconexión
1000,40.0,-16775364,0.5043321566892711,nan,-,-,-,-,Desconexión
1001,40.04,-16775413,-0.3843057113812076,nan,-,-,-,-,Desconexión
1002,40.08,-16775375,-3.8360163882152447,nan,-,-,-,-,Desconexión
1003,40.12,-16775408,-2.5359187468209488,nan,-,-,-,-,Desconexión
1004,40.16,-16775410,1.3889529351081045,nan,-,-,-,-,Desconexión
1005,40.2,-16775399,5.328535734630913,nan,-,-,-,-,Desconexión
1006,40.24,-16775395,5.1797151474382686,nan,-,-,-,-,Desconexión
1007,40.28,-16775416,1.2346085242860063,nan,-,-,-,-,Desconexión
1008,40.32,-16775435,-2.666091630303537,nan,-,-,-,-,Desconexión
1009,40.36,-16775424,-3.640990572792859,nan,-,-,-,-,Desconexión
1010,40.4,-16775383,-2.771216000706282,nan,-,-,-,-,Desconexión
1011,40.44,-16775410,-0.41821519723322,nan,-,-,-,-,Desconexión
1012,40.48,-16775398,-1.450653387013233,nan,-,-,-,-,Desconexión
1013,40.52,-16775438,-1.3666492933065655,nan,-,-,-,-,Desconexión
1014,40.56,-16775409,-2.3037446786295,nan,-,-,-,-,Desconexión
1015,40.6,-16775447,-0.21592032342762302,nan,-,-,-,-,Desconexión
1016,40.64,-16775370,-2.3215245944274443,nan,-,-,-,-,Desconexión
1017,40.68,-16775412,-1.1537310445013373,nan,-,-,-,-,Desconexión
1018,40.72,-16775408,-0.500400014796941,nan,-,-,-,-,Desconexión
1019,40.76,-16775413,1.7762170327917435,nan,-,-,-,-,Desconexión
1020,40.8,-16775353,1.3419625681239324,nan,-,-,-,-,Desconexión
1021,40.84,-16775446,3.3143601491585493,nan,-,-,-,-,Desconexión
1022,40.88,-16775400,-0.5890530664534093,nan,-,-,-,-,Desconexión
1023,40.92,-16775330,-3.763198010378318,nan,-,-,-,-,Desconexión
1024,40.96,-16775415,0.7403001714133524,nan,-,-,-,-,Desconexión
1025,41.0,-16775422,3.708474610835175,nan,-,-,-,-,Desconexión
1026,41.04,-16775396,4.035284627528393,nan,-,-,-,-,Desconexión
1027,41.08,-16775426,3.8069734758803264,nan,-,-,-,-,Desconexión
1028,41.12,-16775409,1.2266214388356742,nan,-,-,-,-,Desconexión
1029,41.16,-16775405,-0.05831492228426072,nan,-,-,-,-,Desconexión
1030,41.2,-16775380,-1.0765262316938156,nan,-,-,-,-,Desconexión
1031,41.24,-16775404,-0.19124734443073543,nan,-,-,-,-,Desconexión
1032,41.28,-16775448,1.3393889335529288,nan,-,-,-,-,Desconexión
1033,41.32,-16775392,-1.2343474420371034,nan,-,-,-,-,Desconexión
1034,41.36,-16775407,-2.9797304827813837,nan,-,-,-,-,Desconexión
1035,41.4,-16775385,-5.404694660946131,nan,-,-,-,-,Desconexión
1036,41.44,-16775387,-4.2421860645702,nan,-,-,-,-,Desconexión
1037,41.48,-16775430,0.2761657639126298,nan,-,-,-,-,Desconexión
1038,41.52,-16775358,0.49243471042307263,nan,-,-,-,-,Desconexión
1039,41.56,-16775443,3.6456454853603155,nan,-,-,-,-,Desconexión
1040,41.6,-16775380,0.17347816455439968,nan,-,-,-,-,Desconexión
1041,41.64,-16775472,1.285025460583725,nan,-,-,-,-,Desconexión
1042,41.68,-16775404,-1.045852887504708,nan,-,-,-,-,Desconexión
1043,41.72,-16775438,1.9375295722918127,nan,-,-,-,-,Desconexión
1044,41.76,-16775489,5.121211601011716,nan,-,-,-,-,Desconexión
1045,41.8,-16775500,4.4274410598652025,nan,-,-,-,-,Desconexión
1046,41.84,-16775585,4.113964868808047,nan,-,-,-,-,Desconexión
1047,41.88,-16775575,0.9168779702120595,nan,-,-,-,-,Desconexión
1048,41.92,-16775615,0.25109477662774893,nan,-,-,-,-,Desconexión
1049,41.96,-16775598,-2.1171633643948624,nan,-,-,-,-,Desconexión
1050,42.0,-16775416,-9.809659164192482,nan,nan,-,-,-,Desconexión
1051,42.04,-16775408,-11.102079747863002,nan,-,-,-,-,Desconexión
1052,42.08,-16775473,-9.19774034686558,nan,-,-,-,-,Desconexión
1053,42.12,-16775461,-10.0183559513554,nan,-,-,-,-,Desconexión
1054,42.16,-16775435,-11.57430055189451,nan,-,-,-,-,Desconexión
1055,42.2,-16775405,-11.543790283190305,nan,-,-,-,-,Desconexión
1056,42.24,-16775244,-11.78060868819476,nan,-,-,-,-,Desconexión
1057,42.28,-16775575,8.155025028434267,nan,-,-,-,-,Desconexión
1058,42.32,-16775401,14.496116003178948,nan,-,-,-,-,Desconexión
1059,42.36,-16775458,26.544683175340047,nan,-,-,-,-,Desconexión
1060,42.4,-16775351,25.52543901027982,nan,-,-,-,-,Desconexión
1061,42.44,-16775526,22.89681583903483,nan,-,-,-,-,Desconexión
1062,42.48,-16775420,6.624444493046472,nan,-,-,-,-,Desconexión
1063,42.52,-16775366,-2.371120083683394,nan,-,-,-,-,Desconexión
1064,42.56,-16775438,0.6455675692737657,nan,-,-,-,-,Desconexión
1065,42.6,-16775418,0.7043626468565236,nan,-,-,-,-,Desconexión
1066,42.64,-16775104,-14.883743651220499,nan,-,-,-,-,Desconexión
1067,42.68,-16775370,-13.310109630213319,nan,-,-,-,-,Desconexión
1068,42.72,-16775451,-10.380336136121599,nan,-,-,-,-,Desconexión
1069,42.76,-16775439,-3.417675579215441,nan,-,-,-,-,Desconexión
1070,42.8,-16775435,2.4888546791406796,nan,-,-,-,-,Desconexión
1071,42.84,-16775403,2.4305052962344282,nan,-,-,-,-,Desconexión
1072,42.88,-16674619,-3166.2592751677876,nan,-,-,-,-,Desconexión
1073,42.92,-4396,-527027.6149349548,nan,-,-,-,-,Desconexión
1074,42.96,-944142,-454050.12599959504,nan,-,-,-,-,Desconexión
1075,43.0,-948049,-362376.8715745304,nan,-,-,-,-,Desconexión
1076,43.04,-952742,-218152.4082880842,nan,-,-,-,-,Desconexión
1077,43.08,-954910,-35071.886479263194,nan,-,-,-,-,Desconexión
1078,43.12,-955039,157405.27010399895,nan,-,-,-,-,Desconexión
1079,43.16,-955815,357130.294745171,nan,-,-,-,-,Desconexión
1080,43.2,-958832,635820.0217154585,nan,-,-,-,-,Desconexión
1081,43.24,-961625,1073191.9540524213,nan,-,-,-,-,Desconexión
1082,43.28,-963879,1544789.6808000044,nan,-,-,-,-,Desconexión
1083,43.32,-965715,1636594.5599626065,nan,-,-,-,-,Desconexión
1084,43.36,-965661,1023347.5973373922,nan,-,-,-,-,Desconexión
1085,43.4,-966713,-30066.541686980054,nan,-,-,-,-,Desconexión
1086,43.44,-968217,-848859.2370546919,nan,-,-,-,-,Desconexión
1087,43.48,-967619,-1075148.235256848,nan,-,-,-,-,Desconexión
1088,43.52,-966722,-921142.2585306573,nan,-,-,-,-,Desconexión
1089,43.56,-958782,-738997.1821854652,nan,-,-,-,-,Desconexión
1090,43.6,-950896,-649462.6441800517,nan,-,-,-,-,Desconexión
1091,43.64,-948748,-590880.6840037033,nan,-,-,-,-,Desconexión
1092,43.68,-949623,-502504.7131538219,nan,-,-,-,-,Desconexión
1093,43.72,-953379,-387028.9470184811,nan,-,-,-,-,Desconexión
1094,43.76,-958236,-272433.5846074815,nan,-,-,-,-,Desconexión
1095,43.8,-957727,-173675.51854938688,nan,-,-,-,-,Desconexión
1096,43.84,-956576,-89714.73647191795,nan,-,-,-,-,Desconexión
1097,43.88,-959617,-16659.67597309407,nan,-,-,-,-,Desconexión
1098,43.92,-961779,45408.636076033814,nan,-,-,-,-,Desconexión
1099,43.96,-963498,94566.6249143182,nan,-,-,-,-,Desconexión
1100,44.0,-965283,129908.65233625681,nan,-,-,-,-,Desconexión
1101,44.04,-966102,152358.2714764328,nan,-,-,-,-,Desconexión
1102,44.08,-966673,164036.75618900917,nan,-,-,-,-,Desconexión
1103,44.12,-967131,167197.7333547881,nan,-,-,-,-,Desconexión
1104,44.16,-967986,163648.04309722572,nan,-,-,-,-,Desconexión
1105,44.2,-967708,154571.02903846194,nan,-,-,-,-,Desconexión
1106,44.24,-963080,140845.3000770709,nan,-,-,-,-,Desconexión
1107,44.28,-951794,123552.68392357683,nan,-,-,-,-,Desconexión
1108,44.32,-947969,104595.24084654129,nan,-,-,-,-,Desconexión
1109,44.36,-947370,85248.64452135269,nan,-,-,-,-,Desconexión
1110,44.4,-951056,66543.99885277278,nan,-,-,-,-,Desconexión
1111,44.44,-955742,48943.26600821127,nan,-,-,-,-,Desconexión
1112,44.48,-957005,32678.600299263315,nan,-,-,-,-,Desconexión
1113,44.52,-955951,18148.289140203764,nan,-,-,-,-,Desconexión
1114,44.56,-957110,5855.5237390364055,nan,-,-,-,-,Desconexión
1115,44.6,-959902,-4023.3192959347216,nan,-,-,-,-,Desconexión
1116,44.64,-961496,-11760.671766975283,nan,-,-,-,-,Desconexión
1117,44.68,-962451,-17881.370798730437,nan,-,-,-,-,Desconexión
1118,44.72,-964363,-22810.680483228818,nan,-,-,-,-,Desconexión
1119,44.76,-965547,-26536.61132937041,nan,-,-,-,-,Desconexión
1120,44.8,-965023,-28573.86365257857,nan,-,-,-,-,Desconexión
1121,44.84,-965691,-28499.750663841412,nan,-,-,-,-,Desconexión
1122,44.88,-966849,-26662.604759198657,nan,-,-,-,-,Desconexión
1123,44.92,-965751,-23947.229832892765,nan,-,-,-,-,Desconexión
1124,44.96,-961381,-21069.872744318625,nan,-,-,-,-,Desconexión
1125,45.0,-949760,-18359.097333000056,nan,nan,-,-,-,-
1126,45.04,-946928,-15188.20660665357,nan,-,-,-,-,-
1127,45.08,-947322,-11711.223561252707,nan,-,-,-,-,-
1128,45.12,-951585,-8102.683098783462,nan,-,-,-,-,-
1129,45.16,-954733,-4772.396642934582,nan,-,-,-,-,-
1130,45.2,-957217,-1859.7246605101427,nan,-,-,-,-,-
1131,45.24,-955858,508.6698547212982,nan,-,-,-,-,-
1132,45.28,-956416,2582.448548014956,nan,-,-,-,-,-
1133,45.32,-959556,4389.3135884267795,nan,-,-,-,-,-
1134,45.36,-962418,5609.991987270469,nan,-,-,-,-,-
1135,45.4,-963174,5811.545827413109,nan,-,-,-,-,-
1136,45.44,-965420,4995.2358107645505,nan,-,-,-,-,-
1137,45.48,-966587,3532.1720162458905,nan,-,-,-,-,-
1138,45.52,-966061,2194.6022695234933,nan,-,-,-,-,-
1139,45.56,-965508,1551.947366603501,nan,-,-,-,-,-
1140,45.6,-965365,1508.527143808427,nan,-,-,-,-,-
1141,45.64,-965530,1568.1878945994724,nan,-,-,-,-,-
1142,45.68,-956712,1080.1884845945801,nan,-,-,-,-,-
1143,45.72,-948510,432.5748202272348,nan,-,-,-,-,-
1144,45.76,-947258,173.1226891343731,nan,-,-,-,-,-
1145,45.8,-949031,397.5166368477794,nan,-,-,-,-,-
1146,45.84,-952962,1005.9368410426632,nan,-,-,-,-,-
1147,45.88,-957042,441.6778468359944,nan,-,-,-,-,-
1148,45.92,-955917,966.5635130476139,nan,-,-,-,-,-
1149,45.96,-955855,1313.5651063449545,nan,-,-,-,-,-
1150,46.0,-957242,1654.6227598777368,nan,-,-,-,-,-
1151,46.04,-960748,2064.8710048878647,nan,-,-,-,-,-
1152,46.08,-962581,2228.8835611116683,nan,-,-,-,-,-
1153,46.12,-963257,1770.6386300053873,nan,-,-,-,-,-
1154,46.16,-964743,633.4063028647129,nan,-,-,-,-,-
1155,46.2,-965390,-747.7447268258029,nan,-,-,-,-,-
1156,46.24,-965443,-1626.7134927359202,nan,-,-,-,-,-
1157,46.28,-966446,-1646.5886278879007,nan,-,-,-,-,-
1158,46.32,-964376,-1273.9092503277593,nan,-,-,-,-,-
1159,46.36,-958144,-1104.0386451889071,nan,-,-,-,-,-
1160,46.4,-948194,-1354.6532297656158,nan,-,-,-,-,-
1161,46.44,-947470,-1387.8861784543278,nan,-,-,-,-,-
1162,46.48,-948233,-1132.9311774261946,nan,-,-,-,-,-
1163,46.52,-952617,-479.8434953602389,nan,-,-,-,-,-
1164,46.56,-956409,223.75034460188,nan,-,-,-,-,-
1165,46.6,-956399,693.4777746392319,nan,-,-,-,-,-
1166,46.64,-955250,1031.7363336734174,nan,-,-,-,-,-
1167,46.68,-957303,1502.233375740058,nan,-,-,-,-,-
1168,46.72,-959246,2005.2535825089353,nan,-,-,-,-,-
1169,46.76,-961570,2286.9886919970577,nan,-,-,-,-,-
1170,46.8,-964687,1955.7349655547787,nan,-,-,-,-,-
1171,46.84,-964743,791.6276284391843,nan,-,-,-,-,-
1172,46.88,-965969,-585.5247404262745,nan,-,-,-,-,-
1173,46.92,-966154,-1518.087706927357,nan,-,-,-,-,-
1174,46.96,-965364,-1663.0155719535717,nan,-,-,-,-,-
1175,47.0,-965604,-1239.2621650230312,nan,-,-,-,-,-
1176,47.04,-963285,-916.8814385302294,nan,-,-,-,-,-
1177,47.08,-954157,-1127.8231633723572,nan,-,-,-,-,-
1178,47.12,-947318,-1425.4439058843946,nan,-,-,-,-,-
1179,47.16,-946980,-1340.5182629155215,nan,-,-,-,-,-
1180,47.2,-948939,-857.2945396227165,nan,-,-,-,-,-
1181,47.24,-954451,-56.01888735999728,nan,-,-,-,-,-
1182,47.28,-956903,626.4427243805867,nan,-,-,-,-,-
1183,47.32,-956307,1057.7955568631414,nan,-,-,-,-,-
1184,47.36,-955071,1351.9790495010357,nan,-,-,-,-,-
1185,47.4,-959021,1805.4015844597097,nan,-,-,-,-,-
1186,47.44,-961312,2174.286177122164,nan,-,-,-,-,-
1187,47.48,-963071,2207.3328412089404,nan,-,-,-,-,-
1188,47.52,-963135,1515.8016228101737,nan,-,-,-,-,-
1189,47.56,-964491,237.42041077923068,nan,-,-,-,-,-
1190,47.6,-964751,-1107.5820193882016,nan,-,-,-,-,-
1191,47.64,-964858,-1800.167684578731,nan,-,-,-,-,-
1192,47.68,-966219,-1627.599391780342,nan,-,-,-,-,-
1193,47.72,-965468,-1141.8089205843198,nan,-,-,-,-,-
1194,47.76,-957677,-1058.9989429659354,nan,-,-,-,-,-
1195,47.8,-948872,-1318.274315182769,nan,-,-,-,-,-
1196,47.84,-946191,-1378.886741434506,nan,-,-,-,-,-
1197,47.88,-947378,-1016.587089532607,nan,-,-,-,-,-
1198,47.92,-951802,-306.34994734742236,nan,-,-,-,-,-
1199,47.96,-955793,368.9034080913043,nan,-,-,-,-,-
1200,48.0,-956205,758.8232929375608,67,67.0,-,-,-,-
1201,48.04,-956259,1041.2723189960207,67,-,-,-,-,-
1202,48.08,-957907,1448.5513971019127,67,-,-,-,-,-
1203,48.12,-959968,1974.8410519528734,67,-,-,-,-,-
1204,48.16,-962007,2322.783096287917,67,-,-,-,-,-
1205,48.2,-962422,1975.0666123074338,67,-,-,-,-,-
1206,48.24,-964060,865.275617006927,67,-,-,-,-,-
1207,48.28,-964800,-600.7149461944614,67,-,-,-,-,-
1208,48.32,-965268,-1628.9575859145864,67,-,-,-,-,-
1209,48.36,-965809,-1806.2111839115114,67,-,-,-,-,-
1210,48.4,-965994,-1393.084670272529,67,-,-,-,-,-
1211,48.44,-963141,-1024.4728292829986,67,-,-,-,-,-
1212,48.48,-953378,-1134.2826060589596,67,-,-,-,-,-
1213,48.52,-947383,-1267.095673412994,67,-,-,-,-,-
1214,48.56,-946538,-1114.1086567497632,67,-,-,-,-,-
1215,48.6,-948825,-650.8456155383938,67,-,-,-,-,-
1216,48.64,-952967,-35.73128317138162,67,-,-,-,-,-
1217,48.68,-956084,500.5932471275728,67,-,-,-,-,-
1218,48.72,-954627,818.1442019056622,67,-,-,-,-,-
1219,48.76,-955297,1208.9713228919054,67,-,-,-,-,-
1220,48.8,-958591,1759.2028976031306,67,-,-,-,-,-
1221,48.84,-960520,2232.6021195113717,67,-,-,-,-,-
1222,48.88,-962058,2301.2333040781587,67,-,-,-,-,-
1223,48.92,-963281,1619.302983285264,67,-,-,-,-,-
1224,48.96,-964203,296.99861963430476,67,-,-,-,-,-
1225,49.0,-964693,-1033.8049974165463,67,-,-,-,-,-
1226,49.04,-965969,-1685.8879182350033,67,-,-,-,-,-
1227,49.08,-965577,-1623.8287718724011,67,-,-,-,-,-
1228,49.12,-966278,-1184.903172724899,67,-,-,-,-,-
1229,49.16,-963111,-1013.5905227846961,67,-,-,-,-,-
1230,49.2,-953117,-1301.4868211420962,67,-,-,-,-,-
1231,49.24,-947016,-1441.975445455535,67,-,-,-,-,-
1232,49.28,-946606,-1151.3928853843827,67,-,-,-,-,-
1233,49.32,-950030,-537.3098436696389,67,-,-,-,-,-
1234,49.36,-953223,80.14199682779599,67,-,-,-,-,-
1235,49.4,-956767,605.512431829151,67,-,-,-,-,-
1236,49.44,-955870,906.5794815039108,67,-,-,-,-,-
1237,49.48,-955912,1258.6207942752312,67,-,-,-,-,-
1238,49.52,-957291,1742.7552302699905,67,-,-,-,-,-
1239,49.56,-959725,2224.8632997669156,67,-,-,-,-,-
1240,49.6,-961141,2264.41990060181,67,-,-,-,-,-
1241,49.64,-963190,1566.5782310779418,67,-,-,-,-,-
1242,49.68,-964878,234.44199246815606,67,-,-,-,-,-
1243,49.72,-965784,-1075.0913017811229,67,-,-,-,-,-
1244,49.76,-964895,-1741.0853029405193,67,-,-,-,-,-
1245,49.8,-966137,-1553.3885359763317,67,-,-,-,-,-
1246,49.84,-966096,-1069.478080435172,67,-,-,-,-,-
1247,49.88,-962917,-845.4097885167457,67,-,-,-,-,-
1248,49.92,-954648,-1083.1750461667343,67,-,-,-,-,-
1249,49.96,-947264,-1373.2128245630302,67,-,-,-,-,-
1250,50.0,-945953,-1280.4143552308688,67,-,-,-,-,-
1251,50.04,-949060,-786.0321461924552,67,-,-,-,-,-
1252,50.08,-952715,-123.59765869321836,67,-,-,-,-,-
1253,50.12,-955810,518.5650580623633,67,-,-,-,-,-
1254,50.16,-955876,965.3088772341025,67,-,-,-,-,-
1255,50.2,-955760,1325.9953452847308,67,-,-,-,-,-
1256,50.24,-957907,1772.8372370129373,67,-,-,-,-,-
1257,50.28,-957788,2131.0852969023135,67,-,-,-,-,-
1258,50.32,-960666,2258.925992877287,67,-,-,-,-,-
1259,50.36,-962165,1645.0941288067665,67,-,-,-,-,-
1260,50.4,-964316,398.82193168832964,67,-,-,-,-,-
1261,50.44,-963004,-1014.0193857485668,67,-,-,-,-,-
1262,50.48,-964054,-1728.4022139886117,67,-,-,-,-,-
1263,50.52,-965654,-1623.8330036965342,67,-,-,-,-,-
1264,50.56,-965633,-1151.8462038359535,67,-,-,-,-,-
1265,50.6,-964274,-803.4435012539498,67,-,-,-,-,-
1266,50.64,-957528,-906.0008423026038,67,-,-,-,-,-
1267,50.68,-948821,-1206.8797711702919,67,-,-,-,-,-
1268,50.72,-945972,-1216.4070626518496,67,-,-,-,-,-
1269,50.76,-947636,-855.259491530062,67,-,-,-,-,-
1270,50.8,-950730,-269.8315850115962,67,-,-,-,-,-
1271,50.84,-955816,393.1581659120875,67,-,-,-,-,-
1272,50.88,-956221,780.32130849855,67,-,-,-,-,-
1273,50.92,-954631,1015.2286327883039,67,-,-,-,-,-
1274,50.96,-956042,1423.1318653672056,67,-,-,-,-,-
1275,51.0,-958418,1960.6618572248126,65,66.0,-,-,-,-
1276,51.04,-964123,2398.553620446776,65,-,-,-,-,-
1277,51.08,-964133,2007.755503236921,65,-,-,-,-,-
1278,51.12,-965177,888.9836921824399,65,-,-,-,-,-
1279,51.16,-965636,-551.8896848662831,65,-,-,-,-,-
1280,51.2,-965448,-1590.5236641640226,65,-,-,-,-,-
1281,51.24,-966032,-1781.802935225734,65,-,-,-,-,-
1282,51.28,-962378,-1500.5746502775037,65,-,-,-,-,-
1283,51.32,-951542,-1399.1578226101683,65,-,-,-,-,-
1284,51.36,-946461,-1426.3426187878322,65,-,-,-,-,-
1285,51.4,-946011,-1486.4121567469174,65,-,-,-,-,-
1286,51.44,-948309,-1234.0907805225524,65,-,-,-,-,-
1287,51.48,-953452,-479.32012211477877,65,-,-,-,-,-
1288,51.52,-956228,386.2473180739589,65,-,-,-,-,-
1289,51.56,-955240,992.5517477297662,65,-,-,-,-,-
1290,51.6,-955030,1427.3234754050777,65,-,-,-,-,-
1291,51.64,-957607,1911.8871828648234,65,-,-,-,-,-
1292,51.68,-959856,2340.9040344095893,65,-,-,-,-,-
1293,51.72,-962302,2377.5370432551836,65,-,-,-,-,-
1294,51.76,-963394,1601.9880824787847,65,-,-,-,-,-
1295,51.8,-963046,156.1699735665493,65,-,-,-,-,-
1296,51.84,-963754,-1185.3131637712866,65,-,-,-,-,-
1297,51.88,-964821,-1784.5677922867949,65,-,-,-,-,-
1298,51.92,-965817,-1575.583732261574,65,-,-,-,-,-
1299,51.96,-964631,-1096.706134732683,65,-,-,-,-,-
1300,52.0,-964672,-771.0513373471908,65,-,-,-,-,-
1301,52.04,-953329,-1134.5553286886407,65,-,-,-,-,-
1302,52.08,-946338,-1395.4097504184647,65,-,-,-,-,-
1303,52.12,-945657,-1179.7183162854562,65,-,-,-,-,-
1304,52.16,-948122,-580.3480183170909,65,-,-,-,-,-
1305,52.2,-951355,90.86305850528515,65,-,-,-,-,-
1306,52.24,-954717,608.2870702951686,65,-,-,-,-,-
1307,52.28,-955882,904.3366153498064,65,-,-,-,-,-
1308,52.32,-956099,1189.6119092465324,65,-,-,-,-,-
1309,52.36,-956972,1646.3763450449133,65,-,-,-,-,-
1310,52.4,-958934,2176.37339629298,65,-,-,-,-,-
1311,52.44,-961344,2363.5108157940203,65,-,-,-,-,-
1312,52.48,-963259,1769.5576557827908,65,-,-,-,-,-
1313,52.52,-964109,429.7331990813177,65,-,-,-,-,-
1314,52.56,-964353,-1003.2415550528048,65,-,-,-,-,-
1315,52.6,-964195,-1819.4388393911786,65,-,-,-,-,-
1316,52.64,-966173,-1761.3995134453648,65,-,-,-,-,-
1317,52.68,-965416,-1348.9771835127724,65,-,-,-,-,-
1318,52.72,-964403,-973.5612058141778,65,-,-,-,-,-
1319,52.76,-957329,-1033.9407317002087,65,-,-,-,-,-
1320,52.8,-946986,-1334.0169918652919,65,-,-,-,-,-
1321,52.84,-944395,-1277.3266348902798,65,-,-,-,-,-
1322,52.88,-947235,-801.5628562304755,65,-,-,-,-,-
1323,52.92,-950834,-130.85225772675062,65,-,-,-,-,-
1324,52.96,-953913,499.110061841825,65,-,-,-,-,-
1325,53.0,-955329,924.8273666402511,65,-,-,-,-,-
1326,53.04,-955491,1219.6919453415003,65,-,-,-,-,-
1327,53.08,-955136,1573.0110643491817,65,-,-,-,-,-
1328,53.12,-958230,2128.618934127925,65,-,-,-,-,-
1329,53.16,-960040,2423.231068546932,65,-,-,-,-,-
1330,53.2,-962261,2047.7274984363412,65,-,-,-,-,-
1331,53.24,-963155,824.4987322921825,65,-,-,-,-,-
1332,53.28,-963915,-689.1419412001186,65,-,-,-,-,-
1333,53.32,-964687,-1694.5869121920823,65,-,-,-,-,-
1334,53.36,-965085,-1834.6867116662684,65,-,-,-,-,-
1335,53.4,-965014,-1408.028715448768,65,-,-,-,-,-
1336,53.44,-964288,-976.8314487242928,65,-,-,-,-,-
1337,53.48,-960973,-915.4959789719032,65,-,-,-,-,-
1338,53.52,-948728,-1338.1351259507555,65,-,-,-,-,-
1339,53.56,-946664,-1344.504988263816,65,-,-,-,-,-
1340,53.6,-947157,-1003.4298299641378,65,-,-,-,-,-
1341,53.64,-951222,-347.59320993809956,65,-,-,-,-,-
1342,53.68,-953787,272.454652413865,65,-,-,-,-,-
1343,53.72,-956110,771.7279693497167,65,-,-,-,-,-
1344,53.76,-956217,1103.884773349405,65,-,-,-,-,-
1345,53.8,-956073,1437.3551957568388,65,-,-,-,-,-
1346,53.84,-957412,1875.3317253429905,65,-,-,-,-,-
1347,53.88,-960159,2239.101510028995,65,-,-,-,-,-
1348,53.92,-961609,2052.1947515355305,65,-,-,-,-,-
1349,53.96,-962122,1085.7381223935945,65,-,-,-,-,-
1350,54.0,-963598,-281.0649135029862,65,65.66666666666667,-,-,-,-
1351,54.04,-965899,-1327.2680018911005,65,-,-,-,-,-
1352,54.08,-965439,-1683.1963922037141,65,-,-,-,-,-
1353,54.12,-966325,-1352.7365637579362,65,-,-,-,-,-
1354,54.16,-962826,-1012.1716037746828,65,-,-,-,-,-
1355,54.2,-952170,-1111.208264434339,65,-,-,-,-,-
1356,54.24,-946672,-1257.129201972597,65,-,-,-,-,-
1357,54.28,-945185,-1252.057888855863,65,-,-,-,-,-
1358,54.32,-949073,-862.8131719717464,65,-,-,-,-,-
1359,54.36,-951899,-326.72862228351823,65,-,-,-,-,-
1360,54.4,-955546,259.67313139644557,65,-,-,-,-,-
1361,54.44,-955253,678.2488475219616,65,-,-,-,-,-
1362,54.48,-955318,1148.0715997357643,65,-,-,-,-,-
1363,54.52,-957780,1794.6984185622541,65,-,-,-,-,-
1364,54.56,-959467,2349.3153535631254,65,-,-,-,-,-
1365,54.6,-961843,2448.95991295574,65,-,-,-,-,-
1366,54.64,-962880,1690.1147195189387,65,-,-,-,-,-
1367,54.68,-964017,289.9770688737242,65,-,-,-,-,-
1368,54.72,-964577,-1080.8781218053223,65,-,-,-,-,-
1369,54.76,-963970,-1787.061439571371,65,-,-,-,-,-
1370,54.8,-965059,-1650.3116604141858,65,-,-,-,-,-
1371,54.84,-965485,-1180.1214513676393,65,-,-,-,-,-
1372,54.88,-963080,-923.9551859901844,65,-,-,-,-,-
1373,54.92,-953456,-1154.0526833686508,65,-,-,-,-,-
1374,54.96,-947416,-1317.1660594309724,65,-,-,-,-,-
1375,55.0,-946345,-1128.8660737781292,65,-,-,-,-,-
1376,55.04,-949756,-567.0745792979876,65,-,-,-,-,-
1377,55.08,-953115,79.50690212592326,65,-,-,-,-,-
1378,55.12,-954557,588.9825899739899,65,-,-,-,-,-
1379,55.16,-954007,900.9253739770716,65,-,-,-,-,-
1380,55.2,-953721,1169.547188943926,65,-,-,-,-,-
1381,55.24,-956341,1613.0286823360093,65,-,-,-,-,-
1382,55.28,-957727,2056.259308538977,65,-,-,-,-,-
1383,55.32,-960806,2234.2528922123593,65,-,-,-,-,-
1384,55.36,-961836,1624.5446282525736,65,-,-,-,-,-
1385,55.4,-964365,413.26754592280304,65,-,-,-,-,-
1386,55.44,-964672,-872.4173654358001,65,-,-,-,-,-
1387,55.48,-965945,-1469.7010793668715,65,-,-,-,-,-
1388,55.52,-965217,-1391.9030209467937,65,-,-,-,-,-
1389,55.56,-965477,-1007.1852614723098,65,-,-,-,-,-
1390,55.6,-962629,-919.253980151906,65,-,-,-,-,-
1391,55.64,-953352,-1300.1995823834404,65,-,-,-,-,-
1392,55.68,-945825,-1617.609287385907,65,-,-,-,-,-
1393,55.72,-945442,-1450.9005471911205,65,-,-,-,-,-
1394,55.76,-948461,-903.813692240933,65,-,-,-,-,-
1395,55.8,-953492,-163.8148923457311,65,-,-,-,-,-
1396,55.84,-955904,476.4173483998611,65,-,-,-,-,-
1397,55.88,-955832,958.5987577094193,65,-,-,-,-,-
1398,55.92,-956253,1403.646688831756,65,-,-,-,-,-
1399,55.96,-956925,1857.1981279394672,65,-,-,-,-,-
1400,56.0,-958486,2269.281680679916,65,-,-,-,-,-
1401,56.04,-960768,2324.9286602675797,65,-,-,-,-,-
1402,56.08,-962736,1642.7125968286905,65,-,-,-,-,-
1403,56.12,-962342,231.65079641085526,65,-,-,-,-,-
1404,56.16,-963918,-1125.4023111220488,65,-,-,-,-,-
1405,56.2,-964479,-1813.4114793797344,65,-,-,-,-,-
1406,56.24,-965103,-1642.7361791552466,65,-,-,-,-,-
1407,56.28,-965889,-1059.3723348979545,65,-,-,-,-,-
1408,56.32,-964554,-689.199028978539,65,-,-,-,-,-
1409,56.36,-955290,-907.873955672052,65,-,-,-,-,-
1410,56.4,-946824,-1236.3457545014044,65,-,-,-,-,-
1411,56.44,-944949,-1202.8780444733693,65,-,-,-,-,-
1412,56.48,-948745,-732.8011462906238,65,-,-,-,-,-
1413,56.52,-952262,-129.73162238647546,65,-,-,-,-,-
1414,56.56,-955169,411.22931542057813,65,-,-,-,-,-
1415,56.6,-955472,753.5390511032638,65,-,-,-,-,-
1416,56.64,-954519,1034.7223693396654,65,-,-,-,-,-
1417,56.68,-956452,1526.81236019061,65,-,-,-,-,-
1418,56.72,-958631,2100.6561103936892,65,-,-,-,-,-
1419,56.76,-959930,2355.9561251784653,65,-,-,-,-,-
1420,56.8,-962157,1886.9650120492447,65,-,-,-,-,-
1421,56.84,-962437,568.8260040362065,65,-,-,-,-,-
1422,56.88,-963286,-886.7165465350067,65,-,-,-,-,-
1423,56.92,-964346,-1695.3050315593025,65,-,-,-,-,-
1424,56.96,-964828,-1639.3104078934005,65,-,-,-,-,-
1425,57.0,-966005,-1105.2302164645387,65,65.5,-,-,-,-
1426,57.04,-960385,-907.8442917081657,65,-,-,-,-,-
1427,57.08,-950023,-1179.3050419491246,65,-,-,-,-,-
1428,57.12,-945322,-1367.6866186269235,65,-,-,-,-,-
1429,57.16,-946428,-1176.9759043272043,65,-,-,-,-,-
1430,57.2,-948888,-683.2376873688676,65,-,-,-,-,-
1431,57.24,-953680,-10.096365801052343,65,-,-,-,-,-
1432,57.28,-954986,480.54501097870434,65,-,-,-,-,-
1433,57.32,-954844,826.4363493291112,65,-,-,-,-,-
1434,57.36,-954360,1192.1512607931973,65,-,-,-,-,-
1435,57.4,-957283,1796.4708878703805,65,-,-,-,-,-
1436,57.44,-958777,2298.7409510004973,65,-,-,-,-,-
1437,57.48,-960849,2290.587628344162,65,-,-,-,-,-
1438,57.52,-962093,1404.0276857758213,65,-,-,-,-,-
1439,57.56,-964182,-9.033073581653298,65,-,-,-,-,-
1440,57.6,-964881,-1243.597441149732,65,-,-,-,-,-
1441,57.64,-966169,-1661.4383544917098,65,-,-,-,-,-
1442,57.68,-965539,-1418.1328655667337,65,-,-,-,-,-
1443,57.72,-965616,-952.0461822628122,65,-,-,-,-,-
1444,57.76,-963198,-806.0774441009371,65,-,-,-,-,-
1445,57.8,-953412,-1164.1655924376028,65,-,-,-,-,-
1446,57.84,-946907,-1409.4643941286486,65,-,-,-,-,-
1447,57.88,-946053,-1241.0571753078375,65,-,-,-,-,-
1448,57.92,-948887,-731.0538815109785,65,-,-,-,-,-
1449,57.96,-952555,-108.31862567369944,65,-,-,-,-,-
1450,58.0,-955090,462.1743155036884,65,-,-,-,-,-
1451,58.04,-954783,901.9077026432351,65,-,-,-,-,-
1452,58.08,-953968,1314.1346229383553,65,-,-,-,-,-
1453,58.12,-955582,1820.8465331483308,65,-,-,-,-,-
1454,58.16,-958354,2287.389818484914,65,-,-,-,-,-
1455,58.2,-960424,2346.8627984904733,65,-,-,-,-,-
1456,58.24,-962107,1683.912526499059,65,-,-,-,-,-
1457,58.28,-964006,404.97466719398244,65,-,-,-,-,-
1458,58.32,-965797,-886.0448315201063,65,-,-,-,-,-
1459,58.36,-965347,-1600.529399280726,65,-,-,-,-,-
1460,58.4,-965450,-1520.006626237462,65,-,-,-,-,-
1461,58.44,-965459,-1089.5283253386788,65,-,-,-,-,-
1462,58.48,-964010,-863.3484316679219,65,-,-,-,-,-
1463,58.52,-956543,-1141.0312060814913,65,-,-,-,-,-
1464,58.56,-946934,-1563.1094852171864,65,-,-,-,-,-
1465,58.6,-947340,-1440.8904053895767,65,-,-,-,-,-
1466,58.64,-947698,-1022.4294217015558,65,-,-,-,-,-
1467,58.68,-951278,-333.84648240722527,65,-,-,-,-,-
1468,58.72,-955346,380.59319874315133,65,-,-,-,-,-
1469,58.76,-955455,891.990710916356,65,-,-,-,-,-
1470,58.8,-954401,1281.0541657866984,65,-,-,-,-,-
1471,58.84,-955103,1694.366658482637,65,-,-,-,-,-
1472,58.88,-957218,2122.5539811772996,65,-,-,-,-,-
1473,58.92,-960294,2327.3005678124437,65,-,-,-,-,-
1474,58.96,-961860,1866.9602707527638,65,-,-,-,-,-
1475,59.0,-964007,744.3097907507026,65,-,-,-,-,-
1476,59.04,-964981,-605.0421818468421,65,-,-,-,-,-
1477,59.08,-965404,-1477.0714720538342,65,-,-,-,-,-
1478,59.12,-966552,-1547.4960126625197,65,-,-,-,-,-
1479,59.16,-966491,-1160.7088651388362,65,-,-,-,-,-
1480,59.2,-965005,-837.326438484492,65,-,-,-,-,-
1481,59.24,-960590,-924.1178796402892,65,-,-,-,-,-
1482,59.28,-949333,-1433.6277616737098,65,-,-,-,-,-
1483,59.32,-946561,-1542.7174753278287,65,-,-,-,-,-
1484,59.36,-947162,-1217.2507158843619,65,-,-,-,-,-
1485,59.4,-950023,-568.042680288301,65,-,-,-,-,-
1486,59.44,-954060,164.0777762998605,65,-,-,-,-,-
1487,59.48,-955955,731.1426608668144,65,-,-,-,-,-
1488,59.52,-953675,1074.3354754711968,65,-,-,-,-,-
1489,59.56,-954444,1524.6474398057248,65,-,-,-,-,-
1490,59.6,-957027,2069.3201398151423,65,-,-,-,-,-
1491,59.64,-960701,2473.044766966381,65,-,-,-,-,-
1492,59.68,-962441,2246.057637797454,65,-,-,-,-,-
1493,59.72,-964390,1261.3580938154228,65,-,-,-,-,-
1494,59.76,-963609,-223.93851204599105,65,-,-,-,-,-
1495,59.8,-965494,-1317.554527194231,65,-,-,-,-,-
1496,59.84,-964592,-1712.5803225597383,65,-,-,-,-,-
1497,59.88,-964653,-1417.624439618028,65,-,-,-,-,-
1498,59.92,-965003,-987.5882476642596,65,-,-,-,-,-
1499,59.96,-962519,-945.3038562268584,65,-,-,-,-,-
1500,60.0,-950082,-1482.4708180260113,65,65.0,-,-,-,Maximo
1501,60.04,-944622,-1683.0671392628683,65,-,-,-,-,Maximo
1502,60.08,-946571,-1263.1142570945276,65,-,-,-,-,Maximo
1503,60.12,-950136,-493.35092766568636,65,-,-,-,-,Maximo
1504,60.16,-953202,273.39110450141743,65,-,-,-,-,Maximo
1505,60.2,-955909,842.4529725963139,65,-,-,-,-,Maximo
1506,60.24,-955100,1118.9951030350348,65,-,-,-,-,Maximo
1507,60.28,-955999,1417.1545671850608,65,-,-,-,-,Maximo
1508,60.32,-957610,1829.9935839754853,65,-,-,-,-,Maximo
1509,60.36,-959589,2242.5027920377843,65,-,-,-,-,Maximo
1510,60.4,-962712,2263.419447757623,65,-,-,-,-,Maximo
1511,60.44,-964687,1432.4352299663233,65,-,-,-,-,Maximo
1512,60.48,-965216,-55.910496920877904,65,-,-,-,-,Maximo
1513,60.52,-964482,-1400.5663587617105,65,-,-,-,-,Maximo
1514,60.56,-965453,-1855.5475208106577,65,-,-,-,-,Maximo
1515,60.6,-965266,-1578.555870328211,65,-,-,-,-,Maximo
1516,60.64,-963950,-1125.3006022725344,65,-,-,-,-,Maximo
1517,60.68,-957393,-1071.9651365735708,65,-,-,-,-,Maximo
1518,60.72,-947266,-1388.0649906622584,65,-,-,-,-,Maximo
1519,60.76,-945381,-1429.293506457374,65,-,-,-,-,Maximo
1520,60.8,-945980,-1133.8331111658154,65,-,-,-,-,Maximo
1521,60.84,-950599,-422.589335311545,65,-,-,-,-,Maximo
1522,60.88,-952187,301.52166824342385,65,-,-,-,-,Maximo
1523,60.92,-955175,959.2302949593213,65,-,-,-,-,Maximo
1524,60.96,-953902,1302.1757024038625,65,-,-,-,-,Maximo
1525,61.0,-954107,1641.3569090380797,65,-,-,-,-,Maximo
1526,61.04,-956723,2098.2821569952002,65,-,-,-,-,Maximo
1527,61.08,-960079,2406.1724966317397,65,-,-,-,-,Maximo
1528,61.12,-961102,2041.5346315302904,65,-,-,-,-,Maximo
1529,61.16,-963496,967.2412277432909,65,-,-,-,-,Maximo
1530,61.2,-963430,-498.2240870414869,65,-,-,-,-,Maximo
1531,61.24,-964024,-1522.427700723574,65,-,-,-,-,Maximo
1532,61.28,-964686,-1742.0502601048681,65,-,-,-,-,Maximo
1533,61.32,-965119,-1390.1691596060778,65,-,-,-,-,Maximo
1534,61.36,-963251,-1043.3658018921742,65,-,-,-,-,Maximo
1535,61.4,-958429,-1053.1882343711031,65,-,-,-,-,Maximo
1536,61.44,-948143,-1440.9646173269757,65,-,-,-,-,Maximo
1537,61.48,-944443,-1518.5685291825666,65,-,-,-,-,Maximo
1538,61.52,-945775,-1124.0714641312125,65,-,-,-,-,Maximo
1539,61.56,-949088,-420.74375202621104,65,-,-,-,-,Maximo
1540,61.6,-953482,333.24403636537863,65,-,-,-,-,Maximo
1541,61.64,-954839,846.7111438455468,65,-,-,-,-,Maximo
1542,61.68,-954758,1193.1900944219715,65,-,-,-,-,Maximo
1543,61.72,-955407,1576.1765751307248,65,-,-,-,-,Maximo
1544,61.76,-956944,2045.3419586670425,65,-,-,-,-,Maximo
1545,61.8,-959139,2370.382850924725,65,-,-,-,-,Maximo
1546,61.84,-960876,2108.9261230158336,65,-,-,-,-,Maximo
1547,61.88,-962521,1081.8393139967325,65,-,-,-,-,Maximo
1548,61.92,-964255,-341.12712224200004,65,-,-,-,-,Maximo
1549,61.96,-963676,-1510.7512982219857,65,-,-,-,-,Maximo
1550,62.0,-964512,-1828.6206320377246,65,-,-,-,-,Maximo
1551,62.04,-963254,-1538.5388150453982,65,-,-,-,-,Maximo
1552,62.08,-963837,-1026.0875657446877,65,-,-,-,-,Maximo
1553,62.12,-961169,-850.1048795374272,65,-,-,-,-,Maximo
1554,62.16,-949678,-1198.6890593951903,65,-,-,-,-,Maximo
1555,62.2,-945524,-1306.3272749741736,65,-,-,-,-,Maximo
1556,62.24,-947269,-1016.7207577248992,65,-,-,-,-,Maximo
1557,62.28,-949048,-506.76967219129006,65,-,-,-,-,Maximo
1558,62.32,-954212,207.64617489670673,65,-,-,-,-,Maximo
1559,62.36,-954981,734.6661772229181,65,-,-,-,-,Maximo
1560,62.4,-955095,1118.1429021458898,65,-,-,-,-,Maximo
1561,62.44,-954365,1391.5575204071388,65,-,-,-,-,Maximo
1562,62.48,-957616,1803.1877879222811,65,-,-,-,-,Maximo
1563,62.52,-958742,2096.085763801504,65,-,-,-,-,Maximo
1564,62.56,-960816,2030.290851678862,65,-,-,-,-,Maximo
1565,62.6,-961506,1209.4439407240943,65,-,-,-,-,Maximo
1566,62.64,-962971,-105.18650880648306,65,-,-,-,-,Maximo
1567,62.68,-963720,-1261.184378124486,65,-,-,-,-,Maximo
1568,62.72,-964521,-1661.8454294183784,65,-,-,-,-,Maximo
1569,62.76,-964206,-1398.149395843819,65,-,-,-,-,Maximo
1570,62.8,-964332,-929.5655891115912,65,-,-,-,-,Maximo
1571,62.84,-961273,-800.8846643069746,65,-,-,-,-,Maximo
1572,62.88,-951960,-1126.1855454663746,65,-,-,-,-,Maximo
1573,62.92,-946178,-1313.9051411502314,65,-,-,-,-,Maximo
1574,62.96,-946264,-1078.6622304622033,65,-,-,-,-,Maximo
1575,63.0,-948498,-574.1060244712426,66,65.25,-,-,-,Maximo
1576,63.04,-955048,109.58695490001173,66,-,-,-,-,Maximo
1577,63.08,-954334,499.66005058566134,66,-,-,-,-,Maximo
1578,63.12,-954795,873.0741239253216,66,-,-,-,-,Maximo
1579,63.16,-957933,1339.3819737410104,66,-,-,-,-,Maximo
1580,63.2,-958749,1770.551348061389,66,-,-,-,-,Maximo
1581,63.24,-961342,2179.4890161712583,66,-,-,-,-,Maximo
1582,63.28,-962101,2121.7958884759846,66,-,-,-,-,Maximo
1583,63.32,-965415,1435.4512704253643,66,-,-,-,-,Maximo
1584,63.36,-964683,52.71575195869718,66,-,-,-,-,Maximo
1585,63.4,-965922,-1188.3977817764812,66,-,-,-,-,Maximo
1586,63.44,-965299,-1793.8879536222842,66,-,-,-,-,Maximo
1587,63.48,-963828,-1688.9112668598136,66,-,-,-,-,Maximo
1588,63.52,-960913,-1356.76563461332,66,-,-,-,-,Maximo
1589,63.56,-947858,-1488.391480581011,66,-,-,-,-,Maximo
1590,63.6,-945085,-1432.1971862805476,66,-,-,-,-,Maximo
1591,63.64,-947112,-1145.7922264312438,66,-,-,-,-,Maximo
1592,63.68,-948568,-689.7813308663581,66,-,-,-,-,Maximo
1593,63.72,-953439,6.3942992618085555,66,-,-,-,-,Maximo
1594,63.76,-954988,613.0924141436126,66,-,-,-,-,Maximo
1595,63.8,-955439,1129.705688789346,66,-,-,-,-,Maximo
1596,63.84,-955881,1596.3629495268488,66,-,-,-,-,Maximo
1597,63.88,-957496,2069.5449643259053,66,-,-,-,-,Maximo
1598,63.92,-960384,2407.5629122012206,66,-,-,-,-,Maximo
1599,63.96,-961700,2166.6266236900583,66,-,-,-,-,Maximo
1600,64.0,-962030,1139.3403170500642,66,-,-,-,-,Maximo
1601,64.04,-964153,-266.47167588303773,66,-,-,-,-,Maximo
1602,64.08,-963377,-1472.0980165428641,66,-,-,-,-,Maximo
1603,64.12,-964702,-1823.6180158167112,66,-,-,-,-,Maximo
1604,64.16,-963977,-1573.5858433041883,66,-,-,-,-,Maximo
1605,64.2,-964028,-1110.4793879127942,66,-,-,-,-,Maximo
1606,64.24,-959362,-981.0239034396627,66,-,-,-,-,Maximo
1607,64.28,-947768,-1277.2302686268267,66,-,-,-,-,Maximo
1608,64.32,-945708,-1245.4514952281806,66,-,-,-,-,Maximo
1609,64.36,-946099,-927.3087372687351,66,-,-,-,-,Maximo
1610,64.4,-950660,-295.85124483763025,66,-,-,-,-,Maximo
1611,64.44,-952848,279.1959887060975,66,-,-,-,-,Maximo
1612,64.48,-955565,775.7256932676528,66,-,-,-,-,Maximo
1613,64.52,-953911,1049.105766669482,66,-,-,-,-,Maximo
1614,64.56,-955253,1432.8219632013302,66,-,-,-,-,Maximo
1615,64.6,-957686,1910.6803820609694,66,-,-,-,-,Maximo
1616,64.64,-959494,2242.962053026482,66,-,-,-,-,Maximo
1617,64.68,-961486,2051.33452435827,66,-,-,-,-,Maximo
1618,64.72,-962173,1052.6996413458828,66,-,-,-,-,Maximo
1619,64.76,-962746,-366.82990278141256,66,-,-,-,-,Maximo
1620,64.8,-963449,-1449.8371978674752,66,-,-,-,-,Maximo
1621,64.84,-963815,-1736.095290179469,66,-,-,-,-,Maximo
1622,64.88,-963662,-1405.3743022297722,66,-,-,-,-,Maximo
1623,64.92,-964208,-951.2245039035984,66,-,-,-,-,Maximo
1624,64.96,-961159,-869.5589927851597,66,-,-,-,-,Maximo
1625,65.0,-949719,-1256.2632975835313,66,-,-,-,-,Maximo
1626,65.04,-945802,-1313.6384463611157,66,-,-,-,-,Maximo
1627,65.08,-945901,-984.129807641104,66,-,-,-,-,Maximo
1628,65.12,-949958,-347.93279687625613,66,-,-,-,-,Maximo
1629,65.16,-952775,242.96740208038818,66,-,-,-,-,Maximo
1630,65.2,-955146,699.2418245828167,66,-,-,-,-,Maximo
1631,65.24,-953661,932.3678677752528,66,-,-,-,-,Maximo
1632,65.28,-955363,1281.3729196968739,66,-,-,-,-,Maximo
1633,65.32,-955816,1685.088224084824,66,-,-,-,-,Maximo
1634,65.36,-958352,2120.3979169221584,66,-,-,-,-,Maximo
1635,65.4,-960366,2108.5044412843536,66,-,-,-,-,Maximo
1636,65.44,-962009,1322.7079752479603,66,-,-,-,-,Maximo
1637,65.48,-962412,-50.74814238897875,66,-,-,-,-,Maximo
1638,65.52,-962851,-1245.146494293775,66,-,-,-,-,Maximo
1639,65.56,-963618,-1665.907356435169,66,-,-,-,-,Maximo
1640,65.6,-963676,-1402.7998901793462,66,-,-,-,-,Maximo
1641,65.64,-963340,-958.2056367588507,66,-,-,-,-,Maximo
1642,65.68,-962535,-757.344165871802,66,-,-,-,-,Maximo
1643,65.72,-953521,-1072.6523338650131,66,-,-,-,-,Maximo
1644,65.76,-946383,-1327.1988127183395,66,-,-,-,-,Maximo
1645,65.8,-946303,-1132.782025706334,66,-,-,-,-,Maximo
1646,65.84,-948358,-631.351762431297,66,-,-,-,-,Maximo
1647,65.88,-952639,32.5362464315931,66,-,-,-,-,Maximo
1648,65.92,-954430,542.5281480228459,66,-,-,-,-,Maximo
1649,65.96,-954756,877.262612014184,66,-,-,-,-,Maximo
1650,66.0,-953390,1111.9622805248873,63,64.75,-,-,-,Maximo
1651,66.04,-956955,1568.8026805774634,63,-,-,-,-,Maximo
1652,66.08,-959224,2001.7325951209777,63,-,-,-,-,Maximo
1653,66.12,-961280,2137.402458474051,63,-,-,-,-,Maximo
1654,66.16,-963098,1605.2820933140101,63,-,-,-,-,Maximo
1655,66.2,-964600,421.6567419377666,63,-,-,-,-,Maximo
1656,66.24,-964874,-869.4997912357195,63,-,-,-,-,Maximo
1657,66.28,-966010,-1534.8709251313653,63,-,-,-,-,Maximo
1658,66.32,-965114,-1513.1325338504848,63,-,-,-,-,Maximo
1659,66.36,-963989,-1156.5989956223325,63,-,-,-,-,Maximo
1660,66.4,-960226,-1034.8051686870422,63,-,-,-,-,Maximo
1661,66.44,-949089,-1412.5317853509514,63,-,-,-,-,Maximo
1662,66.48,-945563,-1543.6130203397333,63,-,-,-,-,Maximo
1663,66.52,-946491,-1258.4871677718902,63,-,-,-,-,Maximo
1664,66.56,-950290,-604.944289994249,63,-,-,-,-,Maximo
1665,66.6,-953432,112.85870907212757,63,-,-,-,-,Maximo
1666,66.64,-954488,689.7857954775145,63,-,-,-,-,Maximo
1667,66.68,-953920,1118.3102425386946,63,-,-,-,-,Maximo
1668,66.72,-953616,1527.1508014027208,63,-,-,-,-,Maximo
1669,66.76,-955964,2020.008459641289,63,-,-,-,-,Maximo
1670,66.8,-958699,2358.019341436506,63,-,-,-,-,Maximo
1671,66.84,-960175,2138.0163368034737,63,-,-,-,-,Maximo
1672,66.88,-961708,1190.8134330148682,63,-,-,-,-,Maximo
1673,66.92,-963926,-156.68144147292287,63,-,-,-,-,Maximo
1674,66.96,-964697,-1261.0223087415166,63,-,-,-,-,Maximo
1675,67.0,-965718,-1571.611894305636,63,-,-,-,-,Maximo
1676,67.04,-965133,-1288.6430199658444,63,-,-,-,-,Maximo
1677,67.08,-964358,-906.766770970748,63,-,-,-,-,Maximo
1678,67.12,-961193,-888.4391598497523,63,-,-,-,-,Maximo
1679,67.16,-950860,-1342.1083613941591,63,-,-,-,-,Maximo
1680,67.2,-945586,-1563.4016037453312,63,-,-,-,-,Maximo
1681,67.24,-945113,-1344.310233831642,63,-,-,-,-,Maximo
1682,67.28,-948688,-751.3485234758699,63,-,-,-,-,Maximo
1683,67.32,-952480,-74.633197474192,63,-,-,-,-,Maximo
1684,67.36,-953797,494.976975375821,63,-,-,-,-,Maximo
1685,67.4,-954405,1003.5202711821848,63,-,-,-,-,Maximo
1686,67.44,-953879,1464.7213343369303,63,-,-,-,-,Maximo
1687,67.48,-955699,1987.853649105673,63,-,-,-,-,Maximo
1688,67.52,-957404,2359.891514715917,63,-,-,-,-,Maximo
1689,67.56,-960770,2323.537345381086,63,-,-,-,-,Maximo
1690,67.6,-962425,1509.2946038467653,63,-,-,-,-,Maximo
1691,67.64,-965048,188.980514523053,63,-,-,-,-,Maximo
1692,67.68,-964667,-1109.8291047201046,63,-,-,-,-,Maximo
1693,67.72,-965615,-1655.695868745403,63,-,-,-,-,Maximo
1694,67.76,-965807,-1492.0192504675658,63,-,-,-,-,Maximo
1695,67.8,-966474,-1044.2623676073138,63,-,-,-,-,Maximo
1696,67.84,-963500,-901.1635397832879,63,-,-,-,-,Maximo
1697,67.88,-953466,-1262.7495537728773,63,-,-,-,-,Maximo
1698,67.92,-946829,-1564.9393515269512,63,-,-,-,-,Maximo
1699,67.96,-945649,-1475.312309575238,63,-,-,-,-,Maximo
1700,68.0,-947498,-981.5110650839279,63,-,-,-,-,Maximo
1701,68.04,-950669,-249.11174501909227,63,-,-,-,-,Maximo
1702,68.08,-954787,511.74936615453043,63,-,-,-,-,Maximo
1703,68.12,-953261,958.8937318266471,63,-,-,-,-,Maximo
1704,68.16,-952675,1342.5205229002154,63,-,-,-,-,Maximo
1705,68.2,-954845,1850.5322063714375,63,-,-,-,-,Maximo
1706,68.24,-958010,2389.174247318978,63,-,-,-,-,Maximo
1707,68.28,-960360,2544.4372153663153,63,-,-,-,-,Maximo
1708,68.32,-961757,1914.2433923149983,63,-,-,-,-,Maximo
1709,68.36,-963781,615.1356423135621,63,-,-,-,-,Maximo
1710,68.4,-963995,-801.2230393771177,63,-,-,-,-,Maximo
1711,68.44,-964662,-1582.9273342831561,63,-,-,-,-,Maximo
1712,68.48,-964643,-1598.2524256233003,63,-,-,-,-,Maximo
1713,68.52,-964600,-1214.2376337719202,63,-,-,-,-,Maximo
1714,68.56,-963100,-997.2909301787436,63,-,-,-,-,Maximo
1715,68.6,-955884,-1269.0224443216675,63,-,-,-,-,Maximo
1716,68.64,-946612,-1668.0692668740066,63,-,-,-,-,Maximo
1717,68.68,-945155,-1547.770521272585,63,-,-,-,-,Maximo
1718,68.72,-946802,-995.0030771684906,63,-,-,-,-,Maximo
1719,68.76,-951133,-212.80483915795503,63,-,-,-,-,Maximo
1720,68.8,-953602,448.46907835473394,63,-,-,-,-,Maximo
1721,68.84,-953913,905.4590911648456,63,-,-,-,-,Maximo
1722,68.88,-953238,1247.6196904517924,63,-,-,-,-,Maximo
1723,68.92,-954619,1671.856352356654,63,-,-,-,-,Maximo
1724,68.96,-957468,2152.151970397079,63,-,-,-,-,Maximo
1725,69.0,-958659,2331.782096555231,64,64.5,-,-,-,Maximo
1726,69.04,-962131,1951.2188235315361,64,-,-,-,-,Maximo
1727,69.08,-963097,777.5692562819954,64,-,-,-,-,Maximo
1728,69.12,-963391,-632.414660442806,64,-,-,-,-,Maximo
1729,69.16,-965095,-1488.2856097381555,64,-,-,-,-,Maximo
1730,69.2,-964186,-1617.5007668020503,64,-,-,-,-,Maximo
1731,69.24,-963824,-1241.883815349413,64,-,-,-,-,Maximo
1732,69.28,-960973,-998.2272960665359,64,-,-,-,-,Maximo
1733,69.32,-949296,-1327.496593392627,64,-,-,-,-,Maximo
1734,69.36,-945392,-1519.587039451968,64,-,-,-,-,Maximo
1735,69.4,-945588,-1393.9339165327965,64,-,-,-,-,Maximo
1736,69.44,-948246,-890.0314754812657,64,-,-,-,-,Maximo
1737,69.48,-952472,-152.07842934125438,64,-,-,-,-,Maximo
1738,69.52,-955661,546.615844170251,64,-,-,-,-,Maximo
1739,69.56,-953808,977.7061833491989,64,-,-,-,-,Maximo
1740,69.6,-954455,1426.7959303743141,64,-,-,-,-,Maximo
1741,69.64,-955445,1894.5681974183667,64,-,-,-,-,Maximo
1742,69.68,-958954,2334.5195807963837,64,-,-,-,-,Maximo
1743,69.72,-959670,2221.306511972609,64,-,-,-,-,Maximo
1744,69.76,-961772,1404.5010658878632,64,-,-,-,-,Maximo
1745,69.8,-963037,30.251004954925975,64,-,-,-,-,Maximo
1746,69.84,-962561,-1240.1972267289157,64,-,-,-,-,Maximo
1747,69.88,-964105,-1700.5724258916966,64,-,-,-,-,Maximo
1748,69.92,-963656,-1477.225397322021,64,-,-,-,-,Maximo
1749,69.96,-962693,-1002.6118396731449,64,-,-,-,-,Maximo
1750,70.0,-961659,-745.8466121683518,64,-,-,-,-,Maximo
1751,70.04,-951947,-1078.651191623867,64,-,-,-,-,Maximo
1752,70.08,-946652,-1309.8394914460132,64,-,-,-,-,Maximo
1753,70.12,-946174,-1145.0990760276509,64,-,-,-,-,Maximo
1754,70.16,-947260,-663.3903814125492,64,-,-,-,-,Maximo
1755,70.2,-950881,-4.261280305089258,64,-,-,-,-,Maximo
1756,70.24,-953693,562.9472787434415,64,-,-,-,-,Maximo
1757,70.28,-953851,937.1727003609749,64,-,-,-,-,Maximo
1758,70.32,-953253,1245.9503432176175,64,-,-,-,-,Maximo
1759,70.36,-954529,1646.0826134180443,64,-,-,-,-,Maximo
1760,70.4,-956920,2037.3496606586978,64,-,-,-,-,Maximo
1761,70.44,-5011,-27905.98942187254,64,-,-,-,-,Maximo
1762,70.48,-16775396,501182.07512541674,64,-,-,-,-,Maximo
1763,70.52,-16775486,462207.8315146426,64,-,-,-,-,Maximo
1764,70.56,-16775391,375858.05401221337,64,-,-,-,-,Maximo
1765,70.6,-16775434,237011.80417135224,64,-,-,-,-,Maximo
1766,70.64,-16775402,57271.82013312308,64,-,-,-,-,Maximo
1767,70.68,-16775399,-133553.60344827315,64,-,-,-,-,Maximo
1768,70.72,-16775435,-327438.5672529717,64,-,-,-,-,Maximo
1769,70.76,-16775444,-591066.7638864336,64,-,-,-,-,Maximo
1770,70.8,-16775469,-1016009.8665883765,64,-,-,-,-,Maximo
1771,70.84,-16775405,-1508145.5547939003,64,-,-,-,-,Maximo
1772,70.88,-16775399,-1666485.482799239,64,-,-,-,-,Maximo
1773,70.92,-16775396,-1125062.5207529566,64,-,-,-,-,Maximo
1774,70.96,-19125,-613848.6908526402,64,-,-,-,-,Maximo
1775,71.0,-71982,298422.40442795306,64,-,-,-,-,Maximo
1776,71.04,-16775242,1203303.417514544,64,-,-,-,-,Maximo
1777,71.08,-16775387,1182085.9096701331,64,-,-,-,-,Maximo
1778,71.12,-16775400,1094803.7857760563,64,-,-,-,-,Maximo
1779,71.16,-16775370,1051715.1437370963,64,-,-,-,-,Maximo
1780,71.2,-16775395,1012107.0150675434,64,-,-,-,-,Maximo
1781,71.24,-16775608,1013610.7356952229,64,-,-,-,-,Maximo
1782,71.28,-16775429,1142638.2531556818,64,-,-,-,-,Maximo
1783,71.32,-16775394,1236959.9198668879,64,-,-,-,-,Maximo
1784,71.36,-16775472,807893.3408015544,64,-,-,-,-,Maximo
1785,71.4,-16775448,-377639.0776375062,64,-,-,-,-,Maximo
1786,71.44,-16775709,-1660785.3657188015,64,-,-,-,-,Maximo
1787,71.48,-16775524,-2002472.3161143423,64,-,-,-,-,Maximo
1788,71.52,-16775523,-1244788.038639841,64,-,-,-,-,Maximo
1789,71.56,-16775589,-263875.58197194507,64,-,-,-,-,Maximo
1790,71.6,-16775574,178278.82486058923,64,-,-,-,-,Maximo
1791,71.64,-16775422,126728.1226869878,64,-,-,-,-,Maximo
1792,71.68,-16775373,-4404.5758701028535,64,-,-,-,-,Maximo
1793,71.72,-16775403,-10926.649250001705,64,-,-,-,-,Maximo
1794,71.76,-16775385,53591.0746259414,64,-,-,-,-,Maximo
1795,71.8,-16775411,96221.27764964494,64,-,-,-,-,Maximo
1796,71.84,-16775438,98265.60635502015,64,-,-,-,-,Maximo
1797,71.88,-16775439,85976.35607141818,64,-,-,-,-,Maximo
1798,71.92,-16775469,78006.88075086431,64,-,-,-,-,Maximo
1799,71.96,-16775479,73798.43201234317,64,-,-,-,-,Maximo
1800,72.0,-16775419,67379.3955312481,nan,64.33333333333333,-,-,-,-
1801,72.04,-16775446,57249.16229640055,nan,-,-,-,-,-
1802,72.08,-16775416,45584.72595914967,nan,-,-,-,-,-
1803,72.12,-16775459,34422.15727336427,nan,-,-,-,-,-
1804,72.16,-16775451,24308.203755721042,nan,-,-,-,-,-
1805,72.2,-16775373,15116.466048506001,nan,-,-,-,-,-
1806,72.24,-16775434,6865.285533211718,nan,-,-,-,-,-
1807,72.28,-16775394,-235.84409284370486,nan,-,-,-,-,-
1808,72.32,-16775377,-6006.790788079117,nan,-,-,-,-,-
1809,72.36,-16775468,-10429.678862918954,nan,-,-,-,-,-
1810,72.4,-16775393,-13605.42960856064,nan,-,-,-,-,-
1811,72.44,-16775504,-15645.25940273235,nan,-,-,-,-,-
1812,72.48,-16775387,-16688.646458489748,nan,-,-,-,-,-
1813,72.52,-16775417,-16860.180781062456,nan,-,-,-,-,-
1814,72.56,-16775430,-16316.988280340363,nan,-,-,-,-,-
1815,72.6,-16775469,-15218.141885986566,nan,-,-,-,-,-
1816,72.64,-16775411,-13719.180703596852,nan,-,-,-,-,-
1817,72.68,-16775385,-11949.380304477616,nan,-,-,-,-,-
1818,72.72,-16775328,-10029.422125781992,nan,-,-,-,-,-
1819,72.76,-16775328,-8072.028716293396,nan,-,-,-,-,-
1820,72.8,-16775314,-6182.912790748171,nan,-,-,-,-,-
1821,72.84,-16775337,-4414.75742530977,nan,-,-,-,-,-
1822,72.88,-16775346,-2753.8893028337407,nan,-,-,-,-,-
1823,72.92,-16775322,-1173.0357997049432,nan,-,-,-,-,-
1824,72.96,-16775332,276.4318421295138,nan,-,-,-,-,-
1825,73.0,-16775370,1471.3066492391044,nan,-,-,-,-,-
1826,73.04,-16775346,2339.5616922404643,nan,-,-,-,-,-
1827,73.08,-16775408,2916.885071741075,nan,-,-,-,-,-
1828,73.12,-16775354,3260.9640742414595,nan,-,-,-,-,-
1829,73.16,-16775353,3410.9846667524507,nan,-,-,-,-,-
1830,73.2,-16775230,3375.166536141962,nan,-,-,-,-,-
1831,73.24,-16775263,3191.784815727102,nan,-,-,-,-,-
1832,73.28,-16775249,2890.5091659624622,nan,-,-,-,-,-
1833,73.32,-16775278,2464.037224464347,nan,-,-,-,-,-
1834,73.36,-16775287,1840.818696848814,nan,-,-,-,-,-
1835,73.4,-16775283,921.3079133057286,nan,-,-,-,-,-
1836,73.44,-16775310,1305.1444037981446,nan,-,-,-,-,-
1837,73.48,-16775351,603.9942829958454,nan,-,-,-,-,-
1838,73.52,-16775374,183.07994838584364,nan,-,-,-,-,-
1839,73.56,-16775275,-104.75792212060333,nan,-,-,-,-,-
1840,73.6,-16775322,-380.8601700604195,nan,-,-,-,-,-
1841,73.64,-16775398,-641.379573107628,nan,-,-,-,-,-
1842,73.68,-16775493,-814.7102189087036,nan,-,-,-,-,-
1843,73.72,-16775490,-871.883085181993,nan,-,-,-,-,-
1844,73.76,-16775432,-830.3485282474358,nan,-,-,-,-,-
1845,73.8,-16775441,-717.6958905685142,nan,-,-,-,-,-
1846,73.84,-16775337,-558.921146207967,nan,-,-,-,-,-
1847,73.88,-16775326,-356.8144778163289,nan,-,-,-,-,-
1848,73.92,-16775313,-1445.206956875245,nan,-,-,-,-,-
1849,73.96,-16775415,-1317.336424806268,nan,-,-,-,-,-
1850,74.0,-16775299,-8.764425793189503,nan,-,-,-,-,-
1851,74.04,-16775368,-10.33139479512927,nan,-,-,-,-,-
1852,74.08,-16775335,-8.747253158074082,nan,-,-,-,-,-
1853,74.12,-16775353,3.560907156000402,nan,-,-,-,-,-
1854,74.16,-16775358,17.850147280829663,nan,-,-,-,-,-
1855,74.2,-16775328,24.391584931402434,nan,-,-,-,-,-
1856,74.24,-16775374,23.39143479887919,nan,-,-,-,-,-
1857,74.28,-16775390,14.547833463293408,nan,-,-,-,-,-
1858,74.32,-16775293,1.1900658541086813,nan,-,-,-,-,-
1859,74.36,-16775401,-1.2293548799378797,nan,-,-,-,-,-
1860,74.4,-16775402,-1.730646748223947,nan,-,-,-,-,-
1861,74.44,-16775317,-3.2144351675088316,nan,-,-,-,-,-
1862,74.48,-16775391,-1.0786047568236086,nan,-,-,-,-,-
1863,74.52,-16775400,-2.335381016283737,nan,-,-,-,-,-
1864,74.56,-16775349,-5.143610852390244,nan,-,-,-,-,-
1865,74.6,-16775317,-6.395583780979798,nan,-,-,-,-,-
1866,74.64,-16775288,-6.776260956543524,nan,-,-,-,-,-
1867,74.68,-16775238,-7.177671063934426,nan,-,-,-,-,-
1868,74.72,-16775403,-0.6176165473598729,nan,-,-,-,-,-
1869,74.76,-16775296,-3.1753611791774685,nan,-,-,-,-,-
1870,74.8,-16775394,1.1237568666585886,nan,-,-,-,-,-
1871,74.84,-16775328,0.8129247315901047,nan,-,-,-,-,-
1872,74.88,-16775322,2.334424438215425,nan,-,-,-,-,-
1873,74.92,-16775354,5.221329072240611,nan,-,-,-,-,-
1874,74.96,-16775407,9.47747940709852,nan,-,-,-,-,-
1875,75.0,-16775371,9.256037224970726,nan,63.5,-,-,-,Desconexión
1876,75.04,-16775254,1.4076973655260758,nan,-,-,-,-,Desconexión
1877,75.08,-16775247,-6.922164133989568,nan,-,-,-,-,Desconexión
1878,75.12,-16775298,-11.480946080080813,nan,-,-,-,-,Desconexión
1879,75.16,-16775263,-11.9321967442502,nan,-,-,-,-,Desconexión
1880,75.2,-16775189,-8.065855846503084,nan,-,-,-,-,Desconexión
1881,75.24,-16775373,3.670183903479625,nan,-,-,-,-,Desconexión
1882,75.28,-16775320,3.459816222020777,nan,-,-,-,-,Desconexión
1883,75.32,-16775395,4.977491075296939,nan,-,-,-,-,Desconexión
1884,75.36,-16775420,7.35560170336678,nan,-,-,-,-,Desconexión
1885,75.4,-16775445,13.08550993755803,nan,-,-,-,-,Desconexión
1886,75.44,-16775333,12.247525506593092,nan,-,-,-,-,Desconexión
1887,75.48,-16775299,6.663989083118182,nan,-,-,-,-,Desconexión
1888,75.52,-16775330,-1.7721916856236604,nan,-,-,-,-,Desconexión
1889,75.56,-16775324,-10.155200424307115,nan,-,-,-,-,Desconexión
1890,75.6,-16775277,-16.387214832984583,nan,-,-,-,-,Desconexión
1891,75.64,-16775311,-17.609403346585616,nan,-,-,-,-,Desconexión
1892,75.68,-16775331,-16.088398374108195,nan,-,-,-,-,Desconexión
1893,75.72,-16775388,-8.426168685727063,nan,-,-,-,-,Desconexión
1894,75.76,-16775263,-2.4607166937999025,nan,-,-,-,-,Desconexión
1895,75.8,-16775331,10.395747931725847,nan,-,-,-,-,Desconexión
1896,75.84,-16775306,16.27862138171976,nan,-,-,-,-,Desconexión
1897,75.88,-16775255,13.961671015027253,nan,-,-,-,-,Desconexión
1898,75.92,-16775227,6.7135362257253846,nan,-,-,-,-,Desconexión
1899,75.96,-16775178,-1.246211780403776,nan,-,-,-,-,Desconexión
1900,76.0,-16775298,-0.5577234402661588,nan,-,-,-,-,Desconexión
1901,76.04,-16775327,-0.5644859316660273,nan,-,-,-,-,Desconexión
1902,76.08,-16775225,-3.3804967456416786,nan,-,-,-,-,Desconexión
1903,76.12,-16775291,1.4068279409594382,nan,-,-,-,-,Desconexión
1904,76.16,-16775299,5.528973667281022,nan,-,-,-,-,Desconexión
1905,76.2,-16775249,6.25957128178417,nan,-,-,-,-,Desconexión
1906,76.24,-16775249,6.286070354276926,nan,-,-,-,-,Desconexión
1907,76.28,-16775284,5.884045597061238,nan,-,-,-,-,Desconexión
1908,76.32,-16775280,1.8167138677581587,nan,-,-,-,-,Desconexión
1909,76.36,-16775296,-4.524627067478356,nan,-,-,-,-,Desconexión
1910,76.4,-16775283,-10.896051340496,nan,-,-,-,-,Desconexión
1911,76.44,-16775301,-10.333425609405287,nan,-,-,-,-,Desconexión
1912,76.48,-16775288,-5.5119306222518025,nan,-,-,-,-,Desconexión
1913,76.52,-16775261,-1.5519219675356979,nan,-,-,-,-,Desconexión
1914,76.56,-16775341,2.3200618563002173,nan,-,-,-,-,Desconexión
1915,76.6,-16775274,-0.6380397942942295,nan,-,-,-,-,Desconexión
1916,76.64,-16775291,-1.472881559420994,nan,-,-,-,-,Desconexión
1917,76.68,-16775270,-3.686843852250817,nan,-,-,-,-,Desconexión
1918,76.72,-16775310,-2.9770389808077535,nan,-,-,-,-,Desconexión
1919,76.76,-16775251,-3.4928119184814754,nan,-,-,-,-,Desconexión
1920,76.8,-16775370,2.7126194123759717,nan,-,-,-,-,Desconexión
1921,76.84,-16775425,6.056211905202744,nan,-,-,-,-,Desconexión
1922,76.88,-16775343,3.2946998158371077,nan,-,-,-,-,Desconexión
1923,76.92,-16775421,4.425529759421082,nan,-,-,-,-,Desconexión
1924,76.96,-16775415,2.8634700397538215,nan,-,-,-,-,Desconexión
1925,77.0,-16775390,1.6082193350020937,nan,-,-,-,-,Desconexión
1926,77.04,-16775393,1.3120031042595137,nan,-,-,-,-,Desconexión
1927,77.08,-16775301,-3.667189849556877,nan,-,-,-,-,Desconexión
1928,77.12,-16775417,-3.9337048104220362,nan,-,-,-,-,Desconexión
1929,77.16,-16775391,-9.056575417810876,nan,-,-,-,-,Desconexión
1930,77.2,-16775431,-9.633582606403133,nan,-,-,-,-,Desconexión
1931,77.24,-16775379,-8.65722022610612,nan,-,-,-,-,Desconexión
1932,77.28,-16775379,-2.590751557332304,nan,-,-,-,-,Desconexión
1933,77.32,-16775421,4.5239188195901665,nan,-,-,-,-,Desconexión
1934,77.36,-16775323,4.807322562920433,nan,-,-,-,-,Desconexión
1935,77.4,-16775322,6.656376845189023,nan,-,-,-,-,Desconexión
1936,77.44,-16775403,9.443674282248136,nan,-,-,-,-,Desconexión
1937,77.48,-16775430,7.278990733411057,nan,-,-,-,-,Desconexión
1938,77.52,-16775383,0.7452092910219541,nan,-,-,-,-,Desconexión
1939,77.56,-16775356,-2.7915229977936153,nan,-,-,-,-,Desconexión
1940,77.6,-16775323,-1.8438649783940981,nan,-,-,-,-,Desconexión
1941,77.64,-16775360,3.432622546357406,nan,-,-,-,-,Desconexión
1942,77.68,-16775320,4.560144500441991,nan,-,-,-,-,Desconexión
1943,77.72,-16775378,6.110724204236085,nan,-,-,-,-,Desconexión
1944,77.76,-16775333,2.1996070389228652,nan,-,-,-,-,Desconexión
1945,77.8,-16775357,-1.3484687417252594,nan,-,-,-,-,Desconexión
1946,77.84,-16775475,-1.499460485526356,nan,-,-,-,-,Desconexión
1947,77.88,-16775458,-1.5694761035009535,nan,-,-,-,-,Desconexión
1948,77.92,-16775421,2.35226408661976,nan,-,-,-,-,Desconexión
1949,77.96,-16775347,4.054625301939552,nan,-,-,-,-,Desconexión
1950,78.0,-16775436,5.097637786402945,nan,64.0,-,-,-,Desconexión
1951,78.04,-16775445,-0.6164155186621709,nan,-,-,-,-,Desconexión
1952,78.08,-16775401,-7.1785784787790945,nan,-,-,-,-,Desconexión
1953,78.12,-16775387,-9.84107181893885,nan,-,-,-,-,Desconexión
1954,78.16,-16775421,-9.761120316056761,nan,-,-,-,-,Desconexión
1955,78.2,-16775459,-9.42658870115984,nan,-,-,-,-,Desconexión
1956,78.24,-16775499,-6.559554097419451,nan,-,-,-,-,Desconexión
1957,78.28,-16775444,-2.0414493652147385,nan,-,-,-,-,Desconexión
1958,78.32,-16775403,4.1744101961481235,nan,-,-,-,-,Desconexión
1959,78.36,-16775459,8.230781644213755,nan,-,-,-,-,Desconexión
1960,78.4,-16775415,3.0263638358054976,nan,-,-,-,-,Desconexión
1961,78.44,-16775484,1.4607093145361176,nan,-,-,-,-,Desconexión
1962,78.48,-16775415,-0.8188798739871608,nan,-,-,-,-,Desconexión
1963,78.52,-16775438,0.39765075804311323,nan,-,-,-,-,Desconexión
1964,78.56,-16775439,-1.6457444865555528,nan,-,-,-,-,Desconexión
1965,78.6,-16775439,-3.430049332194593,nan,-,-,-,-,Desconexión
1966,78.64,-16775383,-2.543204606511864,nan,-,-,-,-,Desconexión
1967,78.68,-16775365,2.537121331188434,nan,-,-,-,-,Desconexión
1968,78.72,-16775337,4.634067071004566,nan,-,-,-,-,Desconexión
1969,78.76,-16775396,4.621759127728765,nan,-,-,-,-,Desconexión
1970,78.8,-16775471,3.741250298988234,nan,-,-,-,-,Desconexión
1971,78.84,-16775416,1.3277049629024624,nan,-,-,-,-,Desconexión
1972,78.88,-16775360,1.2914946801938854,nan,-,-,-,-,Desconexión
1973,78.92,-16775417,4.598114677674015,nan,-,-,-,-,Desconexión
1974,78.96,-16775402,4.483322516523945,nan,-,-,-,-,Desconexión
1975,79.0,-16775486,7.55192733051048,nan,-,-,-,-,Desconexión
1976,79.04,-16775551,9.524555982975286,nan,-,-,-,-,Desconexión
1977,79.08,-16775544,5.892846879327735,nan,-,-,-,-,Desconexión
1978,79.12,-16775495,-3.1921976625602078,nan,-,-,-,-,Desconexión
1979,79.16,-16775688,-4.409008090806452,nan,-,-,-,-,Desconexión
1980,79.2,-16775760,-3.961897394834182,nan,-,-,-,-,Desconexión
1981,79.24,-320224,-517373.5216426831,nan,-,-,-,-,Desconexión
1982,79.28,-16775729,42313.838450365234,nan,-,-,-,-,Desconexión
1983,79.32,-16775659,91865.52758580213,nan,-,-,-,-,Desconexión
1984,79.36,-16775614,146265.05341621675,nan,-,-,-,-,Desconexión
1985,79.4,-16775588,187719.04467304447,nan,-,-,-,-,Desconexión
1986,79.44,-16775488,199377.61702598515,nan,-,-,-,-,Desconexión
1987,79.48,-16775527,206726.99285392964,nan,-,-,-,-,Desconexión
1988,79.52,-16775607,284068.088497551,nan,-,-,-,-,Desconexión
1989,79.56,-16775680,444828.86864616437,nan,-,-,-,-,Desconexión
1990,79.6,-16775485,489967.7967484231,nan,-,-,-,-,Desconexión
1991,79.64,-16775431,122043.12344586477,nan,-,-,-,-,Desconexión
1992,79.68,-16775380,-591624.7612923981,nan,-,-,-,-,Desconexión
1993,79.72,-16775403,-1067626.6393942882,nan,-,-,-,-,Desconexión
1994,79.76,-16775567,-866702.2966909618,nan,-,-,-,-,Desconexión
1995,79.8,-16775617,-273237.5001862579,nan,-,-,-,-,Desconexión
1996,79.84,-16775553,135168.50728060777,nan,-,-,-,-,Desconexión
1997,79.88,-16775593,186870.11730325146,nan,-,-,-,-,Desconexión
1998,79.92,-16775593,98779.16854514612,nan,-,-,-,-,Desconexión
1999,79.96,-16775561,62891.82687381268,nan,-,-,-,-,Desconexión
2000,80.0,-16775624,89785.10213769402,nan,-,-,-,-,Desconexión
2001,80.04,-16775626,117748.26792127918,nan,-,-,-,-,Desconexión
2002,80.08,-16775544,118493.47255249665,nan,-,-,-,-,Desconexión
2003,80.12,-16775591,103286.97693509837,nan,-,-,-,-,Desconexión
2004,80.16,-16775520,87987.40892805334,nan,-,-,-,-,Desconexión
2005,80.2,-16775561,76241.37887143521,nan,-,-,-,-,Desconexión
2006,80.24,-16775420,64798.53862874227,nan,-,-,-,-,Desconexión
2007,80.28,-16775449,51765.50712776356,nan,-,-,-,-,Desconexión
2008,80.32,-16775534,38112.378438257234,nan,-,-,-,-,Desconexión
2009,80.36,-16775530,25413.072770826693,nan,-,-,-,-,Desconexión
2010,80.4,-16775483,14353.762058840395,nan,-,-,-,-,Desconexión
2011,80.44,-16775427,4914.090506143926,nan,-,-,-,-,Desconexión
2012,80.48,-16775529,-3004.805587671348,nan,-,-,-,-,Desconexión
2013,80.52,-16775499,-9389.281685322145,nan,-,-,-,-,Desconexión
2014,80.56,-16775524,-14200.29531105861,nan,-,-,-,-,Desconexión
2015,80.6,-16775512,-17507.595330560784,nan,-,-,-,-,Desconexión
2016,80.64,-16775497,-19468.025223365003,nan,-,-,-,-,Desconexión
2017,80.68,-16775558,-20269.102763699324,nan,-,-,-,-,Desconexión
2018,80.72,-16775566,-20101.342649477167,nan,-,-,-,-,Desconexión
2019,80.76,-16775590,-19144.70526346749,nan,-,-,-,-,Desconexión
2020,80.8,-16775545,-17588.39805396472,nan,-,-,-,-,Desconexión
2021,80.84,-16775595,-15611.270620004238,nan,-,-,-,-,Desconexión
2022,80.88,-16775467,-13385.95389659444,nan,-,-,-,-,Desconexión
2023,80.92,-16775426,-11039.67031244904,nan,-,-,-,-,Desconexión
2024,80.96,-16775191,-8695.349672280256,nan,-,-,-,-,Desconexión
2025,81.0,-16775507,-6426.872915016174,nan,nan,-,-,-,Desconexión
2026,81.04,-16775692,-4334.077738250973,nan,-,-,-,-,Desconexión
2027,81.08,-261138,-521700.5061862562,nan,-,-,-,-,Desconexión
2028,81.12,-223845,-478801.1636294434,nan,-,-,-,-,Desconexión
2029,81.16,-204118,-385787.4778789696,nan,-,-,-,-,Desconexión
2030,81.2,-207084,-237566.05070351428,nan,-,-,-,-,Desconexión
2031,81.24,-174269,-48952.06600709818,nan,-,-,-,-,Desconexión
2032,81.28,-103129,150142.49781110557,nan,-,-,-,-,Desconexión
2033,81.32,-106547,359067.3399475035,nan,-,-,-,-,Desconexión
2034,81.36,-116317,645936.503133784,nan,-,-,-,-,Desconexión
2035,81.4,-114661,1094077.6046623392,nan,-,-,-,-,Desconexión
2036,81.44,-201791,1590814.140599356,nan,-,-,-,-,Desconexión
2037,81.48,-208773,1715785.6470277617,nan,-,-,-,-,Desconexión
2038,81.52,-394446,1129163.641765445,nan,-,-,-,-,Desconexión
2039,81.56,-245619,52068.61558369105,nan,-,-,-,-,Desconexión
2040,81.6,-263110,-819729.391580435,nan,-,-,-,-,Desconexión
2041,81.64,-520467,-1089356.9020808828,nan,-,-,-,-,Desconexión
2042,81.68,-343055,-964985.9998500566,nan,-,-,-,-,Desconexión
2043,81.72,-320568,-786688.3609881623,nan,-,-,-,-,Desconexión
2044,81.76,-692226,-686190.578405488,nan,-,-,-,-,Desconexión
2045,81.8,-770949,-630555.82379029,nan,-,-,-,-,Desconexión
2046,81.84,-990319,-540323.4212984156,nan,-,-,-,-,Desconexión
2047,81.88,-1674199,-402984.7587962309,nan,-,-,-,-,Desconexión
2048,81.92,-1639900,-285217.3091738643,nan,-,-,-,-,Desconexión
2049,81.96,-1564102,-185566.38330105064,nan,-,-,-,-,Desconexión
2050,82.0,-1417459,-109063.80420598085,nan,-,-,-,-,Desconexión
2051,82.04,-1034156,-56282.688407983165,nan,-,-,-,-,Desconexión
2052,82.08,-977964,-4980.280383363599,nan,-,-,-,-,Desconexión
2053,82.12,-940759,32869.32805732428,nan,-,-,-,-,Desconexión
2054,82.16,-544084,43738.06047651684,nan,-,-,-,-,Desconexión
2055,82.2,-16567225,563010.9117736425,nan,-,-,-,-,Desconexión
2056,82.24,-13528,27476.869741420727,nan,-,-,-,-,Desconexión
2057,82.28,-342191,35710.01657387335,nan,-,-,-,-,Desconexión
2058,82.32,-158061,43691.895770011935,nan,-,-,-,-,Desconexión
2059,82.36,-211923,73043.99864418176,nan,-,-,-,-,Desconexión
2060,82.4,-243535,100761.39681368019,nan,-,-,-,-,Desconexión
2061,82.44,-16421589,594073.9776630588,nan,-,-,-,-,Desconexión
2062,82.48,-230904,-73892.80552398926,nan,-,-,-,-,Desconexión
2063,82.52,-224265,-328854.7734263232,nan,-,-,-,-,Desconexión
2064,82.56,-228732,-468424.8951627393,nan,-,-,-,-,Desconexión
2065,82.6,-245461,-191587.27922986378,nan,-,-,-,-,Desconexión
2066,82.64,-274974,441392.5434748106,nan,-,-,-,-,Desconexión
2067,82.68,-874370,858411.6492718039,nan,-,-,-,-,Desconexión
2068,82.72,-913722,538598.5447237444,nan,-,-,-,-,Desconexión
2069,82.76,-493484,-239993.56642550527,nan,-,-,-,-,Desconexión
2070,82.8,-436513,-696087.3909489035,nan,-,-,-,-,Desconexión
2071,82.84,-16695547,122328.82132001035,nan,-,-,-,-,Desconexión
2072,82.88,-16652989,865692.9204069534,nan,-,-,-,-,Desconexión
2073,82.92,-16678699,1279236.3693930604,nan,-,-,-,-,Desconexión
2074,82.96,-53743,387057.9718019776,nan,-,-,-,-,Desconexión
