muestra,tiempo,ppg,ppg filtrado,spi,spi_promedio,estado,tipo evento,evento,alarma
1,0.04,-1205801,1972.1040653520668,nan,-,-,-,-,-
2,0.08,-1208978,2611.225364514913,nan,-,-,-,-,-
3,0.12,-1213107,3056.3023568508916,nan,-,-,-,-,-
4,0.16,-1215437,2737.2294748405966,nan,-,-,-,-,-
5,0.2,-1217339,1444.80737459582,nan,-,-,-,-,-
6,0.24,-1217847,-406.3492049264173,nan,-,-,-,-,-
7,0.28,-1219220,-1825.429754393252,nan,-,-,-,-,-
8,0.32,-1219887,-2258.668433575498,nan,-,-,-,-,-
9,0.36,-1219442,-1891.758294851897,nan,-,-,-,-,-
10,0.4,-1219074,-1353.1600365818754,nan,-,-,-,-,-
11,0.44,-1214865,-1285.1271571609104,nan,-,-,-,-,-
12,0.48,-1200743,-1841.8102824477792,nan,-,-,-,-,-
13,0.52,-1194995,-2006.754709480083,nan,-,-,-,-,-
14,0.56,-1195242,-1556.1952322495254,nan,-,-,-,-,-
15,0.6,-1200538,-619.6307367802989,nan,-,-,-,-,-
16,0.64,-1204482,288.05206228803854,nan,-,-,-,-,-
17,0.68,-1207787,991.4675581464899,nan,-,-,-,-,-
18,0.72,-1207634,1428.7121145870015,nan,-,-,-,-,-
19,0.76,-1206622,1836.6586382454097,nan,-,-,-,-,-
20,0.8,-1210288,2472.41776167605,nan,-,-,-,-,-
21,0.84,-1212213,2935.7172292429505,nan,-,-,-,-,-
22,0.88,-1214262,2805.0916136943024,nan,-,-,-,-,-
23,0.92,-1216472,1711.6267570299515,nan,-,-,-,-,-
24,0.96,-1217638,-89.37017912949523,nan,-,-,-,-,-
25,1.0,-1218172,-1672.7061501953904,nan,-,-,-,-,-
26,1.04,-1218723,-2266.5901791333354,nan,-,-,-,-,-
27,1.08,-1219253,-1915.2626947156775,nan,-,-,-,-,-
28,1.12,-1219640,-1267.8613130176086,nan,-,-,-,-,-
29,1.16,-1216021,-1025.7838929654308,nan,-,-,-,-,-
30,1.2,-1202326,-1455.3198319906023,nan,-,-,-,-,-
31,1.24,-1195933,-1673.3818342300765,nan,-,-,-,-,-
32,1.28,-1195053,-1437.1069450452433,nan,-,-,-,-,-
33,1.32,-1200305,-715.151619322741,nan,-,-,-,-,-
34,1.36,-1205143,92.77179686677391,nan,-,-,-,-,-
35,1.4,-1207220,729.0946516364511,nan,-,-,-,-,-
36,1.44,-1206916,1157.1078493621535,nan,-,-,-,-,-
37,1.48,-1206555,1555.5003662260197,nan,-,-,-,-,-
38,1.52,-1208673,2137.1167088581497,nan,-,-,-,-,-
39,1.56,-1211567,2727.0927192775553,nan,-,-,-,-,-
40,1.6,-1214561,2810.7411651130533,nan,-,-,-,-,-
41,1.64,-1217094,1901.2240985115295,nan,-,-,-,-,-
42,1.68,-1219137,193.38788165079632,nan,-,-,-,-,-
43,1.72,-1219018,-1465.1369432711513,nan,-,-,-,-,-
44,1.76,-1220060,-2136.554825537239,nan,-,-,-,-,-
45,1.8,-1220044,-1857.0775334409818,nan,-,-,-,-,-
46,1.84,-1219769,-1249.7041509414867,nan,-,-,-,-,-
47,1.88,-1215503,-1062.2539664139877,nan,-,-,-,-,-
48,1.92,-1200781,-1597.745910878597,nan,-,-,-,-,-
49,1.96,-1194176,-1911.5166440252142,nan,-,-,-,-,-
50,2.0,-1195381,-1656.8277097279279,nan,-,-,-,-,-
51,2.04,-1199762,-919.3696161664268,nan,-,-,-,-,-
52,2.08,-1204731,22.37121930684316,nan,-,-,-,-,-
53,2.12,-1207738,839.7880302399881,nan,-,-,-,-,-
54,2.16,-1206834,1361.0844801565845,nan,-,-,-,-,-
55,2.2,-1207124,1840.6367642326913,nan,-,-,-,-,-
56,2.24,-1210605,2477.6062767252342,nan,-,-,-,-,-
57,2.28,-1213874,3025.8377750688524,nan,-,-,-,-,-
58,2.32,-1215504,2927.1116979367644,nan,-,-,-,-,-
59,2.36,-1216962,1794.793381764253,nan,-,-,-,-,-
60,2.4,-1218115,-84.72574323715207,nan,-,-,-,-,-
61,2.44,-1217908,-1770.9825853064365,nan,-,-,-,-,-
62,2.48,-1218570,-2388.695816838661,nan,-,-,-,-,-
63,2.52,-1218932,-2027.9188981761092,nan,-,-,-,-,-
64,2.56,-1219021,-1381.4024558612537,nan,-,-,-,-,-
65,2.6,-1215307,-1159.4657736904383,nan,-,-,-,-,-
66,2.64,-1202025,-1577.0865076552745,nan,-,-,-,-,-
67,2.68,-1196138,-1710.140465111228,nan,-,-,-,-,-
68,2.72,-1195493,-1335.8694818207368,nan,-,-,-,-,-
69,2.76,-1200057,-518.4945009769542,nan,-,-,-,-,-
70,2.8,-1204905,322.31130861572,nan,-,-,-,-,-
71,2.84,-1207046,908.2095087542721,nan,-,-,-,-,-
72,2.88,-1207184,1268.101713126025,nan,-,-,-,-,-
73,2.92,-1206554,1591.8183779815345,nan,-,-,-,-,-
74,2.96,-1209393,2147.100623519291,nan,-,-,-,-,-
75,3.0,-1212653,2696.9196719722486,56,56.0,-,-,-,-
76,3.04,-1216347,2752.302976115555,56,-,-,-,-,-
77,3.08,-1217645,1787.7119863843636,56,-,-,-,-,-
78,3.12,-1218411,76.15117831375346,56,-,-,-,-,-
79,3.16,-1220198,-1467.665499458898,56,-,-,-,-,-
80,3.2,-1220468,-2150.254804256737,56,-,-,-,-,-
81,3.24,-1221284,-1880.3022580425884,56,-,-,-,-,-
82,3.28,-1218128,-1411.1794386903457,56,-,-,-,-,-
83,3.32,-1208678,-1404.045090665708,56,-,-,-,-,-
84,3.36,-1196036,-1835.9926958861179,56,-,-,-,-,-
85,3.4,-1194407,-1893.472292110353,56,-,-,-,-,-
86,3.44,-1197668,-1430.6702683131944,56,-,-,-,-,-
87,3.48,-1203172,-538.6868545451421,56,-,-,-,-,-
88,3.52,-1206895,369.5577662651194,56,-,-,-,-,-
89,3.56,-1207601,1025.9174032552773,56,-,-,-,-,-
90,3.6,-1205774,1482.520734195712,56,-,-,-,-,-
91,3.64,-1208439,2140.7266563587027,56,-,-,-,-,-
92,3.68,-1211261,2840.0658413889805,56,-,-,-,-,-
93,3.72,-1214609,3176.262254275318,56,-,-,-,-,-
94,3.76,-1215180,2495.736643529005,56,-,-,-,-,-
95,3.8,-1217505,890.1569380526412,56,-,-,-,-,-
96,3.84,-1217765,-1017.2690248788513,56,-,-,-,-,-
97,3.88,-1219283,-2122.554577541717,56,-,-,-,-,-
98,3.92,-1219058,-2153.3457314910966,56,-,-,-,-,-
99,3.96,-1219615,-1518.7519549644367,56,-,-,-,-,-
100,4.0,-1218967,-1039.0210060042186,56,-,-,-,-,-
101,4.04,-1208455,-1309.3689019375233,56,-,-,-,-,-
102,4.08,-1197714,-1753.5182087767735,56,-,-,-,-,-
103,4.12,-1194630,-1698.4131876095944,56,-,-,-,-,-
104,4.16,-1198254,-1058.8545258357226,56,-,-,-,-,-
105,4.2,-1201222,-276.0639359779959,56,-,-,-,-,-
106,4.24,-1206807,516.3138494629247,56,-,-,-,-,-
107,4.28,-1207267,1000.3542824082333,56,-,-,-,-,-
108,4.32,-1205529,1360.3839662845094,56,-,-,-,-,-
109,4.36,-1208201,1941.2787173752859,56,-,-,-,-,-
110,4.4,-1211392,2598.3005389285463,56,-,-,-,-,-
111,4.44,-1213621,2931.826239290891,56,-,-,-,-,-
112,4.48,-1214905,2414.835508852945,56,-,-,-,-,-
113,4.52,-1215218,920.9701708084194,56,-,-,-,-,-
114,4.56,-1218172,-796.4755504381651,56,-,-,-,-,-
115,4.6,-1218826,-1958.8493849515694,56,-,-,-,-,-
116,4.64,-1218464,-2117.1371504064055,56,-,-,-,-,-
117,4.68,-1219869,-1562.0478816246602,56,-,-,-,-,-
118,4.72,-1218898,-1107.0395083832063,56,-,-,-,-,-
119,4.76,-1213670,-1154.3680662223833,56,-,-,-,-,-
120,4.8,-1200455,-1628.2190831278804,56,-,-,-,-,-
121,4.84,-1195368,-1636.8071483969015,56,-,-,-,-,-
122,4.88,-1197306,-1110.2848240256644,56,-,-,-,-,-
123,4.92,-1201747,-381.0757276951957,56,-,-,-,-,-
124,4.96,-1205787,273.9810382772512,56,-,-,-,-,-
125,5.0,-1207249,766.41343665768,56,-,-,-,-,-
126,5.04,-1206628,1178.9578856443904,56,-,-,-,-,-
127,5.08,-1208098,1711.8248848569501,56,-,-,-,-,-
128,5.12,-1210131,2322.504085353983,56,-,-,-,-,-
129,5.16,-1212670,2792.979088646228,56,-,-,-,-,-
130,5.2,-1213750,2579.6513388308767,56,-,-,-,-,-
131,5.24,-1216192,1456.095928464495,56,-,-,-,-,-
132,5.28,-1217077,-285.5860431188835,56,-,-,-,-,-
133,5.32,-1217948,-1668.5108404663688,56,-,-,-,-,-
134,5.36,-1219957,-2023.0580975872872,56,-,-,-,-,-
135,5.4,-1219840,-1642.1719455371863,56,-,-,-,-,-
136,5.44,-1219314,-1135.4093864721399,56,-,-,-,-,-
137,5.48,-1212880,-1124.1561573780136,56,-,-,-,-,-
138,5.52,-1198901,-1590.9787957088356,56,-,-,-,-,-
139,5.56,-1194978,-1648.3301135594702,56,-,-,-,-,-
140,5.6,-1196130,-1274.7252440565262,56,-,-,-,-,-
141,5.64,-1200760,-590.233470693075,56,-,-,-,-,-
142,5.68,-1205490,129.65254958830428,56,-,-,-,-,-
143,5.72,-1207217,687.1591850954419,56,-,-,-,-,-
144,5.76,-1205838,1111.8502622426222,56,-,-,-,-,-
145,5.8,-1206442,1682.5839822124835,56,-,-,-,-,-
146,5.84,-1211034,2478.0354635964995,56,-,-,-,-,-
147,5.88,-1212124,2958.721700243722,56,-,-,-,-,-
148,5.92,-1215775,2776.895673111323,56,-,-,-,-,-
149,5.96,-1217499,1511.139849535416,56,-,-,-,-,-
150,6.0,-1217651,-356.95839513416604,57,56.5,-,-,-,-
151,6.04,-1220049,-1736.7923963211067,57,-,-,-,-,-
152,6.08,-1219855,-2159.145098999675,57,-,-,-,-,-
153,6.12,-1218955,-1771.3973912898323,57,-,-,-,-,-
154,6.16,-1215729,-1323.7096205681482,57,-,-,-,-,-
155,6.2,-1199085,-1649.6811505979003,57,-,-,-,-,-
156,6.24,-1194726,-1832.3600616535514,57,-,-,-,-,-
157,6.28,-1196088,-1683.8007734345338,57,-,-,-,-,-
158,6.32,-1199553,-1099.3040120081032,57,-,-,-,-,-
159,6.36,-1205018,-204.3813432054194,57,-,-,-,-,-
160,6.4,-1207879,598.1287579979917,57,-,-,-,-,-
161,6.44,-1205935,1123.6514175527554,57,-,-,-,-,-
162,6.48,-1207439,1728.5895119561255,57,-,-,-,-,-
163,6.52,-1210390,2446.969634062355,57,-,-,-,-,-
164,6.56,-1213014,3024.0223753211785,57,-,-,-,-,-
165,6.6,-1215546,2936.1792226884545,57,-,-,-,-,-
166,6.64,-1216832,1762.4805846575632,57,-,-,-,-,-
167,6.68,-1217821,-105.1169444556599,57,-,-,-,-,-
168,6.72,-1218430,-1685.873369721003,57,-,-,-,-,-
169,6.76,-1218489,-2246.585266601239,57,-,-,-,-,-
170,6.8,-1220368,-1823.7206369611317,57,-,-,-,-,-
171,6.84,-1219770,-1242.8742327138093,57,-,-,-,-,-
172,6.88,-1216915,-1051.517499159576,57,-,-,-,-,-
173,6.92,-1204521,-1484.911678809347,57,-,-,-,-,-
174,6.96,-1195336,-1757.8099728322122,57,-,-,-,-,-
175,7.0,-1194277,-1434.5232103340604,57,-,-,-,-,-
176,7.04,-1198274,-669.7920562112467,57,-,-,-,-,-
177,7.08,-1202765,148.89987075831368,57,-,-,-,-,-
178,7.12,-1206358,795.246243445119,57,-,-,-,-,-
179,7.16,-1206253,1173.0396641398784,57,-,-,-,-,-
180,7.2,-1206963,1576.5862909895086,57,-,-,-,-,-
181,7.24,-1208796,2162.864243058654,57,-,-,-,-,-
182,7.28,-1211739,2812.01542105334,57,-,-,-,-,-
183,7.32,-1215212,3008.635970939623,57,-,-,-,-,-
184,7.36,-1216086,2143.5029226108527,57,-,-,-,-,-
185,7.4,-1217699,429.69218864673576,57,-,-,-,-,-
186,7.44,-1219308,-1316.637088763937,57,-,-,-,-,-
187,7.48,-1219881,-2243.2127057116,57,-,-,-,-,-
188,7.52,-1220946,-2128.7596955197305,57,-,-,-,-,-
189,7.56,-1219704,-1608.2868547118815,57,-,-,-,-,-
190,7.6,-1217900,-1256.6736004835057,57,-,-,-,-,-
191,7.64,-1208147,-1492.6729843358662,57,-,-,-,-,-
192,7.68,-1198117,-1807.5438789815216,57,-,-,-,-,-
193,7.72,-1195650,-1631.082854588085,57,-,-,-,-,-
194,7.76,-1198054,-994.7631586501802,57,-,-,-,-,-
195,7.8,-1200634,-231.92156185273552,57,-,-,-,-,-
196,7.84,-1206847,580.7679380215914,57,-,-,-,-,-
197,7.88,-1206958,1096.1255205664802,57,-,-,-,-,-
198,7.92,-1205826,1556.0806612785082,57,-,-,-,-,-
199,7.96,-1208398,2190.1228849926383,57,-,-,-,-,-
200,8.0,-1211384,2793.415660662242,57,-,-,-,-,-
201,8.04,-1212926,2958.7825030217136,57,-,-,-,-,-
202,8.08,-1215957,2371.0225801519355,57,-,-,-,-,-
203,8.12,-1217643,919.3107559914688,57,-,-,-,-,-
204,8.16,-1218621,-779.0408167192018,57,-,-,-,-,-
205,8.2,-1219105,-1910.3906731328543,57,-,-,-,-,-
206,8.24,-1220014,-2091.546425810457,57,-,-,-,-,-
207,8.28,-1220110,-1669.6331630317095,57,-,-,-,-,-
208,8.32,-1219332,-1239.6715684088567,57,-,-,-,-,-
209,8.36,-1210883,-1359.8030865952878,57,-,-,-,-,-
210,8.4,-1197548,-1809.389213563194,57,-,-,-,-,-
211,8.44,-1194799,-1757.134435514552,57,-,-,-,-,-
212,8.48,-1196675,-1242.3253019388976,57,-,-,-,-,-
213,8.52,-1200838,-446.1455927133961,57,-,-,-,-,-
214,8.56,-1206138,399.10051837425544,57,-,-,-,-,-
215,8.6,-1208322,1028.7291131939337,57,-,-,-,-,-
216,8.64,-1206157,1419.1519473193675,57,-,-,-,-,-
217,8.68,-1208871,1997.617816091296,57,-,-,-,-,-
218,8.72,-1211513,2642.0230350017255,57,-,-,-,-,-
219,8.76,-1213446,3024.9105642343475,57,-,-,-,-,-
220,8.8,-1215814,2633.792359849811,57,-,-,-,-,-
221,8.84,-1216917,1198.7252547366697,57,-,-,-,-,-
222,8.88,-1218414,-661.6077542813994,57,-,-,-,-,-
223,8.92,-1218497,-2030.0566746937159,57,-,-,-,-,-
224,8.96,-1220272,-2274.518035750142,57,-,-,-,-,-
225,9.0,-1219640,-1808.2055540643828,55,56.0,-,-,-,-
226,9.04,-1216354,-1325.5277125741004,55,-,-,-,-,-
227,9.08,-1203937,-1465.7807626070553,55,-,-,-,-,-
228,9.12,-1195743,-1698.4466599497428,55,-,-,-,-,-
229,9.16,-1197306,-1488.985512879426,55,-,-,-,-,-
230,9.2,-1199711,-949.1412543064453,55,-,-,-,-,-
231,9.24,-1203479,-187.95097917343355,55,-,-,-,-,-
232,9.28,-1207284,540.8898401949509,55,-,-,-,-,-
233,9.32,-1207372,1037.7519859178692,55,-,-,-,-,-
234,9.36,-1206568,1489.0177763354413,55,-,-,-,-,-
235,9.4,-1209498,2157.602506869558,55,-,-,-,-,-
236,9.44,-1211526,2756.006017851072,55,-,-,-,-,-
237,9.48,-1213547,2832.429746110687,55,-,-,-,-,-
238,9.52,-1215922,1968.570085842699,55,-,-,-,-,-
239,9.56,-1217638,334.2249501135984,55,-,-,-,-,-
240,9.6,-1218308,-1243.4109718942964,55,-,-,-,-,-
241,9.64,-1219863,-1949.8482644014398,55,-,-,-,-,-
242,9.68,-1221038,-1778.1204436390474,55,-,-,-,-,-
243,9.72,-1220246,-1303.3599070834798,55,-,-,-,-,-
244,9.76,-1218834,-1012.2307776519638,55,-,-,-,-,-
245,9.8,-1206865,-1361.1542101750965,55,-,-,-,-,-
246,9.84,-1197801,-1684.5959177074656,55,-,-,-,-,-
247,9.88,-1194845,-1598.498905485034,55,-,-,-,-,-
248,9.92,-1198494,-1021.9868630478404,55,-,-,-,-,-
249,9.96,-1203335,-262.4991545926123,55,-,-,-,-,-
250,10.0,-1206852,437.7213773794401,55,-,-,-,-,-
251,10.04,-1206791,945.4360910555042,55,-,-,-,-,-
252,10.08,-1206047,1424.0393396296422,55,-,-,-,-,-
253,10.12,-1208151,2086.689191760496,55,-,-,-,-,-
254,10.16,-1210761,2764.4541134092997,55,-,-,-,-,-
255,10.2,-1213633,3029.9234596905535,55,-,-,-,-,-
256,10.24,-1216066,2373.9690533921694,55,-,-,-,-,-
257,10.28,-1218373,815.5773984717453,55,-,-,-,-,-
258,10.32,-1219813,-939.9931395414305,55,-,-,-,-,-
259,10.36,-1219534,-2013.9720817807984,55,-,-,-,-,-
260,10.4,-1219813,-2034.300489918746,55,-,-,-,-,-
261,10.44,-1219701,-1501.1497919546837,55,-,-,-,-,-
262,10.48,-1218268,-1125.271971983615,55,-,-,-,-,-
263,10.52,-1208246,-1410.2869402833203,55,-,-,-,-,-
264,10.56,-1197313,-1868.1037155178237,55,-,-,-,-,-
265,10.6,-1195473,-1806.8911859325126,55,-,-,-,-,-
266,10.64,-1199006,-1211.7662200007062,55,-,-,-,-,-
267,10.68,-1201724,-407.9951830833081,55,-,-,-,-,-
268,10.72,-1205451,455.41162017346414,55,-,-,-,-,-
269,10.76,-1206208,1106.7352506278512,55,-,-,-,-,-
270,10.8,-1204997,1567.6102941245472,55,-,-,-,-,-
271,10.84,-1208749,2161.682831732641,55,-,-,-,-,-
272,10.88,-1211406,2712.942943127776,55,-,-,-,-,-
273,10.92,-1213272,2928.369001549936,55,-,-,-,-,-
274,10.96,-1215664,2366.5739340637783,55,-,-,-,-,-
275,11.0,-1217884,925.2173388968022,55,-,-,-,-,-
276,11.04,-1218727,-782.5094486860689,55,-,-,-,-,-
277,11.08,-1220113,-1821.0180962591335,55,-,-,-,-,-
278,11.12,-1219988,-1960.0101136800881,55,-,-,-,-,-
279,11.16,-1220062,-1569.848604591657,55,-,-,-,-,-
280,11.2,-1219185,-1277.5140264986012,55,-,-,-,-,-
281,11.24,-1210416,-1512.2415884037055,55,-,-,-,-,-
282,11.28,-1197683,-1925.6560421735667,55,-,-,-,-,-
283,11.32,-1193934,-1815.2335723372871,55,-,-,-,-,-
284,11.36,-1196836,-1205.4867451859927,55,-,-,-,-,-
285,11.4,-1201478,-396.71408922669525,55,-,-,-,-,-
286,11.44,-1205683,392.4769577406232,55,-,-,-,-,-
287,11.48,-1208393,1055.5714169040011,55,-,-,-,-,-
288,11.52,-1207251,1528.1217471819,55,-,-,-,-,-
289,11.56,-1208536,2089.403342025428,55,-,-,-,-,-
290,11.6,-1210474,2687.2417095829032,55,-,-,-,-,-
291,11.64,-1213815,3060.179656685995,55,-,-,-,-,-
292,11.68,-1215959,2612.3731161444493,55,-,-,-,-,-
293,11.72,-1216587,1133.1913312789757,55,-,-,-,-,-
294,11.76,-1218796,-714.2001643322164,55,-,-,-,-,-
295,11.8,-1219340,-2057.5115699436174,55,-,-,-,-,-
296,11.84,-1219272,-2334.909796584937,55,-,-,-,-,-
297,11.88,-1219264,-1820.4032396850012,55,-,-,-,-,-
298,11.92,-1219384,-1202.140679497807,55,-,-,-,-,-
299,11.96,-1213344,-1124.9509651604048,55,-,-,-,-,-
300,12.0,-1198841,-1596.587744676588,55,55.75,-,-,-,-
301,12.04,-1199689,-1506.0850568572387,55,-,-,-,-,-
302,12.08,-1204279,-998.8294660968827,55,-,-,-,-,-
303,12.12,-1207608,-303.1210548304807,55,-,-,-,-,-
304,12.16,-1207834,309.48696767652973,55,-,-,-,-,-
305,12.2,-1206707,762.266085686686,55,-,-,-,-,-
306,12.24,-1209118,1233.2548979423127,55,-,-,-,-,-
307,12.28,-1211409,1713.723939391959,55,-,-,-,-,-
308,12.32,-1213605,2237.9802627336303,55,-,-,-,-,-
309,12.36,-1216176,2566.3075467354847,55,-,-,-,-,-
310,12.4,-1216965,2140.4934768106623,55,-,-,-,-,-
311,12.44,-1218055,866.7921522083379,55,-,-,-,-,-
312,12.48,-1218878,-651.7245654818515,55,-,-,-,-,-
313,12.52,-1219221,-1513.9731950907217,55,-,-,-,-,-
314,12.56,-1219800,-1466.327015442177,55,-,-,-,-,-
315,12.6,-1217570,-1176.255112842353,55,-,-,-,-,-
316,12.64,-1207956,-1351.2506647738082,55,-,-,-,-,-
317,12.68,-1198327,-1730.633401060215,55,-,-,-,-,-
318,12.72,-1196222,-1714.3010385728467,55,-,-,-,-,-
319,12.76,-1199367,-1194.1724853795286,55,-,-,-,-,-
320,12.8,-1202435,-466.7117798544373,55,-,-,-,-,-
321,12.84,-1206601,280.3824992598984,55,-,-,-,-,-
322,12.88,-1207617,802.9429870452395,55,-,-,-,-,-
323,12.92,-1205871,1181.8678812678186,55,-,-,-,-,-
324,12.96,-1208376,1772.523063699081,55,-,-,-,-,-
325,13.0,-1212171,2435.6667833429956,55,-,-,-,-,-
326,13.04,-1213293,2675.059571035593,55,-,-,-,-,-
327,13.08,-1216061,2159.6585461569675,55,-,-,-,-,-
328,13.12,-1217039,747.5347533872241,55,-,-,-,-,-
329,13.16,-1217444,-879.508758228552,55,-,-,-,-,-
330,13.2,-1218311,-1861.932947668862,55,-,-,-,-,-
331,13.24,-1219673,-1903.0112877134077,55,-,-,-,-,-
332,13.28,-1219732,-1444.6948151420445,55,-,-,-,-,-
333,13.32,-1219623,-1046.036210052042,55,-,-,-,-,-
334,13.36,-1211272,-1233.896933570657,55,-,-,-,-,-
335,13.4,-1198888,-1676.2059536018332,55,-,-,-,-,-
336,13.44,-1195815,-1602.1194837425446,55,-,-,-,-,-
337,13.48,-1197396,-1056.256862304569,55,-,-,-,-,-
338,13.52,-1202161,-256.3801300310947,55,-,-,-,-,-
339,13.56,-1205638,434.5047015279142,55,-,-,-,-,-
340,13.6,-1207390,916.3318187267305,55,-,-,-,-,-
341,13.64,-1206401,1245.178251172446,55,-,-,-,-,-
342,13.68,-1207787,1755.1689606958398,55,-,-,-,-,-
343,13.72,-1210135,2422.351101769,55,-,-,-,-,-
344,13.76,-1213458,2909.9784008228344,55,-,-,-,-,-
345,13.8,-1215325,2582.2107552051157,55,-,-,-,-,-
346,13.84,-1217177,1269.3886660804355,55,-,-,-,-,-
347,13.88,-1217901,-517.2655108830984,55,-,-,-,-,-
348,13.92,-1220038,-1754.3812115815635,55,-,-,-,-,-
349,13.96,-1220134,-2050.291383091373,55,-,-,-,-,-
350,14.0,-1221198,-1598.0029426087747,55,-,-,-,-,-
351,14.04,-1219443,-1175.0587030476395,55,-,-,-,-,-
352,14.08,-1214060,-1199.2472330657947,55,-,-,-,-,-
353,14.12,-1199734,-1731.1596666753503,55,-,-,-,-,-
354,14.16,-1195710,-1799.3309673243566,55,-,-,-,-,-
355,14.2,-1196272,-1387.3234261769576,55,-,-,-,-,-
356,14.24,-1200745,-610.7036878515416,55,-,-,-,-,-
357,14.28,-1204944,177.01307660066777,55,-,-,-,-,-
358,14.32,-1207930,820.5953399884511,55,-,-,-,-,-
359,14.36,-1206583,1262.654623915293,55,-,-,-,-,-
360,14.4,-1206784,1813.4063156140292,55,-,-,-,-,-
361,14.44,-1209122,2505.7866948949086,55,-,-,-,-,-
362,14.48,-1212778,3036.6373966356005,55,-,-,-,-,-
363,14.52,-1214773,2802.0950494495128,55,-,-,-,-,-
364,14.56,-1217235,1592.9769006847955,55,-,-,-,-,-
365,14.6,-1217404,-254.10356495060705,55,-,-,-,-,-
366,14.64,-1217814,-1732.6409420446664,55,-,-,-,-,-
367,14.68,-1219185,-2180.3032778463094,55,-,-,-,-,-
368,14.72,-1220102,-1780.87384696352,55,-,-,-,-,-
369,14.76,-1220628,-1180.7642443453774,55,-,-,-,-,-
370,14.8,-1217318,-1021.5006063252813,55,-,-,-,-,-
371,14.84,-1203268,-1549.0729221189958,55,-,-,-,-,-
372,14.88,-1196290,-1825.2280917266726,55,-,-,-,-,-
373,14.92,-1195949,-1538.7938680601128,55,-,-,-,-,-
374,14.96,-1200302,-761.6568287559628,55,-,-,-,-,-
375,15.0,-1203412,55.31149391319241,53,55.0,-,-,-,Maximo
376,15.04,-1206345,705.2377163367546,53,-,-,-,-,Maximo
377,15.08,-1207281,1108.9626987363372,53,-,-,-,-,Maximo
378,15.12,-1206865,1479.7122740679279,53,-,-,-,-,Maximo
379,15.16,-1209100,2123.0447550808303,53,-,-,-,-,Maximo
380,15.2,-1212020,2817.2157335783577,53,-,-,-,-,Maximo
381,15.24,-1214395,2962.821336344393,53,-,-,-,-,Maximo
382,15.28,-1217123,2093.520306618685,53,-,-,-,-,Maximo
383,15.32,-1217289,327.7479222963757,53,-,-,-,-,Maximo
384,15.36,-1218361,-1314.9913988150274,53,-,-,-,-,Maximo
385,15.4,-1220128,-2040.1177808735947,53,-,-,-,-,Maximo
386,15.44,-1219764,-1909.3117218724192,53,-,-,-,-,Maximo
387,15.48,-1219458,-1420.5577448146923,53,-,-,-,-,Maximo
388,15.52,-1209048,-1427.817022422676,53,-,-,-,-,Maximo
389,15.56,-1197840,-1729.4789232067924,53,-,-,-,-,Maximo
390,15.6,-1194977,-1777.4693051733175,53,-,-,-,-,Maximo
391,15.64,-1196328,-1428.5442416301776,53,-,-,-,-,Maximo
392,15.68,-1202220,-636.0862127105024,53,-,-,-,-,Maximo
393,15.72,-1206336,200.31548324555024,53,-,-,-,-,Maximo
394,15.76,-1208985,885.265515795516,53,-,-,-,-,Maximo
395,15.8,-1207127,1316.8288904366727,53,-,-,-,-,Maximo
396,15.84,-1208461,1900.3755902421763,53,-,-,-,-,Maximo
397,15.88,-1212034,2630.5309099444985,53,-,-,-,-,Maximo
398,15.92,-1213562,3009.019481466574,53,-,-,-,-,Maximo
399,15.96,-1217184,2608.675812007539,53,-,-,-,-,Maximo
400,16.0,-1217721,1110.7562894026887,53,-,-,-,-,Maximo
401,16.04,-1219090,-738.7029217359556,53,-,-,-,-,Maximo
402,16.08,-1219735,-2027.3193759183077,53,-,-,-,-,Maximo
403,16.12,-1220013,-2253.3824875159044,53,-,-,-,-,Maximo
404,16.16,-1219721,-1728.315444149654,53,-,-,-,-,Maximo
405,16.2,-1217331,-1195.8503115349686,53,-,-,-,-,Maximo
406,16.24,-1206186,-1311.2316183584553,53,-,-,-,-,Maximo
407,16.28,-1195631,-1673.1618752510913,53,-,-,-,-,Maximo
408,16.32,-1195522,-1577.5547317670425,53,-,-,-,-,Maximo
409,16.36,-1198615,-1032.734174107908,53,-,-,-,-,Maximo
410,16.4,-1202172,-229.21822508016248,53,-,-,-,-,Maximo
411,16.44,-1207950,643.1928350702192,53,-,-,-,-,Maximo
412,16.48,-1206243,1134.5062758532322,53,-,-,-,-,Maximo
413,16.52,-1207616,1640.2964368081848,53,-,-,-,-,Maximo
414,16.56,-1211211,2259.9625420224047,53,-,-,-,-,Maximo
415,16.6,-1212797,2795.9171208000826,53,-,-,-,-,Maximo
416,16.64,-1215116,2935.761477603827,53,-,-,-,-,Maximo
417,16.68,-1216199,2142.5787925642708,53,-,-,-,-,Maximo
418,16.72,-1217996,520.7577663661527,53,-,-,-,-,Maximo
419,16.76,-1220164,-1182.1804715136159,53,-,-,-,-,Maximo
420,16.8,-1219616,-2194.3383536708693,53,-,-,-,-,Maximo
421,16.84,-1219760,-2184.808599853721,53,-,-,-,-,Maximo
422,16.88,-1219089,-1687.9291550456442,53,-,-,-,-,Maximo
423,16.92,-1213972,-1421.9775207286639,53,-,-,-,-,Maximo
424,16.96,-1199469,-1719.6826660355673,53,-,-,-,-,Maximo
425,17.0,-1197056,-1653.3803292589837,53,-,-,-,-,Maximo
426,17.04,-1197351,-1286.159647087643,53,-,-,-,-,Maximo
427,17.08,-1201773,-591.9493528883514,53,-,-,-,-,Maximo
428,17.12,-1204889,104.41403167394492,53,-,-,-,-,Maximo
429,17.16,-1206701,717.1453343483354,53,-,-,-,-,Maximo
430,17.2,-1207026,1253.9670252546903,53,-,-,-,-,Maximo
431,17.24,-1206861,1793.1658027554695,53,-,-,-,-,Maximo
432,17.28,-1210233,2451.553092473945,53,-,-,-,-,Maximo
433,17.32,-1211680,2836.203593396178,53,-,-,-,-,Maximo
434,17.36,-1215278,2641.185493944501,53,-,-,-,-,Maximo
435,17.4,-1218607,1530.7818284666437,53,-,-,-,-,Maximo
436,17.44,-1219680,-158.85476381031367,53,-,-,-,-,Maximo
437,17.48,-1219826,-1517.8959688064456,53,-,-,-,-,Maximo
438,17.52,-1219695,-1970.4194849587254,53,-,-,-,-,Maximo
439,17.56,-1220504,-1661.2412883003499,53,-,-,-,-,Maximo
440,17.6,-1216953,-1340.430909178578,53,-,-,-,-,Maximo
441,17.64,-1204951,-1532.2377390807342,53,-,-,-,-,Maximo
442,17.68,-1196273,-1827.3265028092574,53,-,-,-,-,Maximo
443,17.72,-1194743,-1824.1984031742359,53,-,-,-,-,Maximo
444,17.76,-1198777,-1349.1460884381622,53,-,-,-,-,Maximo
445,17.8,-1201945,-591.7965725537429,53,-,-,-,-,Maximo
446,17.84,-1207058,376.7733302253446,53,-,-,-,-,Maximo
447,17.88,-1206200,1094.620116701608,53,-,-,-,-,Maximo
448,17.92,-1206786,1717.2763726928051,53,-,-,-,-,Maximo
449,17.96,-1209078,2331.9411954263824,53,-,-,-,-,Maximo
450,18.0,-1211867,2890.7608972688276,52,53.75,-,-,-,Maximo
451,18.04,-1216905,3090.923192286333,52,-,-,-,-,Maximo
452,18.08,-1217458,2248.3616049164575,52,-,-,-,-,Maximo
453,18.12,-1218772,589.536452325809,52,-,-,-,-,Maximo
454,18.16,-1219960,-1140.8033962327324,52,-,-,-,-,Maximo
455,18.2,-1219738,-2129.3616584185343,52,-,-,-,-,Maximo
456,18.24,-1218982,-2146.7125022206105,52,-,-,-,-,Maximo
457,18.28,-1217512,-1686.8014121025917,52,-,-,-,-,Maximo
458,18.32,-1201263,-1804.4734234146254,52,-,-,-,-,Maximo
459,18.36,-1195439,-1884.048411524098,52,-,-,-,-,Maximo
460,18.4,-1195508,-1810.9885401521478,52,-,-,-,-,Maximo
461,18.44,-1198901,-1326.3325405935436,52,-,-,-,-,Maximo
462,18.48,-1203635,-442.3100789570385,52,-,-,-,-,Maximo
463,18.52,-1206627,490.98760868432237,52,-,-,-,-,Maximo
464,18.56,-1206790,1189.917638084421,52,-,-,-,-,Maximo
465,18.6,-1208155,1783.3633563772155,52,-,-,-,-,Maximo
466,18.64,-1209820,2384.4089335658664,52,-,-,-,-,Maximo
467,18.68,-1212071,2932.729833968795,52,-,-,-,-,Maximo
468,18.72,-1215307,2990.2475576856723,52,-,-,-,-,Maximo
469,18.76,-1217696,2043.2954605373134,52,-,-,-,-,Maximo
470,18.8,-1218215,253.42561155320163,52,-,-,-,-,Maximo
471,18.84,-1218870,-1423.84813911833,52,-,-,-,-,Maximo
472,18.88,-1220342,-2163.0482759063234,52,-,-,-,-,Maximo
473,18.92,-1219483,-2028.378034777788,52,-,-,-,-,Maximo
474,18.96,-1219498,-1487.6345285142716,52,-,-,-,-,Maximo
475,19.0,-1215348,-1244.35243196194,52,-,-,-,-,Maximo
476,19.04,-1198122,-1694.8975851434352,52,-,-,-,-,Maximo
477,19.08,-1194870,-1731.092664924321,52,-,-,-,-,Maximo
478,19.12,-1195511,-1413.0926333760026,52,-,-,-,-,Maximo
479,19.16,-1200623,-665.3640312042302,52,-,-,-,-,Maximo
480,19.2,-1207944,282.2812505511056,52,-,-,-,-,Maximo
481,19.24,-1207966,911.7190296798099,52,-,-,-,-,Maximo
482,19.28,-1206782,1348.4045831189578,52,-,-,-,-,Maximo
483,19.32,-1209124,1867.0182175155023,52,-,-,-,-,Maximo
484,19.36,-1212386,2501.1218756309145,52,-,-,-,-,Maximo
485,19.4,-1214616,2991.7833339797435,52,-,-,-,-,Maximo
486,19.44,-1215604,2778.5025164787976,52,-,-,-,-,Maximo
487,19.48,-1218001,1544.3517044070704,52,-,-,-,-,Maximo
488,19.52,-1218495,-425.78922481388054,52,-,-,-,-,Maximo
489,19.56,-1219699,-1992.8724108027955,52,-,-,-,-,Maximo
490,19.6,-1220456,-2421.6618431675925,52,-,-,-,-,Maximo
491,19.64,-1220022,-1919.2805282871036,52,-,-,-,-,Maximo
492,19.68,-1216493,-1350.4048928304564,52,-,-,-,-,Maximo
493,19.72,-1204276,-1454.4798278986054,52,-,-,-,-,Maximo
494,19.76,-1196793,-1685.7656805187817,52,-,-,-,-,Maximo
495,19.8,-1195060,-1579.2299557587812,52,-,-,-,-,Maximo
496,19.84,-1198590,-970.304376655175,52,-,-,-,-,Maximo
497,19.88,-1202903,-171.77168299129335,52,-,-,-,-,Maximo
498,19.92,-1207636,583.9735589395532,52,-,-,-,-,Maximo
499,19.96,-1206398,1045.5827990073285,52,-,-,-,-,Maximo
500,20.0,-1205664,1525.5185425244608,52,-,-,-,-,Maximo
501,20.04,-1208087,2197.269445642428,52,-,-,-,-,Maximo
502,20.08,-1211227,2832.1805876802773,52,-,-,-,-,Maximo
503,20.12,-1213821,2938.4940759646233,52,-,-,-,-,Maximo
504,20.16,-1217449,2147.598083127291,52,-,-,-,-,Maximo
505,20.2,-1219280,510.3392319965469,52,-,-,-,-,Maximo
506,20.24,-1220097,-1169.5191563687545,52,-,-,-,-,Maximo
507,20.28,-1220167,-2073.8929978861806,52,-,-,-,-,Maximo
508,20.32,-1220205,-1999.4905676276535,52,-,-,-,-,Maximo
509,20.36,-1219999,-1450.4910220846928,52,-,-,-,-,Maximo
510,20.4,-1214809,-1224.1695225242283,52,-,-,-,-,Maximo
511,20.44,-1199829,-1703.1365830329833,52,-,-,-,-,Maximo
512,20.48,-1195088,-1964.858674555613,52,-,-,-,-,Maximo
513,20.52,-1195303,-1781.5647655151733,52,-,-,-,-,Maximo
514,20.56,-1200863,-1016.4854818571802,52,-,-,-,-,Maximo
515,20.6,-1205748,-37.242763220257984,52,-,-,-,-,Maximo
516,20.64,-1207833,827.8504041544711,52,-,-,-,-,Maximo
517,20.68,-1206918,1428.7463267698868,52,-,-,-,-,Maximo
518,20.72,-1207023,1947.730428768964,52,-,-,-,-,Maximo
519,20.76,-1209390,2542.568923139089,52,-,-,-,-,Maximo
520,20.8,-1213333,3060.15491991239,52,-,-,-,-,Maximo
521,20.84,-1215387,2896.299276743569,52,-,-,-,-,Maximo
522,20.88,-1216112,1677.8011126509714,52,-,-,-,-,Maximo
523,20.92,-1219618,-123.38698795820756,52,-,-,-,-,Maximo
524,20.96,-1219742,-1724.6194369185969,52,-,-,-,-,Maximo
525,21.0,-1220232,-2249.845958127385,55,53.75,-,-,-,Maximo
526,21.04,-1218634,-1888.4219827506954,55,-,-,-,-,Maximo
527,21.08,-1208674,-1558.3262070524997,55,-,-,-,-,Maximo
528,21.12,-1198153,-1582.8721346706861,55,-,-,-,-,Maximo
529,21.16,-1194549,-1711.9221305220926,55,-,-,-,-,Maximo
530,21.2,-1196604,-1587.652194090113,55,-,-,-,-,Maximo
531,21.24,-1202229,-996.3166929303814,55,-,-,-,-,Maximo
532,21.28,-1206959,-166.1439579753751,55,-,-,-,-,Maximo
533,21.32,-1208068,578.3525779064139,55,-,-,-,-,Maximo
534,21.36,-1207011,1200.9591025184845,55,-,-,-,-,Maximo
535,21.4,-1208862,1940.925006724704,55,-,-,-,-,Maximo
536,21.44,-1210886,2671.9481175587616,55,-,-,-,-,Maximo
537,21.48,-1213002,3036.1556833698405,55,-,-,-,-,Maximo
538,21.52,-1216341,2579.940393232041,55,-,-,-,-,Maximo
539,21.56,-1217366,1094.5321629909008,55,-,-,-,-,Maximo
540,21.6,-1219431,-695.2723199028906,55,-,-,-,-,Maximo
541,21.64,-1220494,-1924.7961662808352,55,-,-,-,-,Maximo
542,21.68,-1220336,-2133.6327752012185,55,-,-,-,-,Maximo
543,21.72,-1220827,-1580.9114914086454,55,-,-,-,-,Maximo
544,21.76,-1218485,-1075.1693770019901,55,-,-,-,-,Maximo
545,21.8,-1207603,-1218.7276213848818,55,-,-,-,-,Maximo
546,21.84,-1197131,-1608.1387242758574,55,-,-,-,-,Maximo
547,21.88,-1195126,-1619.4711896064491,55,-,-,-,-,Maximo
548,21.92,-1197410,-1178.8770376432803,55,-,-,-,-,Maximo
549,21.96,-1202006,-416.1920462119392,55,-,-,-,-,Maximo
550,22.0,-1208034,449.6929120512059,55,-,-,-,-,Maximo
551,22.04,-1207738,1042.1684337285442,55,-,-,-,-,Maximo
552,22.08,-1207328,1570.6778497548876,55,-,-,-,-,Maximo
553,22.12,-1209836,2215.2519277748434,55,-,-,-,-,Maximo
554,22.16,-1211653,2807.571974962062,55,-,-,-,-,Maximo
555,22.2,-1213795,3019.7467952370607,55,-,-,-,-,Maximo
556,22.24,-1216226,2373.749598735916,55,-,-,-,-,Maximo
557,22.28,-1216897,767.0142701023856,55,-,-,-,-,Maximo
558,22.32,-1219087,-1013.961538190124,55,-,-,-,-,Maximo
559,22.36,-1219759,-2157.4054792464467,55,-,-,-,-,Maximo
560,22.4,-1220896,-2228.720900771679,55,-,-,-,-,Maximo
561,22.44,-1220986,-1660.1580276357301,55,-,-,-,-,Maximo
562,22.48,-1215498,-1272.0669528231483,55,-,-,-,-,Maximo
563,22.52,-1199233,-1578.713938402425,55,-,-,-,-,Maximo
564,22.56,-1195255,-1675.8794670428906,55,-,-,-,-,Maximo
565,22.6,-1196562,-1448.329519964719,55,-,-,-,-,Maximo
566,22.64,-1201353,-829.5849341175792,55,-,-,-,-,Maximo
567,22.68,-1204592,-115.04453395037035,55,-,-,-,-,Maximo
568,22.72,-1206364,521.0110284763659,55,-,-,-,-,Maximo
569,22.76,-1206893,1052.6134915790635,55,-,-,-,-,Maximo
570,22.8,-1206582,1614.895641113616,55,-,-,-,-,Maximo
571,22.84,-1209592,2416.4108482882784,55,-,-,-,-,Maximo
572,22.88,-1212088,3070.8668013654906,55,-,-,-,-,Maximo
573,22.92,-1215651,3024.7469188502455,55,-,-,-,-,Maximo
574,22.96,-1216694,1781.9934026707833,55,-,-,-,-,Maximo
575,23.0,-1218591,-94.73145953947096,55,-,-,-,-,Maximo
576,23.04,-1218856,-1636.7226057107046,55,-,-,-,-,Maximo
577,23.08,-1220246,-2078.959527593055,55,-,-,-,-,Maximo
578,23.12,-1221111,-1696.1548964534973,55,-,-,-,-,Maximo
579,23.16,-1219299,-1251.1377975703513,55,-,-,-,-,Maximo
580,23.2,-1208814,-1389.9146820032583,55,-,-,-,-,Maximo
581,23.24,-1197187,-1815.643811217542,55,-,-,-,-,Maximo
582,23.28,-1195731,-1828.5822004966467,55,-,-,-,-,Maximo
583,23.32,-1197007,-1421.33929114266,55,-,-,-,-,Maximo
584,23.36,-1200817,-637.2274408312533,55,-,-,-,-,Maximo
585,23.4,-1207702,307.8526709884909,55,-,-,-,-,Maximo
586,23.44,-1207231,892.8899793054215,55,-,-,-,-,Maximo
587,23.48,-1206991,1386.8923978518487,55,-,-,-,-,Maximo
588,23.52,-1210040,2051.582103691764,55,-,-,-,-,Maximo
589,23.56,-1211992,2746.080928735414,55,-,-,-,-,Maximo
590,23.6,-1214811,3136.2967620924373,55,-,-,-,-,Maximo
591,23.64,-1214775,2540.885638185887,55,-,-,-,-,Maximo
592,23.68,-1217223,1039.5299870183558,55,-,-,-,-,Maximo
593,23.72,-1218843,-793.4785397156568,55,-,-,-,-,Maximo
594,23.76,-1219273,-2032.795152755316,55,-,-,-,-,Maximo
595,23.8,-1219132,-2249.338282218305,55,-,-,-,-,Maximo
596,23.84,-1219498,-1749.2612527264919,55,-,-,-,-,Maximo
597,23.88,-1216815,-1294.7948942369385,55,-,-,-,-,Maximo
598,23.92,-1204805,-1441.7701120217916,55,-,-,-,-,Maximo
599,23.96,-1195399,-1662.1370622007653,55,-,-,-,-,Maximo
600,24.0,-1194927,-1438.8869729398102,54,53.5,-,-,-,Maximo
601,24.04,-1206648,-586.1161309465051,54,-,-,-,-,Maximo
602,24.08,-1207293,-1.0441991126608627,54,-,-,-,-,Maximo
603,24.12,-1206769,498.4749399508555,54,-,-,-,-,Maximo
604,24.16,-1207405,977.7226597144158,54,-,-,-,-,Maximo
605,24.2,-1210957,1556.2872627065444,54,-,-,-,-,Maximo
606,24.24,-1214095,2180.0925411379612,54,-,-,-,-,Maximo
607,24.28,-1215384,2684.9083491080537,54,-,-,-,-,Maximo
608,24.32,-1216672,2693.514275724901,54,-,-,-,-,Maximo
609,24.36,-1218679,1755.2047521783097,54,-,-,-,-,Maximo
610,24.4,-1218550,-48.41881075849369,54,-,-,-,-,Maximo
611,24.44,-1219784,-1618.9206065807032,54,-,-,-,-,Maximo
612,24.48,-1220149,-2132.984224267321,54,-,-,-,-,Maximo
613,24.52,-1218426,-1765.4520342598084,54,-,-,-,-,Maximo
614,24.56,-1210166,-1503.9503385487678,54,-,-,-,-,Maximo
615,24.6,-1197857,-1733.9616907640375,54,-,-,-,-,Maximo
616,24.64,-1195706,-1735.619063362732,54,-,-,-,-,Maximo
617,24.68,-1197886,-1312.821491422771,54,-,-,-,-,Maximo
618,24.72,-1201637,-559.3619104887496,54,-,-,-,-,Maximo
619,24.76,-1207661,291.35466083760366,54,-,-,-,-,Maximo
620,24.8,-1207304,805.1289571909738,54,-,-,-,-,Maximo
621,24.84,-1207780,1268.7324658812186,54,-,-,-,-,Maximo
622,24.88,-1210026,1853.446015556201,54,-,-,-,-,Maximo
623,24.92,-1212193,2493.255182586443,54,-,-,-,-,Maximo
624,24.96,-1214417,2851.3936820889594,54,-,-,-,-,Maximo
625,25.0,-1216820,2413.316810467404,54,-,-,-,-,Maximo
626,25.04,-1217969,993.4414019023825,54,-,-,-,-,Maximo
627,25.08,-1217989,-807.8987518820592,54,-,-,-,-,Maximo
628,25.12,-1220044,-1971.1777030548426,54,-,-,-,-,Maximo
629,25.16,-1220703,-2164.3905580421288,54,-,-,-,-,Maximo
630,25.2,-1219503,-1724.6698623348443,54,-,-,-,-,Maximo
631,25.24,-1217445,-1263.989879847566,54,-,-,-,-,Maximo
632,25.28,-1205940,-1407.5324290465942,54,-,-,-,-,Maximo
633,25.32,-1197420,-1621.312962176591,54,-,-,-,-,Maximo
634,25.36,-1195701,-1468.4099067980878,54,-,-,-,-,Maximo
635,25.4,-1198872,-885.0162160101954,54,-,-,-,-,Maximo
636,25.44,-1203117,-118.28753677078748,54,-,-,-,-,Maximo
637,25.48,-1207757,616.1991113998802,54,-,-,-,-,Maximo
638,25.52,-1207393,1076.243095452979,54,-,-,-,-,Maximo
639,25.56,-1206390,1499.4492137819707,54,-,-,-,-,Maximo
640,25.6,-1208960,2130.9513644921344,54,-,-,-,-,Maximo
641,25.64,-1210729,2707.860107011109,54,-,-,-,-,Maximo
642,25.68,-1213148,2852.775512256615,54,-,-,-,-,Maximo
643,25.72,-1216617,2152.6924298601452,54,-,-,-,-,Maximo
644,25.76,-1217812,577.9900144689095,54,-,-,-,-,Maximo
645,25.8,-1218535,-1095.5318804206463,54,-,-,-,-,Maximo
646,25.84,-1220406,-1996.4084221766186,54,-,-,-,-,Maximo
647,25.88,-1219186,-2019.8545212942465,54,-,-,-,-,Maximo
648,25.92,-1218583,-1489.541804679206,54,-,-,-,-,Maximo
649,25.96,-1217115,-1084.695739930914,54,-,-,-,-,Maximo
650,26.0,-1204350,-1409.964100882633,54,-,-,-,-,Maximo
651,26.04,-1195768,-1758.696211240127,54,-,-,-,-,Maximo
652,26.08,-1196028,-1627.949760396872,54,-,-,-,-,Maximo
653,26.12,-1199965,-1040.8777041165458,54,-,-,-,-,Maximo
654,26.16,-1204125,-223.41219356855436,54,-,-,-,-,Maximo
655,26.2,-1208019,601.5023231528221,54,-,-,-,-,Maximo
656,26.24,-1207278,1165.8118346603378,54,-,-,-,-,Maximo
657,26.28,-1207067,1657.5561470557313,54,-,-,-,-,Maximo
658,26.32,-1210593,2264.5413615931384,54,-,-,-,-,Maximo
659,26.36,-1212996,2758.2285780251186,54,-,-,-,-,Maximo
660,26.4,-1215861,2817.5090734331034,54,-,-,-,-,Maximo
661,26.44,-1216672,1939.5943114116762,54,-,-,-,-,Maximo
662,26.48,-1218894,330.5143486418915,54,-,-,-,-,Maximo
663,26.52,-1219255,-1327.0583049396519,54,-,-,-,-,Maximo
664,26.56,-1219658,-2134.7852382910055,54,-,-,-,-,Maximo
665,26.6,-1219158,-1993.0497470008663,54,-,-,-,-,Maximo
666,26.64,-1218572,-1441.7286889307006,54,-,-,-,-,Maximo
667,26.68,-1208345,-1397.405882048004,54,-,-,-,-,Maximo
668,26.72,-1197919,-1677.176731120804,54,-,-,-,-,Maximo
669,26.76,-1195367,-1705.0443257432744,54,-,-,-,-,Maximo
670,26.8,-1198795,-1240.0570198423675,54,-,-,-,-,Maximo
671,26.84,-1203321,-456.20463137241495,54,-,-,-,-,Maximo
672,26.88,-1207598,374.80448046100446,54,-,-,-,-,Maximo
673,26.92,-1207747,962.5473547820466,54,-,-,-,-,Maximo
674,26.96,-1206762,1417.1159422489845,54,-,-,-,-,Maximo
675,27.0,-1208583,1973.6758923041498,52,53.25,-,-,-,Maximo
676,27.04,-1212692,2604.6924352689884,52,-,-,-,-,Maximo
677,27.08,-1216525,2911.732640922647,52,-,-,-,-,Maximo
678,27.12,-1218184,2350.313291477084,52,-,-,-,-,Maximo
679,27.16,-1218359,842.1137462495599,52,-,-,-,-,Maximo
680,27.2,-1219887,-887.475369603826,52,-,-,-,-,Maximo
681,27.24,-1219590,-2018.0075610645922,52,-,-,-,-,Maximo
682,27.28,-1219976,-2086.5482839589185,52,-,-,-,-,Maximo
683,27.32,-1219478,-1564.252685141958,52,-,-,-,-,Maximo
684,27.36,-1213107,-1315.3189012287312,52,-,-,-,-,Maximo
685,27.4,-1198238,-1730.2978562931476,52,-,-,-,-,Maximo
686,27.44,-1193934,-1927.9197685999934,52,-,-,-,-,Maximo
687,27.48,-1196117,-1596.8989589069524,52,-,-,-,-,Maximo
688,27.52,-1201237,-733.6291147351019,52,-,-,-,-,Maximo
689,27.56,-1206418,290.9636905656098,52,-,-,-,-,Maximo
690,27.6,-1206837,992.6935487936898,52,-,-,-,-,Maximo
691,27.64,-1205404,1406.858497365558,52,-,-,-,-,Maximo
692,27.68,-1207653,1904.4586623333862,52,-,-,-,-,Maximo
693,27.72,-1211196,2545.4466444916325,52,-,-,-,-,Maximo
694,27.76,-1214160,3031.3233795474926,52,-,-,-,-,Maximo
695,27.8,-1215745,2760.5224319480803,52,-,-,-,-,Maximo
696,27.84,-1217743,1445.755124480559,52,-,-,-,-,Maximo
697,27.88,-1218430,-492.33272310996836,52,-,-,-,-,Maximo
698,27.92,-1218883,-1966.0193359671716,52,-,-,-,-,Maximo
699,27.96,-1220354,-2268.755721996512,52,-,-,-,-,Maximo
700,28.0,-1218207,-1831.693555663031,52,-,-,-,-,Maximo
701,28.04,-1216005,-1334.9470859930034,52,-,-,-,-,Maximo
702,28.08,-1201809,-1628.301014517674,52,-,-,-,-,Maximo
703,28.12,-1196833,-1843.1455772431873,52,-,-,-,-,Maximo
704,28.16,-1196018,-1696.1986571975322,52,-,-,-,-,Maximo
705,28.2,-1198443,-1052.3345096705962,52,-,-,-,-,Maximo
706,28.24,-1205012,-85.25965095038009,52,-,-,-,-,Maximo
707,28.28,-1208356,700.334749407687,52,-,-,-,-,Maximo
708,28.32,-1206752,1171.1819065469563,52,-,-,-,-,Maximo
709,28.36,-1206180,1632.3693865644545,52,-,-,-,-,Maximo
710,28.4,-1209800,2288.9410023214723,52,-,-,-,-,Maximo
711,28.44,-1211813,2802.073939935917,52,-,-,-,-,Maximo
712,28.48,-1214125,2783.787801056238,52,-,-,-,-,Maximo
713,28.52,-1218725,1924.6621051273069,52,-,-,-,-,Maximo
714,28.56,-1218325,204.8296159631709,52,-,-,-,-,Maximo
715,28.6,-1219088,-1375.1456787543116,52,-,-,-,-,Maximo
716,28.64,-1220129,-2091.181043362269,52,-,-,-,-,Maximo
717,28.68,-1220083,-1892.6039518389869,52,-,-,-,-,Maximo
718,28.72,-1219649,-1303.5951345266667,52,-,-,-,-,Maximo
719,28.76,-1213213,-1137.7201893137126,52,-,-,-,-,Maximo
720,28.8,-1199879,-1588.9891266940394,52,-,-,-,-,Maximo
721,28.84,-1195524,-1815.721919898937,52,-,-,-,-,Maximo
722,28.88,-1197316,-1529.6648685408481,52,-,-,-,-,Maximo
723,28.92,-1202051,-768.1040064219848,52,-,-,-,-,Maximo
724,28.96,-1208391,211.27829874454346,52,-,-,-,-,Maximo
725,29.0,-1208002,882.198150388368,52,-,-,-,-,Maximo
726,29.04,-1206041,1319.8026112585312,52,-,-,-,-,Maximo
727,29.08,-1209478,1875.639295469804,52,-,-,-,-,Maximo
728,29.12,-1211415,2450.023399081517,52,-,-,-,-,Maximo
729,29.16,-1213812,2893.587237043078,52,-,-,-,-,Maximo
730,29.2,-1215733,2641.1925624020514,52,-,-,-,-,Maximo
731,29.24,-1217379,1383.3370415189474,52,-,-,-,-,Maximo
732,29.28,-1219548,-407.86335336933325,52,-,-,-,-,Maximo
733,29.32,-1219261,-1841.144887263147,52,-,-,-,-,Maximo
734,29.36,-1220890,-2129.108691128146,52,-,-,-,-,Maximo
735,29.4,-1220082,-1655.5083996934372,52,-,-,-,-,Maximo
736,29.44,-1215037,-1242.1455528824572,52,-,-,-,-,Maximo
737,29.48,-1201091,-1511.5419463214785,52,-,-,-,-,Maximo
738,29.52,-1195913,-1730.6659034713775,52,-,-,-,-,Maximo
739,29.56,-1195666,-1606.122128865809,52,-,-,-,-,Maximo
740,29.6,-1200025,-994.7735796509479,52,-,-,-,-,Maximo
741,29.64,-1203770,-223.50028936481885,52,-,-,-,-,Maximo
742,29.68,-1208301,553.4635535204388,52,-,-,-,-,Maximo
743,29.72,-1207006,1071.6730803159944,52,-,-,-,-,Maximo
744,29.76,-1206529,1627.4900923589294,52,-,-,-,-,Maximo
745,29.8,-1209411,2359.337401206705,52,-,-,-,-,Maximo
746,29.84,-1211736,2934.6431536964747,52,-,-,-,-,Maximo
747,29.88,-1214535,2883.251647770442,52,-,-,-,-,Maximo
748,29.92,-1217609,1838.3004260255693,52,-,-,-,-,Maximo
749,29.96,-1217896,26.897559057916624,52,-,-,-,-,Maximo
750,30.0,-1219161,-1527.7089007674304,57,54.5,-,-,-,Maximo
751,30.04,-1219333,-2174.473841382548,57,-,-,-,-,Maximo
752,30.08,-1219068,-1914.3356374728846,57,-,-,-,-,Maximo
753,30.12,-1219218,-1307.7533707274283,57,-,-,-,-,Maximo
754,30.16,-1213596,-1125.200752842341,57,-,-,-,-,Maximo
755,30.2,-1199639,-1569.89810802586,57,-,-,-,-,Maximo
756,30.24,-1194993,-1769.5595099117581,57,-,-,-,-,Maximo
757,30.28,-1194878,-1530.8548609225445,57,-,-,-,-,Maximo
758,30.32,-1199882,-768.9601175487736,57,-,-,-,-,Maximo
759,30.36,-1206230,194.66051125137164,57,-,-,-,-,Maximo
760,30.4,-1207760,920.3124915864873,57,-,-,-,-,Maximo
761,30.44,-1207378,1413.4115427220122,57,-,-,-,-,Maximo
762,30.48,-1209248,1910.4517369240793,57,-,-,-,-,Maximo
763,30.52,-1213474,2527.4560363901437,57,-,-,-,-,Maximo
764,30.56,-1216622,2987.875374669007,57,-,-,-,-,Maximo
765,30.6,-1217154,2745.86545800963,57,-,-,-,-,Maximo
766,30.64,-1219171,1562.4530844834135,57,-,-,-,-,Maximo
767,30.68,-1218388,-364.21739943436125,57,-,-,-,-,Maximo
768,30.72,-1220306,-1911.7813828632497,57,-,-,-,-,Maximo
769,30.76,-1219944,-2499.3107613158086,57,-,-,-,-,Maximo
770,30.8,-1219435,-2144.816753769677,57,-,-,-,-,Maximo
771,30.84,-1217170,-1588.0526424681057,57,-,-,-,-,Maximo
772,30.88,-1204196,-1657.1951522357704,57,-,-,-,-,Maximo
773,30.92,-1196537,-1783.0158262687219,57,-,-,-,-,Maximo
774,30.96,-1196465,-1504.7275161628677,57,-,-,-,-,Maximo
775,31.0,-1201376,-731.9161181175109,57,-,-,-,-,Maximo
776,31.04,-1205441,149.14121360417812,57,-,-,-,-,Maximo
777,31.08,-1207788,836.4188458459275,57,-,-,-,-,Maximo
778,31.12,-1206555,1210.264096984375,57,-,-,-,-,Maximo
779,31.16,-1207564,1614.027822333328,57,-,-,-,-,Maximo
780,31.2,-1210727,2193.023812560278,57,-,-,-,-,Maximo
781,31.24,-1212378,2705.565988926166,57,-,-,-,-,Maximo
782,31.28,-1214486,2752.0193278712395,57,-,-,-,-,Maximo
783,31.32,-1216552,1873.3162941831706,57,-,-,-,-,Maximo
784,31.36,-1218439,228.9974470253551,57,-,-,-,-,Maximo
785,31.4,-1219615,-1345.9649754454176,57,-,-,-,-,Maximo
786,31.44,-1219782,-2048.1139575375223,57,-,-,-,-,Maximo
787,31.48,-1220997,-1778.0403437631635,57,-,-,-,-,Maximo
788,31.52,-1218273,-1330.3659649384717,57,-,-,-,-,Maximo
789,31.56,-1208966,-1354.7366192022873,57,-,-,-,-,Maximo
790,31.6,-1197266,-1734.6141213447572,57,-,-,-,-,Maximo
791,31.64,-1195249,-1744.827317987776,57,-,-,-,-,Maximo
792,31.68,-1197081,-1344.1920403099584,57,-,-,-,-,Maximo
793,31.72,-1202132,-608.2008494261936,57,-,-,-,-,Maximo
794,31.76,-1207329,192.62722809278057,57,-,-,-,-,Maximo
795,31.8,-1206599,762.4989124125268,57,-,-,-,-,Maximo
796,31.84,-1206705,1334.7816828632767,57,-,-,-,-,Maximo
797,31.88,-1209678,2045.707744600164,57,-,-,-,-,Maximo
798,31.92,-1211968,2728.1746682709536,57,-,-,-,-,Maximo
799,31.96,-1213143,3011.385864849696,57,-,-,-,-,Maximo
800,32.0,-1216360,2499.234373400687,57,-,-,-,-,Maximo
801,32.04,-1217275,970.7216619809187,57,-,-,-,-,Maximo
802,32.08,-1219231,-812.4214821308274,57,-,-,-,-,Maximo
803,32.12,-1220270,-1982.0875398614373,57,-,-,-,-,Maximo
804,32.16,-1220705,-2126.067935920584,57,-,-,-,-,Maximo
805,32.2,-1220742,-1622.0041230115999,57,-,-,-,-,Maximo
806,32.24,-1218206,-1216.4777833057778,57,-,-,-,-,Maximo
807,32.28,-1206285,-1443.9001260048535,57,-,-,-,-,Maximo
808,32.32,-1197628,-1704.5769246485088,57,-,-,-,-,Maximo
809,32.36,-1197430,-1516.9832725625693,57,-,-,-,-,Maximo
810,32.4,-1199719,-991.5206723759602,57,-,-,-,-,Maximo
811,32.44,-1203667,-279.1744550308972,57,-,-,-,-,Maximo
812,32.48,-1209451,489.2523998743536,57,-,-,-,-,Maximo
813,32.52,-1207010,943.4281149368016,57,-,-,-,-,Maximo
814,32.56,-1207834,1501.7866421645122,57,-,-,-,-,Maximo
815,32.6,-1210563,2180.8973806716613,57,-,-,-,-,Maximo
816,32.64,-1213072,2794.297989567257,57,-,-,-,-,Maximo
817,32.68,-1215118,2924.0887745294767,57,-,-,-,-,Maximo
818,32.72,-1216793,2143.196741693777,57,-,-,-,-,Maximo
819,32.76,-1217986,543.1931132384593,57,-,-,-,-,Maximo
820,32.8,-1218799,-1117.195647252062,57,-,-,-,-,Maximo
821,32.84,-1219872,-2001.7542874498827,57,-,-,-,-,Maximo
822,32.88,-1220746,-1935.267811959311,57,-,-,-,-,Maximo
823,32.92,-1219657,-1451.0155398043503,57,-,-,-,-,Maximo
824,32.96,-1213268,-1260.839562112733,57,-,-,-,-,Maximo
825,33.0,-1198708,-1649.162138871763,56,54.75,-,-,-,Maximo
826,33.04,-1196240,-1697.8828710728485,56,-,-,-,-,Maximo
827,33.08,-1199636,-1295.8509664988842,56,-,-,-,-,Maximo
828,33.12,-1203698,-597.6644536551171,56,-,-,-,-,Maximo
829,33.16,-1207161,143.637653267946,56,-,-,-,-,Maximo
830,33.2,-1207810,688.0184061057744,56,-,-,-,-,Maximo
831,33.24,-1206545,1085.8865992864326,56,-,-,-,-,Maximo
832,33.28,-1210548,1720.1061831888865,56,-,-,-,-,Maximo
833,33.32,-1213916,2442.656239861796,56,-,-,-,-,Maximo
834,33.36,-1215812,2908.2809136040887,56,-,-,-,-,Maximo
835,33.4,-1217035,2569.1586458745105,56,-,-,-,-,Maximo
836,33.44,-1218243,1210.9669052838176,56,-,-,-,-,Maximo
837,33.48,-1219294,-585.9610227233526,56,-,-,-,-,Maximo
838,33.52,-1219277,-1842.56024471321,56,-,-,-,-,Maximo
839,33.56,-1219858,-2025.494570040382,56,-,-,-,-,Maximo
840,33.6,-1218326,-1626.3868351377678,56,-,-,-,-,Maximo
841,33.64,-1215265,-1327.8774441842415,56,-,-,-,-,Maximo
842,33.68,-1202057,-1667.1592677843782,56,-,-,-,-,Maximo
843,33.72,-1195945,-1814.471977159652,56,-,-,-,-,Maximo
844,33.76,-1197524,-1414.8146794591885,56,-,-,-,-,Maximo
845,33.8,-1201563,-640.2062594073499,56,-,-,-,-,Maximo
846,33.84,-1205748,182.4908747067684,56,-,-,-,-,Maximo
847,33.88,-1207983,802.9353225501527,56,-,-,-,-,Maximo
848,33.92,-1207288,1203.9092588253998,56,-,-,-,-,Maximo
849,33.96,-1208397,1660.7524993758561,56,-,-,-,-,Maximo
850,34.0,-1212507,2275.8988128062265,56,-,-,-,-,Maximo
851,34.04,-1213610,2680.860772519697,56,-,-,-,-,Maximo
852,34.08,-1215980,2569.6459582940015,56,-,-,-,-,Maximo
853,34.12,-1217246,1522.797750718712,56,-,-,-,-,Maximo
854,34.16,-1218111,-157.41169135497444,56,-,-,-,-,Maximo
855,34.2,-1218828,-1602.3353765188288,56,-,-,-,-,Maximo
856,34.24,-1219467,-2121.7567722827043,56,-,-,-,-,Maximo
857,34.28,-1220593,-1782.7301134367165,56,-,-,-,-,Maximo
858,34.32,-1219118,-1309.4354636610178,56,-,-,-,-,Maximo
859,34.36,-1208156,-1396.5325627451984,56,-,-,-,-,Maximo
860,34.4,-1197230,-1696.067077610729,56,-,-,-,-,Maximo
861,34.44,-1195166,-1598.966317834229,56,-,-,-,-,Maximo
862,34.48,-1198054,-1055.8920424056587,56,-,-,-,-,Maximo
863,34.52,-1202403,-288.9572109425985,56,-,-,-,-,Maximo
864,34.56,-1206864,450.89845898614203,56,-,-,-,-,Maximo
865,34.6,-1207111,926.5037212886646,56,-,-,-,-,Maximo
866,34.64,-1206104,1308.3424515112274,56,-,-,-,-,Maximo
867,34.68,-1209108,1923.6689835052448,56,-,-,-,-,Maximo
868,34.72,-1212738,2647.813047198889,56,-,-,-,-,Maximo
869,34.76,-1215021,3009.2990829888795,56,-,-,-,-,Maximo
870,34.8,-1217742,2490.7951836859256,56,-,-,-,-,Maximo
871,34.84,-1218651,929.3557193552947,56,-,-,-,-,Maximo
872,34.88,-1219247,-911.500370665939,56,-,-,-,-,Maximo
873,34.92,-1221559,-2002.6711530676366,56,-,-,-,-,Maximo
874,34.96,-1219994,-2163.886646995833,56,-,-,-,-,Maximo
875,35.0,-1220307,-1651.5256328998853,56,-,-,-,-,Maximo
876,35.04,-1217244,-1317.8537229235271,56,-,-,-,-,Maximo
877,35.08,-1205187,-1624.8473810278047,56,-,-,-,-,Maximo
878,35.12,-1196134,-1935.9660225505231,56,-,-,-,-,Maximo
879,35.16,-1196409,-1670.7538221352224,56,-,-,-,-,Maximo
880,35.2,-1200664,-919.3623492541403,56,-,-,-,-,Maximo
881,35.24,-1205841,0.9635701264796808,56,-,-,-,-,Maximo
882,35.28,-1207289,705.4808612392071,56,-,-,-,-,Maximo
883,35.32,-1206492,1189.499199144554,56,-,-,-,-,Maximo
884,35.36,-1207083,1678.51914828572,56,-,-,-,-,Maximo
885,35.4,-1208863,2264.9475541571137,56,-,-,-,-,Maximo
886,35.44,-1211603,2818.7949233930776,56,-,-,-,-,Maximo
887,35.48,-1214451,2887.3988153953587,56,-,-,-,-,Maximo
888,35.52,-1217080,2031.3608780562463,56,-,-,-,-,Maximo
889,35.56,-1219815,396.12255880754765,56,-,-,-,-,Maximo
890,35.6,-1218641,-1310.1776255150191,56,-,-,-,-,Maximo
891,35.64,-1220813,-2006.886674183732,56,-,-,-,-,Maximo
892,35.68,-1220847,-1791.3198989229716,56,-,-,-,-,Maximo
893,35.72,-1219196,-1286.6532467196753,56,-,-,-,-,Maximo
894,35.76,-1209152,-1328.038520035092,56,-,-,-,-,Maximo
895,35.8,-1198185,-1747.345416882301,56,-,-,-,-,Maximo
896,35.84,-1195406,-1903.491389084058,56,-,-,-,-,Maximo
897,35.88,-1197698,-1579.0806192673026,56,-,-,-,-,Maximo
898,35.92,-1202816,-813.2207925126172,56,-,-,-,-,Maximo
899,35.96,-1206707,75.52583690490974,56,-,-,-,-,Maximo
900,36.0,-1209025,862.2492027899489,52,54.25,-,-,-,Maximo
901,36.04,-1210308,1493.1943810570974,52,-,-,-,-,Maximo
902,36.08,-1214230,2180.34387175589,52,-,-,-,-,Maximo
903,36.12,-1216135,2798.228949339771,52,-,-,-,-,Maximo
904,36.16,-1216551,3038.396324287207,52,-,-,-,-,Maximo
905,36.2,-1218474,2477.192104942716,52,-,-,-,-,Maximo
906,36.24,-1220313,958.5548575622183,52,-,-,-,-,Maximo
907,36.28,-1219994,-936.2973107917906,52,-,-,-,-,Maximo
908,36.32,-1219941,-2206.7534474885006,52,-,-,-,-,Maximo
909,36.36,-1219803,-2463.5837156831412,52,-,-,-,-,Maximo
910,36.4,-1215012,-2181.8349665231317,52,-,-,-,-,Maximo
911,36.44,-1201118,-2057.910326341098,52,-,-,-,-,Maximo
912,36.48,-1196204,-1759.090953584533,52,-,-,-,-,Maximo
913,36.52,-1198399,-1256.0028152252598,52,-,-,-,-,Maximo
914,36.56,-1202089,-613.9858341640162,52,-,-,-,-,Maximo
915,36.6,-1208522,169.29436785677626,52,-,-,-,-,Maximo
916,36.64,-1208784,715.4241724459744,52,-,-,-,-,Maximo
917,36.68,-1206941,1142.978609253777,52,-,-,-,-,Maximo
918,36.72,-1208931,1702.7650460658133,52,-,-,-,-,Maximo
919,36.76,-1210927,2296.0294245838395,52,-,-,-,-,Maximo
920,36.8,-1214052,2769.1337525958024,52,-,-,-,-,Maximo
921,36.84,-1216935,2620.3231971120676,52,-,-,-,-,Maximo
922,36.88,-1218280,1473.8417603064427,52,-,-,-,-,Maximo
923,36.92,-1218336,-309.9548995980881,52,-,-,-,-,Maximo
924,36.96,-1218556,-1743.233838294003,52,-,-,-,-,Maximo
925,37.0,-1220930,-2072.1172067545826,52,-,-,-,-,Maximo
926,37.04,-1220151,-1634.327024202149,52,-,-,-,-,Maximo
927,37.08,-1216029,-1170.2053938507925,52,-,-,-,-,Maximo
928,37.12,-1204846,-1326.8693158138412,52,-,-,-,-,Maximo
929,37.16,-1196876,-1682.4750235472166,52,-,-,-,-,Maximo
930,37.2,-1194670,-1712.596355512289,52,-,-,-,-,Maximo
931,37.24,-1197139,-1185.168239461339,52,-,-,-,-,Maximo
932,37.28,-1202177,-285.44070379733193,52,-,-,-,-,Maximo
933,37.32,-1206151,563.1566708988512,52,-,-,-,-,Maximo
934,37.36,-1207221,1126.5072860384244,52,-,-,-,-,Maximo
935,37.4,-1206520,1542.8090250149226,52,-,-,-,-,Maximo
936,37.44,-1208669,2151.0849529797606,52,-,-,-,-,Maximo
937,37.48,-1213175,2843.560343318014,52,-,-,-,-,Maximo
938,37.52,-1215475,2990.5693977241144,52,-,-,-,-,Maximo
939,37.56,-1216786,2168.732669744575,52,-,-,-,-,Maximo
940,37.6,-1218420,539.613639737313,52,-,-,-,-,Maximo
941,37.64,-1220097,-1154.6790781104464,52,-,-,-,-,Maximo
942,37.68,-1219972,-2172.1707785454996,52,-,-,-,-,Maximo
943,37.72,-1221129,-2182.812415906107,52,-,-,-,-,Maximo
944,37.76,-1220626,-1696.6984664278998,52,-,-,-,-,Maximo
945,37.8,-1216345,-1387.1842032233317,52,-,-,-,-,Maximo
946,37.84,-1204796,-1626.6696070181151,52,-,-,-,-,Maximo
947,37.88,-1197402,-1829.4539027579413,52,-,-,-,-,Maximo
948,37.92,-1195574,-1600.5646068677288,52,-,-,-,-,Maximo
949,37.96,-1201239,-805.0254542657437,52,-,-,-,-,Maximo
950,38.0,-1204925,35.6885030231133,52,-,-,-,-,Maximo
951,38.04,-1208910,779.0506694467076,52,-,-,-,-,Maximo
952,38.08,-1207197,1210.3489993529638,52,-,-,-,-,Maximo
953,38.12,-1207521,1695.6295271100253,52,-,-,-,-,Maximo
954,38.16,-1210834,2349.4495849813275,52,-,-,-,-,Maximo
955,38.2,-1212974,2885.202851797151,52,-,-,-,-,Maximo
956,38.24,-1215503,2906.4651839789412,52,-,-,-,-,Maximo
957,38.28,-1216984,1966.1712070611893,52,-,-,-,-,Maximo
958,38.32,-1219022,295.7971980286907,52,-,-,-,-,Maximo
959,38.36,-1218916,-1370.4469837310926,52,-,-,-,-,Maximo
960,38.4,-1219673,-2129.3020530474446,52,-,-,-,-,Maximo
961,38.44,-1219759,-1932.1818167971442,52,-,-,-,-,Maximo
962,38.48,-1220354,-1331.0412880812219,52,-,-,-,-,Maximo
963,38.52,-1213967,-1190.7543472252837,52,-,-,-,-,Maximo
964,38.56,-1199428,-1655.8985159959939,52,-,-,-,-,Maximo
965,38.6,-1195433,-1784.391785957312,52,-,-,-,-,Maximo
966,38.64,-1196208,-1450.4175882856744,52,-,-,-,-,Maximo
967,38.68,-1201579,-668.4006953101017,52,-,-,-,-,Maximo
968,38.72,-1204822,130.47931102858,52,-,-,-,-,Maximo
969,38.76,-1207646,816.5740377456395,52,-,-,-,-,Maximo
970,38.8,-1206392,1242.880369773803,52,-,-,-,-,Maximo
971,38.84,-1207507,1735.8509409015414,52,-,-,-,-,Maximo
972,38.88,-1210586,2385.249042564944,52,-,-,-,-,Maximo
973,38.92,-1213241,2909.036439886999,52,-,-,-,-,Maximo
974,38.96,-1216470,2787.6125610223535,52,-,-,-,-,Maximo
975,39.0,-1217804,1572.1768772071055,57,55.5,-,-,-,Maximo
976,39.04,-1219612,-247.4395590597178,57,-,-,-,-,Maximo
977,39.08,-1220696,-1719.0277347160209,57,-,-,-,-,Maximo
978,39.12,-1220378,-2199.226255608237,57,-,-,-,-,Maximo
979,39.16,-1220294,-1826.6321087530382,57,-,-,-,-,Maximo
980,39.2,-1214796,-1465.8456582911558,57,-,-,-,-,Maximo
981,39.24,-1201427,-1663.1601687511284,57,-,-,-,-,Maximo
982,39.28,-1195282,-1867.9653331000954,57,-,-,-,-,Maximo
983,39.32,-1196269,-1723.2329257714855,57,-,-,-,-,Maximo
984,39.36,-1200929,-1115.3644832395964,57,-,-,-,-,Maximo
985,39.4,-1205849,-240.7348807874223,57,-,-,-,-,Maximo
986,39.44,-1207679,561.7272981632796,57,-,-,-,-,Maximo
987,39.48,-1206896,1180.181132031531,57,-,-,-,-,Maximo
988,39.52,-1209410,1855.2660740374768,57,-,-,-,-,Maximo
989,39.56,-1211819,2541.5905167013516,57,-,-,-,-,Maximo
990,39.6,-1214093,3050.691541850075,57,-,-,-,-,Maximo
991,39.64,-1215983,2895.0800087932603,57,-,-,-,-,Maximo
992,39.68,-1218347,1756.811164482975,57,-,-,-,-,Maximo
993,39.72,-1218405,-110.18948863930723,57,-,-,-,-,Maximo
994,39.76,-1220098,-1640.705043261537,57,-,-,-,-,Maximo
995,39.8,-1220460,-2209.4163751155284,57,-,-,-,-,Maximo
996,39.84,-1219903,-1907.6325296862656,57,-,-,-,-,Maximo
997,39.88,-1217199,-1439.6368361807963,57,-,-,-,-,Maximo
998,39.92,-1204008,-1568.1784696333434,57,-,-,-,-,Maximo
999,39.96,-1196222,-1740.2022150675875,57,-,-,-,-,Maximo
1000,40.0,-1195911,-1567.2992326272124,57,-,-,-,-,Maximo
1001,40.04,-1200767,-953.5230536006898,57,-,-,-,-,Maximo
1002,40.08,-1205145,-177.9426205798145,57,-,-,-,-,Maximo
1003,40.12,-1209260,577.7365420935548,57,-,-,-,-,Maximo
1004,40.16,-1207965,1060.2707057492098,57,-,-,-,-,Maximo
1005,40.2,-1207584,1541.768405889146,57,-,-,-,-,Maximo
1006,40.24,-1210124,2187.1686621093368,57,-,-,-,-,Maximo
1007,40.28,-1213450,2802.2950310124743,57,-,-,-,-,Maximo
1008,40.32,-1216137,2880.10271961713,57,-,-,-,-,Maximo
1009,40.36,-1217422,1949.2353973507334,57,-,-,-,-,Maximo
1010,40.4,-1219208,237.53845777620018,57,-,-,-,-,Maximo
1011,40.44,-1220143,-1431.0112670336648,57,-,-,-,-,Maximo
1012,40.48,-1220125,-2205.115043296081,57,-,-,-,-,Maximo
1013,40.52,-1220916,-1931.053784935553,57,-,-,-,-,Maximo
1014,40.56,-1219617,-1322.4475612424403,57,-,-,-,-,Maximo
1015,40.6,-1216180,-1046.1646058199112,57,-,-,-,-,Maximo
1016,40.64,-1201304,-1541.8313275133823,57,-,-,-,-,Maximo
1017,40.68,-1197062,-1745.0900513206507,57,-,-,-,-,Maximo
1018,40.72,-1195591,-1532.6249532402835,57,-,-,-,-,Maximo
1019,40.76,-1203784,-656.4161964126317,57,-,-,-,-,Maximo
1020,40.8,-1207885,196.17723341312103,57,-,-,-,-,Maximo
1021,40.84,-1207313,787.5341754747978,57,-,-,-,-,Maximo
1022,40.88,-1206155,1220.6170052377315,57,-,-,-,-,Maximo
1023,40.92,-1208613,1747.7939167634604,57,-,-,-,-,Maximo
1024,40.96,-1211935,2369.351146855145,57,-,-,-,-,Maximo
1025,41.0,-1214101,2847.552573076394,57,-,-,-,-,Maximo
1026,41.04,-1216834,2746.8806838793944,57,-,-,-,-,Maximo
1027,41.08,-1218615,1631.9775064986443,57,-,-,-,-,Maximo
1028,41.12,-1220169,-157.48649121077642,57,-,-,-,-,Maximo
1029,41.16,-1220709,-1675.0511705827594,57,-,-,-,-,Maximo
1030,41.2,-1221309,-2124.0040854723557,57,-,-,-,-,Maximo
1031,41.24,-1221091,-1698.2511040579616,57,-,-,-,-,Maximo
1032,41.28,-1219529,-1214.604457253084,57,-,-,-,-,Maximo
1033,41.32,-1209350,-1429.356278479885,57,-,-,-,-,Maximo
1034,41.36,-1199022,-1889.6366662446671,57,-,-,-,-,Maximo
1035,41.4,-1195610,-1907.1526109300466,57,-,-,-,-,Maximo
1036,41.44,-1199230,-1301.6812625586326,57,-,-,-,-,Maximo
1037,41.48,-1202680,-474.1124471398457,57,-,-,-,-,Maximo
1038,41.52,-1207292,382.54500770466893,57,-,-,-,-,Maximo
1039,41.56,-1207043,969.6094071115303,57,-,-,-,-,Maximo
1040,41.6,-1206951,1487.8881617138559,57,-,-,-,-,Maximo
1041,41.64,-1209813,2126.827171794759,57,-,-,-,-,Maximo
1042,41.68,-1213884,2796.7060099925375,57,-,-,-,-,Maximo
1043,41.72,-1214779,3017.3664437191755,57,-,-,-,-,Maximo
1044,41.76,-1217347,2463.564397792018,57,-,-,-,-,Maximo
1045,41.8,-1217987,943.9785216861806,57,-,-,-,-,Maximo
1046,41.84,-1218813,-830.7854751923358,57,-,-,-,-,Maximo
1047,41.88,-1219982,-1954.2204571587843,57,-,-,-,-,Maximo
1048,41.92,-1220528,-2095.015493387364,57,-,-,-,-,Maximo
1049,41.96,-1220151,-1665.6137472829005,57,-,-,-,-,Maximo
1050,42.0,-1219281,-1295.932293538936,56,55.25,-,-,-,Maximo
1051,42.04,-1200669,-1789.3831891705122,56,-,-,-,-,Maximo
1052,42.08,-1196770,-1859.5839621637006,56,-,-,-,-,Maximo
1053,42.12,-1197785,-1501.8730426512411,56,-,-,-,-,Maximo
1054,42.16,-1201870,-757.1061656762234,56,-,-,-,-,Maximo
1055,42.2,-1205922,50.34803069319969,56,-,-,-,-,Maximo
1056,42.24,-1207479,648.5791663734062,56,-,-,-,-,Maximo
1057,42.28,-1205336,995.0080445346634,56,-,-,-,-,Maximo
1058,42.32,-1207303,1495.8386919559907,56,-,-,-,-,Maximo
1059,42.36,-1209862,2170.8044987039657,56,-,-,-,-,Maximo
1060,42.4,-1213370,2860.414835121106,56,-,-,-,-,Maximo
1061,42.44,-1217485,2989.35878687324,56,-,-,-,-,Maximo
1062,42.48,-1218292,1944.8112459707245,56,-,-,-,-,Maximo
1063,42.52,-1219044,125.58510927299903,56,-,-,-,-,Maximo
1064,42.56,-1220161,-1434.7490201335372,56,-,-,-,-,Maximo
1065,42.6,-1220970,-1974.290649641607,56,-,-,-,-,Maximo
1066,42.64,-1220094,-1683.554290230561,56,-,-,-,-,Maximo
1067,42.68,-1220169,-1213.7778580865152,56,-,-,-,-,Maximo
1068,42.72,-1214685,-1289.9048540126369,56,-,-,-,-,Maximo
1069,42.76,-1199623,-1945.23778806066,56,-,-,-,-,Maximo
1070,42.8,-1196153,-2059.6783463289303,56,-,-,-,-,Maximo
1071,42.84,-1196255,-1611.5953606602015,56,-,-,-,-,Maximo
1072,42.88,-1200598,-684.0506352080731,56,-,-,-,-,Maximo
1073,42.92,-1205324,284.6711387270916,56,-,-,-,-,Maximo
1074,42.96,-1206633,948.3055720414923,56,-,-,-,-,Maximo
1075,43.0,-1206618,1396.644983513701,56,-,-,-,-,Maximo
1076,43.04,-1207920,1890.4043908913054,56,-,-,-,-,Maximo
1077,43.08,-1210858,2523.8312736388616,56,-,-,-,-,Maximo
1078,43.12,-1214259,3025.070489783144,56,-,-,-,-,Maximo
1079,43.16,-1216663,2830.400890669158,56,-,-,-,-,Maximo
1080,43.2,-1218356,1622.4885790646404,56,-,-,-,-,Maximo
1081,43.24,-1219481,-202.00467272025207,56,-,-,-,-,Maximo
1082,43.28,-1220109,-1705.1977812539285,56,-,-,-,-,Maximo
1083,43.32,-1220502,-2227.4318498062066,56,-,-,-,-,Maximo
1084,43.36,-1220725,-1918.517062947673,56,-,-,-,-,Maximo
1085,43.4,-1219995,-1448.0062847177696,56,-,-,-,-,Maximo
1086,43.44,-1216207,-1350.1707835324478,56,-,-,-,-,Maximo
1087,43.48,-1202196,-1808.7556330449843,56,-,-,-,-,Maximo
1088,43.52,-1196564,-1882.7644939011661,56,-,-,-,-,Maximo
1089,43.56,-1195772,-1463.7497379081124,56,-,-,-,-,Maximo
1090,43.6,-1198582,-668.2734339384554,56,-,-,-,-,Maximo
1091,43.64,-1204125,247.8986293193666,56,-,-,-,-,Maximo
1092,43.68,-1207388,955.4408953810771,56,-,-,-,-,Maximo
1093,43.72,-1207143,1408.2266045923034,56,-,-,-,-,Maximo
1094,43.76,-1207705,1862.1982315332925,56,-,-,-,-,Maximo
1095,43.8,-1209439,2421.7798986826765,56,-,-,-,-,Maximo
1096,43.84,-1213106,2955.0026897892667,56,-,-,-,-,Maximo
1097,43.88,-1215281,2890.9973529236977,56,-,-,-,-,Maximo
1098,43.92,-1217620,1895.4268986891711,56,-,-,-,-,Maximo
1099,43.96,-1219160,164.04238566042386,56,-,-,-,-,Maximo
1100,44.0,-1220470,-1457.0124897225592,56,-,-,-,-,Maximo
1101,44.04,-1220149,-2265.1649501684997,56,-,-,-,-,Maximo
1102,44.08,-1220467,-2113.928428174159,56,-,-,-,-,Maximo
1103,44.12,-1219958,-1574.1690412977123,56,-,-,-,-,Maximo
1104,44.16,-1215878,-1308.3986371320643,56,-,-,-,-,Maximo
1105,44.2,-1203070,-1641.7642619758244,56,-,-,-,-,Maximo
1106,44.24,-1196524,-1831.6198638883707,56,-,-,-,-,Maximo
1107,44.28,-1196346,-1560.8875067218942,56,-,-,-,-,Maximo
1108,44.32,-1200307,-841.8171528696287,56,-,-,-,-,Maximo
1109,44.36,-1204498,27.753265939662015,56,-,-,-,-,Maximo
1110,44.4,-1208105,823.7747591010439,56,-,-,-,-,Maximo
1111,44.44,-1207312,1346.334045576902,56,-,-,-,-,Maximo
1112,44.48,-1207296,1822.4639016879837,56,-,-,-,-,Maximo
1113,44.52,-1211045,2432.7141270216935,56,-,-,-,-,Maximo
1114,44.56,-1211868,2845.941673564206,56,-,-,-,-,Maximo
1115,44.6,-1214791,2802.824264947186,56,-,-,-,-,Maximo
1116,44.64,-1217048,1832.4101313194096,56,-,-,-,-,Maximo
1117,44.68,-1219301,168.40978504039185,56,-,-,-,-,Maximo
1118,44.72,-1219692,-1421.1837125632626,56,-,-,-,-,Maximo
1119,44.76,-1221126,-2099.275026768393,56,-,-,-,-,Maximo
1120,44.8,-1221150,-1908.193855513014,56,-,-,-,-,Maximo
1121,44.84,-1220017,-1401.314647283551,56,-,-,-,-,Maximo
1122,44.88,-1216209,-1181.6903911699856,56,-,-,-,-,Maximo
1123,44.92,-1202779,-1574.8282952051068,56,-,-,-,-,Maximo
1124,44.96,-1196648,-1762.8350554841927,56,-,-,-,-,Maximo
1125,45.0,-1195964,-1540.0236534500891,55,55.0,-,-,-,Maximo
1126,45.04,-1206058,-705.2062932449926,55,-,-,-,-,Maximo
1127,45.08,-1208069,0.7843110025241913,55,-,-,-,-,Maximo
1128,45.12,-1207741,618.5817515069857,55,-,-,-,-,Maximo
1129,45.16,-1209625,1230.6331720354765,55,-,-,-,-,Maximo
1130,45.2,-1212660,1846.2092063540613,55,-,-,-,-,Maximo
1131,45.24,-1214397,2439.817361451107,55,-,-,-,-,Maximo
1132,45.28,-1216126,2885.467446060411,55,-,-,-,-,Maximo
1133,45.32,-1218074,2724.7351449989383,55,-,-,-,-,Maximo
1134,45.36,-1219327,1560.931797918921,55,-,-,-,-,Maximo
1135,45.4,-1220191,-274.0165441129527,55,-,-,-,-,Maximo
1136,45.44,-1220768,-1799.1577823644743,55,-,-,-,-,Maximo
1137,45.48,-1220985,-2259.836139594302,55,-,-,-,-,Maximo
1138,45.52,-1219299,-1889.7413708512267,55,-,-,-,-,Maximo
1139,45.56,-1213225,-1527.491885736612,55,-,-,-,-,Maximo
1140,45.6,-1198738,-1723.9974505191512,55,-,-,-,-,Maximo
1141,45.64,-1194814,-1692.5292580274345,55,-,-,-,-,Maximo
1142,45.68,-1197242,-1273.5602774601457,55,-,-,-,-,Maximo
1143,45.72,-1201910,-568.0688013053277,55,-,-,-,-,Maximo
1144,45.76,-1207522,231.4751156916427,55,-,-,-,-,Maximo
1145,45.8,-1208885,834.0628136313926,55,-,-,-,-,Maximo
1146,45.84,-1208255,1309.968659760938,55,-,-,-,-,Maximo
1147,45.88,-1208001,1822.9021405429512,55,-,-,-,-,Maximo
1148,45.92,-1211435,2496.8318738549306,55,-,-,-,-,Maximo
1149,45.96,-1212923,2883.9322742175027,55,-,-,-,-,Maximo
1150,46.0,-1215259,2560.9363553952917,55,-,-,-,-,Maximo
1151,46.04,-1216908,1218.6205687580828,55,-,-,-,-,Maximo
1152,46.08,-1218778,-623.0845019003793,55,-,-,-,-,Maximo
1153,46.12,-1219753,-2008.1808614822694,55,-,-,-,-,Maximo
1154,46.16,-1220142,-2303.5658887383097,55,-,-,-,-,Maximo
1155,46.2,-1220371,-1738.718852965685,55,-,-,-,-,Maximo
1156,46.24,-1219260,-1092.2769261593953,55,-,-,-,-,Maximo
1157,46.28,-1215129,-937.3688880770142,55,-,-,-,-,Maximo
1158,46.32,-1201283,-1436.9467219155576,55,-,-,-,-,Maximo
1159,46.36,-1195408,-1638.9571241893082,55,-,-,-,-,Maximo
1160,46.4,-1197396,-1288.2634200896991,55,-,-,-,-,Maximo
1161,46.44,-1201840,-602.8239959514447,55,-,-,-,-,Maximo
1162,46.48,-1206063,152.3045110123221,55,-,-,-,-,Maximo
1163,46.52,-1208586,802.9986014279621,55,-,-,-,-,Maximo
1164,46.56,-1207327,1263.2344416166225,55,-,-,-,-,Maximo
1165,46.6,-1208127,1782.4946352203178,55,-,-,-,-,Maximo
1166,46.64,-1210900,2396.5701580162686,55,-,-,-,-,Maximo
1167,46.68,-1212230,2812.7397914966014,55,-,-,-,-,Maximo
1168,46.72,-1214451,2647.9910326659237,55,-,-,-,-,Maximo
1169,46.76,-1216464,1529.0904471261915,55,-,-,-,-,Maximo
1170,46.8,-1217820,-224.10664973950634,55,-,-,-,-,Maximo
1171,46.84,-1220275,-1634.4420710998074,55,-,-,-,-,Maximo
1172,46.88,-1221054,-2096.8493609381994,55,-,-,-,-,Maximo
1173,46.92,-1222678,-1660.0422193432153,55,-,-,-,-,Maximo
1174,46.96,-1221739,-1109.6099886089064,55,-,-,-,-,Maximo
1175,47.0,-1216746,-1008.4768456869342,55,-,-,-,-,Maximo
1176,47.04,-1202293,-1514.8226013482654,55,-,-,-,-,Maximo
1177,47.08,-1195611,-1742.024302032578,55,-,-,-,-,Maximo
1178,47.12,-1195996,-1480.9868042161725,55,-,-,-,-,Maximo
1179,47.16,-1200401,-860.767718050715,55,-,-,-,-,Maximo
1180,47.2,-1205484,-136.94142067053963,55,-,-,-,-,Maximo
1181,47.24,-1207617,478.38792961982926,55,-,-,-,-,Maximo
1182,47.28,-1207283,1015.5940802899213,55,-,-,-,-,Maximo
1183,47.32,-1206478,1626.477324170065,55,-,-,-,-,Maximo
1184,47.36,-1210045,2485.0090845192663,55,-,-,-,-,Maximo
1185,47.4,-1213443,3183.4320702081186,55,-,-,-,-,Maximo
1186,47.44,-1216802,3175.2241972278434,55,-,-,-,-,Maximo
1187,47.48,-1218459,2021.0118315685058,55,-,-,-,-,Maximo
1188,47.52,-1218996,86.08132853921734,55,-,-,-,-,Maximo
1189,47.56,-1219833,-1599.0372000774519,55,-,-,-,-,Maximo
1190,47.6,-1219902,-2275.8219989228605,55,-,-,-,-,Maximo
1191,47.64,-1221668,-1914.5854407305847,55,-,-,-,-,Maximo
1192,47.68,-1219655,-1381.7754632899992,55,-,-,-,-,Maximo
1193,47.72,-1216569,-1204.1036930030532,55,-,-,-,-,Maximo
1194,47.76,-1201761,-1768.4927180152263,55,-,-,-,-,Maximo
1195,47.8,-1195512,-2015.5646211626608,55,-,-,-,-,Maximo
1196,47.84,-1195028,-1670.198166524051,55,-,-,-,-,Maximo
1197,47.88,-1199745,-771.912987927234,55,-,-,-,-,Maximo
1198,47.92,-1205851,249.01043578879035,55,-,-,-,-,Maximo
1199,47.96,-1209399,994.8533690195472,55,-,-,-,-,Maximo
1200,48.0,-1208459,1386.2046324009052,47,53.75,-,-,-,-
1201,48.04,-1209386,1816.0257310160068,47,-,-,-,-,-
1202,48.08,-1211309,2403.572165515725,47,-,-,-,-,-
1203,48.12,-1214108,2961.7583633972417,47,-,-,-,-,-
1204,48.16,-1215591,2885.7435431769645,47,-,-,-,-,-
1205,48.2,-1218512,1831.6190346610474,47,-,-,-,-,-
1206,48.24,-1219545,-47.214971142289414,47,-,-,-,-,-
1207,48.28,-1219280,-1798.3176141101148,47,-,-,-,-,-
1208,48.32,-1221245,-2469.7023334179066,47,-,-,-,-,-
1209,48.36,-1220646,-2166.7123839849246,47,-,-,-,-,-
1210,48.4,-1219783,-1460.0939379362935,47,-,-,-,-,-
1211,48.44,-1209527,-1298.4368354659728,47,-,-,-,-,-
1212,48.48,-1199020,-1524.5690470006139,47,-,-,-,-,-
1213,48.52,-1196752,-1552.6541018399312,47,-,-,-,-,-
1214,48.56,-1198921,-1190.1631065896272,47,-,-,-,-,-
1215,48.6,-1202816,-492.1930585461887,47,-,-,-,-,-
1216,48.64,-1206331,290.5128634647481,47,-,-,-,-,-
1217,48.68,-1208527,950.4513177761628,47,-,-,-,-,-
1218,48.72,-1206800,1388.4101282454549,47,-,-,-,-,-
1219,48.76,-1207738,1937.0562821856038,47,-,-,-,-,-
1220,48.8,-1210193,2571.4821394457203,47,-,-,-,-,-
1221,48.84,-1213686,2936.932717731752,47,-,-,-,-,-
1222,48.88,-1215879,2448.8143766953162,47,-,-,-,-,-
1223,48.92,-1218414,1064.2771170867854,47,-,-,-,-,-
1224,48.96,-1219300,-655.1207966186516,47,-,-,-,-,-
1225,49.0,-1221255,-1749.0871960895265,47,-,-,-,-,-
1226,49.04,-1219906,-1987.0912677604626,47,-,-,-,-,-
1227,49.08,-1219880,-1552.8447704317632,47,-,-,-,-,-
1228,49.12,-1220485,-1077.0759024044974,47,-,-,-,-,-
1229,49.16,-1215914,-1106.2428611612777,47,-,-,-,-,-
1230,49.2,-1201263,-1700.4256341948203,47,-,-,-,-,-
1231,49.24,-1195421,-1896.5825737722698,47,-,-,-,-,-
1232,49.28,-1195374,-1548.5753087625853,47,-,-,-,-,-
1233,49.32,-1199976,-739.1303739700568,47,-,-,-,-,-
1234,49.36,-1206046,215.15107575161528,47,-,-,-,-,-
1235,49.4,-1208903,977.351254286702,47,-,-,-,-,-
1236,49.44,-1208449,1479.2019213179346,47,-,-,-,-,-
1237,49.48,-1207992,1892.8852072839072,47,-,-,-,-,-
1238,49.52,-1211229,2446.2352216702166,47,-,-,-,-,-
1239,49.56,-1212821,2872.903239833792,47,-,-,-,-,-
1240,49.6,-1214852,2782.016755712407,47,-,-,-,-,-
1241,49.64,-1217082,1720.574490207522,47,-,-,-,-,-
1242,49.68,-1219526,-80.87534499195544,47,-,-,-,-,-
1243,49.72,-1219718,-1766.7672042379693,47,-,-,-,-,-
1244,49.76,-1220736,-2408.4327234141897,47,-,-,-,-,-
1245,49.8,-1221156,-2038.1657178292055,47,-,-,-,-,-
1246,49.84,-1220737,-1331.5573929917678,47,-,-,-,-,-
1247,49.88,-1218018,-983.4892585573616,47,-,-,-,-,-
1248,49.92,-1205475,-1350.5705397467646,47,-,-,-,-,-
1249,49.96,-1195702,-1700.4438115986104,47,-,-,-,-,-
1250,50.0,-1195189,-1508.43543950413,47,-,-,-,-,-
1251,50.04,-1197909,-925.8145086041072,47,-,-,-,-,-
1252,50.08,-1203606,-101.58108269459171,47,-,-,-,-,-
1253,50.12,-1206851,639.6567525900955,47,-,-,-,-,-
1254,50.16,-1207722,1221.537538634433,47,-,-,-,-,-
1255,50.2,-1206577,1690.0640142150878,47,-,-,-,-,-
1256,50.24,-1208660,2306.5721159041013,47,-,-,-,-,-
1257,50.28,-1212803,2951.867667184488,47,-,-,-,-,-
1258,50.32,-1214221,3046.502380512008,47,-,-,-,-,-
1259,50.36,-1217686,2259.0118586318213,47,-,-,-,-,-
1260,50.4,-1218959,526.5636231370936,47,-,-,-,-,-
1261,50.44,-1219241,-1302.4706043372112,47,-,-,-,-,-
1262,50.48,-1220979,-2246.3134352648003,47,-,-,-,-,-
1263,50.52,-1220704,-2195.501834294533,47,-,-,-,-,-
1264,50.56,-1220571,-1604.8408628997863,47,-,-,-,-,-
1265,50.6,-1219829,-1174.8902371191334,47,-,-,-,-,-
1266,50.64,-1214834,-1274.5693089851866,47,-,-,-,-,-
1267,50.68,-1200286,-1818.5072209907266,47,-,-,-,-,-
1268,50.72,-1195838,-1796.7751469072318,47,-,-,-,-,-
1269,50.76,-1197025,-1232.703378959859,47,-,-,-,-,-
1270,50.8,-1201614,-364.37216671782323,47,-,-,-,-,-
1271,50.84,-1206696,488.6153774742743,47,-,-,-,-,-
1272,50.88,-1207594,1060.8151324529435,47,-,-,-,-,-
1273,50.92,-1206302,1448.6602936530871,47,-,-,-,-,-
1274,50.96,-1207072,1908.7876288561265,47,-,-,-,-,-
1275,51.0,-1210422,2512.989546169847,55,53.25,-,-,-,-
1276,51.04,-1215634,3024.240894324491,55,-,-,-,-,-
1277,51.08,-1216763,2760.9049196368005,55,-,-,-,-,-
1278,51.12,-1219129,1564.818167939995,55,-,-,-,-,-
1279,51.16,-1220416,-258.7641187215863,55,-,-,-,-,-
1280,51.2,-1220592,-1758.8207064960557,55,-,-,-,-,-
1281,51.24,-1220739,-2218.971603853113,55,-,-,-,-,-
1282,51.28,-1221085,-1808.612508010298,55,-,-,-,-,-
1283,51.32,-1217228,-1400.8908458311853,55,-,-,-,-,-
1284,51.36,-1204715,-1655.98593051635,55,-,-,-,-,-
1285,51.4,-1196852,-2035.4152955728732,55,-,-,-,-,-
1286,51.44,-1197077,-1955.8689162737974,55,-,-,-,-,-
1287,51.48,-1200329,-1309.8705478075308,55,-,-,-,-,-
1288,51.52,-1204479,-328.7168896000967,55,-,-,-,-,-
1289,51.56,-1208502,615.6649049939133,55,-,-,-,-,-
1290,51.6,-1208315,1224.5383700276689,55,-,-,-,-,-
1291,51.64,-1208320,1722.83812906796,55,-,-,-,-,-
1292,51.68,-1209323,2282.2120801431392,55,-,-,-,-,-
1293,51.72,-1212565,2858.0070616257017,55,-,-,-,-,-
1294,51.76,-1214717,2906.392933197865,55,-,-,-,-,-
1295,51.8,-1217120,2033.542294526378,55,-,-,-,-,-
1296,51.84,-1218620,363.92360973860013,55,-,-,-,-,-
1297,51.88,-1219727,-1261.5687763630824,55,-,-,-,-,-
1298,51.92,-1219980,-2065.4042034402437,55,-,-,-,-,-
1299,51.96,-1219630,-1937.8152225410238,55,-,-,-,-,-
1300,52.0,-1220672,-1337.8058917233939,55,-,-,-,-,-
1301,52.04,-1218127,-1009.4298725702565,55,-,-,-,-,-
1302,52.08,-1206736,-1313.7169891793892,55,-,-,-,-,-
1303,52.12,-1197999,-1655.1372357906112,55,-,-,-,-,-
1304,52.16,-1196835,-1547.5521079714454,55,-,-,-,-,-
1305,52.2,-1200383,-963.4620019039457,55,-,-,-,-,-
1306,52.24,-1203975,-182.88404933656557,55,-,-,-,-,-
1307,52.28,-1208051,600.55387654476,55,-,-,-,-,-
1308,52.32,-1208326,1130.138145965404,55,-,-,-,-,-
1309,52.36,-1207479,1528.362109024284,55,-,-,-,-,-
1310,52.4,-1209724,2054.4801410177542,55,-,-,-,-,-
1311,52.44,-1211468,2570.239496221636,55,-,-,-,-,-
1312,52.48,-1214418,2761.003834309011,55,-,-,-,-,-
1313,52.52,-1216438,2078.834460819139,55,-,-,-,-,-
1314,52.56,-1218319,568.0192007332803,55,-,-,-,-,-
1315,52.6,-1218152,-1104.0648233185834,55,-,-,-,-,-
1316,52.64,-1219026,-1998.84821270732,55,-,-,-,-,-
1317,52.68,-1220952,-1901.3791322887132,55,-,-,-,-,-
1318,52.72,-1220693,-1379.9467889150596,55,-,-,-,-,-
1319,52.76,-1219299,-1003.7645737359567,55,-,-,-,-,-
1320,52.8,-1209244,-1249.1998502339375,55,-,-,-,-,-
1321,52.84,-1198225,-1667.4125036248515,55,-,-,-,-,-
1322,52.88,-1195651,-1626.3474795066868,55,-,-,-,-,-
1323,52.92,-1198679,-1081.3951882227138,55,-,-,-,-,-
1324,52.96,-1203169,-288.5537041474922,55,-,-,-,-,-
1325,53.0,-1207872,485.05099652280296,55,-,-,-,-,-
1326,53.04,-1207155,931.7447944943815,55,-,-,-,-,-
1327,53.08,-1205348,1273.4960079822295,55,-,-,-,-,-
1328,53.12,-1208885,1901.653159844528,55,-,-,-,-,-
1329,53.16,-1211101,2584.5452997568445,55,-,-,-,-,-
1330,53.2,-1213401,2951.3502286915937,55,-,-,-,-,-
1331,53.24,-1216922,2480.447852269389,55,-,-,-,-,-
1332,53.28,-1218896,996.3267820327073,55,-,-,-,-,-
1333,53.32,-1218976,-824.455892625869,55,-,-,-,-,-
1334,53.36,-1221135,-1901.8866170742454,55,-,-,-,-,-
1335,53.4,-1221610,-1975.7657101013153,55,-,-,-,-,-
1336,53.44,-1221586,-1447.8914102095023,55,-,-,-,-,-
1337,53.48,-1219279,-1098.3226904261473,55,-,-,-,-,-
1338,53.52,-1214365,-1253.021116228626,55,-,-,-,-,-
1339,53.56,-1200040,-1875.1967264146588,55,-,-,-,-,-
1340,53.6,-1195279,-1944.3460275398302,55,-,-,-,-,-
1341,53.64,-1197665,-1397.9962427710325,55,-,-,-,-,-
1342,53.68,-1201994,-554.0434743541199,55,-,-,-,-,-
1343,53.72,-1206328,299.44660643679254,55,-,-,-,-,-
1344,53.76,-1207261,925.1991043728958,55,-,-,-,-,-
1345,53.8,-1206701,1413.7836840649961,55,-,-,-,-,-
1346,53.84,-1207146,1961.652179534366,55,-,-,-,-,-
1347,53.88,-1209274,2601.316268149778,55,-,-,-,-,-
1348,53.92,-1213319,3067.4896671091356,55,-,-,-,-,-
1349,53.96,-1215612,2758.604210643649,55,-,-,-,-,-
1350,54.0,-1217497,1472.531423189801,57,53.5,-,-,-,-
1351,54.04,-1219961,-307.73242433850646,57,-,-,-,-,-
1352,54.08,-1219906,-1738.819078936935,57,-,-,-,-,-
1353,54.12,-1219718,-2135.6907658880677,57,-,-,-,-,-
1354,54.16,-1220367,-1695.6122542189607,57,-,-,-,-,-
1355,54.2,-1216121,-1305.4770716962912,57,-,-,-,-,-
1356,54.24,-1205045,-1491.7258256562309,57,-,-,-,-,-
1357,54.28,-1196230,-1875.1490942924556,57,-,-,-,-,-
1358,54.32,-1195627,-1874.6381422894829,57,-,-,-,-,-
1359,54.36,-1200722,-1312.1700125190991,57,-,-,-,-,-
1360,54.4,-1204276,-485.2060818042278,57,-,-,-,-,-
1361,54.44,-1208765,441.49166828502894,57,-,-,-,-,-
1362,54.48,-1208193,1099.1456600678111,57,-,-,-,-,-
1363,54.52,-1207463,1644.580683745316,57,-,-,-,-,-
1364,54.56,-1210699,2293.2977120454525,57,-,-,-,-,-
1365,54.6,-1213522,2833.6073855361656,57,-,-,-,-,-
1366,54.64,-1214522,2837.7278480080704,57,-,-,-,-,-
1367,54.68,-1216857,1985.402872081329,57,-,-,-,-,-
1368,54.72,-1217668,305.89654966162607,57,-,-,-,-,-
1369,54.76,-1218114,-1357.1616908949643,57,-,-,-,-,-
1370,54.8,-1220407,-2095.8808297865703,57,-,-,-,-,-
1371,54.84,-1220417,-1911.7470991646842,57,-,-,-,-,-
1372,54.88,-1220933,-1283.8701687864705,57,-,-,-,-,-
1373,54.92,-1218925,-943.806268437279,57,-,-,-,-,-
1374,54.96,-1209361,-1211.1538876723462,57,-,-,-,-,-
1375,55.0,-1197474,-1617.600370163249,57,-,-,-,-,-
1376,55.04,-1196701,-1412.0424862449072,57,-,-,-,-,-
1377,55.08,-1199844,-808.4233263236724,57,-,-,-,-,-
1378,55.12,-1204153,-94.24020439534843,57,-,-,-,-,-
1379,55.16,-1208560,534.9742010262853,57,-,-,-,-,-
1380,55.2,-1207833,906.0406769920464,57,-,-,-,-,-
1381,55.24,-1207901,1324.7378829542986,57,-,-,-,-,-
1382,55.28,-1209816,1931.9500410118226,57,-,-,-,-,-
1383,55.32,-1212444,2598.379644862839,57,-,-,-,-,-
1384,55.36,-1214871,2884.025423449755,57,-,-,-,-,-
1385,55.4,-1215530,2235.7825792198405,57,-,-,-,-,-
1386,55.44,-1218666,757.6956578094455,57,-,-,-,-,-
1387,55.48,-1219902,-977.7427923217128,57,-,-,-,-,-
1388,55.52,-1220407,-2009.6083922361945,57,-,-,-,-,-
1389,55.56,-1220961,-2005.0698439505572,57,-,-,-,-,-
1390,55.6,-1220789,-1462.727807549908,57,-,-,-,-,-
1391,55.64,-1218985,-1082.2545190258543,57,-,-,-,-,-
1392,55.68,-1214000,-1167.1640546572526,57,-,-,-,-,-
1393,55.72,-1199903,-1672.9116912609497,57,-,-,-,-,-
1394,55.76,-1194747,-1691.5334602374878,57,-,-,-,-,-
1395,55.8,-1195799,-1226.9519279666401,57,-,-,-,-,-
1396,55.84,-1200595,-484.8317928937014,57,-,-,-,-,-
1397,55.88,-1206865,330.52941732725594,57,-,-,-,-,-
1398,55.92,-1208731,967.4785619699614,57,-,-,-,-,-
1399,55.96,-1207019,1435.9408192191122,57,-,-,-,-,-
1400,56.0,-1207612,1959.0423521524217,57,-,-,-,-,-
1401,56.04,-1211666,2591.6624169863326,57,-,-,-,-,-
1402,56.08,-1214007,2970.095637440718,57,-,-,-,-,-
1403,56.12,-1216999,2714.2179519855126,57,-,-,-,-,-
1404,56.16,-1218336,1443.998300289726,57,-,-,-,-,-
1405,56.2,-1218476,-457.0558669806594,57,-,-,-,-,-
1406,56.24,-1219915,-1967.1456209565233,57,-,-,-,-,-
1407,56.28,-1221152,-2413.658183940795,57,-,-,-,-,-
1408,56.32,-1220756,-1959.1949254340948,57,-,-,-,-,-
1409,56.36,-1218612,-1343.8308824315782,57,-,-,-,-,-
1410,56.4,-1204621,-1489.754111780734,57,-,-,-,-,-
1411,56.44,-1197993,-1747.2652650583823,57,-,-,-,-,-
1412,56.48,-1196084,-1747.8120929649394,57,-,-,-,-,-
1413,56.52,-1200798,-1132.9568653626288,57,-,-,-,-,-
1414,56.56,-1204650,-264.06408127232135,57,-,-,-,-,-
1415,56.6,-1207260,529.381094576388,57,-,-,-,-,-
1416,56.64,-1207619,1059.1511383750403,57,-,-,-,-,-
1417,56.68,-1207275,1497.209754959531,57,-,-,-,-,-
1418,56.72,-1210734,2175.6040946154853,57,-,-,-,-,-
1419,56.76,-1212701,2821.595038004124,57,-,-,-,-,-
1420,56.8,-1216667,3041.4364307400983,57,-,-,-,-,-
1421,56.84,-1217829,2187.0514622249984,57,-,-,-,-,-
1422,56.88,-1219094,500.8940245884414,57,-,-,-,-,-
1423,56.92,-1220000,-1176.696389791522,57,-,-,-,-,-
1424,56.96,-1220442,-2015.2014006546096,57,-,-,-,-,-
1425,57.0,-1221359,-1885.0966175945066,56,53.75,-,-,-,-
1426,57.04,-1212262,-1681.3046407949887,56,-,-,-,-,-
1427,57.08,-1199783,-1753.829143042627,56,-,-,-,-,-
1428,57.12,-1195563,-1822.3466790688617,56,-,-,-,-,-
1429,57.16,-1198170,-1639.9285929657135,56,-,-,-,-,-
1430,57.2,-1202460,-1099.6365921158877,56,-,-,-,-,-
1431,57.24,-1207037,-269.20587142844033,56,-,-,-,-,-
1432,57.28,-1208212,499.5596406698878,56,-,-,-,-,-
1433,57.32,-1207150,1088.681817048664,56,-,-,-,-,-
1434,57.36,-1208276,1710.2145473269748,56,-,-,-,-,-
1435,57.4,-1211397,2451.4364841081633,56,-,-,-,-,-
1436,57.44,-1213345,2965.958443254074,56,-,-,-,-,-
1437,57.48,-1215871,2740.064319223412,56,-,-,-,-,-
1438,57.52,-1216616,1408.581844812933,56,-,-,-,-,-
1439,57.56,-1219121,-383.07730669092416,56,-,-,-,-,-
1440,57.6,-1218983,-1761.7806809972387,56,-,-,-,-,-
1441,57.64,-1221417,-1986.808357131434,56,-,-,-,-,-
1442,57.68,-1222137,-1492.3033183536834,56,-,-,-,-,-
1443,57.72,-1219362,-1052.3066619771876,56,-,-,-,-,-
1444,57.76,-1214438,-1053.7424446621835,56,-,-,-,-,-
1445,57.8,-1199790,-1616.0083390919408,56,-,-,-,-,-
1446,57.84,-1195485,-1714.434162872778,56,-,-,-,-,-
1447,57.88,-1198377,-1254.6088157282975,56,-,-,-,-,-
1448,57.92,-1202391,-542.2270846484289,56,-,-,-,-,-
1449,57.96,-1206535,180.0795321922351,56,-,-,-,-,-
1450,58.0,-1206875,688.6134243626375,56,-,-,-,-,-
1451,58.04,-1207291,1171.858122495083,56,-,-,-,-,-
1452,58.08,-1209306,1808.7739267417373,56,-,-,-,-,-
1453,58.12,-1212416,2572.0018667036866,56,-,-,-,-,-
1454,58.16,-1214641,3060.5073455236698,56,-,-,-,-,-
1455,58.2,-1216650,2753.119097924624,56,-,-,-,-,-
1456,58.24,-1218752,1430.9571390418432,56,-,-,-,-,-
1457,58.28,-1219322,-432.44101338936866,56,-,-,-,-,-
1458,58.32,-1219839,-1813.269693931345,56,-,-,-,-,-
1459,58.36,-1220306,-2155.685644418071,56,-,-,-,-,-
1460,58.4,-1220880,-1750.8602740600766,56,-,-,-,-,-
1461,58.44,-1219878,-1335.7062700239553,56,-,-,-,-,-
1462,58.48,-1214543,-1356.7996309260361,56,-,-,-,-,-
1463,58.52,-1199085,-1842.3378209586208,56,-,-,-,-,-
1464,58.56,-1194171,-1806.7545058477044,56,-,-,-,-,-
1465,58.6,-1196911,-1226.1542680502607,56,-,-,-,-,-
1466,58.64,-1200650,-435.9766518232209,56,-,-,-,-,-
1467,58.68,-1205610,385.7752561123807,56,-,-,-,-,-
1468,58.72,-1207168,975.8145882141916,56,-,-,-,-,-
1469,58.76,-1207047,1399.465152242973,56,-,-,-,-,-
1470,58.8,-1207669,1865.4653385235088,56,-,-,-,-,-
1471,58.84,-1210109,2493.557145089857,56,-,-,-,-,-
1472,58.88,-1213116,3006.9186298714003,56,-,-,-,-,-
1473,58.92,-1216489,2834.022407138871,56,-,-,-,-,-
1474,58.96,-1218028,1547.5274860177578,56,-,-,-,-,-
1475,59.0,-1220130,-334.09290044138106,56,-,-,-,-,-
1476,59.04,-1220459,-1864.2199470833552,56,-,-,-,-,-
1477,59.08,-1220178,-2330.945633434506,56,-,-,-,-,-
1478,59.12,-1221327,-1880.8172314568064,56,-,-,-,-,-
1479,59.16,-1220014,-1348.057867598648,56,-,-,-,-,-
1480,59.2,-1216186,-1226.2804659298026,56,-,-,-,-,-
1481,59.24,-1202839,-1702.7471014670082,56,-,-,-,-,-
1482,59.28,-1196099,-1907.292832097275,56,-,-,-,-,-
1483,59.32,-1196565,-1549.5548533192014,56,-,-,-,-,-
1484,59.36,-1199848,-781.6083475509081,56,-,-,-,-,-
1485,59.4,-1204854,155.98017129237542,56,-,-,-,-,-
1486,59.44,-1207520,923.2409715947142,56,-,-,-,-,-
1487,59.48,-1206960,1420.708985191387,56,-,-,-,-,-
1488,59.52,-1207946,1893.754111759311,56,-,-,-,-,-
1489,59.56,-1209918,2442.640458867013,56,-,-,-,-,-
1490,59.6,-1213999,2976.7479150784347,56,-,-,-,-,-
1491,59.64,-1216688,2919.8668094523564,56,-,-,-,-,-
1492,59.68,-1217320,1850.2390594456701,56,-,-,-,-,-
1493,59.72,-1218512,93.28202419418994,56,-,-,-,-,-
1494,59.76,-1218765,-1532.372229647631,56,-,-,-,-,-
1495,59.8,-1219295,-2235.0307745117398,56,-,-,-,-,-
1496,59.84,-1221029,-1973.163648072708,56,-,-,-,-,-
1497,59.88,-1220784,-1440.5908004239695,56,-,-,-,-,-
1498,59.92,-1217205,-1242.262051336149,56,-,-,-,-,-
1499,59.96,-1205592,-1605.5473348174492,56,-,-,-,-,-
1500,60.0,-1196648,-1858.1586519398443,54,55.5,-,-,-,-
1501,60.04,-1198480,-1433.912528349214,54,-,-,-,-,-
1502,60.08,-1202944,-619.0549197031261,54,-,-,-,-,-
1503,60.12,-1207761,238.6123065649208,54,-,-,-,-,-
1504,60.16,-1206957,722.000096590873,54,-,-,-,-,-
1505,60.2,-1206303,1028.7246057652997,54,-,-,-,-,-
1506,60.24,-1208426,1444.4833776076593,54,-,-,-,-,-
1507,60.28,-1211656,2076.525375275567,54,-,-,-,-,-
1508,60.32,-1214597,2718.011434779797,54,-,-,-,-,-
1509,60.36,-1215743,2782.7605385149054,54,-,-,-,-,-
1510,60.4,-1218450,1906.8137409181736,54,-,-,-,-,-
1511,60.44,-1220195,235.6350388193473,54,-,-,-,-,-
1512,60.48,-1220529,-1314.8852173478674,54,-,-,-,-,-
1513,60.52,-1220329,-1919.5183040206707,54,-,-,-,-,-
1514,60.56,-1220452,-1636.4136984614865,54,-,-,-,-,-
1515,60.6,-1217900,-1283.8501680540894,54,-,-,-,-,-
1516,60.64,-1210348,-1432.65269050803,54,-,-,-,-,-
1517,60.68,-1199051,-1897.007391194531,54,-,-,-,-,-
1518,60.72,-1194762,-1921.039361803143,54,-,-,-,-,-
1519,60.76,-1196487,-1383.5541667005527,54,-,-,-,-,-
1520,60.8,-1201408,-532.10028377255,54,-,-,-,-,-
1521,60.84,-1206717,341.84972627664047,54,-,-,-,-,-
1522,60.88,-1208983,1040.1016461323197,54,-,-,-,-,-
1523,60.92,-1206745,1518.0677416078797,54,-,-,-,-,-
1524,60.96,-1209351,2117.123898583818,54,-,-,-,-,-
1525,61.0,-1212126,2668.8244333988896,54,-,-,-,-,-
1526,61.04,-1214506,2912.2119974396464,54,-,-,-,-,-
1527,61.08,-1216995,2444.3693332476614,54,-,-,-,-,-
1528,61.12,-1218072,1053.9873519551356,54,-,-,-,-,-
1529,61.16,-1219076,-735.0972191151192,54,-,-,-,-,-
1530,61.2,-1219230,-2071.722403678061,54,-,-,-,-,-
1531,61.24,-1220959,-2334.4521807480196,54,-,-,-,-,-
1532,61.28,-1220003,-1874.1652894298772,54,-,-,-,-,-
1533,61.32,-1220076,-1250.0135891786522,54,-,-,-,-,-
1534,61.36,-1210221,-1293.0350568624854,54,-,-,-,-,-
1535,61.4,-1199488,-1633.6671035161053,54,-,-,-,-,-
1536,61.44,-1195577,-1635.3252646596666,54,-,-,-,-,-
1537,61.48,-1198630,-1078.1960312904557,54,-,-,-,-,-
1538,61.52,-1202931,-263.20145760330706,54,-,-,-,-,-
1539,61.56,-1207602,534.2468752903615,54,-,-,-,-,-
1540,61.6,-1207509,1019.2880059120243,54,-,-,-,-,-
1541,61.64,-1207207,1405.8620249183614,54,-,-,-,-,-
1542,61.68,-1209247,1936.2671747625118,54,-,-,-,-,-
1543,61.72,-1212874,2596.3326711067784,54,-,-,-,-,-
1544,61.76,-1213475,2898.986209030373,54,-,-,-,-,-
1545,61.8,-1215669,2463.1105188865995,54,-,-,-,-,-
1546,61.84,-1216978,1049.7906709999093,54,-,-,-,-,-
1547,61.88,-1218174,-724.7564624085755,54,-,-,-,-,-
1548,61.92,-1220004,-1896.1217815999369,54,-,-,-,-,-
1549,61.96,-1220266,-2081.632941489388,54,-,-,-,-,-
1550,62.0,-1220448,-1591.984233965256,54,-,-,-,-,-
1551,62.04,-1219751,-1137.9885690636747,54,-,-,-,-,-
1552,62.08,-1214739,-1164.2582705627046,54,-,-,-,-,-
1553,62.12,-1200231,-1645.5477940593883,54,-,-,-,-,-
1554,62.16,-1195934,-1616.590889042296,54,-,-,-,-,-
1555,62.2,-1197454,-1137.8516268730145,54,-,-,-,-,-
1556,62.24,-1202453,-432.86738044375556,54,-,-,-,-,-
1557,62.28,-1206366,213.59339898218332,54,-,-,-,-,-
1558,62.32,-1208468,752.8296934893342,54,-,-,-,-,-
1559,62.36,-1206859,1168.5084378978445,54,-,-,-,-,-
1560,62.4,-1207574,1716.897504846721,54,-,-,-,-,-
1561,62.44,-1209385,2354.773163002026,54,-,-,-,-,-
1562,62.48,-1214530,2916.1501537656377,54,-,-,-,-,-
1563,62.52,-1216741,2711.933070223692,54,-,-,-,-,-
1564,62.56,-1217819,1491.30884960395,54,-,-,-,-,-
1565,62.6,-1219325,-292.42153999350376,54,-,-,-,-,-
1566,62.64,-1219740,-1732.0552696753928,54,-,-,-,-,-
1567,62.68,-1220789,-2113.071369160536,54,-,-,-,-,-
1568,62.72,-1220610,-1686.3642607314498,54,-,-,-,-,-
1569,62.76,-1220162,-1137.6186243153643,54,-,-,-,-,-
1570,62.8,-1214801,-1135.7430360792123,54,-,-,-,-,-
1571,62.84,-1201596,-1714.3481027824055,54,-,-,-,-,-
1572,62.88,-1195503,-1955.2052904888478,54,-,-,-,-,-
1573,62.92,-1196934,-1524.3855115813012,54,-,-,-,-,-
1574,62.96,-1201765,-631.3278381219011,54,-,-,-,-,-
1575,63.0,-1204731,237.1127415961555,53,55.0,-,-,-,Maximo
1576,63.04,-1208014,930.0593385293587,53,-,-,-,-,Maximo
1577,63.08,-1205958,1296.5450932168005,53,-,-,-,-,Maximo
1578,63.12,-1206314,1757.8695389045843,53,-,-,-,-,Maximo
1579,63.16,-1209400,2406.7347119456836,53,-,-,-,-,Maximo
1580,63.2,-1212144,2918.5712701179054,53,-,-,-,-,Maximo
1581,63.24,-1214127,2769.6113893185448,53,-,-,-,-,Maximo
1582,63.28,-1215256,1616.1057772876306,53,-,-,-,-,Maximo
1583,63.32,-1217038,-134.1747730322445,53,-,-,-,-,Maximo
1584,63.36,-1219176,-1561.8616454166286,53,-,-,-,-,Maximo
1585,63.4,-1219275,-2060.895128393784,53,-,-,-,-,Maximo
1586,63.44,-1220407,-1667.8532779568998,53,-,-,-,-,-
1587,63.48,-1215589,-1280.5715664115241,53,-,-,-,-,-
1588,63.52,-1200735,-1536.2114699242102,53,-,-,-,-,-
1589,63.56,-1196415,-1733.4433071029398,53,-,-,-,-,-
1590,63.6,-1196775,-1681.0177696098335,53,-,-,-,-,-
1591,63.64,-1201602,-1142.9530406231029,53,-,-,-,-,-
1592,63.68,-1205928,-384.73256147089796,53,-,-,-,-,-
1593,63.72,-1207856,287.7035791229673,53,-,-,-,-,-
1594,63.76,-1205651,742.3380084085961,53,-,-,-,-,-
1595,63.8,-1207207,1362.913317044619,53,-,-,-,-,-
1596,63.84,-1210978,2192.1580151415383,53,-,-,-,-,-
1597,63.88,-1215151,2934.278958074803,53,-,-,-,-,-
1598,63.92,-1214497,2855.228290716038,53,-,-,-,-,-
1599,63.96,-1216711,1806.283514572675,53,-,-,-,-,-
1600,64.0,-1218965,62.55493139983673,53,-,-,-,-,-
1601,64.04,-1220147,-1427.0465364243098,53,-,-,-,-,-
1602,64.08,-1221661,-1895.0386189437381,53,-,-,-,-,-
1603,64.12,-1221686,-1549.8928936435918,53,-,-,-,-,-
1604,64.16,-1221655,-1063.7735127140304,53,-,-,-,-,-
1605,64.2,-1216020,-1124.5659738102631,53,-,-,-,-,-
1606,64.24,-1199640,-1781.8441357143656,53,-,-,-,-,-
1607,64.28,-1196998,-1807.6289238342688,53,-,-,-,-,-
1608,64.32,-1196936,-1367.3549795058407,53,-,-,-,-,-
1609,64.36,-1201739,-586.163467142453,53,-,-,-,-,-
1610,64.4,-1205292,92.85444445899884,53,-,-,-,-,-
1611,64.44,-1209606,702.6041755371825,53,-,-,-,-,-
1612,64.48,-1207555,1126.3287137181687,53,-,-,-,-,-
1613,64.52,-1209274,1785.5484855468312,53,-,-,-,-,-
1614,64.56,-1212321,2572.793483080507,53,-,-,-,-,-
1615,64.6,-1214380,3119.6236751414663,53,-,-,-,-,-
1616,64.64,-1216054,2906.6187948482593,53,-,-,-,-,-
1617,64.68,-1218501,1660.3193508435234,53,-,-,-,-,-
1618,64.72,-1218844,-262.90382327232646,53,-,-,-,-,-
1619,64.76,-1220089,-1781.0893012097,53,-,-,-,-,-
1620,64.8,-1218938,-2343.127792563498,53,-,-,-,-,-
1621,64.84,-1220469,-1945.4131965850233,53,-,-,-,-,-
1622,64.88,-1219853,-1386.0736861834516,53,-,-,-,-,-
1623,64.92,-1214840,-1226.328658713419,53,-,-,-,-,-
1624,64.96,-1200470,-1627.2981885451045,53,-,-,-,-,-
1625,65.0,-1196265,-1651.965774546179,53,-,-,-,-,-
1626,65.04,-1197385,-1234.8339590401365,53,-,-,-,-,-
1627,65.08,-1201435,-498.8697553384867,53,-,-,-,-,-
1628,65.12,-1205764,291.21588612805954,53,-,-,-,-,-
1629,65.16,-1208315,922.2097776537594,53,-,-,-,-,-
1630,65.2,-1206043,1268.6065977580274,53,-,-,-,-,-
1631,65.24,-1207928,1726.707894439578,53,-,-,-,-,-
1632,65.28,-1210554,2297.5954327468316,53,-,-,-,-,-
1633,65.32,-1213677,2800.665595749864,53,-,-,-,-,-
1634,65.36,-1215500,2658.2548342719,53,-,-,-,-,-
1635,65.4,-1216824,1519.566461305078,53,-,-,-,-,-
1636,65.44,-1218382,-227.47432138643217,53,-,-,-,-,-
1637,65.48,-1219484,-1661.3840928681677,53,-,-,-,-,-
1638,65.52,-1219931,-2121.4951054307776,53,-,-,-,-,-
1639,65.56,-1220031,-1753.523403584682,53,-,-,-,-,-
1640,65.6,-1220162,-1216.9017990705947,53,-,-,-,-,-
1641,65.64,-1216554,-1126.2223039877754,53,-,-,-,-,-
1642,65.68,-1202669,-1637.3307484280285,53,-,-,-,-,-
1643,65.72,-1197380,-1765.115205184371,53,-,-,-,-,-
1644,65.76,-1196834,-1401.695058959158,53,-,-,-,-,-
1645,65.8,-1200807,-652.0688890549388,53,-,-,-,-,-
1646,65.84,-1205609,140.06840943808493,53,-,-,-,-,-
1647,65.88,-1207454,729.2691049832711,53,-,-,-,-,-
1648,65.92,-1207579,1176.658279911042,53,-,-,-,-,-
1649,65.96,-1206169,1587.9548780417672,53,-,-,-,-,-
1650,66.0,-1209545,2231.0577179543716,57,55.0,-,-,-,-
1651,66.04,-1215697,2881.0355090122903,57,-,-,-,-,-
1652,66.08,-1217287,2843.18833080663,57,-,-,-,-,-
1653,66.12,-1218772,1862.9762408483193,57,-,-,-,-,-
1654,66.16,-1219252,142.61613554019823,57,-,-,-,-,-
1655,66.2,-1220186,-1412.8198569335657,57,-,-,-,-,-
1656,66.24,-1220737,-2078.6937114347525,57,-,-,-,-,-
1657,66.28,-1221034,-1846.1698103226838,57,-,-,-,-,-
1658,66.32,-1218192,-1422.5876366240973,57,-,-,-,-,-
1659,66.36,-1209009,-1490.8808350861636,57,-,-,-,-,-
1660,66.4,-1196944,-1976.706276111816,57,-,-,-,-,-
1661,66.44,-1194979,-2031.2680004155409,57,-,-,-,-,-
1662,66.48,-1197855,-1454.071966171894,57,-,-,-,-,-
1663,66.52,-1202242,-445.6733282089908,57,-,-,-,-,-
1664,66.56,-1206733,548.6037712794359,57,-,-,-,-,-
1665,66.6,-1208530,1192.5229899692677,57,-,-,-,-,-
1666,66.64,-1206546,1552.5859748630555,57,-,-,-,-,-
1667,66.68,-1207847,2085.49708627164,57,-,-,-,-,-
1668,66.72,-1211324,2750.921816529961,57,-,-,-,-,-
1669,66.76,-1213768,3041.9586516549707,57,-,-,-,-,-
1670,66.8,-1217065,2486.726541180664,57,-,-,-,-,-
1671,66.84,-1217656,903.5281198820603,57,-,-,-,-,-
1672,66.88,-1219185,-910.1925443484809,57,-,-,-,-,-
1673,66.92,-1220110,-2068.9764292556797,57,-,-,-,-,-
1674,66.96,-1220527,-2179.424380418475,57,-,-,-,-,-
1675,67.0,-1221960,-1579.5545982400672,57,-,-,-,-,-
1676,67.04,-1219743,-1112.8980873104729,57,-,-,-,-,-
1677,67.08,-1214767,-1139.0873376465097,57,-,-,-,-,-
1678,67.12,-1199627,-1744.6249393221751,57,-,-,-,-,-
1679,67.16,-1194518,-1864.7361709900579,57,-,-,-,-,-
1680,67.2,-1197083,-1346.1668431731796,57,-,-,-,-,-
1681,67.24,-1200746,-521.9067490759796,57,-,-,-,-,-
1682,67.28,-1205013,319.4820092583286,57,-,-,-,-,-
1683,67.32,-1208366,973.3143042721658,57,-,-,-,-,-
1684,67.36,-1207652,1388.7145125558518,57,-,-,-,-,-
1685,67.4,-1207350,1873.2184511962414,57,-,-,-,-,-
1686,67.44,-1211850,2619.6898850669095,57,-,-,-,-,-
1687,67.48,-1213598,3102.235114089004,57,-,-,-,-,-
1688,67.52,-1217046,2903.792055445644,57,-,-,-,-,-
1689,67.56,-1218195,1582.3488117057905,57,-,-,-,-,-
1690,67.6,-1218732,-352.54546349031375,57,-,-,-,-,-
1691,67.64,-1219652,-1875.8432266852383,57,-,-,-,-,-
1692,67.68,-1221072,-2325.665560808242,57,-,-,-,-,-
1693,67.72,-1220134,-1973.298163322294,57,-,-,-,-,-
1694,67.76,-1219362,-1410.9207448073844,57,-,-,-,-,-
1695,67.8,-1213829,-1298.819769304033,57,-,-,-,-,-
1696,67.84,-1200447,-1725.9560381400133,57,-,-,-,-,-
1697,67.88,-1195496,-1812.3173740591083,57,-,-,-,-,-
1698,67.92,-1196925,-1352.591093939208,57,-,-,-,-,-
1699,67.96,-1201970,-495.6701129341317,57,-,-,-,-,-
1700,68.0,-1206529,366.2235121615122,57,-,-,-,-,-
1701,68.04,-1208918,998.2760333156375,57,-,-,-,-,-
1702,68.08,-1208534,1412.9818598246566,57,-,-,-,-,-
1703,68.12,-1209042,1880.5842313977428,57,-,-,-,-,-
1704,68.16,-1210279,2442.501136923195,57,-,-,-,-,-
1705,68.2,-1213253,2879.4035620085724,57,-,-,-,-,-
1706,68.24,-1216369,2650.2160251661353,57,-,-,-,-,-
1707,68.28,-1217690,1410.1269917597097,57,-,-,-,-,-
1708,68.32,-1219206,-377.83513929963146,57,-,-,-,-,-
1709,68.36,-1219400,-1842.5261111154168,57,-,-,-,-,-
1710,68.4,-1219604,-2285.6446445021065,57,-,-,-,-,-
1711,68.44,-1219792,-1846.9550911495144,57,-,-,-,-,-
1712,68.48,-1220126,-1184.0689739551099,57,-,-,-,-,-
1713,68.52,-1215939,-979.1198832542786,57,-,-,-,-,-
1714,68.56,-1203849,-1377.5579657220478,57,-,-,-,-,-
1715,68.6,-1196990,-1634.8870684111353,57,-,-,-,-,-
1716,68.64,-1197626,-1370.6134723916239,57,-,-,-,-,-
1717,68.68,-1199545,-737.8228382607549,57,-,-,-,-,-
1718,68.72,-1206286,184.7276232692011,57,-,-,-,-,-
1719,68.76,-1209025,884.1682129702622,57,-,-,-,-,-
1720,68.8,-1207712,1276.5579108247275,57,-,-,-,-,-
1721,68.84,-1207331,1628.2247515861086,57,-,-,-,-,-
1722,68.88,-1210876,2176.8101483211212,57,-,-,-,-,-
1723,68.92,-1213340,2661.5019013065566,57,-,-,-,-,-
1724,68.96,-1216598,2695.930608010589,57,-,-,-,-,-
1725,69.0,-1218614,1792.4415700707004,56,55.0,-,-,-,-
1726,69.04,-1219990,148.58492189968683,56,-,-,-,-,-
1727,69.08,-1220322,-1435.5956423082116,56,-,-,-,-,-
1728,69.12,-1219839,-2182.3863087527434,56,-,-,-,-,-
1729,69.16,-1215701,-2095.624817263736,56,-,-,-,-,-
1730,69.2,-1202051,-1915.7594928904182,56,-,-,-,-,-
1731,69.24,-1196077,-1694.3622402347046,56,-,-,-,-,-
1732,69.28,-1196132,-1609.2944282912358,56,-,-,-,-,-
1733,69.32,-1199417,-1417.2410481069155,56,-,-,-,-,-
1734,69.36,-1205541,-809.0016408967658,56,-,-,-,-,-
1735,69.4,-1208556,7.437940622350652,56,-,-,-,-,-
1736,69.44,-1208677,816.5884267735355,56,-,-,-,-,-
1737,69.48,-1207020,1521.9309308421757,56,-,-,-,-,-
1738,69.52,-1210264,2327.095774270413,56,-,-,-,-,-
1739,69.56,-1213867,2945.6314807736862,56,-,-,-,-,-
1740,69.6,-1215063,2875.256571913361,56,-,-,-,-,-
1741,69.64,-1218229,1904.6568322295461,56,-,-,-,-,-
1742,69.68,-1218897,144.47472632558993,56,-,-,-,-,-
1743,69.72,-1219255,-1474.0005827916407,56,-,-,-,-,-
1744,69.76,-1220662,-2137.3909914115607,56,-,-,-,-,-
1745,69.8,-1220160,-1888.7289554824315,56,-,-,-,-,-
1746,69.84,-1219995,-1243.1739714652917,56,-,-,-,-,-
1747,69.88,-1218389,-893.1357155362584,56,-,-,-,-,-
1748,69.92,-1206363,-1285.2725884135289,56,-,-,-,-,-
1749,69.96,-1197516,-1650.76624322116,56,-,-,-,-,-
1750,70.0,-1196299,-1469.4273800388928,56,-,-,-,-,-
1751,70.04,-1198853,-816.0239579335607,56,-,-,-,-,-
1752,70.08,-1202974,15.97063795761187,56,-,-,-,-,-
1753,70.12,-1207662,774.2116839231885,56,-,-,-,-,-
1754,70.16,-1208739,1262.7754541352642,56,-,-,-,-,-
1755,70.2,-1205992,1569.7074014956406,56,-,-,-,-,-
1756,70.24,-1209378,2138.844145876311,56,-,-,-,-,-
1757,70.28,-1212507,2698.7115004054176,56,-,-,-,-,-
1758,70.32,-1214403,2830.616384437628,56,-,-,-,-,-
1759,70.36,-1216833,2131.29402926239,56,-,-,-,-,-
1760,70.4,-1218077,566.128925196982,56,-,-,-,-,-
1761,70.44,-1219555,-1114.9540460371882,56,-,-,-,-,-
1762,70.48,-1220397,-2096.4822239090427,56,-,-,-,-,-
1763,70.52,-1221965,-2068.9459116786056,56,-,-,-,-,-
1764,70.56,-1221277,-1554.4925016882198,56,-,-,-,-,-
1765,70.6,-1219616,-1151.2456271994088,56,-,-,-,-,-
1766,70.64,-1210900,-1347.6207743669856,56,-,-,-,-,-
1767,70.68,-1199614,-1782.673720855144,56,-,-,-,-,-
1768,70.72,-1196479,-1728.4467843637685,56,-,-,-,-,-
1769,70.76,-1198136,-1174.2699903652501,56,-,-,-,-,-
1770,70.8,-1202612,-364.8499997147394,56,-,-,-,-,-
1771,70.84,-1206973,394.1723170934383,56,-,-,-,-,-
1772,70.88,-1207996,940.9550550579479,56,-,-,-,-,-
1773,70.92,-1206446,1385.455248276944,56,-,-,-,-,-
1774,70.96,-1208751,2035.2974448052355,56,-,-,-,-,-
1775,71.0,-1209921,2664.0372074675824,56,-,-,-,-,-
1776,71.04,-1213555,3033.3858749615365,56,-,-,-,-,-
1777,71.08,-1216279,2567.881862802251,56,-,-,-,-,-
1778,71.12,-1218661,1186.3003052114436,56,-,-,-,-,-
1779,71.16,-1219634,-573.9155534640399,56,-,-,-,-,-
1780,71.2,-1220895,-1783.5818582165766,56,-,-,-,-,-
1781,71.24,-1221976,-2013.6444908492267,56,-,-,-,-,-
1782,71.28,-1221593,-1598.0029457607238,56,-,-,-,-,-
1783,71.32,-1219747,-1182.515629765785,56,-,-,-,-,-
1784,71.36,-1214107,-1236.8347280157477,56,-,-,-,-,-
1785,71.4,-1201262,-1764.4121497372034,56,-,-,-,-,-
1786,71.44,-1196795,-1902.434543331061,56,-,-,-,-,-
1787,71.48,-1197481,-1524.5875219946593,56,-,-,-,-,-
1788,71.52,-1200904,-759.9893093571369,56,-,-,-,-,-
1789,71.56,-1205490,130.21301800596393,56,-,-,-,-,-
1790,71.6,-1207066,839.4709934750163,56,-,-,-,-,-
1791,71.64,-1207310,1405.7312661278274,56,-,-,-,-,-
1792,71.68,-1207582,1968.4348470030382,56,-,-,-,-,-
1793,71.72,-1211657,2661.1748492578354,56,-,-,-,-,-
1794,71.76,-1213974,3054.869333773746,56,-,-,-,-,-
1795,71.8,-1216841,2779.9833361413685,56,-,-,-,-,-
1796,71.84,-1217658,1534.1124512456531,56,-,-,-,-,-
1797,71.88,-1219323,-186.34993096294102,56,-,-,-,-,-
1798,71.92,-1220399,-1590.3366771423152,56,-,-,-,-,-
1799,71.96,-1222012,-2070.5841276398814,56,-,-,-,-,-
1800,72.0,-1221501,-1842.6876052787597,56,55.5,-,-,-,-
1801,72.04,-1218980,-1477.8367950032643,56,-,-,-,-,-
1802,72.08,-1209183,-1577.405018997446,56,-,-,-,-,-
1803,72.12,-1198105,-1915.7643187278118,56,-,-,-,-,-
1804,72.16,-1195753,-1849.5748737040758,56,-,-,-,-,-
1805,72.2,-1199179,-1271.1525653609506,56,-,-,-,-,-
1806,72.24,-1204072,-425.186967146602,56,-,-,-,-,-
1807,72.28,-1207946,369.7159977993133,56,-,-,-,-,-
1808,72.32,-1209650,969.1209206511094,56,-,-,-,-,-
1809,72.36,-1208663,1449.2186138670959,56,-,-,-,-,-
1810,72.4,-1209197,2074.3960158106966,56,-,-,-,-,-
1811,72.44,-1211970,2776.1475721203988,56,-,-,-,-,-
1812,72.48,-1214693,3059.0999732388045,56,-,-,-,-,-
1813,72.52,-1215583,2378.961516742958,56,-,-,-,-,-
1814,72.56,-1218547,851.5526407695397,56,-,-,-,-,-
1815,72.6,-1219384,-954.1333597606174,56,-,-,-,-,-
1816,72.64,-1220081,-2058.362733150604,56,-,-,-,-,-
1817,72.68,-1220738,-2102.207463212538,56,-,-,-,-,-
1818,72.72,-1220868,-1510.1302794126389,56,-,-,-,-,-
1819,72.76,-1220393,-965.082028189438,56,-,-,-,-,-
1820,72.8,-1214945,-967.7296602997567,56,-,-,-,-,-
1821,72.84,-1199720,-1535.421786552066,56,-,-,-,-,-
1822,72.88,-1196085,-1623.123361636468,56,-,-,-,-,-
1823,72.92,-1196850,-1259.2833577959736,56,-,-,-,-,-
1824,72.96,-1201858,-521.0373877786203,56,-,-,-,-,-
1825,73.0,-1206528,259.40385500946195,56,-,-,-,-,-
1826,73.04,-1207744,852.3723211538218,56,-,-,-,-,-
1827,73.08,-1206862,1290.041827843178,56,-,-,-,-,-
1828,73.12,-1208056,1802.8994734180342,56,-,-,-,-,-
1829,73.16,-1210131,2418.6455084666013,56,-,-,-,-,-
1830,73.2,-1212546,2902.045341299111,56,-,-,-,-,-
1831,73.24,-1215259,2722.8234667203405,56,-,-,-,-,-
1832,73.28,-1216462,1482.4376877639652,56,-,-,-,-,-
1833,73.32,-1218411,-328.1516692568407,56,-,-,-,-,-
1834,73.36,-1219673,-1770.7285583668408,56,-,-,-,-,-
1835,73.4,-1221354,-2145.016129978838,56,-,-,-,-,-
1836,73.44,-1221263,-1720.3444919451872,56,-,-,-,-,-
1837,73.48,-1222452,-1111.2714562721992,56,-,-,-,-,-
1838,73.52,-1218960,-1009.417168569722,56,-,-,-,-,-
1839,73.56,-1206136,-1509.6170280671413,56,-,-,-,-,-
1840,73.6,-1197738,-1806.6341584021447,56,-,-,-,-,-
1841,73.64,-1197672,-1533.9412066876666,56,-,-,-,-,-
1842,73.68,-1201174,-888.5242864527027,56,-,-,-,-,-
1843,73.72,-1204417,-177.6565139465315,56,-,-,-,-,-
1844,73.76,-1208340,498.06709875991874,56,-,-,-,-,-
1845,73.8,-1207632,965.9656315810525,56,-,-,-,-,-
1846,73.84,-1207517,1487.9309278460123,56,-,-,-,-,-
1847,73.88,-1208919,2168.2876682536426,56,-,-,-,-,-
1848,73.92,-1212606,2882.8423395058626,56,-,-,-,-,-
1849,73.96,-1214340,3022.1555696138157,56,-,-,-,-,-
1850,74.0,-1216539,2201.770916441261,56,-,-,-,-,-
1851,74.04,-1217847,529.4170713273447,56,-,-,-,-,-
1852,74.08,-1219503,-1108.4259323087206,56,-,-,-,-,-
1853,74.12,-1220093,-1933.773636565694,56,-,-,-,-,-
1854,74.16,-1220029,-1832.709150647786,56,-,-,-,-,-
1855,74.2,-1219634,-1339.5247037835493,56,-,-,-,-,-
1856,74.24,-1220161,-997.7494943307938,56,-,-,-,-,-
1857,74.28,-1210211,-1328.7749674627012,56,-,-,-,-,-
1858,74.32,-1199031,-1771.047006842813,56,-,-,-,-,-
1859,74.36,-1196034,-1699.958131958212,56,-,-,-,-,-
1860,74.4,-1198614,-1130.0361840906098,56,-,-,-,-,-
1861,74.44,-1203538,-328.6854802151802,56,-,-,-,-,-
1862,74.48,-1207329,412.5960840803127,56,-,-,-,-,-
1863,74.52,-1208414,969.6583595220318,56,-,-,-,-,-
1864,74.56,-1206376,1357.5349027597135,56,-,-,-,-,-
1865,74.6,-1208890,1908.451424700489,56,-,-,-,-,-
1866,74.64,-1211962,2504.8361632894566,56,-,-,-,-,-
1867,74.68,-1213733,2814.2693151332505,56,-,-,-,-,-
1868,74.72,-1215749,2387.3242514887033,56,-,-,-,-,-
1869,74.76,-1217482,1020.3783821269762,56,-,-,-,-,-
1870,74.8,-1218868,-720.4557977407135,56,-,-,-,-,-
1871,74.84,-1220174,-1880.9411725655048,56,-,-,-,-,-
1872,74.88,-1220722,-2024.3515924463134,56,-,-,-,-,-
1873,74.92,-1220771,-1509.2129191849458,56,-,-,-,-,-
1874,74.96,-1220093,-1048.9301023085973,56,-,-,-,-,-
1875,75.0,-1215525,-1102.4138148151678,56,56.25,-,-,-,-
1876,75.04,-1196088,-1822.3381093953612,56,-,-,-,-,-
1877,75.08,-1196129,-1720.2772618391937,56,-,-,-,-,-
1878,75.12,-1200930,-1136.5449927403242,56,-,-,-,-,-
1879,75.16,-1205315,-391.9530022995964,56,-,-,-,-,-
1880,75.2,-1208836,309.4607742412463,56,-,-,-,-,-
1881,75.24,-1207550,768.6076492089223,56,-,-,-,-,-
1882,75.28,-1207380,1217.771867890708,56,-,-,-,-,-
1883,75.32,-1210820,1840.786536654392,56,-,-,-,-,-
1884,75.36,-1214597,2555.8275580394293,56,-,-,-,-,-
1885,75.4,-1216479,2995.8830515744858,56,-,-,-,-,-
1886,75.44,-1218004,2616.350697791894,56,-,-,-,-,-
1887,75.48,-1218955,1130.3659966557088,56,-,-,-,-,-
1888,75.52,-1220208,-783.4546870868197,56,-,-,-,-,-
1889,75.56,-1220975,-1999.660172010855,56,-,-,-,-,-
1890,75.6,-1221024,-2039.785255868413,56,-,-,-,-,-
1891,75.64,-1221516,-1440.1022823705516,56,-,-,-,-,-
1892,75.68,-1219066,-1138.9631789178457,56,-,-,-,-,-
1893,75.72,-1203823,-1664.94387344781,56,-,-,-,-,-
1894,75.76,-1195593,-1980.2903910210098,56,-,-,-,-,-
1895,75.8,-1195444,-1658.992787287969,56,-,-,-,-,-
1896,75.84,-1199967,-839.9223916613821,56,-,-,-,-,-
1897,75.88,-1204169,20.65943881552721,56,-,-,-,-,-
1898,75.92,-1207234,690.8410587754624,56,-,-,-,-,-
1899,75.96,-1207835,1144.5305243452767,56,-,-,-,-,-
1900,76.0,-1207158,1572.429621820932,56,-,-,-,-,-
1901,76.04,-1209750,2241.30371332307,56,-,-,-,-,-
1902,76.08,-1213247,2935.5364286624754,56,-,-,-,-,-
1903,76.12,-1215425,3067.546074078333,56,-,-,-,-,-
1904,76.16,-1217273,2144.449147466511,56,-,-,-,-,-
1905,76.2,-1219702,349.7706259950869,56,-,-,-,-,-
1906,76.24,-1219964,-1463.2743370650126,56,-,-,-,-,-
1907,76.28,-1220909,-2291.4797908096793,56,-,-,-,-,-
1908,76.32,-1220044,-2131.923703041132,56,-,-,-,-,-
1909,76.36,-1220236,-1525.149257016492,56,-,-,-,-,-
1910,76.4,-1219318,-1173.0675503064413,56,-,-,-,-,-
1911,76.44,-1209671,-1452.2389755327022,56,-,-,-,-,-
1912,76.48,-1198898,-1818.8031066967178,56,-,-,-,-,-
1913,76.52,-1196951,-1632.5806336781916,56,-,-,-,-,-
1914,76.56,-1198730,-1010.4526149522244,56,-,-,-,-,-
1915,76.6,-1203120,-161.89122996650894,56,-,-,-,-,-
1916,76.64,-1207771,654.0115711937488,56,-,-,-,-,-
1917,76.68,-1208272,1208.6225042962196,56,-,-,-,-,-
1918,76.72,-1205675,1556.7081064361,56,-,-,-,-,-
1919,76.76,-1208403,2065.0326529055747,56,-,-,-,-,-
1920,76.8,-1210197,2552.3886851878915,56,-,-,-,-,-
1921,76.84,-1213644,2829.7835833664803,56,-,-,-,-,-
1922,76.88,-1216745,2362.776187257051,56,-,-,-,-,-
1923,76.92,-1218154,972.4568477562898,56,-,-,-,-,-
1924,76.96,-1220254,-692.9748611489213,56,-,-,-,-,-
1925,77.0,-1220436,-1837.4447271187446,56,-,-,-,-,-
1926,77.04,-1221429,-1963.8510143042474,56,-,-,-,-,-
1927,77.08,-1222122,-1454.3409809523484,56,-,-,-,-,-
1928,77.12,-1220004,-1066.9465676544555,56,-,-,-,-,-
1929,77.16,-1214416,-1200.435190424374,56,-,-,-,-,-
1930,77.2,-1199644,-1864.7027815901383,56,-,-,-,-,-
1931,77.24,-1195695,-1993.892402848478,56,-,-,-,-,-
1932,77.28,-1197208,-1536.1888672989953,56,-,-,-,-,-
1933,77.32,-1202451,-657.2656246960528,56,-,-,-,-,-
1934,77.36,-1206766,239.38189444168802,56,-,-,-,-,-
1935,77.4,-1207518,895.8010629428545,56,-,-,-,-,-
1936,77.44,-1206423,1373.1106126526256,56,-,-,-,-,-
1937,77.48,-1207289,1926.188681037318,56,-,-,-,-,-
1938,77.52,-1210534,2620.322918362842,56,-,-,-,-,-
1939,77.56,-1214595,3135.083271164811,56,-,-,-,-,-
1940,77.6,-1217095,2855.622703155934,56,-,-,-,-,-
1941,77.64,-1218357,1512.8023882858906,56,-,-,-,-,-
1942,77.68,-1219212,-379.7517018435599,56,-,-,-,-,-
1943,77.72,-1220484,-1797.466474498008,56,-,-,-,-,-
1944,77.76,-1221199,-2147.3410323550497,56,-,-,-,-,-
1945,77.8,-1221359,-1691.537504133088,56,-,-,-,-,-
1946,77.84,-1219982,-1217.1052281371053,56,-,-,-,-,-
1947,77.88,-1216426,-1226.8860434011976,56,-,-,-,-,-
1948,77.92,-1202678,-1839.0032784550403,56,-,-,-,-,-
1949,77.96,-1197071,-2004.4216091297458,56,-,-,-,-,-
1950,78.0,-1196541,-1562.5856999745756,55,55.75,-,-,-,Minimo
1951,78.04,-1201855,-628.4649730126189,55,-,-,-,-,Minimo
1952,78.08,-1205483,239.8429992410738,55,-,-,-,-,Minimo
1953,78.12,-1208931,914.9373310740139,55,-,-,-,-,Minimo
1954,78.16,-1207200,1292.862411931269,55,-,-,-,-,Minimo
1955,78.2,-1207338,1757.1390706761604,55,-,-,-,-,Minimo
1956,78.24,-1210203,2393.003957206224,55,-,-,-,-,Minimo
1957,78.28,-1213028,2900.330343769382,55,-,-,-,-,Minimo
1958,78.32,-1216007,2819.056875507519,55,-,-,-,-,Minimo
1959,78.36,-1218657,1787.3063538087881,55,-,-,-,-,Minimo
1960,78.4,-1217500,-27.64246295476346,55,-,-,-,-,Minimo
1961,78.44,-1220256,-1509.6373508224876,55,-,-,-,-,Minimo
1962,78.48,-1221766,-2089.4497901436616,55,-,-,-,-,Minimo
1963,78.52,-1222889,-1764.1049784119618,55,-,-,-,-,Minimo
1964,78.56,-1218456,-1334.6682056935852,55,-,-,-,-,Minimo
1965,78.6,-1205810,-1463.2510070744083,55,-,-,-,-,Minimo
1966,78.64,-1197229,-1799.6907873135879,55,-,-,-,-,Minimo
1967,78.68,-1196468,-1843.311146657199,55,-,-,-,-,Minimo
1968,78.72,-1199045,-1405.3141866785154,55,-,-,-,-,Minimo
1969,78.76,-1203872,-557.9323776603505,55,-,-,-,-,Minimo
1970,78.8,-1208047,307.54192980944936,55,-,-,-,-,Minimo
1971,78.84,-1207535,859.8080101810492,55,-,-,-,-,Minimo
1972,78.88,-1206991,1355.0631877047063,55,-,-,-,-,Minimo
1973,78.92,-1210035,2125.4344630913392,55,-,-,-,-,Minimo
1974,78.96,-1212637,2927.890075004406,55,-,-,-,-,Minimo
1975,79.0,-1215556,3212.5186135999593,55,-,-,-,-,Minimo
1976,79.04,-1217807,2405.7857435874475,55,-,-,-,-,Minimo
1977,79.08,-1219552,673.3514785714387,55,-,-,-,-,Minimo
1978,79.12,-1219971,-1123.9991026100834,55,-,-,-,-,Minimo
1979,79.16,-1220811,-2058.512729899543,55,-,-,-,-,Minimo
1980,79.2,-1221208,-1997.7489382664485,55,-,-,-,-,Minimo
1981,79.24,-1220342,-1492.4959445994614,55,-,-,-,-,Minimo
1982,79.28,-1216462,-1229.4469461589752,55,-,-,-,-,Minimo
1983,79.32,-1204131,-1585.5062908445452,55,-,-,-,-,Minimo
1984,79.36,-1197415,-1838.8552111151675,55,-,-,-,-,Minimo
1985,79.4,-1196868,-1621.7750851771998,55,-,-,-,-,Minimo
1986,79.44,-1203509,-828.567092488387,55,-,-,-,-,Minimo
1987,79.48,-1207831,42.95023446700634,55,-,-,-,-,Minimo
1988,79.52,-1209898,768.8779324778197,55,-,-,-,-,Minimo
1989,79.56,-1207502,1202.16758032386,55,-,-,-,-,Minimo
1990,79.6,-1208830,1697.8524252631087,55,-,-,-,-,Minimo
1991,79.64,-1211961,2299.0772431440264,55,-,-,-,-,Minimo
1992,79.68,-1213118,2747.9097573742883,55,-,-,-,-,Minimo
1993,79.72,-1216510,2727.35217059386,55,-,-,-,-,Minimo
1994,79.76,-1217866,1708.0053797911478,55,-,-,-,-,Minimo
1995,79.8,-1219420,-0.19289963954088307,55,-,-,-,-,Minimo
1996,79.84,-1219661,-1554.318178212013,55,-,-,-,-,Minimo
1997,79.88,-1221282,-2074.9288768426018,55,-,-,-,-,Minimo
1998,79.92,-1220738,-1707.2936440696435,55,-,-,-,-,Minimo
1999,79.96,-1220126,-1102.9920083466154,55,-,-,-,-,Minimo
2000,80.0,-1209307,-1195.6795187865027,55,-,-,-,-,Minimo
2001,80.04,-1198145,-1645.1199442370435,55,-,-,-,-,Minimo
2002,80.08,-1195272,-1752.961870928535,55,-,-,-,-,Minimo
2003,80.12,-1197840,-1333.0561432400118,55,-,-,-,-,Minimo
2004,80.16,-1204077,-511.3159652032773,55,-,-,-,-,Minimo
2005,80.2,-1208612,309.7873586362666,55,-,-,-,-,Minimo
2006,80.24,-1209109,897.0401604174504,55,-,-,-,-,Minimo
2007,80.28,-1207598,1338.147785486165,55,-,-,-,-,Minimo
2008,80.32,-1209942,1954.9259631094428,55,-,-,-,-,Minimo
2009,80.36,-1213051,2644.61853110171,55,-,-,-,-,Minimo
2010,80.4,-1215795,3004.297139288451,55,-,-,-,-,Minimo
2011,80.44,-1217998,2477.0483117113054,55,-,-,-,-,Minimo
2012,80.48,-1219446,929.5979664711936,55,-,-,-,-,Minimo
2013,80.52,-1219503,-985.3587270408597,55,-,-,-,-,Minimo
2014,80.56,-1221021,-2170.036407378418,55,-,-,-,-,Minimo
2015,80.6,-1221114,-2258.8678958212145,55,-,-,-,-,Minimo
2016,80.64,-1220430,-1647.0601202009689,55,-,-,-,-,Minimo
2017,80.68,-1218707,-1119.9174426492555,55,-,-,-,-,Minimo
2018,80.72,-1205700,-1397.9983481224644,55,-,-,-,-,Minimo
2019,80.76,-1196588,-1765.203200849919,55,-,-,-,-,Minimo
2020,80.8,-1195724,-1637.5008242577896,55,-,-,-,-,Minimo
2021,80.84,-1200508,-936.71147985525,55,-,-,-,-,Minimo
2022,80.88,-1205425,-34.65710045542983,55,-,-,-,-,Minimo
2023,80.92,-1208010,716.2227875873332,55,-,-,-,-,Minimo
2024,80.96,-1207492,1190.666941004156,55,-,-,-,-,Minimo
2025,81.0,-1208226,1639.5097284453714,52,54.75,-,-,-,Minimo
2026,81.04,-1216065,2395.59918145578,52,-,-,-,-,Minimo
2027,81.08,-1216774,2909.886360308087,52,-,-,-,-,Minimo
2028,81.12,-1218932,3004.6375461793714,52,-,-,-,-,Minimo
2029,81.16,-1219092,2077.050061853456,52,-,-,-,-,Minimo
2030,81.2,-1219954,308.187858897385,52,-,-,-,-,Minimo
2031,81.24,-1220168,-1487.8444481063611,52,-,-,-,-,Minimo
2032,81.28,-1220074,-2388.4815254266764,52,-,-,-,-,Minimo
2033,81.32,-1215867,-2389.0060496985598,52,-,-,-,-,Minimo
2034,81.36,-1200019,-2353.081906168134,52,-,-,-,-,Minimo
2035,81.4,-1195485,-2124.259636113762,52,-,-,-,-,Minimo
2036,81.44,-1196014,-1881.8567952434232,52,-,-,-,-,Minimo
2037,81.48,-1201240,-1263.59482178257,52,-,-,-,-,Minimo
2038,81.52,-1205283,-342.72396005619794,52,-,-,-,-,Minimo
2039,81.56,-1208128,595.118139202893,52,-,-,-,-,Minimo
2040,81.6,-1207154,1200.1988780617294,52,-,-,-,-,Minimo
2041,81.64,-1208831,1745.0837524224562,52,-,-,-,-,Minimo
2042,81.68,-1211024,2356.129215780612,52,-,-,-,-,Minimo
2043,81.72,-1213878,2921.1422821907854,52,-,-,-,-,Minimo
2044,81.76,-1216858,2882.4654877079447,52,-,-,-,-,Minimo
2045,81.8,-1219669,1791.5796566272275,52,-,-,-,-,Minimo
2046,81.84,-1219496,-106.63472943009515,52,-,-,-,-,Minimo
2047,81.88,-1220631,-1676.9976304687914,52,-,-,-,-,Minimo
2048,81.92,-1221176,-2228.973784739351,52,-,-,-,-,Minimo
2049,81.96,-1220100,-1914.0949498265445,52,-,-,-,-,Minimo
2050,82.0,-1219819,-1339.8580350990228,52,-,-,-,-,Minimo
2051,82.04,-1214291,-1227.082647660187,52,-,-,-,-,Minimo
2052,82.08,-1200389,-1672.6607889883817,52,-,-,-,-,Minimo
2053,82.12,-1195763,-1770.106022039714,52,-,-,-,-,Minimo
2054,82.16,-1199703,-1277.1662416080726,52,-,-,-,-,Minimo
2055,82.2,-1203945,-474.30506032294875,52,-,-,-,-,Minimo
2056,82.24,-1208277,416.7491203551981,52,-,-,-,-,Minimo
2057,82.28,-1208070,1034.0709974527244,52,-,-,-,-,Minimo
2058,82.32,-1206225,1426.4664660385833,52,-,-,-,-,Minimo
2059,82.36,-1210514,1968.0428570584645,52,-,-,-,-,Minimo
2060,82.4,-1211747,2455.9374716331467,52,-,-,-,-,Minimo
2061,82.44,-1214688,2838.652606696246,52,-,-,-,-,Minimo
2062,82.48,-1215589,2501.380824064331,52,-,-,-,-,Minimo
2063,82.52,-1218245,1271.1215767416697,52,-,-,-,-,Minimo
2064,82.56,-1219961,-482.51210329886726,52,-,-,-,-,Minimo
2065,82.6,-1220348,-1788.816844751464,52,-,-,-,-,Minimo
2066,82.64,-1222940,-1956.1438409354887,52,-,-,-,-,Minimo
2067,82.68,-1221436,-1527.008016131291,52,-,-,-,-,Minimo
2068,82.72,-1217736,-1196.7324104863555,52,-,-,-,-,Minimo
2069,82.76,-1203364,-1588.7551576888764,52,-,-,-,-,Minimo
2070,82.8,-1196804,-1863.6719257956902,52,-,-,-,-,Minimo
2071,82.84,-1197477,-1666.7190545868307,52,-,-,-,-,Minimo
2072,82.88,-1200210,-1094.3213973707816,52,-,-,-,-,Minimo
2073,82.92,-1205427,-313.29985801206567,52,-,-,-,-,Minimo
2074,82.96,-1208351,363.94174751063656,52,-,-,-,-,Minimo
2075,83.0,-1207607,887.6786061271732,52,-,-,-,-,Minimo
2076,83.04,-1207679,1502.2395881915236,52,-,-,-,-,Minimo
2077,83.08,-1209899,2298.1255770280004,52,-,-,-,-,Minimo
2078,83.12,-1213938,3036.9430341332272,52,-,-,-,-,Minimo
2079,83.16,-1216878,3091.640837417591,52,-,-,-,-,Minimo
2080,83.2,-1218086,2042.010583756898,52,-,-,-,-,Minimo
2081,83.24,-1218341,212.1185994333464,52,-,-,-,-,Minimo
2082,83.28,-1219173,-1426.7593288459661,52,-,-,-,-,Minimo
2083,83.32,-1220567,-2107.7458295715414,52,-,-,-,-,Minimo
2084,83.36,-1219563,-1922.283694497095,52,-,-,-,-,Minimo
2085,83.4,-1220232,-1342.5257836856804,52,-,-,-,-,Minimo
2086,83.44,-1216083,-1162.1232140457787,52,-,-,-,-,Minimo
2087,83.48,-1202520,-1626.0902934879214,52,-,-,-,-,Minimo
2088,83.52,-1196791,-1832.5367613219532,52,-,-,-,-,Minimo
2089,83.56,-1198103,-1455.0848014150297,52,-,-,-,-,Minimo
2090,83.6,-1202045,-638.7190170325536,52,-,-,-,-,Minimo
2091,83.64,-1207066,271.41523518440044,52,-,-,-,-,Minimo
2092,83.68,-1208948,885.8831633243408,52,-,-,-,-,Minimo
2093,83.72,-1208044,1223.9983694376488,52,-,-,-,-,Minimo
2094,83.76,-1209936,1654.6720748330963,52,-,-,-,-,Minimo
2095,83.8,-1212250,2219.944403195711,52,-,-,-,-,Minimo
2096,83.84,-1215336,2742.493474307681,52,-,-,-,-,Minimo
2097,83.88,-1215995,2621.676894956884,52,-,-,-,-,Minimo
2098,83.92,-1217637,1581.803349151818,52,-,-,-,-,Minimo
2099,83.96,-1219429,-114.66929717167568,52,-,-,-,-,Minimo
2100,84.0,-1219665,-1619.2224545167612,58,55.25,-,-,-,Minimo
2101,84.04,-1221228,-2121.490817306335,58,-,-,-,-,Minimo
2102,84.08,-1219929,-1838.6156115800782,58,-,-,-,-,Minimo
2103,84.12,-1213641,-1481.3281438619806,58,-,-,-,-,Minimo
2104,84.16,-1198873,-1650.3598439281832,58,-,-,-,-,Minimo
2105,84.2,-1195727,-1662.0123504779385,58,-,-,-,-,Minimo
2106,84.24,-1197296,-1411.981432777562,58,-,-,-,-,Minimo
2107,84.28,-1202936,-757.7744407775906,58,-,-,-,-,Minimo
2108,84.32,-1207231,-3.794658858276307,58,-,-,-,-,Minimo
2109,84.36,-1208879,616.0487927497461,58,-,-,-,-,Minimo
2110,84.4,-1208104,1085.8916113062432,58,-,-,-,-,Minimo
2111,84.44,-1208627,1655.554785374919,58,-,-,-,-,Minimo
2112,84.48,-1212896,2445.271867217728,58,-,-,-,-,Minimo
2113,84.52,-1215295,2972.9811236214728,58,-,-,-,-,Minimo
2114,84.56,-1217277,2711.639525268809,58,-,-,-,-,Minimo
2115,84.6,-1218530,1368.630904616526,58,-,-,-,-,Minimo
2116,84.64,-1219232,-527.3596950219337,58,-,-,-,-,Minimo
2117,84.68,-1220840,-1902.253476622549,58,-,-,-,-,Minimo
2118,84.72,-1220077,-2246.3732449997024,58,-,-,-,-,Minimo
2119,84.76,-1219790,-1745.2960989247517,58,-,-,-,-,Minimo
2120,84.8,-1218894,-1179.8694653844273,58,-,-,-,-,Minimo
2121,84.84,-1209671,-1263.811544059974,58,-,-,-,-,Minimo
2122,84.88,-1197944,-1681.8002615056412,58,-,-,-,-,Minimo
2123,84.92,-1196145,-1620.249858225572,58,-,-,-,-,Minimo
2124,84.96,-1199746,-1020.6008423296134,58,-,-,-,-,Minimo
2125,85.0,-1204991,-156.28125476969444,58,-,-,-,-,Minimo
2126,85.04,-1208803,614.1047359904705,58,-,-,-,-,Minimo
2127,85.08,-1209069,1116.1562487718493,58,-,-,-,-,Minimo
2128,85.12,-1207635,1480.5805355504508,58,-,-,-,-,Minimo
2129,85.16,-1211445,2046.0901180755445,58,-,-,-,-,Minimo
2130,85.2,-1214083,2582.720972436963,58,-,-,-,-,Minimo
2131,85.24,-1216702,2810.59217919449,58,-,-,-,-,Minimo
2132,85.28,-1217910,2207.059633060683,58,-,-,-,-,Minimo
2133,85.32,-1220042,739.1797265958244,58,-,-,-,-,Minimo
2134,85.36,-1220446,-1039.085632948954,58,-,-,-,-,Minimo
2135,85.4,-16775462,486923.27608141303,58,-,-,-,-,Minimo
2136,85.44,-16775477,446901.69669138175,58,-,-,-,-,Minimo
2137,85.48,-16775445,360641.88710225606,58,-,-,-,-,Minimo
2138,85.52,-16775518,222837.82695992535,58,-,-,-,-,Minimo
2139,85.56,-16775436,45439.16057338449,58,-,-,-,-,Minimo
2140,85.6,-16775562,-143110.71570446063,58,-,-,-,-,Minimo
2141,85.64,-16775442,-338394.9567520963,58,-,-,-,-,Minimo
2142,85.68,-16775498,-606514.7727050851,58,-,-,-,-,Minimo
2143,85.72,-16775635,-1026523.6336274412,58,-,-,-,-,Minimo
2144,85.76,-16775405,-1489310.343622026,58,-,-,-,-,Minimo
2145,85.8,-16775369,-1604430.5715716644,58,-,-,-,-,Minimo
2146,85.84,-16775412,-1045049.9940264192,58,-,-,-,-,Minimo
2147,85.88,-16775387,-35809.51077629416,58,-,-,-,-,Minimo
2148,85.92,-16775392,783446.9983140794,58,-,-,-,-,Minimo
2149,85.96,-16775543,1041691.8327794645,58,-,-,-,-,Minimo
2150,86.0,-16775664,913861.6286056282,58,-,-,-,-,Minimo
2151,86.04,-16775573,737139.0241039457,58,-,-,-,-,Minimo
2152,86.08,-16775484,643678.3508689998,58,-,-,-,-,Minimo
2153,86.12,-16775547,584151.487870511,58,-,-,-,-,Minimo
2154,86.16,-16775518,499216.4541252684,58,-,-,-,-,Minimo
2155,86.2,-16775463,387851.23490441986,58,-,-,-,-,Minimo
2156,86.24,-16775497,275768.82105710055,58,-,-,-,-,Minimo
2157,86.28,-16775505,178047.3011745792,58,-,-,-,-,Minimo
2158,86.32,-16775421,94786.29161750712,58,-,-,-,-,Minimo
2159,86.36,-16775407,22657.34399031545,58,-,-,-,-,Minimo
2160,86.4,-16775402,-38623.47194216435,58,-,-,-,-,Minimo
2161,86.44,-16775336,-87558.68720951944,58,-,-,-,-,Minimo
2162,86.48,-16775351,-123574.43129251711,58,-,-,-,-,Minimo
2163,86.52,-16775435,-147588.06387709524,58,-,-,-,-,Minimo
2164,86.56,-16775405,-161153.6811908214,58,-,-,-,-,Minimo
2165,86.6,-16775554,-165784.03908495925,58,-,-,-,-,Minimo
2166,86.64,-16775533,-162921.2789108937,58,-,-,-,-,Minimo
2167,86.68,-16775636,-154015.15996716748,58,-,-,-,-,Minimo
2168,86.72,-16775700,-140561.84311778384,58,-,-,-,-,Minimo
2169,86.76,-16775682,-123990.00130759063,58,-,-,-,-,Minimo
2170,86.8,-16775541,-105578.08918381546,58,-,-,-,-,Minimo
2171,86.84,-16775678,-86409.22779374564,58,-,-,-,-,Minimo
2172,86.88,-16775595,-67413.77673868963,58,-,-,-,-,Minimo
2173,86.92,-16775545,-49320.794932771416,58,-,-,-,-,Minimo
2174,86.96,-16775501,-32693.73379991032,58,-,-,-,-,Minimo
2175,87.0,-16775492,-17928.083151847444,nan,55.0,-,-,-,-
2176,87.04,-16775311,-5276.041497667116,nan,-,-,-,-,-
2177,87.08,-16775337,5162.627090510039,nan,-,-,-,-,-
2178,87.12,-16775379,13381.575583223355,nan,-,-,-,-,-
2179,87.16,-16775439,19470.437237985883,nan,-,-,-,-,-
2180,87.2,-16775658,23588.444931770442,nan,-,-,-,-,-
2181,87.24,-16775652,25931.161340021587,nan,-,-,-,-,-
2182,87.28,-16775555,26748.271415935516,nan,-,-,-,-,-
2183,87.32,-16775500,26306.443308703092,nan,-,-,-,-,-
2184,87.36,-16775560,24868.246023981337,nan,-,-,-,-,-
2185,87.4,-16775522,22675.85089089276,nan,-,-,-,-,-
2186,87.44,-16775522,19965.13951793332,nan,-,-,-,-,-
2187,87.48,-16775470,16941.390636314547,nan,-,-,-,-,-
2188,87.52,-16775441,13792.849759944227,nan,-,-,-,-,-
2189,87.56,-16775375,10681.445225401323,nan,-,-,-,-,-
2190,87.6,-16775315,7743.422504439444,nan,-,-,-,-,-
2191,87.64,-16775417,5074.608155358896,nan,-,-,-,-,-
2192,87.68,-16775410,2704.9880023288606,nan,-,-,-,-,-
2193,87.72,-16775429,649.6365283190535,nan,-,-,-,-,-
2194,87.76,-16775624,-1053.007684484477,nan,-,-,-,-,-
2195,87.8,-16775643,-2338.1699871110723,nan,-,-,-,-,-
2196,87.84,-16775555,-3152.9349739785666,nan,-,-,-,-,-
2197,87.88,-16775521,-3558.328475348282,nan,-,-,-,-,-
2198,87.92,-16775497,-3711.8862487482274,nan,-,-,-,-,-
2199,87.96,-16775587,-3723.558515929435,nan,-,-,-,-,-
2200,88.0,-16775377,-3625.0258267482013,nan,-,-,-,-,-
2201,88.04,-16775427,-3386.562773326754,nan,-,-,-,-,-
2202,88.08,-16775452,-3039.4926323780774,nan,-,-,-,-,-
2203,88.12,-16775617,-2630.7363524225157,nan,-,-,-,-,-
2204,88.16,-16775650,-2220.911297373683,nan,-,-,-,-,-
2205,88.2,-16775539,-1847.815798564845,nan,-,-,-,-,-
2206,88.24,-16775517,-1535.6458097541981,nan,-,-,-,-,-
2207,88.28,-16775506,-1316.0896029042106,nan,-,-,-,-,-
2208,88.32,-16775513,-1207.2634090143238,nan,-,-,-,-,-
2209,88.36,-16775534,12.259879861412497,nan,-,-,-,-,-
2210,88.4,-16775510,5.986701311333482,nan,-,-,-,-,-
2211,88.44,-16775470,-3.488788291920997,nan,-,-,-,-,-
2212,88.48,-16775486,-13.463257627019049,nan,-,-,-,-,-
2213,88.52,-16775432,-19.050829944179682,nan,-,-,-,-,-
2214,88.56,-16775407,-10.251345645511222,nan,-,-,-,-,-
2215,88.6,-16775391,5.602695390653844,nan,-,-,-,-,-
2216,88.64,-16775427,16.154717039782003,nan,-,-,-,-,-
2217,88.68,-16775504,15.843040560148907,nan,-,-,-,-,-
2218,88.72,-16775441,6.083110935928865,nan,-,-,-,-,-
2219,88.76,-16775570,6.483527745085496,nan,-,-,-,-,-
2220,88.8,-16775503,5.869595783847295,nan,-,-,-,-,-
2221,88.84,-16775619,11.828191945672472,nan,-,-,-,-,-
2222,88.88,-16775675,12.806797907078192,nan,-,-,-,-,-
2223,88.92,-16775568,5.12413540031331,nan,-,-,-,-,-
2224,88.96,-16775505,-3.629049340434932,nan,-,-,-,-,-
2225,89.0,-16775487,-12.377871906190592,nan,-,-,-,-,-
2226,89.04,-16775351,-23.757763681990554,nan,-,-,-,-,-
2227,89.08,-16775408,-24.30763133876242,nan,-,-,-,-,-
2228,89.12,-16775367,-22.635334535879174,nan,-,-,-,-,-
2229,89.16,-16775502,-12.804835554270994,nan,-,-,-,-,-
2230,89.2,-16775424,-9.659584603655219,nan,-,-,-,-,-
2231,89.24,-16775489,-0.5451491893059313,nan,-,-,-,-,-
2232,89.28,-16775692,16.572369127191223,nan,-,-,-,-,-
2233,89.32,-16775545,23.991434425274303,nan,-,-,-,-,-
2234,89.36,-16775520,30.11445210896073,nan,-,-,-,-,-
2235,89.4,-16775511,26.290438756266287,nan,-,-,-,-,-
2236,89.44,-16775498,13.247636554265654,nan,-,-,-,-,-
2237,89.48,-16775490,-2.632773571668075,nan,-,-,-,-,-
2238,89.52,-16775488,-15.204219388294234,nan,-,-,-,-,-
2239,89.56,-16775472,-21.861182760348747,nan,-,-,-,-,-
2240,89.6,-16775498,-21.38012721341895,nan,-,-,-,-,-
2241,89.64,-16775347,-22.40194834166317,nan,-,-,-,-,-
2242,89.68,-16775349,-13.760153199995756,nan,-,-,-,-,-
2243,89.72,-16775356,-0.4038515212739995,nan,-,-,-,-,-
2244,89.76,-16775592,18.81484320308047,nan,-,-,-,-,-
2245,89.8,-16775641,23.415426513358426,nan,-,-,-,-,-
2246,89.84,-16775644,18.37629986802095,nan,-,-,-,-,-
2247,89.88,-16775570,9.302151767369947,nan,-,-,-,-,-
2248,89.92,-16775538,4.658656526897211,nan,-,-,-,-,-
2249,89.96,-16775521,3.8560117900167725,nan,-,-,-,-,-
2250,90.0,-16775555,5.533979580396899,nan,55.0,-,-,-,Desconexión
2251,90.04,-16775436,-1.4602098390937925,nan,-,-,-,-,Desconexión
2252,90.08,-16775445,-12.116807434036389,nan,-,-,-,-,Desconexión
2253,90.12,-16775416,-28.422604103814635,nan,-,-,-,-,Desconexión
2254,90.16,-16775465,-34.58968185979365,nan,-,-,-,-,Desconexión
2255,90.2,-16775404,-26.74167455551663,nan,-,-,-,-,Desconexión
2256,90.24,-16775377,-4.632422301459048,nan,-,-,-,-,Desconexión
2257,90.28,-16775436,17.798924212095177,nan,-,-,-,-,Desconexión
2258,90.32,-16775470,25.92874187940931,nan,-,-,-,-,Desconexión
2259,90.36,-16775670,28.349233406309537,nan,-,-,-,-,Desconexión
2260,90.4,-16775509,17.261464642164356,nan,-,-,-,-,Desconexión
2261,90.44,-16775402,10.157857487356154,nan,-,-,-,-,Desconexión
2262,90.48,-16775467,8.317212735840918,nan,-,-,-,-,Desconexión
2263,90.52,-16775554,5.000432458427007,nan,-,-,-,-,Desconexión
2264,90.56,-16775527,-1.729237919058182,nan,-,-,-,-,Desconexión
2265,90.6,-16775553,-4.78250622426348,nan,-,-,-,-,Desconexión
2266,90.64,-16775533,-9.906886161706076,nan,-,-,-,-,Desconexión
2267,90.68,-16775537,-16.274019660362647,nan,-,-,-,-,Desconexión
2268,90.72,-16775506,-20.438614758333806,nan,-,-,-,-,Desconexión
2269,90.76,-16775382,-17.46914129015019,nan,-,-,-,-,Desconexión
2270,90.8,-16775260,-7.0516640634017165,nan,-,-,-,-,Desconexión
2271,90.84,-16775432,7.663727560842499,nan,-,-,-,-,Desconexión
2272,90.88,-16775424,4.064579160794651,nan,-,-,-,-,Desconexión
2273,90.92,-16775629,2.3787882277495953,nan,-,-,-,-,Desconexión
2274,90.96,-16775391,-6.4969924517464435,nan,-,-,-,-,Desconexión
2275,91.0,-16775501,4.23363401730154,nan,-,-,-,-,Desconexión
2276,91.04,-16775545,14.20314362840071,nan,-,-,-,-,Desconexión
2277,91.08,-16775586,20.93886934576308,nan,-,-,-,-,Desconexión
2278,91.12,-16775586,22.70856940078764,nan,-,-,-,-,Desconexión
2279,91.16,-16775624,19.554509474161357,nan,-,-,-,-,Desconexión
2280,91.2,-16775653,6.584380598835054,nan,-,-,-,-,Desconexión
2281,91.24,-16775498,-17.507653128833226,nan,-,-,-,-,Desconexión
2282,91.28,-16775481,-29.699582723322735,nan,-,-,-,-,Desconexión
2283,91.32,-16775511,-25.100862136504134,nan,-,-,-,-,Desconexión
2284,91.36,-16775529,-12.657027567524825,nan,-,-,-,-,Desconexión
2285,91.4,-16775507,-6.397778956047286,nan,-,-,-,-,Desconexión
2286,91.44,-16775511,-7.427929787102908,nan,-,-,-,-,Desconexión
2287,91.48,-16775569,-6.919133477535688,nan,-,-,-,-,Desconexión
2288,91.52,-16775463,-5.197425075159828,nan,-,-,-,-,Desconexión
2289,91.56,-16775438,4.288811083980711,nan,-,-,-,-,Desconexión
2290,91.6,-16775467,15.387507703688236,nan,-,-,-,-,Desconexión
2291,91.64,-16775506,21.473261204422123,nan,-,-,-,-,Desconexión
2292,91.68,-16775492,17.501645695521855,nan,-,-,-,-,Desconexión
2293,91.72,-16775549,9.947095798093947,nan,-,-,-,-,Desconexión
2294,91.76,-16775441,-1.6687540769653317,nan,-,-,-,-,Desconexión
2295,91.8,-16775348,-6.7543259065230075,nan,-,-,-,-,Desconexión
2296,91.84,-16775331,-4.493058179369228,nan,-,-,-,-,Desconexión
2297,91.88,-16775413,2.3599863920015807,nan,-,-,-,-,Desconexión
2298,91.92,-16775443,5.995008533731365,nan,-,-,-,-,Desconexión
2299,91.96,-16775418,3.8278721143756798,nan,-,-,-,-,Desconexión
2300,92.0,-16775435,-0.8509154635033411,nan,-,-,-,-,Desconexión
2301,92.04,-16775615,0.5238632379450223,nan,-,-,-,-,Desconexión
2302,92.08,-16775591,1.2079892807818453,nan,-,-,-,-,Desconexión
2303,92.12,-16775566,7.324284152050556,nan,-,-,-,-,Desconexión
2304,92.16,-16775603,14.30869411164638,nan,-,-,-,-,Desconexión
2305,92.2,-16775533,9.292950074135632,nan,-,-,-,-,Desconexión
2306,92.24,-16775427,-6.360306336646261,nan,-,-,-,-,Desconexión
2307,92.28,-16775499,-17.927002579101213,nan,-,-,-,-,Desconexión
2308,92.32,-16775515,-24.02391474672294,nan,-,-,-,-,Desconexión
2309,92.36,-16775468,-24.322354363442948,nan,-,-,-,-,Desconexión
2310,92.4,-16775479,-20.284814601056816,nan,-,-,-,-,Desconexión
2311,92.44,-16775510,-14.671126318837855,nan,-,-,-,-,Desconexión
2312,92.48,-16775520,-5.546082157765594,nan,-,-,-,-,Desconexión
2313,92.52,-16775436,4.692167303447064,nan,-,-,-,-,Desconexión
2314,92.56,-16775523,18.73923835572047,nan,-,-,-,-,Desconexión
2315,92.6,-16775471,21.146325843181884,nan,-,-,-,-,Desconexión
2316,92.64,-16775460,16.86671442693313,nan,-,-,-,-,Desconexión
2317,92.68,-16775486,9.337269020023122,nan,-,-,-,-,Desconexión
2318,92.72,-16775461,1.5241375406949615,nan,-,-,-,-,Desconexión
2319,92.76,-16775517,0.920267582395212,nan,-,-,-,-,Desconexión
2320,92.8,-16775485,0.33188325761711823,nan,-,-,-,-,Desconexión
2321,92.84,-16775413,-1.5062786369510377,nan,-,-,-,-,Desconexión
2322,92.88,-16775370,-2.5211075983407696,nan,-,-,-,-,Desconexión
2323,92.92,-16775353,-2.3217521539623505,nan,-,-,-,-,Desconexión
2324,92.96,-16775448,1.2597171869209731,nan,-,-,-,-,Desconexión
2325,93.0,-16775449,1.3200907261638122,nan,58.0,-,-,-,Minimo
2326,93.04,-16775610,6.114919190016479,nan,-,-,-,-,Minimo
2327,93.08,-16775540,2.807874911951515,nan,-,-,-,-,Minimo
2328,93.12,-16775639,4.827736118813817,nan,-,-,-,-,Minimo
2329,93.16,-16775552,2.62310613193846,nan,-,-,-,-,Minimo
2330,93.2,-16775364,-0.6691086895545766,nan,-,-,-,-,Minimo
2331,93.24,-16775526,6.020148853585269,nan,-,-,-,-,Minimo
2332,93.28,-16775623,4.565939935768675,nan,-,-,-,-,Minimo
2333,93.32,-16775601,-7.143258782893778,nan,-,-,-,-,Minimo
2334,93.36,-16775471,-22.848337257590345,nan,-,-,-,-,Minimo
2335,93.4,-16775541,-25.286500930834464,nan,-,-,-,-,Minimo
2336,93.44,-16775471,-22.20334735509924,nan,-,-,-,-,Minimo
2337,93.48,-16775478,-8.804093616836,nan,-,-,-,-,Minimo
2338,93.52,-16775535,8.134311589276738,nan,-,-,-,-,Minimo
2339,93.56,-16775490,15.901789639460127,nan,-,-,-,-,Minimo
2340,93.6,-16775512,14.145105587815074,nan,-,-,-,-,Minimo
2341,93.64,-16775431,0.5424459530363421,nan,-,-,-,-,Minimo
2342,93.68,-16775432,-6.533987848608,nan,-,-,-,-,Minimo
2343,93.72,-16775448,-0.6637271331740209,nan,-,-,-,-,Minimo
2344,93.76,-16775473,11.407118669635409,nan,-,-,-,-,Minimo
2345,93.8,-16775509,16.98942570496188,nan,-,-,-,-,Minimo
2346,93.84,-16775529,12.140722386070792,nan,-,-,-,-,Minimo
2347,93.88,-16775502,3.110753270789175,nan,-,-,-,-,Minimo
2348,93.92,-16775376,-4.791715082578399,nan,-,-,-,-,Minimo
2349,93.96,-16775430,-1.3968196505539812,nan,-,-,-,-,Minimo
2350,94.0,-16775426,2.1226657712469357,nan,-,-,-,-,Minimo
2351,94.04,-16775516,5.936653409890539,nan,-,-,-,-,Minimo
2352,94.08,-16775448,-0.20404960324871269,nan,-,-,-,-,Minimo
2353,94.12,-16775689,0.8115227478780014,nan,-,-,-,-,Minimo
2354,94.16,-16775676,-4.399802514464909,nan,-,-,-,-,Minimo
2355,94.2,-16775511,-9.002106048084812,nan,-,-,-,-,Minimo
2356,94.24,-16775488,-3.912793076215962,nan,-,-,-,-,Minimo
2357,94.28,-16775697,8.906093893183545,nan,-,-,-,-,Minimo
2358,94.32,-16775705,9.288402080513869,nan,-,-,-,-,Minimo
2359,94.36,-16775642,-0.7544840428377455,nan,-,-,-,-,Minimo
2360,94.4,-16775563,-14.918943099822869,nan,-,-,-,-,Minimo
2361,94.44,-16775544,-23.78089082286695,nan,-,-,-,-,Minimo
2362,94.48,-16775520,-25.271598851507008,nan,-,-,-,-,Minimo
2363,94.52,-16775589,-15.252895179213379,nan,-,-,-,-,Minimo
2364,94.56,-16775503,-4.208172445777954,nan,-,-,-,-,Minimo
2365,94.6,-16775567,9.104643828010712,nan,-,-,-,-,Minimo
2366,94.64,-16775617,10.82054792232001,nan,-,-,-,-,Minimo
2367,94.68,-16775586,2.882599993307199,nan,-,-,-,-,Minimo
2368,94.72,-16775532,1.0318318116694627,nan,-,-,-,-,Minimo
2369,94.76,-16775493,10.61346393421919,nan,-,-,-,-,Minimo
2370,94.8,-16775502,20.91582831662057,nan,-,-,-,-,Minimo
2371,94.84,-16775514,19.530865969972727,nan,-,-,-,-,Minimo
2372,94.88,-16775502,8.437050048430496,nan,-,-,-,-,Minimo
2373,94.92,-16775366,-5.560480662579259,nan,-,-,-,-,Minimo
2374,94.96,-16775369,-9.015659617077812,nan,-,-,-,-,Minimo
2375,95.0,-16775470,-4.711165711844224,nan,-,-,-,-,Minimo
2376,95.04,-16775418,-2.517450823512128,nan,-,-,-,-,Minimo
2377,95.08,-16775539,7.385979229174964,nan,-,-,-,-,Minimo
2378,95.12,-16775520,11.825474482844129,nan,-,-,-,-,Minimo
2379,95.16,-16775486,10.54512350954123,nan,-,-,-,-,Minimo
2380,95.2,-16775465,5.142393827351577,nan,-,-,-,-,Minimo
2381,95.24,-16775473,1.6747330240402283,nan,-,-,-,-,Minimo
2382,95.28,-16775432,0.3212343603379324,nan,-,-,-,-,Minimo
2383,95.32,-16775347,-3.0025142294503837,nan,-,-,-,-,Minimo
2384,95.36,-16775324,-9.815605056967712,nan,-,-,-,-,Minimo
2385,95.4,-16775425,-15.620013783166051,nan,-,-,-,-,Minimo
2386,95.44,-16775534,-16.28952549621249,nan,-,-,-,-,Minimo
2387,95.48,-16775498,-12.724698367033334,nan,-,-,-,-,Minimo
2388,95.52,-16775626,1.5025954850326997,nan,-,-,-,-,Minimo
2389,95.56,-16775647,11.017015586302023,nan,-,-,-,-,Minimo
2390,95.6,-16775547,11.37593085155956,nan,-,-,-,-,Minimo
2391,95.64,-16775560,10.81639073697503,nan,-,-,-,-,Minimo
2392,95.68,-16775553,7.254317741918811,nan,-,-,-,-,Minimo
2393,95.72,-16775530,0.1823573664130791,nan,-,-,-,-,Minimo
2394,95.76,-16775500,-11.599750228504917,nan,-,-,-,-,Minimo
2395,95.8,-16775452,-24.79578357853144,nan,-,-,-,-,Minimo
2396,95.84,-16775410,-30.714105202163807,nan,-,-,-,-,Minimo
2397,95.88,-16775510,-21.08869479751813,nan,-,-,-,-,Minimo
2398,95.92,-16775339,-12.730158758784611,nan,-,-,-,-,Minimo
2399,95.96,-16775325,1.883503937023768,nan,-,-,-,-,Minimo
2400,96.0,-16775439,16.95689659406319,nan,nan,-,-,-,Minimo
2401,96.04,-16775547,25.290000674136706,nan,-,-,-,-,Minimo
2402,96.08,-16775658,27.959002537392962,nan,-,-,-,-,Minimo
2403,96.12,-16775590,22.796297776058793,nan,-,-,-,-,Minimo
2404,96.16,-16775668,22.12184792446091,nan,-,-,-,-,Minimo
2405,96.2,-16775671,17.496985009290256,nan,-,-,-,-,Minimo
2406,96.24,-16775616,8.861196960209249,nan,-,-,-,-,Minimo
2407,96.28,-16775596,1.0167680018164873,nan,-,-,-,-,Minimo
2408,96.32,-16775504,-9.406520612971164,nan,-,-,-,-,Minimo
2409,96.36,-16775518,-19.54451181192634,nan,-,-,-,-,Minimo
2410,96.4,-16775498,-32.69677249640719,nan,-,-,-,-,Minimo
2411,96.44,-16775504,-38.0416715425215,nan,-,-,-,-,Minimo
2412,96.48,-16775432,-31.89188371296055,nan,-,-,-,-,Minimo
2413,96.52,-16775477,-12.46688527905573,nan,-,-,-,-,Minimo
2414,96.56,-16775553,6.876708832804773,nan,-,-,-,-,Minimo
2415,96.6,-16775449,14.227064286155208,nan,-,-,-,-,Minimo
2416,96.64,-16775445,20.143003213097405,nan,-,-,-,-,Minimo
2417,96.68,-16775520,25.095567683543848,nan,-,-,-,-,Minimo
2418,96.72,-16775507,22.43033162270946,nan,-,-,-,-,Minimo
2419,96.76,-16775486,15.145649109572457,nan,-,-,-,-,Minimo
2420,96.8,-16775333,2.8565690864945026,nan,-,-,-,-,Minimo
2421,96.84,-16775480,2.334917647786142,nan,-,-,-,-,Minimo
2422,96.88,-16775702,5.845869399743151,nan,-,-,-,-,Minimo
2423,96.92,-16775610,-0.268202593164915,nan,-,-,-,-,Minimo
2424,96.96,-16775599,-2.463189348846889,nan,-,-,-,-,Minimo
2425,97.0,-16775514,-5.359206932982147,nan,-,-,-,-,Minimo
2426,97.04,-16775607,-3.0369310489289267,nan,-,-,-,-,Minimo
2427,97.08,-16775658,-3.0236180560240697,nan,-,-,-,-,Minimo
2428,97.12,-16775587,-5.426661125755942,nan,-,-,-,-,Minimo
2429,97.16,-16775592,-4.893300367021212,nan,-,-,-,-,Minimo
2430,97.2,-16775538,-11.502515858584374,nan,-,-,-,-,Minimo
2431,97.24,-16775511,-22.143546670736725,nan,-,-,-,-,Minimo
2432,97.28,-16775435,-27.80892857499616,nan,-,-,-,-,Minimo
2433,97.32,-16775461,-15.296286572140986,nan,-,-,-,-,Minimo
2434,97.36,-16775341,-1.0682102055793194,nan,-,-,-,-,Minimo
2435,97.4,-16775432,10.980558203603362,nan,-,-,-,-,Minimo
2436,97.44,-16775337,5.769672691956828,nan,-,-,-,-,Minimo
2437,97.48,-16775345,3.7006719477168177,nan,-,-,-,-,Minimo
2438,97.52,-16775277,6.87008967235006,nan,-,-,-,-,Minimo
2439,97.56,-16775282,16.18713349993308,nan,-,-,-,-,Minimo
2440,97.6,-16775425,26.040673341572727,nan,-,-,-,-,Minimo
2441,97.64,-16775700,33.66768732172534,nan,-,-,-,-,Minimo
2442,97.68,-16775571,23.916433570581233,nan,-,-,-,-,Minimo
2443,97.72,-16775399,10.780536769382145,nan,-,-,-,-,Minimo
2444,97.76,-16775419,3.3810980641844566,nan,-,-,-,-,Minimo
2445,97.8,-16775449,-2.4709061032963806,nan,-,-,-,-,Minimo
2446,97.84,-16775442,-7.092071601896109,nan,-,-,-,-,Minimo
2447,97.88,-16775519,-8.434426470110104,nan,-,-,-,-,Minimo
2448,97.92,-16775434,-18.86159656648985,nan,-,-,-,-,Minimo
2449,97.96,-16775380,-32.808860699257025,nan,-,-,-,-,Minimo
2450,98.0,-16775450,-38.33437450991296,nan,-,-,-,-,Minimo
2451,98.04,-16775505,-27.563116476384206,nan,-,-,-,-,Minimo
2452,98.08,-16775437,-4.542560287420336,nan,-,-,-,-,Minimo
2453,98.12,-16775470,19.372822358266777,nan,-,-,-,-,Minimo
2454,98.16,-16775487,22.89690557404168,nan,-,-,-,-,Minimo
2455,98.2,-16775481,9.538550795502442,nan,-,-,-,-,Minimo
2456,98.24,-16775401,-4.271228386971181,nan,-,-,-,-,Minimo
2457,98.28,-16775434,-2.6400516690718625,nan,-,-,-,-,Minimo
2458,98.32,-16775529,6.820530758617188,nan,-,-,-,-,Minimo
2459,98.36,-16775561,9.663510241998026,nan,-,-,-,-,Minimo
2460,98.4,-16775503,2.8853068104497437,nan,-,-,-,-,Minimo
2461,98.44,-16775521,-1.7298046286344615,nan,-,-,-,-,Minimo
2462,98.48,-16775472,-3.523566725101503,nan,-,-,-,-,Minimo
2463,98.52,-16775476,-0.33764322218797815,nan,-,-,-,-,Minimo
2464,98.56,-16775438,0.9595603174769138,nan,-,-,-,-,Minimo
2465,98.6,-16775570,5.659155513791504,nan,-,-,-,-,Minimo
2466,98.64,-16775543,2.3452149569478458,nan,-,-,-,-,Minimo
2467,98.68,-16775497,-4.510165929064804,nan,-,-,-,-,Minimo
2468,98.72,-16775458,-10.028237701004791,nan,-,-,-,-,Minimo
2469,98.76,-16775497,-6.557161957451462,nan,-,-,-,-,Minimo
2470,98.8,-16775419,-0.9392659868797821,nan,-,-,-,-,Minimo
2471,98.84,-16775471,7.936882547472548,nan,-,-,-,-,Minimo
2472,98.88,-16775547,11.12950824926046,nan,-,-,-,-,Minimo
2473,98.92,-16775507,4.650145739432141,nan,-,-,-,-,Minimo
2474,98.96,-16775529,-1.1745166213599951,nan,-,-,-,-,Minimo
2475,99.0,-16775480,-5.356528984360482,nan,nan,-,-,-,Minimo
2476,99.04,-16775489,-1.406096437925509,nan,-,-,-,-,Minimo
2477,99.08,-16775446,3.761060985272664,nan,-,-,-,-,Minimo
2478,99.12,-16775455,7.053943709875483,nan,-,-,-,-,Minimo
2479,99.16,-16775595,8.161647026478036,nan,-,-,-,-,Minimo
2480,99.2,-300473,-517987.55836332776,nan,-,-,-,-,Minimo
2481,99.24,-29491,-484149.39123931807,nan,-,-,-,-,Minimo
2482,99.28,-16706841,132874.71008785814,nan,-,-,-,-,Minimo
2483,99.32,-16706935,237966.72415071726,nan,-,-,-,-,Minimo
2484,99.36,-16692012,334766.735511207,nan,-,-,-,-,Minimo
2485,99.4,-16773303,391839.99483237043,nan,-,-,-,-,Minimo
2486,99.44,-16773821,411727.9581985709,nan,-,-,-,-,Minimo
2487,99.48,-16773896,497131.4973032933,nan,-,-,-,-,Minimo
2488,99.52,-1174066,246610.37360955775,nan,-,-,-,-,Minimo
2489,99.56,-1159893,495496.36483973917,nan,-,-,-,-,Minimo
2490,99.6,-1156214,261128.87921680976,nan,-,-,-,-,Minimo
2491,99.64,-1156773,-687774.2254451582,nan,-,-,-,-,Minimo
2492,99.68,-1163802,-1712785.1680072597,nan,-,-,-,-,Minimo
2493,99.72,-1206672,-1809722.3404746435,nan,-,-,-,-,Minimo
2494,99.76,-1211805,-821645.6209008391,nan,-,-,-,-,Minimo
2495,99.8,-1208214,455533.6659854427,nan,-,-,-,-,Minimo
2496,99.84,-1210387,1345327.0007198723,nan,-,-,-,-,Minimo
2497,99.88,-1214164,1779284.2873512479,nan,-,-,-,-,Minimo
2498,99.92,-1217128,1774200.484805379,nan,-,-,-,-,Minimo
2499,99.96,-1219416,1205167.857470843,nan,-,-,-,-,Minimo
2500,100.0,-1222705,246729.03207411035,nan,-,-,-,-,Minimo
2501,100.04,-1223847,-548730.5307338098,nan,-,-,-,-,Minimo
2502,100.08,-1224914,-824649.124191179,nan,-,-,-,-,Minimo
2503,100.12,-1227456,-727642.1700325226,nan,-,-,-,-,Minimo
2504,100.16,-1225215,-575893.6265519604,nan,-,-,-,-,Minimo
2505,100.2,-1223091,-502608.7664197191,nan,-,-,-,-,Minimo
2506,100.24,-1214634,-465770.34300928423,nan,-,-,-,-,Minimo
2507,100.28,-1200532,-407626.2850629323,nan,-,-,-,-,Minimo
2508,100.32,-1198669,-323128.07763122267,nan,-,-,-,-,Minimo
2509,100.36,-1201795,-234883.8794372487,nan,-,-,-,-,Minimo
2510,100.4,-1206042,-157221.0414527587,nan,-,-,-,-,Minimo
2511,100.44,-1210488,-90748.01269559446,nan,-,-,-,-,Minimo
2512,100.48,-1210006,-32634.34744662803,nan,-,-,-,-,Minimo
2513,100.52,-1206798,17577.671229956788,nan,-,-,-,-,Minimo
2514,100.56,-1211212,58836.160383802024,nan,-,-,-,-,Minimo
2515,100.6,-1213899,89993.22073248099,nan,-,-,-,-,Minimo
2516,100.64,-1217163,111302.62459792953,nan,-,-,-,-,Minimo
2517,100.68,-1219876,123407.66613912466,nan,-,-,-,-,Minimo
2518,100.72,-1220136,127339.57284191664,nan,-,-,-,-,Minimo
2519,100.76,-1220542,124934.05407100989,nan,-,-,-,-,Minimo
2520,100.8,-1221485,118282.00360468324,nan,-,-,-,-,Minimo
2521,100.84,-1221604,108890.10414983204,nan,-,-,-,-,Minimo
2522,100.88,-1221484,97419.98861718786,nan,-,-,-,-,Minimo
2523,100.92,-1218833,84031.54833134863,nan,-,-,-,-,Minimo
2524,100.96,-1208090,69107.95746996425,nan,-,-,-,-,Minimo
2525,101.0,-1199527,54048.954624110585,nan,-,-,-,-,Minimo
2526,101.04,-1197775,40093.309917974606,nan,-,-,-,-,Minimo
2527,101.08,-1201592,27781.760909934266,nan,-,-,-,-,Minimo
2528,101.12,-1205198,16987.900774231268,nan,-,-,-,-,Minimo
2529,101.16,-1208562,7608.07345855367,nan,-,-,-,-,Minimo
2530,101.2,-1208720,-428.5434658233571,nan,-,-,-,-,Minimo
2531,101.24,-1208989,-6842.279240332558,nan,-,-,-,-,Minimo
2532,101.28,-1210563,-11468.5310864013,nan,-,-,-,-,Minimo
2533,101.32,-1214190,-14464.03420381865,nan,-,-,-,-,Minimo
2534,101.36,-1217320,-16479.21604232314,nan,-,-,-,-,Minimo
2535,101.4,-1219572,-18161.879111218128,nan,-,-,-,-,Minimo
2536,101.44,-1220809,-19653.513072458416,nan,-,-,-,-,Minimo
2537,101.48,-1223033,-20358.733486927802,nan,-,-,-,-,Minimo
2538,101.52,-1223305,-19747.503805137305,nan,-,-,-,-,Minimo
2539,101.56,-1223476,-17775.682719458953,nan,-,-,-,-,Minimo
2540,101.6,-1223007,-15173.795547172384,nan,-,-,-,-,Minimo
2541,101.64,-1220038,-12767.17475276905,nan,-,-,-,-,Minimo
2542,101.68,-1201914,-11157.039224998101,nan,-,-,-,-,Minimo
2543,101.72,-1197500,-9090.665161332341,nan,-,-,-,-,Minimo
2544,101.76,-1198777,-6543.224971476826,nan,-,-,-,-,Minimo
2545,101.8,-1203137,-3710.6823807441688,nan,-,-,-,-,Minimo
2546,101.84,-1207948,-1010.9960670404726,nan,-,-,-,-,Minimo
2547,101.88,-1210860,1228.5677833829996,nan,-,-,-,-,Minimo
2548,101.92,-1209093,2852.045130821458,nan,-,-,-,-,Minimo
2549,101.96,-1210542,4196.810811060297,nan,-,-,-,-,Minimo
2550,102.0,-1213638,5349.845350983641,nan,nan,-,-,-,-
2551,102.04,-1217368,6216.133366022943,nan,-,-,-,-,-
2552,102.08,-1220079,6296.586293335559,nan,-,-,-,-,-
2553,102.12,-1222497,5191.077828963804,nan,-,-,-,-,-
2554,102.16,-1222605,1867.0109285621438,nan,-,-,-,-,-
2555,102.2,-1223660,-58.95238465934017,nan,-,-,-,-,-
2556,102.24,-1222892,221.79346370670464,nan,-,-,-,-,-
2557,102.28,-1222495,172.81670258205622,nan,-,-,-,-,-
2558,102.32,-1217255,238.98680993812275,nan,-,-,-,-,-
2559,102.36,-1202870,-239.34684186601316,nan,-,-,-,-,-
2560,102.4,-1198104,-613.8151932734427,nan,-,-,-,-,-
2561,102.44,-1198699,-588.186969340331,nan,-,-,-,-,-
2562,102.48,-1202124,-1182.8356679986068,nan,-,-,-,-,-
2563,102.52,-1207862,-165.7191350584253,nan,-,-,-,-,-
2564,102.56,-1208770,710.0435322409767,nan,-,-,-,-,-
2565,102.6,-1208850,1384.559650617657,nan,-,-,-,-,-
2566,102.64,-1209510,1950.9578742403946,nan,-,-,-,-,-
2567,102.68,-1212501,2579.5922913981367,nan,-,-,-,-,-
2568,102.72,-1215385,3046.527060176307,nan,-,-,-,-,-
2569,102.76,-1216747,2843.5124063103967,nan,-,-,-,-,-
2570,102.8,-1218920,1702.6876939507838,nan,-,-,-,-,-
2571,102.84,-1220532,-79.6512328930421,nan,-,-,-,-,-
2572,102.88,-1220973,-1611.3860370164125,nan,-,-,-,-,-
2573,102.92,-1222901,-2123.080198161418,nan,-,-,-,-,-
2574,102.96,-1222148,-1852.2344084397848,nan,-,-,-,-,-
2575,103.0,-1221416,-1350.4648971806969,nan,-,-,-,-,-
2576,103.04,-1215420,-1288.410914829642,nan,-,-,-,-,-
2577,103.08,-1200111,-1779.8289171515135,nan,-,-,-,-,-
2578,103.12,-1197482,-1782.5975365344384,nan,-,-,-,-,-
2579,103.16,-1201236,-1280.9856085019237,nan,-,-,-,-,-
2580,103.2,-1205843,-528.7286242130604,nan,-,-,-,-,-
2581,103.24,-1210330,243.72476803576956,nan,-,-,-,-,-
2582,103.28,-1208093,713.0999880551763,nan,-,-,-,-,-
2583,103.32,-1208500,1213.1735526043667,nan,-,-,-,-,-
2584,103.36,-1211593,1853.7386943699094,nan,-,-,-,-,-
2585,103.4,-1214539,2549.6330341635376,nan,-,-,-,-,-
2586,103.44,-1215390,2937.308125630072,nan,-,-,-,-,-
2587,103.48,-1218447,2616.3633440994654,nan,-,-,-,-,-
2588,103.52,-1220107,1238.429631615029,nan,-,-,-,-,-
2589,103.56,-1220345,-619.0143821040638,nan,-,-,-,-,-
2590,103.6,-1221251,-1848.4194536859775,nan,-,-,-,-,-
2591,103.64,-1221385,-1988.04735048443,nan,-,-,-,-,-
2592,103.68,-1221664,-1456.7250775920147,nan,-,-,-,-,-
2593,103.72,-1217714,-1170.3491099952425,nan,-,-,-,-,-
2594,103.76,-1204027,-1581.6614751378547,nan,-,-,-,-,-
2595,103.8,-1199628,-1769.2224968433966,nan,-,-,-,-,-
2596,103.84,-1197282,-1606.5221956393307,nan,-,-,-,-,-
2597,103.88,-1203082,-871.883783517521,nan,-,-,-,-,-
2598,103.92,-1207005,-82.32860818687459,nan,-,-,-,-,-
2599,103.96,-1209488,604.0469979064719,nan,-,-,-,-,-
2600,104.0,-1208654,1076.3868740758599,nan,-,-,-,-,-
2601,104.04,-1210619,1603.7071198097701,nan,-,-,-,-,-
2602,104.08,-1213016,2203.71822782225,nan,-,-,-,-,-
2603,104.12,-1216139,2755.2933682467738,nan,-,-,-,-,-
2604,104.16,-1218957,2765.999721736126,nan,-,-,-,-,-
2605,104.2,-1220368,1796.263224395137,nan,-,-,-,-,-
2606,104.24,-1221199,100.64719377179631,nan,-,-,-,-,-
2607,104.28,-1222267,-1443.1304204009382,nan,-,-,-,-,-
2608,104.32,-1222667,-2118.8099480618685,nan,-,-,-,-,-
2609,104.36,-1221783,-1939.544297075197,nan,-,-,-,-,-
2610,104.4,-1220853,-1458.6037132749411,nan,-,-,-,-,-
2611,104.44,-1211278,-1479.6684291934998,nan,-,-,-,-,-
2612,104.48,-1197983,-1863.8998779265403,nan,-,-,-,-,-
2613,104.52,-1197955,-1736.2187101160926,nan,-,-,-,-,-
2614,104.56,-1201699,-1165.7820649554028,nan,-,-,-,-,-
2615,104.6,-1204313,-377.5601578126716,nan,-,-,-,-,-
2616,104.64,-1209082,497.0760662167968,nan,-,-,-,-,-
2617,104.68,-1208521,1059.4662471451338,nan,-,-,-,-,-
2618,104.72,-1208992,1547.277812802351,nan,-,-,-,-,-
2619,104.76,-1211957,2142.429724858628,nan,-,-,-,-,-
2620,104.8,-1215492,2769.0846686303066,nan,-,-,-,-,-
2621,104.84,-1217379,3000.188810818984,nan,-,-,-,-,-
2622,104.88,-1218924,2367.375345516645,nan,-,-,-,-,-
2623,104.92,-1221009,832.7313607387946,nan,-,-,-,-,-
2624,104.96,-1221131,-973.5347619298353,nan,-,-,-,-,-
2625,105.0,-1222529,-2012.329179497469,57,57.0,-,-,-,-
2626,105.04,-1220826,-2135.488594803155,57,-,-,-,-,-
2627,105.08,-1210033,-2015.0905010020451,57,-,-,-,-,-
2628,105.12,-1199668,-1950.9292959409795,57,-,-,-,-,-
2629,105.16,-1197288,-1863.814935700546,57,-,-,-,-,-
2630,105.2,-1199473,-1607.82595436055,57,-,-,-,-,-
2631,105.24,-1204210,-995.2916583254414,57,-,-,-,-,-
2632,105.28,-1208927,-154.77784104398143,57,-,-,-,-,-
2633,105.32,-1209712,573.6610883706944,57,-,-,-,-,-
2634,105.36,-1208863,1179.4953305587096,57,-,-,-,-,-
2635,105.4,-1210920,1896.6939586235476,57,-,-,-,-,-
2636,105.44,-1212313,2602.426495754132,57,-,-,-,-,-
2637,105.48,-1214862,2993.8116038595454,57,-,-,-,-,-
2638,105.52,-1217389,2507.2514307000647,57,-,-,-,-,-
2639,105.56,-1219508,1048.3274924880611,57,-,-,-,-,-
2640,105.6,-1221684,-696.3538184499903,57,-,-,-,-,-
2641,105.64,-1221684,-1872.945387273796,57,-,-,-,-,-
2642,105.68,-1221385,-2031.136689902145,57,-,-,-,-,-
2643,105.72,-1221589,-1508.923957549981,57,-,-,-,-,-
2644,105.76,-1221057,-1000.6510059497946,57,-,-,-,-,-
2645,105.8,-1211823,-1120.8703893018974,57,-,-,-,-,-
2646,105.84,-1199671,-1563.7357075003893,57,-,-,-,-,-
2647,105.88,-1197366,-1594.0594926483973,57,-,-,-,-,-
2648,105.92,-1198865,-1217.0751994703696,57,-,-,-,-,-
2649,105.96,-1204087,-466.60696278312844,57,-,-,-,-,-
2650,106.0,-1207635,336.55854698734584,57,-,-,-,-,-
2651,106.04,-1209870,1049.8404337549755,57,-,-,-,-,-
2652,106.08,-1207323,1494.6377417528447,57,-,-,-,-,-
2653,106.12,-1209246,2028.4580788596795,57,-,-,-,-,-
2654,106.16,-1212075,2587.655582300239,57,-,-,-,-,-
2655,106.2,-1215684,2932.168203434182,57,-,-,-,-,-
2656,106.24,-1218857,2526.096372723656,57,-,-,-,-,-
2657,106.28,-1219371,1097.9030349395457,57,-,-,-,-,-
2658,106.32,-1221187,-671.7212410808304,57,-,-,-,-,-
2659,106.36,-1221493,-1933.3301788045799,57,-,-,-,-,-
2660,106.4,-1222451,-2135.422450967937,57,-,-,-,-,-
2661,106.44,-1221671,-1675.0373502534885,57,-,-,-,-,-
2662,106.48,-1220997,-1189.2356124303637,57,-,-,-,-,-
2663,106.52,-1214988,-1268.79774484457,57,-,-,-,-,-
2664,106.56,-1202299,-1813.8919736632743,57,-,-,-,-,-
2665,106.6,-1197443,-1926.5456352006477,57,-,-,-,-,-
2666,106.64,-1197745,-1448.078048123879,57,-,-,-,-,-
2667,106.68,-1203402,-503.46704970441385,57,-,-,-,-,-
2668,106.72,-1206939,370.13086043284784,57,-,-,-,-,-
2669,106.76,-1209014,1021.8749312730424,57,-,-,-,-,-
2670,106.8,-1208042,1440.8542645380512,57,-,-,-,-,-
2671,106.84,-1208458,1910.9137297174211,57,-,-,-,-,-
2672,106.88,-1212111,2534.1527344196757,57,-,-,-,-,-
2673,106.92,-1216488,2997.33211788041,57,-,-,-,-,-
2674,106.96,-1217894,2713.436468135089,57,-,-,-,-,-
2675,107.0,-1218516,1474.2249581783672,57,-,-,-,-,-
2676,107.04,-1220258,-277.64544593821665,57,-,-,-,-,-
2677,107.08,-1220200,-1741.011368705068,57,-,-,-,-,-
2678,107.12,-1222004,-2157.2155272962686,57,-,-,-,-,-
2679,107.16,-1221950,-1796.8440909352737,57,-,-,-,-,-
2680,107.2,-1221417,-1293.0716005669005,57,-,-,-,-,-
2681,107.24,-1216577,-1269.9043433285806,57,-,-,-,-,-
2682,107.28,-1202737,-1802.5928954174833,57,-,-,-,-,-
2683,107.32,-1196812,-1920.6771949340673,57,-,-,-,-,-
2684,107.36,-1197184,-1420.6469906453494,57,-,-,-,-,-
2685,107.4,-1201731,-524.4533892545751,57,-,-,-,-,-
2686,107.44,-1206794,330.4684678522972,57,-,-,-,-,-
2687,107.48,-1209603,908.3078931904911,57,-,-,-,-,-
2688,107.52,-1209045,1268.891955066404,57,-,-,-,-,-
2689,107.56,-1208975,1719.5904081436802,57,-,-,-,-,-
2690,107.6,-1212251,2409.94383336752,57,-,-,-,-,-
2691,107.64,-1214488,2947.1677980147215,57,-,-,-,-,-
2692,107.68,-1217437,2860.6757015206476,57,-,-,-,-,-
2693,107.72,-1218734,1711.925943381092,57,-,-,-,-,-
2694,107.76,-1220780,-92.84418219285271,57,-,-,-,-,-
2695,107.8,-1220400,-1726.8395826515593,57,-,-,-,-,-
2696,107.84,-1221092,-2328.4276920127,57,-,-,-,-,-
2697,107.88,-1221237,-1992.2769169957246,57,-,-,-,-,-
2698,107.92,-1222320,-1321.7906083144767,57,-,-,-,-,-
2699,107.96,-1220229,-1037.2175521306872,57,-,-,-,-,-
2700,108.0,-1205690,-1504.2282725504356,55,56.0,-,-,-,Minimo
2701,108.04,-1197552,-1774.488799048866,55,-,-,-,-,Minimo
2702,108.08,-1197716,-1475.051029243512,55,-,-,-,-,Minimo
2703,108.12,-1202129,-728.6483132153871,55,-,-,-,-,Minimo
2704,108.16,-1206459,116.96910812206897,55,-,-,-,-,Minimo
2705,108.2,-1209243,805.6066572922764,55,-,-,-,-,Minimo
2706,108.24,-1208520,1202.968742074937,55,-,-,-,-,Minimo
2707,108.28,-1207881,1535.3536175168456,55,-,-,-,-,Minimo
2708,108.32,-1211679,2127.41187552857,55,-,-,-,-,Minimo
2709,108.36,-1214486,2753.5582675447786,55,-,-,-,-,Minimo
2710,108.4,-1217897,2968.106761075579,55,-,-,-,-,Minimo
2711,108.44,-1219252,2115.895921336324,55,-,-,-,-,Minimo
2712,108.48,-1220410,362.48769983347347,55,-,-,-,-,Minimo
2713,108.52,-1221764,-1352.9416824659197,55,-,-,-,-,Minimo
2714,108.56,-1223249,-2115.6701307625494,55,-,-,-,-,Minimo
2715,108.6,-1220679,-1985.42906522572,55,-,-,-,-,Minimo
2716,108.64,-1215986,-1561.4516211853315,55,-,-,-,-,Minimo
2717,108.68,-1201552,-1717.848550730194,55,-,-,-,-,Minimo
2718,108.72,-1197322,-1873.3309320579028,55,-,-,-,-,Minimo
2719,108.76,-1197723,-1819.8435516185427,55,-,-,-,-,Minimo
2720,108.8,-1202212,-1254.4159704562767,55,-,-,-,-,Minimo
2721,108.84,-1207897,-330.8582119048251,55,-,-,-,-,Minimo
2722,108.88,-1209736,500.9677477874784,55,-,-,-,-,Minimo
2723,108.92,-1208189,1099.3746915982374,55,-,-,-,-,Minimo
2724,108.96,-1210841,1795.321253539646,55,-,-,-,-,Minimo
2725,109.0,-1213659,2541.4804251638943,55,-,-,-,-,Minimo
2726,109.04,-1216028,3074.634015537139,55,-,-,-,-,Minimo
2727,109.08,-1217411,2852.3216826833795,55,-,-,-,-,Minimo
2728,109.12,-1219730,1640.5879253897838,55,-,-,-,-,Minimo
2729,109.16,-1220252,-223.3160858080098,55,-,-,-,-,Minimo
2730,109.2,-1220144,-1756.5757548638837,55,-,-,-,-,Minimo
2731,109.24,-1222579,-2189.5027331048827,55,-,-,-,-,Minimo
2732,109.28,-1221543,-1853.3966066357002,55,-,-,-,-,Minimo
2733,109.32,-1219130,-1352.788743485111,55,-,-,-,-,Minimo
2734,109.36,-1215841,-1177.215680936447,55,-,-,-,-,Minimo
2735,109.4,-1200167,-1647.8997443802164,55,-,-,-,-,Minimo
2736,109.44,-1198272,-1568.876319238867,55,-,-,-,-,Minimo
2737,109.48,-1201139,-1041.1803489086915,55,-,-,-,-,Minimo
2738,109.52,-1206246,-259.42215910930145,55,-,-,-,-,Minimo
2739,109.56,-1209951,454.3677028935299,55,-,-,-,-,Minimo
2740,109.6,-1209993,924.4823224326583,55,-,-,-,-,Minimo
2741,109.64,-1208823,1278.6815210259147,55,-,-,-,-,Minimo
2742,109.68,-1210474,1771.2545483602462,55,-,-,-,-,Minimo
2743,109.72,-1213985,2382.979920446912,55,-,-,-,-,Minimo
2744,109.76,-1215890,2720.794507445231,55,-,-,-,-,Minimo
2745,109.8,-1217952,2358.9660969515453,55,-,-,-,-,Minimo
2746,109.84,-1219362,1062.4453886771948,55,-,-,-,-,Minimo
2747,109.88,-1219964,-666.4891684126436,55,-,-,-,-,Minimo
2748,109.92,-1221653,-1818.3481735373184,55,-,-,-,-,Minimo
2749,109.96,-1221248,-1982.2882575815734,55,-,-,-,-,Minimo
2750,110.0,-1220978,-1452.387402926322,55,-,-,-,-,Minimo
2751,110.04,-1216428,-1114.9210325444883,55,-,-,-,-,Minimo
2752,110.08,-1203116,-1465.4613384388194,55,-,-,-,-,Minimo
2753,110.12,-1196814,-1755.895077998186,55,-,-,-,-,Minimo
2754,110.16,-1198265,-1552.4776599310844,55,-,-,-,-,Minimo
2755,110.2,-1202961,-883.1709663823332,55,-,-,-,-,Minimo
2756,110.24,-1207956,-43.44734050418083,55,-,-,-,-,Minimo
2757,110.28,-1209547,617.3214493084797,55,-,-,-,-,Minimo
2758,110.32,-1208353,1072.448775832967,55,-,-,-,-,Minimo
2759,110.36,-1209139,1592.2998941866153,55,-,-,-,-,Minimo
2760,110.4,-1213012,2290.0235774628427,55,-,-,-,-,Minimo
2761,110.44,-1215456,2819.06919099301,55,-,-,-,-,Minimo
2762,110.48,-1217255,2708.8059710115676,55,-,-,-,-,Minimo
2763,110.52,-1219564,1633.1544907981915,55,-,-,-,-,Minimo
2764,110.56,-1219061,-190.4503522811624,55,-,-,-,-,Minimo
2765,110.6,-1220283,-1679.2724040061264,55,-,-,-,-,Minimo
2766,110.64,-1221936,-2139.0015340806326,55,-,-,-,-,Minimo
2767,110.68,-1221015,-1776.0755783005202,55,-,-,-,-,Minimo
2768,110.72,-1220262,-1212.5735326119784,55,-,-,-,-,Minimo
2769,110.76,-1214698,-1155.0985685763926,55,-,-,-,-,Minimo
2770,110.8,-1201508,-1636.9662274002385,55,-,-,-,-,Minimo
2771,110.84,-1196906,-1722.855524553468,55,-,-,-,-,Minimo
2772,110.88,-1199312,-1216.379356901185,55,-,-,-,-,Minimo
2773,110.92,-1205333,-348.4441060664203,55,-,-,-,-,Minimo
2774,110.96,-1210130,452.13369274747674,55,-,-,-,-,Minimo
2775,111.0,-1210030,922.8829399057622,58,56.666666666666664,-,-,-,Minimo
2776,111.04,-1210420,1303.666396141689,58,-,-,-,-,Minimo
2777,111.08,-1212806,1806.368570651718,58,-,-,-,-,Minimo
2778,111.12,-1214773,2385.8956459453675,58,-,-,-,-,Minimo
2779,111.16,-1216351,2761.9667769458674,58,-,-,-,-,Minimo
2780,111.2,-1218761,2466.2338813100705,58,-,-,-,-,Minimo
2781,111.24,-1219794,1166.2839920225047,58,-,-,-,-,Minimo
2782,111.28,-1220175,-654.808346460548,58,-,-,-,-,Minimo
2783,111.32,-1222359,-1950.7674779563044,58,-,-,-,-,Minimo
2784,111.36,-1222484,-2231.525363593434,58,-,-,-,-,Minimo
2785,111.4,-1219935,-1785.2257509932806,58,-,-,-,-,Minimo
2786,111.44,-1207342,-1578.1452570158854,58,-,-,-,-,Minimo
2787,111.48,-1197446,-1609.0355098335822,58,-,-,-,-,Minimo
2788,111.52,-1196684,-1517.0208717128644,58,-,-,-,-,Minimo
2789,111.56,-1200593,-1123.176951288011,58,-,-,-,-,Minimo
2790,111.6,-1205051,-470.47075070672327,58,-,-,-,-,Minimo
2791,111.64,-1208048,227.30551402598667,58,-,-,-,-,Minimo
2792,111.68,-1207803,768.2538493060501,58,-,-,-,-,Minimo
2793,111.72,-1207514,1286.3385297000814,58,-,-,-,-,Minimo
2794,111.76,-1210616,2024.6716031767983,58,-,-,-,-,Minimo
2795,111.8,-1214433,2816.3449883170315,58,-,-,-,-,Minimo
2796,111.84,-1216466,3088.3461231379188,58,-,-,-,-,Minimo
2797,111.88,-1218325,2338.2489807474603,58,-,-,-,-,Minimo
2798,111.92,-1219351,621.4152223985784,58,-,-,-,-,Minimo
2799,111.96,-1220578,-1157.381459712077,58,-,-,-,-,Minimo
2800,112.0,-1222633,-2043.364522968725,58,-,-,-,-,Minimo
2801,112.04,-1221948,-1980.4226106849983,58,-,-,-,-,Minimo
2802,112.08,-1221746,-1456.4434364361946,58,-,-,-,-,Minimo
2803,112.12,-1217904,-1256.6247371500076,58,-,-,-,-,Minimo
2804,112.16,-1204639,-1696.5770595113754,58,-,-,-,-,Minimo
2805,112.2,-1197507,-1932.593966508788,58,-,-,-,-,Minimo
2806,112.24,-1196724,-1626.4116524516357,58,-,-,-,-,Minimo
2807,112.28,-1204128,-741.4611446681811,58,-,-,-,-,Minimo
2808,112.32,-1207984,83.55559248208738,58,-,-,-,-,Minimo
2809,112.36,-1208351,664.3635054093365,58,-,-,-,-,Minimo
2810,112.4,-1207603,1110.1490145777016,58,-,-,-,-,Minimo
2811,112.44,-1209774,1692.0468411582733,58,-,-,-,-,Minimo
2812,112.48,-1212139,2377.220746549572,58,-,-,-,-,Minimo
2813,112.52,-1215398,2975.796662025684,58,-,-,-,-,Minimo
2814,112.56,-1216801,2911.229365081311,58,-,-,-,-,Minimo
2815,112.6,-1219024,1875.665571563769,58,-,-,-,-,Minimo
2816,112.64,-1219289,44.563679856903036,58,-,-,-,-,Minimo
2817,112.68,-1220888,-1533.7658319078464,58,-,-,-,-,Minimo
2818,112.72,-1222231,-2095.425894756232,58,-,-,-,-,Minimo
2819,112.76,-1220993,-1789.6780145151838,58,-,-,-,-,Minimo
2820,112.8,-1220048,-1276.3086818328816,58,-,-,-,-,Minimo
2821,112.84,-1208182,-1468.148145169922,58,-,-,-,-,Minimo
2822,112.88,-1198152,-1849.6191971939115,58,-,-,-,-,Minimo
2823,112.92,-1197323,-1766.9518388511187,58,-,-,-,-,Minimo
2824,112.96,-1200212,-1205.553042232897,58,-,-,-,-,Minimo
2825,113.0,-1205614,-355.82422155216545,58,-,-,-,-,Minimo
2826,113.04,-1208240,368.90568565678404,58,-,-,-,-,Minimo
2827,113.08,-1209359,918.0060450885467,58,-,-,-,-,Minimo
2828,113.12,-1207491,1342.600312034996,58,-,-,-,-,Minimo
2829,113.16,-1210396,2021.3104117503044,58,-,-,-,-,Minimo
2830,113.2,-1214632,2750.282897362389,58,-,-,-,-,Minimo
2831,113.24,-1216445,2973.7416586572435,58,-,-,-,-,Minimo
2832,113.28,-1218605,2287.8870477242717,58,-,-,-,-,Minimo
2833,113.32,-1220929,716.0922784351897,58,-,-,-,-,Minimo
2834,113.36,-1221270,-1048.3935541100516,58,-,-,-,-,Minimo
2835,113.4,-1222325,-2015.006799949792,58,-,-,-,-,Minimo
2836,113.44,-1222183,-1994.8371445493462,58,-,-,-,-,Minimo
2837,113.48,-1221933,-1463.7725926422731,58,-,-,-,-,Minimo
2838,113.52,-1217083,-1235.1392065881973,58,-,-,-,-,Minimo
2839,113.56,-1203736,-1649.2533115026527,58,-,-,-,-,Minimo
2840,113.6,-1197196,-1915.7324987279571,58,-,-,-,-,Minimo
2841,113.64,-1197893,-1642.771186951788,58,-,-,-,-,Minimo
2842,113.68,-1203612,-843.8981921122407,58,-,-,-,-,Minimo
2843,113.72,-1207757,41.4021690463951,58,-,-,-,-,Minimo
2844,113.76,-1209079,750.3282935098432,58,-,-,-,-,Minimo
2845,113.8,-1207586,1237.6080100924664,58,-,-,-,-,Minimo
2846,113.84,-1209079,1788.6679119995797,58,-,-,-,-,Minimo
2847,113.88,-1211929,2434.529113513063,58,-,-,-,-,Minimo
2848,113.92,-1214993,2966.6143817215107,58,-,-,-,-,Minimo
2849,113.96,-1215905,2823.194675310906,58,-,-,-,-,Minimo
2850,114.0,-1218895,1757.923508351635,57,56.75,-,-,-,Minimo
2851,114.04,-1221405,-2.0160031617624554,57,-,-,-,-,Minimo
2852,114.08,-1221057,-1583.2589348124184,57,-,-,-,-,Minimo
2853,114.12,-1222274,-2088.809275652734,57,-,-,-,-,Minimo
2854,114.16,-1221363,-1754.051369925458,57,-,-,-,-,Minimo
2855,114.2,-1215600,-1393.108340488754,57,-,-,-,-,Minimo
2856,114.24,-1201513,-1642.4673002007949,57,-,-,-,-,Minimo
2857,114.28,-1197393,-1825.5606507678258,57,-,-,-,-,Minimo
2858,114.32,-1198683,-1692.2899836503348,57,-,-,-,-,Minimo
2859,114.36,-1202792,-1129.0325081940282,57,-,-,-,-,Minimo
2860,114.4,-1206929,-345.12014194711537,57,-,-,-,-,Minimo
2861,114.44,-1209509,417.37506593322087,57,-,-,-,-,Minimo
2862,114.48,-1208383,1025.3531727831078,57,-,-,-,-,Minimo
2863,114.52,-1208503,1684.1110061905388,57,-,-,-,-,Minimo
2864,114.56,-1212070,2468.454004478979,57,-,-,-,-,Minimo
2865,114.6,-1214928,3006.875821190888,57,-,-,-,-,Minimo
2866,114.64,-1217294,2821.35608840869,57,-,-,-,-,Minimo
2867,114.68,-1219337,1631.9739848952813,57,-,-,-,-,Minimo
2868,114.72,-1219980,-172.27392200638087,57,-,-,-,-,Minimo
2869,114.76,-1220283,-1621.2453834117111,57,-,-,-,-,Minimo
2870,114.8,-1220645,-2073.1429029601436,57,-,-,-,-,Minimo
2871,114.84,-1220747,-1706.4607043802507,57,-,-,-,-,Minimo
2872,114.88,-1220174,-1188.0836099360945,57,-,-,-,-,Minimo
2873,114.92,-1214190,-1158.9925152357764,57,-,-,-,-,Minimo
2874,114.96,-1201119,-1644.0949617259885,57,-,-,-,-,Minimo
2875,115.0,-1196027,-1786.0406559856528,57,-,-,-,-,Minimo
2876,115.04,-1200066,-1272.2474590558322,57,-,-,-,-,Minimo
2877,115.08,-1204119,-456.5482945397473,57,-,-,-,-,Minimo
2878,115.12,-1207384,374.55714510469625,57,-,-,-,-,Minimo
2879,115.16,-1209461,1006.900149536561,57,-,-,-,-,Minimo
2880,115.2,-1207891,1354.2773814768207,57,-,-,-,-,Minimo
2881,115.24,-1211328,1845.366861624978,57,-,-,-,-,Minimo
2882,115.28,-1214079,2395.1031730793184,57,-,-,-,-,Minimo
2883,115.32,-1215457,2760.2302364043317,57,-,-,-,-,Minimo
2884,115.36,-1217738,2492.7734788277176,57,-,-,-,-,Minimo
2885,115.4,-1219146,1236.922598452983,57,-,-,-,-,Minimo
2886,115.44,-1220014,-536.1105965981637,57,-,-,-,-,Minimo
2887,115.48,-1221330,-1828.6457337833506,57,-,-,-,-,Minimo
2888,115.52,-1221575,-2125.3547840793053,57,-,-,-,-,Minimo
2889,115.56,-1222369,-1673.8695933576387,57,-,-,-,-,Minimo
2890,115.6,-1217889,-1346.1800588227306,57,-,-,-,-,Minimo
2891,115.64,-1206565,-1535.640852736993,57,-,-,-,-,Minimo
2892,115.68,-1198444,-1744.8597139615395,57,-,-,-,-,Minimo
2893,115.72,-1197004,-1548.6185697975798,57,-,-,-,-,Minimo
2894,115.76,-1201336,-899.1884396315377,57,-,-,-,-,Minimo
2895,115.8,-1205277,-150.61479769297375,57,-,-,-,-,Minimo
2896,115.84,-1208122,511.11906356757754,57,-,-,-,-,Minimo
2897,115.88,-1207328,973.054336610704,57,-,-,-,-,Minimo
2898,115.92,-1207647,1481.2130780327234,57,-,-,-,-,Minimo
2899,115.96,-1210104,2156.8575474470945,57,-,-,-,-,Minimo
2900,116.0,-1213445,2816.427624815139,57,-,-,-,-,Minimo
2901,116.04,-1215826,2939.785220504912,57,-,-,-,-,Minimo
2902,116.08,-1217951,2112.870657314631,57,-,-,-,-,Minimo
2903,116.12,-1219945,490.33663069051954,57,-,-,-,-,Minimo
2904,116.16,-1220418,-1161.92038189377,57,-,-,-,-,Minimo
2905,116.2,-1221269,-1973.9269309461934,57,-,-,-,-,Minimo
2906,116.24,-1222058,-1847.3685894794048,57,-,-,-,-,Minimo
2907,116.28,-1220126,-1422.5244012695048,57,-,-,-,-,Minimo
2908,116.32,-1214516,-1319.1966461632674,57,-,-,-,-,Minimo
2909,116.36,-1201545,-1761.0246703045632,57,-,-,-,-,Minimo
2910,116.4,-1196061,-1952.5216684685602,57,-,-,-,-,Minimo
2911,116.44,-1200351,-1513.4662652707357,57,-,-,-,-,Minimo
2912,116.48,-1204064,-772.775968787936,57,-,-,-,-,Minimo
2913,116.52,-1208527,96.5153505041726,57,-,-,-,-,Minimo
2914,116.56,-1209118,755.3082053953221,57,-,-,-,-,Minimo
2915,116.6,-1208077,1248.9866235028262,57,-,-,-,-,Minimo
2916,116.64,-1210790,1858.0215982477685,57,-,-,-,-,Minimo
2917,116.68,-1213519,2508.806840882432,57,-,-,-,-,Minimo
2918,116.72,-1216361,2952.3691314380894,57,-,-,-,-,Minimo
2919,116.76,-1218405,2652.394072967093,57,-,-,-,-,Minimo
2920,116.8,-1219587,1350.0655496632944,57,-,-,-,-,Minimo
2921,116.84,-1219998,-465.4786273551654,57,-,-,-,-,Minimo
2922,116.88,-1221158,-1775.9000525916053,57,-,-,-,-,Minimo
2923,116.92,-1222805,-2021.2253495297057,57,-,-,-,-,Minimo
2924,116.96,-1220804,-1638.1155866703207,57,-,-,-,-,Minimo
2925,117.0,-1215008,-1348.448248880337,57,56.75,-,-,-,Minimo
2926,117.04,-1197726,-1768.3042889829521,57,-,-,-,-,Minimo
2927,117.08,-1201017,-1670.5123724554269,57,-,-,-,-,Minimo
2928,117.12,-1204069,-1350.1238000537096,57,-,-,-,-,Minimo
2929,117.16,-1208946,-636.616494392948,57,-,-,-,-,Minimo
2930,117.2,-1209592,68.03349595084137,57,-,-,-,-,Minimo
2931,117.24,-1207874,583.1289090681948,57,-,-,-,-,Minimo
2932,117.28,-1211347,1130.9363831444807,57,-,-,-,-,Minimo
2933,117.32,-1213848,1697.172931229622,57,-,-,-,-,Minimo
2934,117.36,-1215712,2363.6981249302717,57,-,-,-,-,Minimo
2935,117.4,-1218112,2806.0395839949906,57,-,-,-,-,Minimo
2936,117.44,-1219789,2365.565630234216,57,-,-,-,-,Minimo
2937,117.48,-1219428,861.0199104928754,57,-,-,-,-,Minimo
2938,117.52,-1221531,-795.4387446855601,57,-,-,-,-,Minimo
2939,117.56,-1221425,-1737.6458516188316,57,-,-,-,-,Minimo
2940,117.6,-1221164,-1677.385236244803,57,-,-,-,-,Minimo
2941,117.64,-1218302,-1331.034243298036,57,-,-,-,-,Minimo
2942,117.68,-1204994,-1554.8485609397267,57,-,-,-,-,Minimo
2943,117.72,-1197544,-1797.69181252596,57,-,-,-,-,Minimo
2944,117.76,-1197441,-1641.7976483681123,57,-,-,-,-,Minimo
2945,117.8,-1203307,-966.3288948887171,57,-,-,-,-,Minimo
2946,117.84,-1207395,-173.20611178262607,57,-,-,-,-,Minimo
2947,117.88,-1209871,515.0901300022078,57,-,-,-,-,Minimo
2948,117.92,-1208105,935.5867148749039,57,-,-,-,-,Minimo
2949,117.96,-1208921,1414.40318135095,57,-,-,-,-,Minimo
2950,118.0,-1212167,2071.002226702405,57,-,-,-,-,Minimo
2951,118.04,-1214130,2650.7017495457458,57,-,-,-,-,Minimo
2952,118.08,-1216890,2734.18306941625,57,-,-,-,-,Minimo
2953,118.12,-1218018,1791.4615848253911,57,-,-,-,-,Minimo
2954,118.16,-1220681,122.95497811629821,57,-,-,-,-,Minimo
2955,118.2,-1220771,-1493.2172690596883,57,-,-,-,-,Minimo
2956,118.24,-1221637,-2111.018505675946,57,-,-,-,-,Minimo
2957,118.28,-1221294,-1791.3102651443037,57,-,-,-,-,Minimo
2958,118.32,-1220987,-1192.830702168144,57,-,-,-,-,Minimo
2959,118.36,-1215873,-1083.3381144949963,57,-,-,-,-,Minimo
2960,118.4,-1200855,-1632.2864101362156,57,-,-,-,-,Minimo
2961,118.44,-1197180,-1760.6657622952625,57,-,-,-,-,Minimo
2962,118.48,-1199246,-1370.8712394811464,57,-,-,-,-,Minimo
2963,118.52,-1203584,-630.6010627088677,57,-,-,-,-,Minimo
2964,118.56,-1206489,132.20371229326247,57,-,-,-,-,Minimo
2965,118.6,-1208250,783.5302088528888,57,-,-,-,-,Minimo
2966,118.64,-1207974,1280.5305243382218,57,-,-,-,-,Minimo
2967,118.68,-1208916,1808.5796054577186,57,-,-,-,-,Minimo
2968,118.72,-1212626,2467.0134219799793,57,-,-,-,-,Minimo
2969,118.76,-1216029,2948.570982799414,57,-,-,-,-,Minimo
2970,118.8,-1218055,2721.66898840863,57,-,-,-,-,Minimo
2971,118.84,-1219901,1511.1587045724964,57,-,-,-,-,Minimo
2972,118.88,-1221061,-271.2409862368386,57,-,-,-,-,Minimo
2973,118.92,-1221546,-1667.962237224534,57,-,-,-,-,Minimo
2974,118.96,-1221941,-2066.5680906272682,57,-,-,-,-,Minimo
2975,119.0,-1222486,-1711.3286254321092,57,-,-,-,-,Minimo
2976,119.04,-1219744,-1378.3288345736946,57,-,-,-,-,Minimo
2977,119.08,-1206506,-1679.1452516806476,57,-,-,-,-,Minimo
2978,119.12,-1197686,-1997.4502297394356,57,-,-,-,-,Minimo
2979,119.16,-1196646,-1864.9375148812942,57,-,-,-,-,Minimo
2980,119.2,-1201396,-1174.206651525073,57,-,-,-,-,Minimo
2981,119.24,-1206401,-247.20971921359614,57,-,-,-,-,Minimo
2982,119.28,-1208901,564.3172324914722,57,-,-,-,-,Minimo
2983,119.32,-1208572,1119.156393298872,57,-,-,-,-,Minimo
2984,119.36,-1207090,1553.8139691930978,57,-,-,-,-,Minimo
2985,119.4,-1211167,2237.750717933991,57,-,-,-,-,Minimo
2986,119.44,-1214227,2892.0183462714203,57,-,-,-,-,Minimo
2987,119.48,-1216864,3073.03880924215,57,-,-,-,-,Minimo
2988,119.52,-1217874,2215.4979615385937,57,-,-,-,-,Minimo
2989,119.56,-1219942,496.3125243678037,57,-,-,-,-,Minimo
2990,119.6,-1220400,-1287.3389953275287,57,-,-,-,-,Minimo
2991,119.64,-1221782,-2119.0800125573614,57,-,-,-,-,Minimo
2992,119.68,-1221717,-1932.7860350962192,57,-,-,-,-,Minimo
2993,119.72,-1220580,-1364.6315290013695,57,-,-,-,-,Minimo
2994,119.76,-1215903,-1188.7393714710988,57,-,-,-,-,Minimo
2995,119.8,-1200000,-1763.8647703533024,57,-,-,-,-,Minimo
2996,119.84,-1196986,-1912.730294014671,57,-,-,-,-,Minimo
2997,119.88,-1199239,-1513.7440001445475,57,-,-,-,-,Minimo
2998,119.92,-1203255,-714.9347917241706,57,-,-,-,-,Minimo
2999,119.96,-1207628,151.3621185503289,57,-,-,-,-,Minimo
3000,120.0,-1208324,758.1588789325115,53,56.25,-,-,-,Minimo
3001,120.04,-1208835,1249.9222981433131,53,-,-,-,-,Minimo
3002,120.08,-1211853,1857.9423448325078,53,-,-,-,-,Minimo
3003,120.12,-1215006,2547.2757698269606,53,-,-,-,-,Minimo
3004,120.16,-1218077,3037.201540523738,53,-,-,-,-,Minimo
3005,120.2,-1218423,2710.2294338187157,53,-,-,-,-,Minimo
3006,120.24,-1218832,1373.6403372195305,53,-,-,-,-,Minimo
3007,120.28,-1222577,-384.8965029467381,53,-,-,-,-,Minimo
3008,120.32,-1221249,-1850.7829068263568,53,-,-,-,-,Minimo
3009,120.36,-1222160,-2211.0128004692865,53,-,-,-,-,Minimo
3010,120.4,-1221508,-1871.5083670979993,53,-,-,-,-,Minimo
3011,120.44,-1210067,-1790.68015156428,53,-,-,-,-,Minimo
3012,120.48,-1198813,-1933.9717873934078,53,-,-,-,-,Minimo
3013,120.52,-1197353,-1807.437410152157,53,-,-,-,-,Minimo
3014,120.56,-1199194,-1331.5977124401506,53,-,-,-,-,Minimo
3015,120.6,-1204967,-483.84562207891986,53,-,-,-,-,Minimo
3016,120.64,-1210275,358.0997033809417,53,-,-,-,-,Minimo
3017,120.68,-1209225,854.4477538358833,53,-,-,-,-,Minimo
3018,120.72,-1208611,1310.4595521023512,53,-,-,-,-,Minimo
3019,120.76,-1210744,1958.5867821478832,53,-,-,-,-,Minimo
3020,120.8,-1214752,2717.903628270301,53,-,-,-,-,Minimo
3021,120.84,-1216854,3059.164596739175,53,-,-,-,-,Minimo
3022,120.88,-1217218,2446.1939856986037,53,-,-,-,-,Minimo
3023,120.92,-1218882,892.4232070009389,53,-,-,-,-,Minimo
3024,120.96,-1219754,-963.4687288988971,53,-,-,-,-,Minimo
3025,121.0,-1220606,-2107.6523983158754,53,-,-,-,-,Minimo
3026,121.04,-1221723,-2126.7583214981432,53,-,-,-,-,Minimo
3027,121.08,-1220543,-1550.7657306721953,53,-,-,-,-,Minimo
3028,121.12,-1216149,-1163.8225338201282,53,-,-,-,-,Minimo
3029,121.16,-1202807,-1481.8745402307086,53,-,-,-,-,Minimo
3030,121.2,-1195896,-1732.250074043488,53,-,-,-,-,Minimo
3031,121.24,-1197306,-1434.5894164341971,53,-,-,-,-,Minimo
3032,121.28,-1200549,-735.7502638737615,53,-,-,-,-,Minimo
3033,121.32,-1205056,80.64697665329277,53,-,-,-,-,Minimo
3034,121.36,-1208847,731.2936625003804,53,-,-,-,-,Minimo
3035,121.4,-1207183,1095.983504547421,53,-,-,-,-,Minimo
3036,121.44,-1207359,1581.9778015198353,53,-,-,-,-,Minimo
3037,121.48,-1211517,2329.1816348386847,53,-,-,-,-,Minimo
3038,121.52,-1214603,2932.231347363182,53,-,-,-,-,Minimo
3039,121.56,-1217945,2906.4256903822425,53,-,-,-,-,Minimo
3040,121.6,-1218763,1792.957428543271,53,-,-,-,-,Minimo
3041,121.64,-1218755,-37.62355253550277,53,-,-,-,-,Minimo
3042,121.68,-1221045,-1575.5129649221872,53,-,-,-,-,Minimo
3043,121.72,-1221645,-2213.662887121321,53,-,-,-,-,Minimo
3044,121.76,-1221516,-1956.783772374618,53,-,-,-,-,Minimo
3045,121.8,-1220533,-1435.6126482272389,53,-,-,-,-,Minimo
3046,121.84,-1213988,-1367.9526023301096,53,-,-,-,-,Minimo
3047,121.88,-1200441,-1836.4549055885582,53,-,-,-,-,Minimo
3048,121.92,-1196159,-1925.205592919814,53,-,-,-,-,Minimo
3049,121.96,-1198931,-1386.6857821099056,53,-,-,-,-,Minimo
3050,122.0,-1204984,-431.8065462953987,53,-,-,-,-,Minimo
3051,122.04,-1209377,447.92161061048773,53,-,-,-,-,Minimo
3052,122.08,-1209609,976.7038443261317,53,-,-,-,-,Minimo
3053,122.12,-1208958,1351.4644298578933,53,-,-,-,-,Minimo
3054,122.16,-1211312,1900.1124057912302,53,-,-,-,-,Minimo
3055,122.2,-1213710,2551.1350302609526,53,-,-,-,-,Minimo
3056,122.24,-1215034,2942.806207193011,53,-,-,-,-,Minimo
3057,122.28,-1217102,2593.651164439306,53,-,-,-,-,Minimo
3058,122.32,-1218760,1226.3967619688128,53,-,-,-,-,Minimo
3059,122.36,-1220737,-608.5221077072501,53,-,-,-,-,Minimo
3060,122.4,-1222001,-1932.191961657062,53,-,-,-,-,Minimo
3061,122.44,-1221855,-2176.710286448044,53,-,-,-,-,Minimo
3062,122.48,-1220981,-1647.737239540631,53,-,-,-,-,Minimo
3063,122.52,-1216378,-1213.1864963927992,53,-,-,-,-,Minimo
3064,122.56,-1202429,-1462.175451456631,53,-,-,-,-,Minimo
3065,122.6,-1197617,-1615.0278672306067,53,-,-,-,-,Minimo
3066,122.64,-1197339,-1461.1576067714004,53,-,-,-,-,Minimo
3067,122.68,-1202697,-859.0035253572169,53,-,-,-,-,Minimo
3068,122.72,-1206898,-158.71401521556254,53,-,-,-,-,Minimo
3069,122.76,-1210379,521.9920408427788,53,-,-,-,-,Minimo
3070,122.8,-1208901,1037.414329698231,53,-,-,-,-,Minimo
3071,122.84,-1208511,1635.7175815707506,53,-,-,-,-,Minimo
3072,122.88,-1212970,2422.577434722617,53,-,-,-,-,Minimo
3073,122.92,-1213836,2889.4424108505154,53,-,-,-,-,Minimo
3074,122.96,-1216783,2761.47841752806,53,-,-,-,-,Minimo
3075,123.0,-1219261,1654.7672683388564,57,56.0,-,-,-,Minimo
3076,123.04,-1220429,-119.78498123986992,57,-,-,-,-,Minimo
3077,123.08,-1219556,-1690.0039810234105,57,-,-,-,-,Minimo
3078,123.12,-1221926,-2175.5990079624353,57,-,-,-,-,Minimo
3079,123.16,-1221770,-1823.3128463188875,57,-,-,-,-,Minimo
3080,123.2,-1220338,-1242.1098372342326,57,-,-,-,-,Minimo
3081,123.24,-1215647,-1069.5667704638681,57,-,-,-,-,Minimo
3082,123.28,-1203147,-1497.1558933337437,57,-,-,-,-,Minimo
3083,123.32,-1196927,-1712.6584396143662,57,-,-,-,-,Minimo
3084,123.36,-1198351,-1369.993580134441,57,-,-,-,-,Minimo
3085,123.4,-1204827,-563.7335778045795,57,-,-,-,-,Minimo
3086,123.44,-1210134,294.07787570956407,57,-,-,-,-,Minimo
3087,123.48,-1207179,780.4626167198167,57,-,-,-,-,Minimo
3088,123.52,-1207987,1245.568860793769,57,-,-,-,-,Minimo
3089,123.56,-1211768,1794.5551262703048,57,-,-,-,-,Minimo
3090,123.6,-1213985,2376.7684174940487,57,-,-,-,-,Minimo
3091,123.64,-1217987,2884.0380267725122,57,-,-,-,-,Minimo
3092,123.68,-1219280,2660.383087743179,57,-,-,-,-,Minimo
3093,123.72,-1220344,1454.5644733248146,57,-,-,-,-,Minimo
3094,123.76,-1221751,-330.31450731828386,57,-,-,-,-,Minimo
3095,123.8,-1220888,-1809.4259460985088,57,-,-,-,-,Minimo
3096,123.84,-1221355,-2180.1319899831706,57,-,-,-,-,Minimo
3097,123.88,-1221678,-1733.0827783332402,57,-,-,-,-,Minimo
3098,123.92,-1217709,-1392.2942611275412,57,-,-,-,-,Minimo
3099,123.96,-1201759,-1816.9394416232608,57,-,-,-,-,Minimo
3100,124.0,-1197436,-1976.617864322976,57,-,-,-,-,Minimo
3101,124.04,-1199306,-1617.0669101232515,57,-,-,-,-,Minimo
3102,124.08,-1203188,-809.779713508827,57,-,-,-,-,Minimo
3103,124.12,-1206798,109.21918036265106,57,-,-,-,-,Minimo
3104,124.16,-1209021,843.1623558168058,57,-,-,-,-,Minimo
3105,124.2,-1207637,1264.466042400687,57,-,-,-,-,Minimo
3106,124.24,-1209461,1729.5213382138336,57,-,-,-,-,Minimo
3107,124.28,-1212154,2308.799530343833,57,-,-,-,-,Minimo
3108,124.32,-1215764,2859.8581421487634,57,-,-,-,-,Minimo
3109,124.36,-1217342,2762.87241647037,57,-,-,-,-,Minimo
3110,124.4,-1219463,1676.207257588174,57,-,-,-,-,Minimo
3111,124.44,-1221237,-88.7064496324274,57,-,-,-,-,Minimo
3112,124.48,-1221978,-1572.8892434510544,57,-,-,-,-,Minimo
3113,124.52,-1221494,-2088.9193403358845,57,-,-,-,-,Minimo
3114,124.56,-1221954,-1749.4015188953986,57,-,-,-,-,Minimo
3115,124.6,-1218876,-1378.424392888407,57,-,-,-,-,Minimo
3116,124.64,-1210050,-1491.4836304427427,57,-,-,-,-,Minimo
3117,124.68,-1197808,-1919.5235901124142,57,-,-,-,-,Minimo
3118,124.72,-1196520,-1840.6493201192934,57,-,-,-,-,Minimo
3119,124.76,-1198354,-1312.680726354447,57,-,-,-,-,Minimo
3120,124.8,-1203772,-430.34311730906575,57,-,-,-,-,Minimo
3121,124.84,-1206955,401.1296865476961,57,-,-,-,-,Minimo
3122,124.88,-1209176,1103.4537946144237,57,-,-,-,-,Minimo
3123,124.92,-1208011,1617.341458604551,57,-,-,-,-,Minimo
3124,124.96,-1211908,2286.2639395122887,57,-,-,-,-,Minimo
3125,125.0,-1215561,2895.0251816076925,57,-,-,-,-,Minimo
3126,125.04,-1217473,3071.250541877517,57,-,-,-,-,Minimo
3127,125.08,-1218273,2381.3081577649104,57,-,-,-,-,Minimo
3128,125.12,-1220128,836.8870266038098,57,-,-,-,-,Minimo
3129,125.16,-1220557,-993.5765789425627,57,-,-,-,-,Minimo
3130,125.2,-1221915,-2136.5960313822898,57,-,-,-,-,Minimo
3131,125.24,-1221665,-2311.9612787680944,57,-,-,-,-,Minimo
3132,125.28,-1220927,-1874.6677914927154,57,-,-,-,-,Minimo
3133,125.32,-1217669,-1520.4104582198142,57,-,-,-,-,Minimo
3134,125.36,-1200545,-1872.087297432534,57,-,-,-,-,Minimo
3135,125.4,-1197617,-1811.8187641742243,57,-,-,-,-,Minimo
3136,125.44,-1197764,-1400.6059300615034,57,-,-,-,-,Minimo
3137,125.48,-1203076,-568.7913172535076,57,-,-,-,-,Minimo
3138,125.52,-1207837,269.1522274756162,57,-,-,-,-,Minimo
3139,125.56,-1209645,868.6991589006457,57,-,-,-,-,Minimo
3140,125.6,-1206989,1216.1371274132985,57,-,-,-,-,Minimo
3141,125.64,-1207914,1718.3208824676462,57,-,-,-,-,Minimo
3142,125.68,-1211564,2412.6448260634434,57,-,-,-,-,Minimo
3143,125.72,-1213826,2938.2111705563802,57,-,-,-,-,Minimo
3144,125.76,-1217174,2843.2723306078524,57,-,-,-,-,Minimo
3145,125.8,-1218963,1670.6877705989937,57,-,-,-,-,Minimo
3146,125.84,-1220656,-156.82537294189206,57,-,-,-,-,Minimo
3147,125.88,-1220988,-1682.4437868467742,57,-,-,-,-,Minimo
3148,125.92,-1222838,-2086.4605002449507,57,-,-,-,-,Minimo
3149,125.96,-1221385,-1694.3292224816364,57,-,-,-,-,Minimo
3150,126.0,-1220154,-1153.418839643919,56,55.75,-,-,-,Minimo
3151,126.04,-1200181,-1624.5514312613705,56,-,-,-,-,Minimo
3152,126.08,-1196632,-1887.8793454754905,56,-,-,-,-,Minimo
3153,126.12,-1196479,-1896.1386527763007,56,-,-,-,-,Minimo
3154,126.16,-1201432,-1310.2479921136487,56,-,-,-,-,Minimo
3155,126.2,-1206062,-417.83298531502896,56,-,-,-,-,Minimo
3156,126.24,-1208368,425.9291293462111,56,-,-,-,-,Minimo
3157,126.28,-1206848,1016.7763005551169,56,-,-,-,-,Minimo
3158,126.32,-1209905,1704.499367771543,56,-,-,-,-,Minimo
3159,126.36,-1213331,2491.1945179962604,56,-,-,-,-,Minimo
3160,126.4,-1214366,3129.044231372267,56,-,-,-,-,Minimo
3161,126.44,-1217713,3188.521850814107,56,-,-,-,-,Minimo
3162,126.48,-1220030,2068.796276756131,56,-,-,-,-,Minimo
3163,126.52,-1220482,72.68030216663965,56,-,-,-,-,Minimo
3164,126.56,-1220860,-1664.4042195328395,56,-,-,-,-,Minimo
3165,126.6,-1221595,-2297.39435886901,56,-,-,-,-,Minimo
3166,126.64,-1221180,-1999.0204182318798,56,-,-,-,-,Minimo
3167,126.68,-1219810,-1494.868067572589,56,-,-,-,-,Minimo
3168,126.72,-1211274,-1503.6766286275742,56,-,-,-,-,Minimo
3169,126.76,-1198031,-1882.3413622419139,56,-,-,-,-,Minimo
3170,126.8,-1196155,-1769.1944512167775,56,-,-,-,-,Minimo
3171,126.84,-1201110,-1135.8412610137084,56,-,-,-,-,Minimo
3172,126.88,-1205594,-309.20209144004593,56,-,-,-,-,Minimo
3173,126.92,-1209725,524.3165463099149,56,-,-,-,-,Minimo
3174,126.96,-1209264,1089.9078970464416,56,-,-,-,-,Minimo
3175,127.0,-1208830,1531.1059835401393,56,-,-,-,-,Minimo
3176,127.04,-1210584,2040.431324715626,56,-,-,-,-,Minimo
3177,127.08,-1213212,2609.9527036865475,56,-,-,-,-,Minimo
3178,127.12,-1215978,2899.9979121271663,56,-,-,-,-,Minimo
3179,127.16,-1216884,2310.3904517411565,56,-,-,-,-,Minimo
3180,127.2,-1219888,830.9751329239539,56,-,-,-,-,Minimo
3181,127.24,-1219825,-1020.5281422612969,56,-,-,-,-,Minimo
3182,127.28,-1221021,-2090.477879935608,56,-,-,-,-,Minimo
3183,127.32,-1221234,-2062.121899443242,56,-,-,-,-,Minimo
3184,127.36,-1221535,-1413.0207407679918,56,-,-,-,-,Minimo
3185,127.4,-1214308,-1147.0334573914415,56,-,-,-,-,Minimo
3186,127.44,-1199818,-1533.719239302729,56,-,-,-,-,Minimo
3187,127.48,-1196041,-1716.6484535871277,56,-,-,-,-,Minimo
3188,127.52,-1198242,-1465.6380358023453,56,-,-,-,-,Minimo
3189,127.56,-1203321,-787.1529463016097,56,-,-,-,-,Minimo
3190,127.6,-1206945,-1.5420751292340356,56,-,-,-,-,Minimo
3191,127.64,-1209155,686.4641091944541,56,-,-,-,-,Minimo
3192,127.68,-1208800,1193.0057610038211,56,-,-,-,-,Minimo
3193,127.72,-1210997,1790.3052280194606,56,-,-,-,-,Minimo
3194,127.76,-1213118,2464.8421994182663,56,-,-,-,-,Minimo
3195,127.8,-1216058,2991.077596459584,56,-,-,-,-,Minimo
3196,127.84,-1217882,2737.1683215285,56,-,-,-,-,Minimo
3197,127.88,-1220693,1452.8945165705682,56,-,-,-,-,Minimo
3198,127.92,-1219202,-524.5780753063179,56,-,-,-,-,Minimo
3199,127.96,-1220630,-1931.2799138061746,56,-,-,-,-,Minimo
3200,128.0,-1221107,-2282.469053707463,56,-,-,-,-,Minimo
3201,128.04,-1220634,-1854.43616900285,56,-,-,-,-,-
3202,128.08,-1216825,-1417.838398282658,56,-,-,-,-,-
3203,128.12,-1203829,-1565.5876383471968,56,-,-,-,-,-
3204,128.16,-1197374,-1690.4680089232043,56,-,-,-,-,-
3205,128.2,-1198870,-1432.314118842237,56,-,-,-,-,-
3206,128.24,-1202302,-821.7669673788546,56,-,-,-,-,-
3207,128.28,-1206180,-4.681081345132043,56,-,-,-,-,-
3208,128.32,-1209292,755.4357484682369,56,-,-,-,-,-
3209,128.36,-1208165,1215.3306816250897,56,-,-,-,-,-
3210,128.4,-1208082,1622.7003590312179,56,-,-,-,-,-
3211,128.44,-1211586,2211.970711434272,56,-,-,-,-,-
3212,128.48,-1214308,2731.35024057011,56,-,-,-,-,-
3213,128.52,-1215050,2660.5260917117266,56,-,-,-,-,-
3214,128.56,-1216444,1674.9519066010917,56,-,-,-,-,-
3215,128.6,-1218263,29.301220924919562,56,-,-,-,-,-
3216,128.64,-1219269,-1439.8941459198884,56,-,-,-,-,-
3217,128.68,-1222159,-1935.4364257709983,56,-,-,-,-,-
3218,128.72,-1222086,-1667.5022179201192,56,-,-,-,-,-
3219,128.76,-1221378,-1172.5125002634268,56,-,-,-,-,-
3220,128.8,-1217500,-1047.107870153658,56,-,-,-,-,-
3221,128.84,-1205177,-1476.5307681358772,56,-,-,-,-,-
3222,128.88,-1197374,-1706.8157876319165,56,-,-,-,-,-
3223,128.92,-1196986,-1406.878061283307,56,-,-,-,-,-
3224,128.96,-1199930,-791.0739240421622,56,-,-,-,-,-
3225,129.0,-1204677,-118.09854049134401,59,56.25,-,-,-,-
3226,129.04,-1207930,438.8557178769861,59,-,-,-,-,-
3227,129.08,-1208494,930.1781385907661,59,-,-,-,-,-
3228,129.12,-1212662,1663.6541263325216,59,-,-,-,-,-
3229,129.16,-1214771,2430.6096435262834,59,-,-,-,-,-
3230,129.2,-1216080,3008.9033030961737,59,-,-,-,-,-
3231,129.24,-1217906,2977.6108290999036,59,-,-,-,-,-
3232,129.28,-1218959,1959.3105504274035,59,-,-,-,-,-
3233,129.32,-1221039,248.53111402398144,59,-,-,-,-,-
3234,129.36,-1221648,-1431.2400803332448,59,-,-,-,-,-
3235,129.4,-1221515,-2320.8524498715797,59,-,-,-,-,-
3236,129.44,-1220045,-2355.572898505226,59,-,-,-,-,-
3237,129.48,-1214645,-2075.2476054629287,59,-,-,-,-,-
3238,129.52,-1200248,-2072.0363743842354,59,-,-,-,-,-
3239,129.56,-1196460,-1792.097795089685,59,-,-,-,-,-
3240,129.6,-1197229,-1310.048331420303,59,-,-,-,-,-
3241,129.64,-1202382,-593.6856656863691,59,-,-,-,-,-
3242,129.68,-1207189,130.8944549187563,59,-,-,-,-,-
3243,129.72,-1208460,708.5175134327064,59,-,-,-,-,-
3244,129.76,-1207337,1208.149991121304,59,-,-,-,-,-
3245,129.8,-1209335,1866.1054715184973,59,-,-,-,-,-
3246,129.84,-1211984,2566.4095652062106,59,-,-,-,-,-
3247,129.88,-1215381,3038.869845664949,59,-,-,-,-,-
3248,129.92,-1218024,2763.665653799726,59,-,-,-,-,-
3249,129.96,-1218578,1449.0429156664918,59,-,-,-,-,-
3250,130.0,-1220119,-367.8609442584177,59,-,-,-,-,-
3251,130.04,-1221150,-1796.705804581753,59,-,-,-,-,-
3252,130.08,-1221631,-2208.6050556585683,59,-,-,-,-,-
3253,130.12,-1221047,-1817.239904870154,59,-,-,-,-,-
3254,130.16,-1220747,-1280.9691434510187,59,-,-,-,-,-
3255,130.2,-1210234,-1417.0501683622788,59,-,-,-,-,-
3256,130.24,-1199223,-1814.1642218907764,59,-,-,-,-,-
3257,130.28,-1196977,-1773.5117025910458,59,-,-,-,-,-
3258,130.32,-1199909,-1194.8977517194753,59,-,-,-,-,-
3259,130.36,-1202367,-394.24200730119423,59,-,-,-,-,-
3260,130.4,-1207640,466.96395228851907,59,-,-,-,-,-
3261,130.44,-1207405,994.9779992771109,59,-,-,-,-,-
3262,130.48,-1206741,1431.7454072195096,59,-,-,-,-,-
3263,130.52,-1208924,2024.6867340409644,59,-,-,-,-,-
3264,130.56,-1212394,2694.4200420554425,59,-,-,-,-,-
3265,130.6,-1214693,3006.8586795343545,59,-,-,-,-,-
3266,130.64,-1217666,2520.5419910550545,59,-,-,-,-,-
3267,130.68,-1220709,1120.4488670307492,59,-,-,-,-,-
3268,130.72,-1220017,-683.9057143383886,59,-,-,-,-,-
3269,130.76,-1220529,-1840.7669446633636,59,-,-,-,-,-
3270,130.8,-1221600,-2007.4670855039135,59,-,-,-,-,-
3271,130.84,-1221188,-1621.5998722436457,59,-,-,-,-,-
3272,130.88,-1221157,-1245.9108203722467,59,-,-,-,-,-
3273,130.92,-1215660,-1366.934086800009,59,-,-,-,-,-
3274,130.96,-1199079,-1984.1801487121993,59,-,-,-,-,-
3275,131.0,-1195657,-1962.3038398396402,59,-,-,-,-,-
3276,131.04,-1198013,-1380.5058131124179,59,-,-,-,-,-
3277,131.08,-1203039,-457.90326810272677,59,-,-,-,-,-
3278,131.12,-1208180,483.0773717942293,59,-,-,-,-,-
3279,131.16,-1209429,1117.9235094312635,59,-,-,-,-,-
3280,131.2,-1208513,1487.243496009929,59,-,-,-,-,-
3281,131.24,-1209740,1910.5296546316358,59,-,-,-,-,-
3282,131.28,-1212212,2500.95042668767,59,-,-,-,-,-
3283,131.32,-1214812,2989.763698593407,59,-,-,-,-,-
3284,131.36,-1217143,2763.383976132578,59,-,-,-,-,-
3285,131.4,-1217906,1404.1404886095725,59,-,-,-,-,-
3286,131.44,-1219312,-538.4107448307386,59,-,-,-,-,-
3287,131.48,-1220519,-2007.9402682428843,59,-,-,-,-,-
3288,131.52,-1220422,-2353.895301194796,59,-,-,-,-,-
3289,131.56,-1221625,-1767.6065052171914,59,-,-,-,-,-
3290,131.6,-1220458,-1155.861195783148,59,-,-,-,-,-
3291,131.64,-1213034,-1146.3287822394786,59,-,-,-,-,-
3292,131.68,-1198334,-1666.2426244101862,59,-,-,-,-,-
3293,131.72,-1197097,-1646.0421119071052,59,-,-,-,-,-
3294,131.76,-1199085,-1187.8430943399053,59,-,-,-,-,-
3295,131.8,-1202406,-453.5086259779357,59,-,-,-,-,-
3296,131.84,-1207995,354.64811217776423,59,-,-,-,-,-
3297,131.88,-1209158,892.5557675758027,59,-,-,-,-,-
3298,131.92,-1206843,1244.1326453737793,59,-,-,-,-,-
3299,131.96,-1209141,1815.554546633578,59,-,-,-,-,-
3300,132.0,-1211490,2483.0076002855894,55,56.75,-,-,-,-
3301,132.04,-1216341,3001.8376478746713,55,-,-,-,-,-
3302,132.08,-1217974,2625.7388685836077,55,-,-,-,-,-
3303,132.12,-1218336,1198.8481534641078,55,-,-,-,-,-
3304,132.16,-1219651,-623.7764719053398,55,-,-,-,-,-
3305,132.2,-1219990,-1919.4756246957963,55,-,-,-,-,-
3306,132.24,-1220503,-2149.0823027806664,55,-,-,-,-,-
3307,132.28,-1220992,-1643.780204244408,55,-,-,-,-,-
3308,132.32,-1216061,-1280.2296194131595,55,-,-,-,-,-
3309,132.36,-1204078,-1526.1224575030756,55,-,-,-,-,-
3310,132.4,-1196885,-1844.0673526546398,55,-,-,-,-,-
3311,132.44,-1198091,-1673.5358197555342,55,-,-,-,-,-
3312,132.48,-1201662,-991.7263432751531,55,-,-,-,-,-
3313,132.52,-1206938,-20.23106943829862,55,-,-,-,-,-
3314,132.56,-1209623,758.3747988989053,55,-,-,-,-,-
3315,132.6,-1208273,1177.16635726823,55,-,-,-,-,-
3316,132.64,-1208011,1564.1417827993432,55,-,-,-,-,-
3317,132.68,-1211396,2178.9605349545436,55,-,-,-,-,-
3318,132.72,-1214649,2757.002241552618,55,-,-,-,-,-
3319,132.76,-1215609,2721.08519358627,55,-,-,-,-,-
3320,132.8,-1217272,1745.5311951735002,55,-,-,-,-,-
3321,132.84,-1218558,46.99372101285826,55,-,-,-,-,-
3322,132.88,-1219613,-1480.4782112206703,55,-,-,-,-,-
3323,132.92,-1221483,-2039.846859262353,55,-,-,-,-,-
3324,132.96,-1221065,-1742.133390165743,55,-,-,-,-,-
3325,133.0,-1221423,-1132.7243968949952,55,-,-,-,-,-
3326,133.04,-1218501,-937.3794400549386,55,-,-,-,-,-
3327,133.08,-1206690,-1383.3949244908526,55,-,-,-,-,-
3328,133.12,-1197808,-1705.8593428429976,55,-,-,-,-,-
3329,133.16,-1196672,-1446.689293970332,55,-,-,-,-,-
3330,133.2,-1200887,-747.1289030875848,55,-,-,-,-,-
3331,133.24,-1204864,-30.182300511463836,55,-,-,-,-,-
3332,133.28,-1208732,580.262459593705,55,-,-,-,-,-
3333,133.32,-1209426,1031.278755997696,55,-,-,-,-,-
3334,133.36,-1209008,1498.794782586382,55,-,-,-,-,-
3335,133.4,-1210459,2126.490119284831,55,-,-,-,-,-
3336,133.44,-1212990,2735.586932176726,55,-,-,-,-,-
3337,133.48,-1215672,2869.004597686222,55,-,-,-,-,-
3338,133.52,-1218062,2078.1856347734974,55,-,-,-,-,-
3339,133.56,-1218908,421.39814329912315,55,-,-,-,-,-
3340,133.6,-1219850,-1269.1187381491852,55,-,-,-,-,-
3341,133.64,-1220893,-2147.2481985001646,55,-,-,-,-,-
3342,133.68,-1221159,-2053.0054661677914,55,-,-,-,-,-
3343,133.72,-1220427,-1491.3402553197989,55,-,-,-,-,-
3344,133.76,-1219018,-1070.5800549080213,55,-,-,-,-,-
3345,133.8,-1209652,-1258.1830237753238,55,-,-,-,-,-
3346,133.84,-1200646,-1583.0349900841702,55,-,-,-,-,-
3347,133.88,-1197111,-1549.7528693477907,55,-,-,-,-,-
3348,133.92,-1199467,-1011.1623545050325,55,-,-,-,-,-
3349,133.96,-1203989,-212.61655256872336,55,-,-,-,-,-
3350,134.0,-1208620,564.3292471164496,55,-,-,-,-,-
3351,134.04,-1208574,1062.1191772849634,55,-,-,-,-,-
3352,134.08,-1207072,1443.5800905729093,55,-,-,-,-,-
3353,134.12,-1210324,2013.786713570118,55,-,-,-,-,-
3354,134.16,-1213820,2583.145640992955,55,-,-,-,-,-
3355,134.2,-1213908,2721.0401698161495,55,-,-,-,-,-
3356,134.24,-1216799,2209.055145745323,55,-,-,-,-,-
3357,134.28,-1218528,849.4696197983935,55,-,-,-,-,-
3358,134.32,-1218198,-832.2903033316056,55,-,-,-,-,-
3359,134.36,-1220021,-1879.1469215327725,55,-,-,-,-,-
3360,134.4,-1220960,-2000.0621441808153,55,-,-,-,-,-
3361,134.44,-1221600,-1509.1336517976645,55,-,-,-,-,-
3362,134.48,-1219502,-1129.2514744538225,55,-,-,-,-,-
3363,134.52,-1214130,-1196.182291154384,55,-,-,-,-,-
3364,134.56,-1201846,-1622.7579492413988,55,-,-,-,-,-
3365,134.6,-1196913,-1606.2003965784515,55,-,-,-,-,-
3366,134.64,-1198751,-1085.9564853655274,55,-,-,-,-,-
3367,134.68,-1203357,-353.41705625715497,55,-,-,-,-,-
3368,134.72,-1207865,330.1451904802407,55,-,-,-,-,-
3369,134.76,-1208967,804.3196884556546,55,-,-,-,-,-
3370,134.8,-1208146,1182.816558390612,55,-,-,-,-,-
3371,134.84,-1209205,1707.5629958546815,55,-,-,-,-,-
3372,134.88,-1211345,2350.1546674733636,55,-,-,-,-,-
3373,134.92,-1213894,2795.274923372521,55,-,-,-,-,-
3374,134.96,-1215273,2506.346528323301,55,-,-,-,-,-
3375,135.0,-1218424,1348.8884130998385,58,57.0,-,-,-,-
3376,135.04,-1220403,-337.2300842073273,58,-,-,-,-,-
3377,135.08,-1221347,-1660.5201816055094,58,-,-,-,-,-
3378,135.12,-1221644,-2024.5181069353048,58,-,-,-,-,-
3379,135.16,-1221608,-1613.8829409293144,58,-,-,-,-,-
3380,135.2,-1217925,-1195.3504978833753,58,-,-,-,-,-
3381,135.24,-1203544,-1443.6940259747462,58,-,-,-,-,-
3382,135.28,-1195889,-1726.234008714251,58,-,-,-,-,-
3383,135.32,-1195703,-1679.6129968647692,58,-,-,-,-,-
3384,135.36,-1199221,-1223.3154249808022,58,-,-,-,-,-
3385,135.4,-1205557,-438.4854524037328,58,-,-,-,-,-
3386,135.44,-1208934,338.32304087580906,58,-,-,-,-,-
3387,135.48,-1208014,972.246925047004,58,-,-,-,-,-
3388,135.52,-1206769,1595.8267909189672,58,-,-,-,-,-
3389,135.56,-1210028,2389.3745589977952,58,-,-,-,-,-
3390,135.6,-1213435,3058.537284574907,58,-,-,-,-,-
3391,135.64,-1215834,3107.196480400902,58,-,-,-,-,-
3392,135.68,-1217964,2121.4575791713396,58,-,-,-,-,-
3393,135.72,-1218621,259.77923497096117,58,-,-,-,-,-
3394,135.76,-1219965,-1494.963990545492,58,-,-,-,-,-
3395,135.8,-1220590,-2299.657239412486,58,-,-,-,-,-
3396,135.84,-1222368,-1987.1492531633498,58,-,-,-,-,-
3397,135.88,-1222699,-1286.5715984680867,58,-,-,-,-,-
3398,135.92,-1220535,-952.7731367264214,58,-,-,-,-,-
3399,135.96,-1210784,-1324.140715199277,58,-,-,-,-,-
3400,136.0,-1198767,-1846.7388750946375,58,-,-,-,-,-
3401,136.04,-1196411,-1712.8849387080245,58,-,-,-,-,-
3402,136.08,-1197990,-1063.4701572814447,58,-,-,-,-,-
3403,136.12,-1203147,-178.86580533580127,58,-,-,-,-,-
3404,136.16,-1207885,563.6519732667666,58,-,-,-,-,-
3405,136.2,-1209129,1030.9769368432817,58,-,-,-,-,-
3406,136.24,-1207746,1402.5019902173572,58,-,-,-,-,-
3407,136.28,-1208677,2000.7169866154745,58,-,-,-,-,-
3408,136.32,-1211764,2753.320734514058,58,-,-,-,-,-
3409,136.36,-1215188,3166.1422388310875,58,-,-,-,-,-
3410,136.4,-1216836,2617.3330146011112,58,-,-,-,-,-
3411,136.44,-1218100,1063.377363097034,58,-,-,-,-,-
3412,136.48,-1219231,-815.6146848871283,58,-,-,-,-,-
3413,136.52,-1219903,-2071.922596401191,58,-,-,-,-,-
3414,136.56,-1221153,-2226.094112219267,58,-,-,-,-,-
3415,136.6,-1221487,-1673.4712746441082,58,-,-,-,-,-
3416,136.64,-1221934,-1091.4619362569465,58,-,-,-,-,-
3417,136.68,-1215655,-1130.132149162815,58,-,-,-,-,-
3418,136.72,-1201699,-1687.9740809384184,58,-,-,-,-,-
3419,136.76,-1196928,-1800.54725406342,58,-,-,-,-,-
3420,136.8,-1197747,-1348.9748738354228,58,-,-,-,-,-
3421,136.84,-1201799,-540.8592335910578,58,-,-,-,-,-
3422,136.88,-1205862,244.6710912504841,58,-,-,-,-,-
3423,136.92,-1209476,849.7418790116699,58,-,-,-,-,-
3424,136.96,-1208694,1214.5630805216388,58,-,-,-,-,-
3425,137.0,-1208290,1666.347341003935,58,-,-,-,-,-
3426,137.04,-1210460,2347.3486279181325,58,-,-,-,-,-
3427,137.08,-1214052,2958.250237150094,58,-,-,-,-,-
3428,137.12,-1215591,2823.4967810279404,58,-,-,-,-,-
3429,137.16,-1218184,1688.161780634745,58,-,-,-,-,-
3430,137.2,-1219788,-118.04123091754127,58,-,-,-,-,-
3431,137.24,-1219705,-1667.3737801880723,58,-,-,-,-,-
3432,137.28,-1221083,-2179.0653892050245,58,-,-,-,-,-
3433,137.32,-1220130,-1877.0581710352153,58,-,-,-,-,-
3434,137.36,-1220853,-1254.3019136898988,58,-,-,-,-,-
3435,137.4,-1218477,-1002.2064773849843,58,-,-,-,-,-
3436,137.44,-1206011,-1422.123666762247,58,-,-,-,-,-
3437,137.48,-1198406,-1720.844264891075,58,-,-,-,-,-
3438,137.52,-1197080,-1531.6235044172972,58,-,-,-,-,-
3439,137.56,-1200941,-847.8854476826455,58,-,-,-,-,-
3440,137.6,-1205334,-9.204706982108746,58,-,-,-,-,-
3441,137.64,-1209460,752.4396688783199,58,-,-,-,-,-
3442,137.68,-1208670,1206.656591751509,58,-,-,-,-,-
3443,137.72,-1208083,1587.907004031208,58,-,-,-,-,-
3444,137.76,-1209276,2073.686916660088,58,-,-,-,-,-
3445,137.8,-1213144,2640.575153611124,58,-,-,-,-,-
3446,137.84,-1215368,2755.32530869978,58,-,-,-,-,-
3447,137.88,-1217709,2008.4932208503424,58,-,-,-,-,-
3448,137.92,-1217829,386.19216403626433,58,-,-,-,-,-
3449,137.96,-1219768,-1218.501091201801,58,-,-,-,-,-
3450,138.0,-1220680,-2052.4565802167244,56,57.0,-,-,-,Maximo
3451,138.04,-1221733,-1889.4205107286714,56,-,-,-,-,Maximo
3452,138.08,-1222860,-1253.286122248594,56,-,-,-,-,Maximo
3453,138.12,-1221003,-903.934795832984,56,-,-,-,-,Maximo
3454,138.16,-1210913,-1239.2640402088819,56,-,-,-,-,Maximo
3455,138.2,-1198662,-1777.3373712349694,56,-,-,-,-,Maximo
3456,138.24,-1196874,-1705.1871951198173,56,-,-,-,-,Maximo
3457,138.28,-1197588,-1169.7635466824204,56,-,-,-,-,Maximo
3458,138.32,-1203312,-306.845163084442,56,-,-,-,-,Maximo
3459,138.36,-1208327,444.21738046973314,56,-,-,-,-,Maximo
3460,138.4,-1207033,844.5240584426847,56,-,-,-,-,Maximo
3461,138.44,-1207316,1287.507289230056,56,-,-,-,-,Maximo
3462,138.48,-1212286,2034.7862222579288,56,-,-,-,-,Maximo
3463,138.52,-1214487,2785.23009967913,56,-,-,-,-,Maximo
3464,138.56,-1216775,3195.476140706962,56,-,-,-,-,Maximo
3465,138.6,-1218139,2658.6411120735393,56,-,-,-,-,Maximo
3466,138.64,-1219980,1113.575881550721,56,-,-,-,-,Maximo
3467,138.68,-1220847,-797.741807694371,56,-,-,-,-,Maximo
3468,138.72,-1222602,-2034.0078676320152,56,-,-,-,-,Maximo
3469,138.76,-1221324,-2296.9376267463194,56,-,-,-,-,Maximo
3470,138.8,-1219880,-1894.7505247381064,56,-,-,-,-,Maximo
3471,138.84,-1211570,-1726.9619778831566,56,-,-,-,-,Maximo
3472,138.88,-1199684,-1952.077666445044,56,-,-,-,-,Maximo
3473,138.92,-1196307,-1917.9589736897142,56,-,-,-,-,Maximo
3474,138.96,-1201044,-1338.4021363411416,56,-,-,-,-,Maximo
3475,139.0,-1205325,-529.2662576375446,56,-,-,-,-,Maximo
3476,139.04,-1208558,254.8841702560312,56,-,-,-,-,Maximo
3477,139.08,-1207698,797.2320123778218,56,-,-,-,-,Maximo
3478,139.12,-1207749,1327.4406405777654,56,-,-,-,-,Maximo
3479,139.16,-1209896,1990.2471504761033,56,-,-,-,-,Maximo
3480,139.2,-1212419,2665.031874358875,56,-,-,-,-,Maximo
3481,139.24,-1214279,2962.157975646848,56,-,-,-,-,Maximo
3482,139.28,-1217212,2463.8794549952427,56,-,-,-,-,Maximo
3483,139.32,-1219615,1034.3437080950716,56,-,-,-,-,Maximo
3484,139.36,-1220782,-707.2456266306331,56,-,-,-,-,Maximo
3485,139.4,-1222402,-1767.0109974286393,56,-,-,-,-,Maximo
3486,139.44,-1221069,-1881.206180158964,56,-,-,-,-,Maximo
3487,139.48,-1221200,-1375.9553113900774,56,-,-,-,-,Maximo
3488,139.52,-1216918,-1141.0573068808017,56,-,-,-,-,Maximo
3489,139.56,-1203089,-1578.7284549044653,56,-,-,-,-,Maximo
3490,139.6,-1196841,-1865.1849759656907,56,-,-,-,-,Maximo
3491,139.64,-1197777,-1678.9747465635064,56,-,-,-,-,Maximo
3492,139.68,-1202236,-1063.8656435545283,56,-,-,-,-,Maximo
3493,139.72,-1206117,-280.47112692980227,56,-,-,-,-,Maximo
3494,139.76,-1209169,511.52243715907116,56,-,-,-,-,Maximo
3495,139.8,-1206679,1082.845152425166,56,-,-,-,-,Maximo
3496,139.84,-1208132,1744.7980912715175,56,-,-,-,-,Maximo
3497,139.88,-1212447,2480.301083004678,56,-,-,-,-,Maximo
3498,139.92,-1216114,3017.2028278235684,56,-,-,-,-,Maximo
3499,139.96,-1216668,2852.277730033292,56,-,-,-,-,Maximo
3500,140.0,-1217782,1753.8244644567944,56,-,-,-,-,Maximo
3501,140.04,-1219775,16.081850817079612,56,-,-,-,-,Maximo
3502,140.08,-1220010,-1543.052744692782,56,-,-,-,-,Maximo
3503,140.12,-1221023,-2104.1077087284657,56,-,-,-,-,Maximo
3504,140.16,-1220831,-1811.2677998738723,56,-,-,-,-,Maximo
3505,140.2,-1220672,-1306.3350410095823,56,-,-,-,-,Maximo
3506,140.24,-1217434,-1223.9993437672401,56,-,-,-,-,Maximo
3507,140.28,-1201328,-1809.9603875762168,56,-,-,-,-,Maximo
3508,140.32,-1196173,-1869.0001585316459,56,-,-,-,-,Maximo
3509,140.36,-1198031,-1308.2989426388513,56,-,-,-,-,Maximo
3510,140.4,-1202798,-448.3530985948621,56,-,-,-,-,Maximo
3511,140.44,-1207926,345.1947372862396,56,-,-,-,-,Maximo
3512,140.48,-1209434,856.795533396913,56,-,-,-,-,Maximo
3513,140.52,-1208073,1199.1575913490387,56,-,-,-,-,Maximo
3514,140.56,-1211352,1741.0370908029936,56,-,-,-,-,Maximo
3515,140.6,-1213465,2348.206661438513,56,-,-,-,-,Maximo
3516,140.64,-1215095,2841.8557844906763,56,-,-,-,-,Maximo
3517,140.68,-1217532,2746.076183860411,56,-,-,-,-,Maximo
3518,140.72,-1218606,1579.9367060834338,56,-,-,-,-,Maximo
3519,140.76,-1219210,-292.4579813221221,56,-,-,-,-,Maximo
3520,140.8,-1221416,-1795.8612815878053,56,-,-,-,-,Maximo
3521,140.84,-1221227,-2298.3171819877134,56,-,-,-,-,Maximo
3522,140.88,-1221084,-1881.7328524807085,56,-,-,-,-,Maximo
3523,140.92,-1218410,-1365.4144086792403,56,-,-,-,-,Maximo
3524,140.96,-1205574,-1489.6177993742713,56,-,-,-,-,Maximo
3525,141.0,-1197579,-1678.2397969651447,56,56.25,-,-,-,Maximo
3526,141.04,-1202189,-1338.8417594572365,56,-,-,-,-,Maximo
3527,141.08,-1206636,-745.0702106799388,56,-,basal,-,-,Maximo
3528,141.12,-1208999,-91.74553582659928,56,-,basal,-,-,Maximo
3529,141.16,-1209306,445.5947064532884,56,-,basal,-,-,Maximo
3530,141.2,-1210051,909.2551745193678,56,-,basal,-,-,Maximo
3531,141.24,-1213874,1488.3443978496653,56,-,basal,-,-,Maximo
3532,141.28,-1215786,2105.6823226474608,56,-,basal,-,-,Maximo
3533,141.32,-1218522,2667.8016828436403,56,-,basal,-,-,Maximo
3534,141.36,-1220234,2622.90046361861,56,-,basal,-,-,Maximo
3535,141.4,-1220504,1571.388364318449,56,-,basal,-,-,Maximo
3536,141.44,-1221328,-106.66384731555524,56,-,basal,-,-,Maximo
3537,141.48,-1220636,-1531.3178154505836,56,-,basal,-,-,Maximo
3538,141.52,-1221112,-1944.17233924226,56,-,basal,-,-,Maximo
3539,141.56,-1219249,-1687.7357774449292,56,-,basal,-,-,Maximo
3540,141.6,-1209343,-1618.30924897586,56,-,basal,-,-,Maximo
3541,141.64,-1198947,-1791.7300031811756,56,-,basal,-,-,Maximo
3542,141.68,-1197210,-1695.8792616250157,56,-,basal,-,-,Maximo
3543,141.72,-1200815,-1164.8028236919904,56,-,basal,-,-,Maximo
3544,141.76,-1205161,-356.84963682894613,56,-,induccion,-,-,Maximo
3545,141.8,-1220039,816.7696425808645,56,-,induccion,-,-,Maximo
3546,141.84,-1221478,1393.4926502805556,56,-,induccion,-,-,Maximo
3547,141.88,-1221397,1749.544452084112,56,-,induccion,-,-,Maximo
3548,141.92,-1221241,2064.261947512178,56,-,induccion,-,-,Maximo
3549,141.96,-1218855,2301.5702133033074,56,-,induccion,-,-,Maximo
3550,142.0,-1207191,1951.8831671865728,56,-,induccion,-,-,Maximo
3551,142.04,-1197838,934.3736518527076,56,-,induccion,-,-,Maximo
3552,142.08,-1197498,-620.4564855508779,56,-,induccion,-,-,Maximo
3553,142.12,-1199942,-2298.722669278574,56,-,induccion,-,-,Maximo
3554,142.16,-1204397,-3182.7574235163447,56,-,induccion,-,-,Maximo
3555,142.2,-1208248,-2796.2786007920786,56,-,induccion,-,-,Maximo
3556,142.24,-1208409,-1423.7158312964766,56,-,induccion,-,-,Maximo
3557,142.28,-1206612,271.0557983670319,56,-,induccion,-,-,Maximo
3558,142.32,-1210604,1836.2816855903548,56,-,induccion,-,-,Maximo
3559,142.36,-1213780,2741.3904944427322,56,-,induccion,-,-,Maximo
3560,142.4,-1217477,2916.3490609225464,56,-,induccion,-,-,Maximo
3561,142.44,-1218565,2133.2233925358564,56,-,induccion,-,-,Maximo
3562,142.48,-1219875,620.4004822512079,56,-,induccion,-,-,Maximo
3563,142.52,-1220678,-972.787366441863,56,-,induccion,-,-,Maximo
3564,142.56,-1222294,-1818.920071917448,56,-,mantenimiento,-,-,Maximo
3565,142.6,-1221141,-1820.371992349208,56,-,mantenimiento,-,-,Maximo
3566,142.64,-1220478,-1337.4419205228814,56,-,mantenimiento,-,-,Maximo
3567,142.68,-1216972,-1096.6542555622027,56,-,mantenimiento,-,-,Maximo
3568,142.72,-1200681,-1617.180178356728,56,-,mantenimiento,-,-,Maximo
3569,142.76,-1195471,-1825.0120427612837,56,-,mantenimiento,-,-,Maximo
3570,142.8,-1199257,-1400.2349872856048,56,-,mantenimiento,-,-,Maximo
3571,142.84,-1204016,-567.1534439483992,56,-,mantenimiento,-,-,Maximo
3572,142.88,-1208311,343.5428859675012,56,-,mantenimiento,-,-,Maximo
3573,142.92,-1208980,976.5355128535393,56,-,mantenimiento,-,-,Maximo
3574,142.96,-1208800,1416.6467778580409,56,-,mantenimiento,-,-,Maximo
3575,143.0,-1210191,1904.5722388518734,56,-,mantenimiento,-,-,Maximo
3576,143.04,-1212863,2514.7443383241616,56,-,mantenimiento,-,-,Maximo
3577,143.08,-1215363,2974.9015382650714,56,-,mantenimiento,-,-,Maximo
3578,143.12,-1217154,2740.3907397636694,56,-,mantenimiento,-,-,Maximo
3579,143.16,-1218781,1473.4928147215678,56,-,mantenimiento,-,-,Maximo
3580,143.2,-1219331,-434.9535564854193,56,-,mantenimiento,-,-,Maximo
3581,143.24,-1220497,-1887.3928740966762,56,-,mantenimiento,-,-,Maximo
3582,143.28,-1221799,-2204.737397419072,56,-,despertar,-,-,Maximo
3583,143.32,-1221699,-1711.9208424930566,56,-,despertar,-,-,Maximo
3584,143.36,-1216471,-1308.8688228425735,56,-,despertar,-,-,Maximo
3585,143.4,-1203170,-1534.1098327837353,56,-,despertar,-,-,Maximo
3586,143.44,-1196871,-1747.0892571772965,56,-,despertar,-,-,Maximo
3587,143.48,-1197447,-1573.0307703979852,56,-,despertar,-,-,Maximo
3588,143.52,-1200692,-989.9597572514763,56,-,despertar,-,-,Maximo
3589,143.56,-1206093,-160.7343784654322,56,-,despertar,-,-,Maximo
3590,143.6,-1209300,549.6299842169119,56,-,despertar,-,-,Maximo
3591,143.64,-1209091,1033.0030480658834,56,-,despertar,-,-,Maximo
3592,143.68,-1207990,1499.1153095860427,56,-,despertar,-,-,Maximo
3593,143.72,-1211041,2227.5578218775163,56,-,despertar,-,-,Maximo
3594,143.76,-1214920,2908.7771077636635,56,-,despertar,-,-,Maximo
3595,143.8,-1217780,2931.431764258189,56,-,despertar,-,-,Maximo
3596,143.84,-1218442,1848.8340090571983,56,-,despertar,-,-,Maximo
3597,143.88,-1219496,51.83076240918581,56,-,despertar,-,-,Maximo
3598,143.92,-1219840,-1573.630014227571,56,-,despertar,-,-,Maximo
3599,143.96,-1220898,-2222.3833351558887,56,-,despertar,-,-,Maximo
3600,144.0,-1220845,-1950.6427780729541,nan,56.666666666666664,recuperacion,-,-,Movimiento
3601,144.04,-1219705,-1364.6123307849784,nan,-,recuperacion,-,-,Movimiento
3602,144.08,-1214397,-1167.5997750341012,nan,-,recuperacion,-,-,Movimiento
3603,144.12,-1201336,-1589.0952038379455,nan,-,recuperacion,-,-,Movimiento
3604,144.16,-1196090,-1770.7414799957587,nan,-,recuperacion,-,-,Movimiento
3605,144.2,-1198801,-1335.4065975743324,nan,-,recuperacion,-,-,Movimiento
3606,144.24,-1201494,-545.3795517327308,nan,-,recuperacion,-,-,Movimiento
3607,144.28,-1206802,376.3529510942817,nan,-,recuperacion,-,-,Movimiento
3608,144.32,-1209263,1009.4614946467327,nan,-,recuperacion,-,-,Movimiento
3609,144.36,-1208028,1354.3218377530711,nan,-,recuperacion,-,-,Movimiento
3610,144.4,-1208123,1764.693404621693,nan,-,recuperacion,-,-,Movimiento
3611,144.44,-1210308,2345.272342211598,nan,-,recuperacion,-,-,Movimiento
3612,144.48,-1215172,2863.5837481536546,nan,-,recuperacion,-,-,Movimiento
3613,144.52,-1219179,2696.6474925117373,nan,-,recuperacion,-,-,Movimiento
3614,144.56,-1220187,1483.4318923815072,nan,-,recuperacion,-,-,Movimiento
3615,144.6,-1220665,-297.89367081127375,nan,-,recuperacion,-,-,Movimiento
3616,144.64,-1221100,-1731.7735966763519,nan,-,recuperacion,-,-,Movimiento
3617,144.68,-1221262,-2198.96801206286,nan,-,recuperacion,-,-,Movimiento
3618,144.72,-1221275,-1831.1662248789053,nan,-,recuperacion,-,-,Movimiento
3619,144.76,-1218507,-1351.3528082345338,nan,-,recuperacion,-,-,Movimiento
3620,144.8,-1206265,-1501.086500183199,nan,-,recuperacion,-,-,Movimiento
3621,144.84,-1198010,-1858.2685138222187,nan,-,recuperacion,-,-,Movimiento
3622,144.88,-1196929,-1909.092634599203,nan,-,recuperacion,-,-,Movimiento
3623,144.92,-1199575,-1387.3493507390313,nan,-,recuperacion,-,-,Movimiento
3624,144.96,-1205868,-328.61250185022163,nan,-,recuperacion,-,-,Movimiento
3625,145.0,-1209577,696.8377019243117,nan,-,recuperacion,-,-,Movimiento
3626,145.04,-1208360,1309.4156658186885,nan,-,recuperacion,-,-,Movimiento
3627,145.08,-1207850,1724.3607786446391,nan,-,recuperacion,-,-,Movimiento
3628,145.12,-1210938,2258.3200181092834,nan,-,recuperacion,-,-,Movimiento
3629,145.16,-1213038,2772.5079469034217,nan,-,recuperacion,-,-,Movimiento
3630,145.2,-1215794,2908.3233358813277,nan,-,recuperacion,-,-,Movimiento
3631,145.24,-1217581,2118.4347189514,nan,-,recuperacion,-,-,Movimiento
3632,145.28,-1220448,524.7177567657418,nan,-,recuperacion,-,-,Movimiento
3633,145.32,-1220758,-1212.2099514797192,nan,-,recuperacion,-,-,Movimiento
3634,145.36,-1221289,-2125.276520197488,nan,-,recuperacion,-,-,Movimiento
3635,145.4,-1222611,-1976.523288101081,nan,-,recuperacion,-,-,Movimiento
3636,145.44,-1220290,-1438.2817549641445,nan,-,recuperacion,-,-,Movimiento
3637,145.48,-1214494,-1193.8433051806487,nan,-,recuperacion,-,-,Movimiento
3638,145.52,-1200842,-1601.3735634327622,nan,-,recuperacion,-,-,Movimiento
3639,145.56,-1197185,-1781.7349089774925,nan,-,recuperacion,-,-,Movimiento
3640,145.6,-1196617,-1586.794892713683,nan,-,recuperacion,-,-,Movimiento
3641,145.64,-1202514,-845.2457126677056,nan,-,recuperacion,-,-,Movimiento
3642,145.68,-1207355,16.429927555563154,nan,-,recuperacion,-,-,Movimiento
3643,145.72,-1209332,751.8258528453916,nan,-,recuperacion,-,-,Movimiento
3644,145.76,-1208829,1318.2900616555507,nan,-,recuperacion,-,-,Movimiento
