muestra,tiempo,ppg,ppg filtrado,spi,spi_promedio,estado,tipo evento,evento,alarma
1,0.04,-783261,-194.24570194429316,nan,-,-,-,-,-
2,0.08,-782735,-1111.9929360009273,nan,-,-,-,-,-
3,0.12,-784376,-1313.13228648489,nan,-,-,-,-,-
4,0.16,-784504,-1054.826278995776,nan,-,-,-,-,-
5,0.2,-784046,-738.8226855005275,nan,-,-,-,-,-
6,0.24,-780647,-727.3959031679697,nan,-,-,-,-,-
7,0.28,-772880,-1022.0333732232666,nan,-,-,-,-,-
8,0.32,-768739,-1136.7782724672343,nan,-,-,-,-,-
9,0.36,-768018,-926.3757666037254,nan,-,-,-,-,-
10,0.4,-770367,-441.16944962824516,nan,-,-,-,-,-
11,0.44,-773675,104.83631992900382,nan,-,-,-,-,-
12,0.48,-775544,523.4270577304487,nan,-,-,-,-,-
13,0.52,-775209,793.9737762019026,nan,-,-,-,-,-
14,0.56,-774267,1064.9282861197744,nan,-,-,-,-,-
15,0.6,-776771,1523.5820023143115,nan,-,-,-,-,-
16,0.64,-778655,1897.3458459015346,nan,-,-,-,-,-
17,0.68,-779983,1863.0620381003446,nan,-,-,-,-,-
18,0.72,-781523,1217.1055461726537,nan,-,-,-,-,-
19,0.76,-782152,99.46289347142101,nan,-,-,-,-,-
20,0.8,-782629,-929.5650872376926,nan,-,-,-,-,-
21,0.84,-783776,-1370.5631248610562,nan,-,-,-,-,-
22,0.88,-783937,-1240.4973447635834,nan,-,-,-,-,-
23,0.92,-783605,-887.5667836090306,nan,-,-,-,-,-
24,0.96,-782709,-707.8628547457001,nan,-,-,-,-,-
25,1.0,-775290,-977.5378736821212,nan,-,-,-,-,-
26,1.04,-770321,-1186.245284106708,nan,-,-,-,-,-
27,1.08,-768700,-1075.013490020222,nan,-,-,-,-,-
28,1.12,-771032,-617.9992782091877,nan,-,-,-,-,-
29,1.16,-772211,-134.96467608406658,nan,-,-,-,-,-
30,1.2,-775538,349.57636674904916,nan,-,-,-,-,-
31,1.24,-776347,673.4187832380248,nan,-,-,-,-,-
32,1.28,-777308,995.193941399822,nan,-,-,-,-,-
33,1.32,-775185,1273.246658079985,nan,-,-,-,-,-
34,1.36,-778444,1709.529147841759,nan,-,-,-,-,-
35,1.4,-779594,1814.5149770436215,nan,-,-,-,-,-
36,1.44,-780270,1375.1355295269086,nan,-,-,-,-,-
37,1.48,-782306,478.6873893756624,nan,-,-,-,-,-
38,1.52,-783250,-536.7868396676945,nan,-,-,-,-,-
39,1.56,-784279,-1150.442548782542,nan,-,-,-,-,-
40,1.6,-784477,-1229.298358111679,nan,-,-,-,-,-
41,1.64,-784031,-968.2403795583448,nan,-,-,-,-,-
42,1.68,-782585,-702.3939953592148,nan,-,-,-,-,-
43,1.72,-776041,-771.6249695101469,nan,-,-,-,-,-
44,1.76,-769405,-998.6176114608879,nan,-,-,-,-,-
45,1.8,-768523,-1013.3872705047052,nan,-,-,-,-,-
46,1.84,-770244,-769.1448521329485,nan,-,-,-,-,-
47,1.88,-773289,-322.24544141006777,nan,-,-,-,-,-
48,1.92,-774815,132.65641266116108,nan,-,-,-,-,-
49,1.96,-775127,541.8432530147284,nan,-,-,-,-,-
50,2.0,-774488,918.0594574018519,nan,-,-,-,-,-
51,2.04,-775288,1353.3558115262563,nan,-,-,-,-,-
52,2.08,-777420,1775.6742025657304,nan,-,-,-,-,-
53,2.12,-778859,1895.1910494065937,nan,-,-,-,-,-
54,2.16,-779037,1432.1693693280704,nan,-,-,-,-,-
55,2.2,-780092,472.2280505941137,nan,-,-,-,-,-
56,2.24,-782194,-539.8686769207343,nan,-,-,-,-,-
57,2.28,-782002,-1171.0709441089919,nan,-,-,-,-,-
58,2.32,-782136,-1171.6802307236326,nan,-,-,-,-,-
59,2.36,-781848,-860.6996532075943,nan,-,-,-,-,-
60,2.4,-781136,-642.8802623156839,nan,-,-,-,-,-
61,2.44,-775186,-818.5830187214642,nan,-,-,-,-,-
62,2.48,-767534,-1115.9772734945782,nan,-,-,-,-,-
63,2.52,-766286,-1059.4315635082485,nan,-,-,-,-,-
64,2.56,-767685,-726.8332307301375,nan,-,-,-,-,-
65,2.6,-772173,-214.52490861234173,nan,-,-,-,-,-
66,2.64,-773822,196.57922218082876,nan,-,-,-,-,-
67,2.68,-774785,570.1944129827971,nan,-,-,-,-,-
68,2.72,-773259,867.37032562083,nan,-,-,-,-,-
69,2.76,-774962,1276.362093128519,nan,-,-,-,-,-
70,2.8,-777531,1681.525199581943,nan,-,-,-,-,-
71,2.84,-778267,1814.8222826899841,nan,-,-,-,-,-
72,2.88,-779315,1455.2203761431215,nan,-,-,-,-,-
73,2.92,-780502,518.6969715720768,nan,-,-,-,-,-
74,2.96,-781151,-621.6803964941128,nan,-,-,-,-,-
75,3.0,-781503,-1343.4638475662844,74,74.0,-,-,-,-
76,3.04,-782807,-1332.1422647705467,74,-,-,-,-,-
77,3.08,-782610,-945.1047021482493,74,-,-,-,-,-
78,3.12,-778516,-743.8623968401926,74,-,-,-,-,-
79,3.16,-769747,-963.267711562281,74,-,-,-,-,-
80,3.2,-768329,-1044.3219409162339,74,-,-,-,-,-
81,3.24,-769470,-880.7098383678463,74,-,-,-,-,-
82,3.28,-771643,-473.2267416281754,74,-,-,-,-,-
83,3.32,-774710,25.435106726344202,74,-,-,-,-,-
84,3.36,-775015,366.17861192319333,74,-,-,-,-,-
85,3.4,-774010,604.7914199851134,74,-,-,-,-,-
86,3.44,-774590,939.8428947756752,74,-,-,-,-,-
87,3.48,-776685,1414.787180985296,74,-,-,-,-,-
88,3.52,-778955,1802.8451801605042,74,-,-,-,-,-
89,3.56,-780049,1691.7357526766027,74,-,-,-,-,-
90,3.6,-780630,919.8935519155675,74,-,-,-,-,-
91,3.64,-780675,-189.47571033756128,74,-,-,-,-,-
92,3.68,-781336,-985.6970330133128,74,-,-,-,-,-
93,3.72,-781463,-1162.8650769120802,74,-,-,-,-,-
94,3.76,-781895,-875.1841076757648,74,-,-,-,-,-
95,3.8,-782393,-568.5614128199286,74,-,-,-,-,-
96,3.84,-779228,-628.4305077840804,74,-,-,-,-,-
97,3.88,-771352,-993.731786230499,74,-,-,-,-,-
98,3.92,-768119,-1086.4513102947776,74,-,-,-,-,-
99,3.96,-767713,-820.5585548916815,74,-,-,-,-,-
100,4.0,-770945,-274.2046880730866,74,-,-,-,-,-
101,4.04,-773785,221.21649815439787,74,-,-,-,-,-
102,4.08,-775494,538.4158339556461,74,-,-,-,-,-
103,4.12,-774904,689.4101192159792,74,-,-,-,-,-
104,4.16,-774650,887.1107503212461,74,-,-,-,-,-
105,4.2,-776636,1264.4675277175193,74,-,-,-,-,-
106,4.24,-778575,1623.204624502343,74,-,-,-,-,-
107,4.28,-16775214,504520.16304958984,74,-,-,-,-,-
108,4.32,-16775492,462751.75268030725,74,-,-,-,-,-
109,4.36,-16775531,372375.0961774518,74,-,-,-,-,-
110,4.4,-16775548,229237.1239251133,74,-,-,-,-,-
111,4.44,-16775544,46390.557830275735,74,-,-,-,-,-
112,4.48,-16775593,-147208.0124247428,74,-,-,-,-,-
113,4.52,-16775502,-347765.9097516872,74,-,-,-,-,-
114,4.56,-16775466,-623682.7361964681,74,-,-,-,-,-
115,4.6,-16775451,-1056089.4610478142,74,-,-,-,-,-
116,4.64,-16775603,-1532371.430244274,74,-,-,-,-,-
117,4.68,-16775555,-1650827.955864131,74,-,-,-,-,-
118,4.72,-16775528,-1075415.0792979538,74,-,-,-,-,-
119,4.76,-16775500,-37332.83097579493,74,-,-,-,-,-
120,4.8,-16775556,805309.245683016,74,-,-,-,-,-
121,4.84,-16775563,1070955.5119808535,74,-,-,-,-,-
122,4.88,-16775519,939558.2195365293,74,-,-,-,-,-
123,4.92,-16775446,757893.0871921491,74,-,-,-,-,-
124,4.96,-16775473,661850.3299026445,74,-,-,-,-,-
125,5.0,-16775461,600681.1452702878,74,-,-,-,-,-
126,5.04,-16775516,513376.73107867735,74,-,-,-,-,-
127,5.08,-16775505,398893.82932775654,74,-,-,-,-,-
128,5.12,-16775546,283677.3403512568,74,-,-,-,-,-
129,5.16,-16775495,183220.12425762252,74,-,-,-,-,-
130,5.2,-16775595,97624.63376098429,74,-,-,-,-,-
131,5.24,-16775533,23452.00701798708,74,-,-,-,-,-
132,5.28,-16775504,-39578.67276074621,74,-,-,-,-,-
133,5.32,-16775461,-89924.08404429059,74,-,-,-,-,-
134,5.36,-16775435,-126990.62523351214,74,-,-,-,-,-
135,5.4,-16775494,-151708.5714375482,74,-,-,-,-,-
136,5.44,-16775454,-165672.48607053224,74,-,-,-,-,-
137,5.48,-16775550,-170444.23254593526,74,-,-,-,-,-
138,5.52,-16775555,-167507.36960739622,74,-,-,-,-,-
139,5.56,-16775587,-158359.88834194414,74,-,-,-,-,-
140,5.6,-16775649,-144533.55809062917,74,-,-,-,-,-
141,5.64,-16775562,-127498.02721990016,74,-,-,-,-,-
142,5.68,-16775524,-108560.4912775626,74,-,-,-,-,-
143,5.72,-16775593,-88849.67600220471,74,-,-,-,-,-
144,5.76,-16775339,-69323.05896820375,74,-,-,-,-,-
145,5.8,-16775374,-50718.36438463064,74,-,-,-,-,-
146,5.84,-16775273,-33625.631677441444,74,-,-,-,-,-
147,5.88,-16775538,-18435.842647297977,74,-,-,-,-,-
148,5.92,-16775488,-5423.201580155175,74,-,-,-,-,-
149,5.96,-16775548,5309.96950733455,74,-,-,-,-,-
151,6.04,-16775568,20011.377188882034,nan,-,-,-,-,-
152,6.08,-16775489,24232.226269952575,nan,-,-,-,-,-
153,6.12,-16775535,26642.302051513252,nan,-,-,-,-,-
154,6.16,-16775543,27484.999935442742,nan,-,-,-,-,-
155,6.2,-16775487,27022.050792544294,nan,-,-,-,-,-
156,6.24,-16775449,25525.812510644275,nan,-,-,-,-,-
157,6.28,-16775490,23266.952853555696,nan,-,-,-,-,-
158,6.32,-16775529,20492.564176415453,nan,-,-,-,-,-
159,6.36,-16775432,17412.406502090897,nan,-,-,-,-,-
160,6.4,-16775430,14211.066944430873,nan,-,-,-,-,-
161,6.44,-16775417,11035.607582818895,nan,-,-,-,-,-
162,6.48,-16775412,8014.586616397668,nan,-,-,-,-,-
163,6.52,-16775437,5246.015588222272,nan,-,-,-,-,-
164,6.56,-16775460,2786.0692781297075,nan,-,-,-,-,-
165,6.6,-16775408,658.8012971220123,nan,-,-,-,-,-
166,6.64,-16775376,-1098.1564498806365,nan,-,-,-,-,-
167,6.68,-16775448,-2414.037560999459,nan,-,-,-,-,-
168,6.72,-16775504,-3246.3209594059335,nan,-,-,-,-,-
169,6.76,-16775475,-3663.563366587685,nan,-,-,-,-,-
170,6.8,-16775532,-3818.292178992915,nan,-,-,-,-,-
171,6.84,-16775448,-3834.005090698847,nan,-,-,-,-,-
172,6.88,-16775494,-3719.1983548646667,nan,-,-,-,-,-
173,6.92,-16775512,-3466.4993435995325,nan,-,-,-,-,-
174,6.96,-16775496,-3102.069028435909,nan,-,-,-,-,-
175,7.0,-16775400,-2687.814113374199,nan,-,-,-,-,-
176,7.04,-16775561,-2271.2598533840983,nan,-,-,-,-,-
177,7.08,-16775551,-1903.7019836300788,nan,-,-,-,-,-
178,7.12,-16775565,-1599.831386284257,nan,-,-,-,-,-
179,7.16,-16775551,-1378.8504839201778,nan,-,-,-,-,-
180,7.2,-16775461,-1261.7260698207992,nan,-,-,-,-,-
181,7.24,-16775553,4.354231624376559,nan,-,-,-,-,-
182,7.28,-16775442,0.9122543949478654,nan,-,-,-,-,-
183,7.32,-16775541,2.8815468473388464,nan,-,-,-,-,-
184,7.36,-16775500,0.7526442495588341,nan,-,-,-,-,-
185,7.4,-16775497,-1.2051726086605914,nan,-,-,-,-,-
186,7.44,-16775516,-3.573854777376923,nan,-,-,-,-,-
187,7.48,-16775523,-3.3256866664933167,nan,-,-,-,-,-
188,7.52,-16775570,3.894620421010366,nan,-,-,-,-,-
189,7.56,-16775523,9.653336877545469,nan,-,-,-,-,-
190,7.6,-16775569,13.464646300138128,nan,-,-,-,-,-
191,7.64,-16775564,9.298062532987815,nan,-,-,-,-,-
192,7.68,-16775439,-0.8895284791443743,nan,-,-,-,-,-
193,7.72,-16775421,-5.4112295632462235,nan,-,-,-,-,-
194,7.76,-16775417,-6.250800177075135,nan,-,-,-,-,-
195,7.8,-16775479,-3.5161429565936366,nan,-,-,-,-,-
196,7.84,-16775504,-2.331448953687655,nan,-,-,-,-,-
197,7.88,-16775496,-2.4526178045521903,nan,-,-,-,-,-
198,7.92,-16775471,-1.8671537268995486,nan,-,-,-,-,-
199,7.96,-16775450,0.878904653053119,nan,-,-,-,-,-
200,8.0,-16775497,7.305423904422806,nan,-,-,-,-,-
201,8.04,-16775509,12.487907154849324,nan,-,-,-,-,-
202,8.08,-16775555,15.358036169430179,nan,-,-,-,-,-
203,8.12,-16775563,10.127129888654046,nan,-,-,-,-,-
204,8.16,-16775568,-0.784420871088642,nan,-,-,-,-,-
205,8.2,-16775536,-11.294123199398555,nan,-,-,-,-,-
206,8.24,-16775544,-12.625925788846143,nan,-,-,-,-,-
207,8.28,-16775567,-6.878469347675924,nan,-,-,-,-,-
208,8.32,-16775496,-4.444002509521582,nan,-,-,-,-,-
209,8.36,-16775433,-6.89187207210027,nan,-,-,-,-,-
210,8.4,-16775500,-8.784334460838991,nan,-,-,-,-,-
211,8.44,-16775464,-12.306704518580581,nan,-,-,-,-,-
212,8.48,-16775502,-8.392978131228567,nan,-,-,-,-,-
213,8.52,-16775512,-1.4116783831905693,nan,-,-,-,-,-
214,8.56,-16775570,7.251117304301104,nan,-,-,-,-,-
215,8.6,-16775510,9.283198085574675,nan,-,-,-,-,-
216,8.64,-16775455,8.702393850241918,nan,-,-,-,-,-
217,8.68,-16775502,10.573312913226626,nan,-,-,-,-,-
218,8.72,-16775510,10.69770999191031,nan,-,-,-,-,-
219,8.76,-16775570,9.871208244707177,nan,-,-,-,-,-
220,8.8,-16775603,4.5849160208346404,nan,-,-,-,-,-
221,8.84,-16775545,-4.260196367595146,nan,-,-,-,-,-
222,8.88,-16775510,-9.193417479461665,nan,-,-,-,-,-
223,8.92,-16775579,-6.242587965093531,nan,-,-,-,-,-
224,8.96,-16775486,-5.038979282028173,nan,-,-,-,-,-
226,9.04,-16775500,0.8749689498844386,nan,-,-,-,-,-
227,9.08,-16775463,-4.674721833461486,nan,-,-,-,-,-
228,9.12,-16775510,-8.417607215620773,nan,-,-,-,-,-
229,9.16,-16775622,-4.879954320016182,nan,-,-,-,-,-
230,9.2,-16775586,0.2658385599872446,nan,-,-,-,-,-
231,9.24,-16775538,6.480879176538325,nan,-,-,-,-,-
232,9.28,-16775599,11.984821918530827,nan,-,-,-,-,-
233,9.32,-16775521,7.991630462813426,nan,-,-,-,-,-
234,9.36,-16775520,4.6534315507802155,nan,-,-,-,-,-
235,9.4,-16775439,-1.1886323213315961,nan,-,-,-,-,-
236,9.44,-16775519,-2.7313065764646636,nan,-,-,-,-,-
237,9.48,-16775469,-9.502887885324103,nan,-,-,-,-,-
238,9.52,-16775534,-10.9855646963446,nan,-,-,-,-,-
239,9.56,-16775555,-8.687018708728033,nan,-,-,-,-,-
240,9.6,-16775503,-3.027831011909768,nan,-,-,-,-,-
241,9.64,-16775538,6.793178656550779,nan,-,-,-,-,-
242,9.68,-16775606,13.952785599323349,nan,-,-,-,-,-
243,9.72,-16775596,13.874428918943025,nan,-,-,-,-,-
244,9.76,-16775567,9.957638141731426,nan,-,-,-,-,-
245,9.8,-16775551,3.8530743292871534,nan,-,-,-,-,-
246,9.84,-16775411,-7.716124263543335,nan,-,-,-,-,-
247,9.88,-16775451,-11.82637747080534,nan,-,-,-,-,-
248,9.92,-16775446,-12.887137437754436,nan,-,-,-,-,-
249,9.96,-16775495,-8.253658311483186,nan,-,-,-,-,-
250,10.0,-16775515,-3.8857536154092784,nan,-,-,-,-,-
251,10.04,-16775487,-2.8548551649032685,nan,-,-,-,-,-
252,10.08,-16775534,0.38238994395781845,nan,-,-,-,-,-
253,10.12,-16775455,2.8315477176443,nan,-,-,-,-,-
254,10.16,-16775538,13.362294309310762,nan,-,-,-,-,-
255,10.2,-16775627,21.493541520003447,nan,-,-,-,-,-
256,10.24,-16775588,17.469103932050892,nan,-,-,-,-,-
257,10.28,-16775540,5.299795675260768,nan,-,-,-,-,-
258,10.32,-16775480,-8.906272649332891,nan,-,-,-,-,-
259,10.36,-16775463,-16.059854053044972,nan,-,-,-,-,-
260,10.4,-16775364,-17.82066436724574,nan,-,-,-,-,-
261,10.44,-16775460,-9.111724614933962,nan,-,-,-,-,-
262,10.48,-16775498,-3.7696881491171226,nan,-,-,-,-,-
263,10.52,-16775523,-2.9933329643447095,nan,-,-,-,-,-
264,10.56,-16775435,-7.341700201449591,nan,-,-,-,-,-
265,10.6,-16775519,-2.094231590850626,nan,-,-,-,-,-
266,10.64,-16775490,5.971994045659667,nan,-,-,-,-,-
267,10.68,-16775506,16.972474734721075,nan,-,-,-,-,-
268,10.72,-16775575,23.054509736317115,nan,-,-,-,-,-
269,10.76,-16775617,18.253542292628246,nan,-,-,-,-,-
270,10.8,-16775519,2.4615516896972274,nan,-,-,-,-,-
271,10.84,-16775546,-8.756764182368585,nan,-,-,-,-,-
272,10.88,-16775413,-18.166883299901016,nan,-,-,-,-,-
273,10.92,-16775473,-13.15472142712224,nan,-,-,-,-,-
274,10.96,-16775485,-6.734811490252774,nan,-,-,-,-,-
275,11.0,-16775530,-2.681690260237559,nan,-,-,-,-,-
276,11.04,-16775428,-7.519374324275454,nan,-,-,-,-,-
277,11.08,-16775476,-7.577412693961845,nan,-,-,-,-,-
278,11.12,-16775489,-4.693020982684747,nan,-,-,-,-,-
279,11.16,-16775610,6.660186021707759,nan,-,-,-,-,-
280,11.2,-16775588,15.035302397793693,nan,-,-,-,-,-
281,11.24,-16775536,17.712225222503612,nan,-,-,-,-,-
282,11.28,-16775530,13.212516831809161,nan,-,-,-,-,-
283,11.32,-16775526,3.0679295577828114,nan,-,-,-,-,-
284,11.36,-16775495,-6.086946075721322,nan,-,-,-,-,-
285,11.4,-16775470,-8.570844891747399,nan,-,-,-,-,-
286,11.44,-16775443,-7.682242459840282,nan,-,-,-,-,-
287,11.48,-16775401,-9.822255109060649,nan,-,-,-,-,-
288,11.52,-16775523,-9.208544151951557,nan,-,-,-,-,-
289,11.56,-16775453,-10.820453509509266,nan,-,-,-,-,-
290,11.6,-16775507,-0.9694463299521274,nan,-,-,-,-,-
291,11.64,-16775450,7.771222641784709,nan,-,-,-,-,-
292,11.68,-16775498,14.752490907073721,nan,-,-,-,-,-
293,11.72,-16775501,13.800214476067172,nan,-,-,-,-,-
294,11.76,-16775544,11.745638310641738,nan,-,-,-,-,-
295,11.8,-16775515,7.541091761792988,nan,-,-,-,-,-
296,11.84,-16775547,4.167071605621114,nan,-,-,-,-,-
297,11.88,-16775510,-3.3375130188344126,nan,-,-,-,-,-
298,11.92,-16775497,-9.163411894205904,nan,-,-,-,-,-
299,11.96,-16775539,-8.827833606328094,nan,-,-,-,-,-
301,12.04,-16775569,-3.488261215694676,nan,-,-,-,-,-
302,12.08,-16775578,-4.33613133687987,nan,-,-,-,-,-
303,12.12,-16775513,-8.40099183387953,nan,-,-,-,-,-
304,12.16,-16775403,-11.429263986763772,nan,-,-,-,-,-
305,12.2,-16775392,-8.071411996582128,nan,-,-,-,-,-
306,12.24,-16775387,-3.727689505868632,nan,-,-,-,-,-
307,12.28,-16775398,-1.26016161489218,nan,-,-,-,-,-
308,12.32,-16775470,-0.23115940683075564,nan,-,-,-,-,-
309,12.36,-16775386,-4.572362815465046,nan,-,-,-,-,-
310,12.4,-16775494,2.3389466208528376,nan,-,-,-,-,-
311,12.44,-16775433,10.641556847379789,nan,-,-,-,-,-
312,12.48,-16775543,25.612232287451164,nan,-,-,-,-,-
313,12.52,-16775482,28.186368438338818,nan,-,-,-,-,-
314,12.56,-16775548,24.61287113119461,nan,-,-,-,-,-
315,12.6,-16775570,12.221556501106562,nan,-,-,-,-,-
316,12.64,-16775527,-3.606505187550651,nan,-,-,-,-,-
317,12.68,-16775395,-17.718270169012627,nan,-,-,-,-,-
318,12.72,-16775358,-21.824993576187936,nan,-,-,-,-,-
319,12.76,-16775400,-18.63089746137232,nan,-,-,-,-,-
320,12.8,-16775444,-14.363192128198747,nan,-,-,-,-,-
321,12.84,-16775490,-10.533919512599802,nan,-,-,-,-,-
322,12.88,-16775534,-6.4401867667435155,nan,-,-,-,-,-
323,12.92,-16775510,-3.2495869163682123,nan,-,-,-,-,-
324,12.96,-16775539,3.255519987589416,nan,-,-,-,-,-
325,13.0,-16775557,11.151902998933576,nan,-,-,-,-,-
326,13.04,-16775529,17.38210847675874,nan,-,-,-,-,-
327,13.08,-16775512,18.205151901492954,nan,-,-,-,-,-
328,13.12,-16775804,18.54462503389601,nan,-,-,-,-,-
329,13.16,-16775776,1.5108284589556575,nan,-,-,-,-,-
330,13.2,-16775830,-10.17368533700963,nan,-,-,-,-,-
331,13.24,-16775660,-19.52417807820686,nan,-,-,-,-,-
332,13.28,-16775385,-24.210789760212037,nan,-,-,-,-,-
333,13.32,-16775434,-16.204442848584847,nan,-,-,-,-,-
334,13.36,-16775394,-12.798127449930774,nan,-,-,-,-,-
335,13.4,-16775364,-11.849488342981502,nan,-,-,-,-,-
336,13.44,-16775424,-11.033712629567814,nan,-,-,-,-,-
337,13.48,-16775466,-12.454217776164093,nan,-,-,-,-,-
338,13.52,-16775437,-11.205737174030823,nan,-,-,-,-,-
339,13.56,-16775471,5.388012590595338,nan,-,-,-,-,-
340,13.6,-16775494,33.139897900334915,nan,-,-,-,-,-
341,13.64,-16775460,54.711804706775425,nan,-,-,-,-,-
342,13.68,-16775480,56.809598840903284,nan,-,-,-,-,-
343,13.72,-16775582,38.81762128043377,nan,-,-,-,-,-
344,13.76,-16775545,8.46490084368208,nan,-,-,-,-,-
345,13.8,-16775499,-14.015128701010582,nan,-,-,-,-,-
346,13.84,-16775452,-23.81015182725772,nan,-,-,-,-,-
347,13.88,-16775535,-21.118651084377348,nan,-,-,-,-,-
348,13.92,-16775583,-16.41272782165072,nan,-,-,-,-,-
349,13.96,-16775543,-14.369987049844298,nan,-,-,-,-,-
350,14.0,-16775547,-12.180925196919537,nan,-,-,-,-,-
351,14.04,-16775509,-12.79977277898493,nan,-,-,-,-,-
352,14.08,-16775459,-13.988460033004301,nan,-,-,-,-,-
353,14.12,-16775470,-10.621926774773101,nan,-,-,-,-,-
354,14.16,-16775419,-5.441037253280314,nan,-,-,-,-,-
355,14.2,-16775521,4.464972795669887,nan,-,-,-,-,-
356,14.24,-16775477,3.8643555934414318,nan,-,-,-,-,-
357,14.28,-16775404,-2.503799268812429,nan,-,-,-,-,-
358,14.32,-16775368,-5.000469451339548,nan,-,-,-,-,-
359,14.36,-16775444,3.0882975606607204,nan,-,-,-,-,-
360,14.4,-16775420,10.915713225877798,nan,-,-,-,-,-
361,14.44,-16775459,16.925637633511236,nan,-,-,-,-,-
362,14.48,-16775619,20.19881972752765,nan,-,-,-,-,-
363,14.52,-16775509,10.07847563138862,nan,-,-,-,-,-
364,14.56,-16775416,0.13494364375442558,nan,-,-,-,-,-
365,14.6,-16775379,-4.099999946778141,nan,-,-,-,-,-
366,14.64,-16775348,-3.2003359747758253,nan,-,-,-,-,-
367,14.68,-16775487,3.841685516019112,nan,-,-,-,-,-
368,14.72,-16775497,1.7423316218191331,nan,-,-,-,-,-
369,14.76,-16775414,-8.603437910866855,nan,-,-,-,-,-
370,14.8,-16775545,-11.543419759908787,nan,-,-,-,-,-
371,14.84,-16775446,-15.242532803994864,nan,-,-,-,-,-
372,14.88,-16775512,-4.8963764755959645,nan,-,-,-,-,-
373,14.92,-16775367,3.7809472470298857,nan,-,-,-,-,-
374,14.96,-16775407,14.077686693725212,nan,-,-,-,-,-
375,15.0,-16775467,12.4816477052997,nan,74.0,-,-,-,Desconexión
376,15.04,-16775523,0.8985578974384083,nan,-,-,-,-,Desconexión
377,15.08,-16775496,-11.265808747213924,nan,-,-,-,-,Desconexión
378,15.12,-16775544,-10.51055577457019,nan,-,-,-,-,Desconexión
379,15.16,-16775544,-3.585417295922543,nan,-,-,-,-,Desconexión
380,15.2,-16775585,4.531248849891689,nan,-,-,-,-,Desconexión
381,15.24,-16775596,8.206637257520885,nan,-,-,-,-,Desconexión
382,15.28,-16775615,9.314279758646926,nan,-,-,-,-,Desconexión
383,15.32,-16775623,6.379431082591902,nan,-,-,-,-,Desconexión
384,15.36,-16775354,-10.037194641477555,nan,-,-,-,-,Desconexión
385,15.4,-16775339,-18.90508598927883,nan,-,-,-,-,Desconexión
386,15.44,-16775347,-20.9267389943372,nan,-,-,-,-,Desconexión
387,15.48,-16775315,-16.520764346319858,nan,-,-,-,-,Desconexión
388,15.52,-16775281,-9.320876771352307,nan,-,-,-,-,Desconexión
389,15.56,-16775484,3.4414610294065398,nan,-,-,-,-,Desconexión
390,15.6,-16775756,16.283224340016034,nan,-,-,-,-,Desconexión
391,15.64,-16775509,13.541776944602901,nan,-,-,-,-,Desconexión
392,15.68,-16775627,25.647492717816164,nan,-,-,-,-,Desconexión
393,15.72,-16775586,32.99447228220916,nan,-,-,-,-,Desconexión
394,15.76,-16775869,43.38021820104754,nan,-,-,-,-,Desconexión
395,15.8,-16776173,40.73911684620401,nan,-,-,-,-,Desconexión
396,15.84,-16775356,-8.848545542598288,nan,-,-,-,-,Desconexión
397,15.88,-16775449,-30.7044329457172,nan,-,-,-,-,Desconexión
398,15.92,-16775454,-49.029977289511294,nan,-,-,-,-,Desconexión
399,15.96,-16775486,-54.60878000137657,nan,-,-,-,-,Desconexión
400,16.0,-16775325,-49.9492853713501,nan,-,-,-,-,Desconexión
401,16.04,-16775166,-33.80364048885369,nan,-,-,-,-,Desconexión
402,16.08,-16775144,-17.61873168613002,nan,-,-,-,-,Desconexión
403,16.12,-16775115,-12.722110384980724,nan,-,-,-,-,Desconexión
404,16.16,-16775318,3.9323407371840347,nan,-,-,-,-,Desconexión
405,16.2,-16775367,35.045513702286115,nan,-,-,-,-,Desconexión
406,16.24,-16775263,66.0360301085342,nan,-,-,-,-,Desconexión
407,16.28,-16775296,74.5672989985791,nan,-,-,-,-,Desconexión
408,16.32,-16775502,56.49481611804151,nan,-,-,-,-,Desconexión
409,16.36,-16775663,33.485257271182206,nan,-,-,-,-,Desconexión
410,16.4,-16775600,20.81720244832701,nan,-,-,-,-,Desconexión
411,16.44,-16775493,13.018442541933943,nan,-,-,-,-,Desconexión
412,16.48,-16775354,-8.498032485380207,nan,-,-,-,-,Desconexión
413,16.52,-16775308,-37.25826833605058,nan,-,-,-,-,Desconexión
414,16.56,-16775536,-48.48767727245105,nan,-,-,-,-,Desconexión
415,16.6,-16775517,-48.174261633895355,nan,-,-,-,-,Desconexión
416,16.64,-16775591,-34.78196431879923,nan,-,-,-,-,Desconexión
417,16.68,-16775547,-30.56896000861395,nan,-,-,-,-,Desconexión
418,16.72,-16775539,-30.62134818361819,nan,-,-,-,-,Desconexión
419,16.76,-16775569,-20.16967128733043,nan,-,-,-,-,Desconexión
420,16.8,-16775632,6.392454933199341,nan,-,-,-,-,Desconexión
421,16.84,-16775503,26.20905791782215,nan,-,-,-,-,Desconexión
422,16.88,-16775567,31.32278995065502,nan,-,-,-,-,Desconexión
423,16.92,-16775487,9.551755807402031,nan,-,-,-,-,Desconexión
424,16.96,-16775547,-10.870603418928411,nan,-,-,-,-,Desconexión
425,17.0,-16775531,-17.659112739855097,nan,-,-,-,-,Desconexión
426,17.04,-16775653,-2.931337533620443,nan,-,-,-,-,Desconexión
427,17.08,-16775531,7.115222815779184,nan,-,-,-,-,Desconexión
428,17.12,-16775540,13.081034079387408,nan,-,-,-,-,Desconexión
429,17.16,-16775531,11.16353083128946,nan,-,-,-,-,Desconexión
430,17.2,-16775585,11.246885595702306,nan,-,-,-,-,Desconexión
431,17.24,-16775519,10.3477132028004,nan,-,-,-,-,Desconexión
432,17.28,-16775560,11.873763287079687,nan,-,-,-,-,Desconexión
433,17.32,-16775345,0.608133587534283,nan,-,-,-,-,Desconexión
434,17.36,-16775391,-4.674406807733284,nan,-,-,-,-,Desconexión
435,17.4,-16775701,1.5943583006300344,nan,-,-,-,-,Desconexión
436,17.44,-16775516,-1.9214504842870497,nan,-,-,-,-,Desconexión
437,17.48,-16775574,5.704062820416432,nan,-,-,-,-,Desconexión
438,17.52,-16775497,6.166543534087397,nan,-,-,-,-,Desconexión
439,17.56,-16776802,44.85998205929036,nan,-,-,-,-,Desconexión
440,17.6,-16776843,39.832629662060185,nan,-,-,-,-,Desconexión
441,17.64,-16776050,8.782385401209183,nan,-,-,-,-,Desconexión
442,17.68,-16774022,-62.243207581027036,nan,-,-,-,-,Desconexión
443,17.72,-16775477,-26.23031521288783,nan,-,-,-,-,Desconexión
444,17.76,-16775469,-39.9441034443635,nan,-,-,-,-,Desconexión
445,17.8,-16775569,-43.33905650183533,nan,-,-,-,-,Desconexión
446,17.84,-16776731,-4.9847965402567525,nan,-,-,-,-,Desconexión
447,17.88,-16775666,-45.4201533783269,nan,-,-,-,-,Desconexión
448,17.92,-16775619,-60.19598806404028,nan,-,-,-,-,Desconexión
449,17.96,-16775572,-41.09668677653377,nan,-,-,-,-,Desconexión
450,18.0,-16775580,47.99800310907229,nan,74.0,-,-,-,Desconexión
451,18.04,-16775503,151.9451758643419,nan,-,-,-,-,Desconexión
452,18.08,-16775487,163.61846272005545,nan,-,-,-,-,Desconexión
453,18.12,-16775578,48.83884243080334,nan,-,-,-,-,Desconexión
454,18.16,-16775602,-94.94287087804933,nan,-,-,-,-,Desconexión
455,18.2,-16775501,-143.8008520010778,nan,-,-,-,-,Desconexión
456,18.24,-16775493,-74.29471423909396,nan,-,-,-,-,Desconexión
457,18.28,-16775602,32.676085297825296,nan,-,-,-,-,Desconexión
458,18.32,-16775543,84.23156289778562,nan,-,-,-,-,Desconexión
459,18.36,-16775565,68.22006772374738,nan,-,-,-,-,Desconexión
460,18.4,-16775554,20.817433014966298,nan,-,-,-,-,Desconexión
461,18.44,-16775535,-11.828201211097898,nan,-,-,-,-,Desconexión
462,18.48,-16775551,-18.865169145156475,nan,-,-,-,-,Desconexión
463,18.52,-16775520,-16.90055086128837,nan,-,-,-,-,Desconexión
464,18.56,-16775619,-9.961128236498105,nan,-,-,-,-,Desconexión
465,18.6,-16775570,-9.021337661477164,nan,-,-,-,-,Desconexión
466,18.64,-16775545,-9.881329000012265,nan,-,-,-,-,Desconexión
467,18.68,-16775486,-13.747462782408668,nan,-,-,-,-,Desconexión
468,18.72,-16775450,-14.62139913966513,nan,-,-,-,-,Desconexión
469,18.76,-16775538,-7.479066810363129,nan,-,-,-,-,Desconexión
470,18.8,-16775464,-4.76188159440154,nan,-,-,-,-,Desconexión
471,18.84,-16775520,-0.47269565232778454,nan,-,-,-,-,Desconexión
472,18.88,-16775506,-1.308477527062101,nan,-,-,-,-,Desconexión
473,18.92,-16775501,-2.2489638781712933,nan,-,-,-,-,Desconexión
474,18.96,-16775606,2.979813156977322,nan,-,-,-,-,Desconexión
475,19.0,-16775550,6.568109998976327,nan,-,-,-,-,Desconexión
476,19.04,-16775471,9.620585319857256,nan,-,-,-,-,Desconexión
477,19.08,-16775564,13.126999863784926,nan,-,-,-,-,Desconexión
478,19.12,-16775496,5.1057015842502125,nan,-,-,-,-,Desconexión
479,19.16,-16775490,-2.6731180682864597,nan,-,-,-,-,Desconexión
480,19.2,-16775570,-4.185544474468692,nan,-,-,-,-,Desconexión
481,19.24,-16775527,-5.770144329943596,nan,-,-,-,-,Desconexión
482,19.28,-16775573,-3.621814503462577,nan,-,-,-,-,Desconexión
483,19.32,-16775549,-3.989846171424562,nan,-,-,-,-,Desconexión
484,19.36,-16775540,-2.3638450056225064,nan,-,-,-,-,Desconexión
485,19.4,-16775556,2.2994086204813304,nan,-,-,-,-,Desconexión
486,19.44,-16775523,4.6475669130104365,nan,-,-,-,-,Desconexión
487,19.48,-16775602,6.59646911793077,nan,-,-,-,-,Desconexión
488,19.52,-16775629,3.577253636833035,nan,-,-,-,-,Desconexión
489,19.56,-16775609,-1.2001217334177925,nan,-,-,-,-,Desconexión
490,19.6,-16775578,-4.500308657720325,nan,-,-,-,-,Desconexión
491,19.64,-16775524,-6.044722383114333,nan,-,-,-,-,Desconexión
492,19.68,-16775485,-4.9714913917941175,nan,-,-,-,-,Desconexión
493,19.72,-16775548,-0.16734125597581162,nan,-,-,-,-,Desconexión
494,19.76,-16775573,1.884024862612506,nan,-,-,-,-,Desconexión
495,19.8,-16775539,-0.36303436515801873,nan,-,-,-,-,Desconexión
496,19.84,-16775643,0.3455844435650661,nan,-,-,-,-,Desconexión
497,19.88,-16775551,-4.0327832810835655,nan,-,-,-,-,Desconexión
498,19.92,-16775541,-1.6025803445859346,nan,-,-,-,-,Desconexión
499,19.96,-16775442,2.0317955442951643,nan,-,-,-,-,Desconexión
500,20.0,-16775527,11.036538351164632,nan,-,-,-,-,Desconexión
501,20.04,-16775517,11.034104588126668,nan,-,-,-,-,Desconexión
502,20.08,-16775565,6.118374052862563,nan,-,-,-,-,Desconexión
503,20.12,-16775528,-3.531023599694681,nan,-,-,-,-,Desconexión
504,20.16,-16775543,-7.459246606577745,nan,-,-,-,-,Desconexión
505,20.2,-16775635,-2.607295703074243,nan,-,-,-,-,Desconexión
506,20.24,-16775510,-0.5089525997298843,nan,-,-,-,-,Desconexión
507,20.28,-16775530,6.460059370823926,nan,-,-,-,-,Desconexión
508,20.32,-16775555,9.5673560765849,nan,-,-,-,-,Desconexión
509,20.36,-16775513,3.930248076586391,nan,-,-,-,-,Desconexión
510,20.4,-16775521,-4.292996781673198,nan,-,-,-,-,Desconexión
511,20.44,-16775601,-8.00185162262484,nan,-,-,-,-,Desconexión
512,20.48,-16775558,-9.695128624482658,nan,-,-,-,-,Desconexión
513,20.52,-16775521,-7.17428526578475,nan,-,-,-,-,Desconexión
514,20.56,-16775579,-1.5657765772534962,nan,-,-,-,-,Desconexión
515,20.6,-16775523,-0.3925990696176598,nan,-,-,-,-,Desconexión
516,20.64,-16775622,5.385299166297997,nan,-,-,-,-,Desconexión
517,20.68,-16775516,3.1543991240481333,nan,-,-,-,-,Desconexión
518,20.72,-16775490,0.3242939205304367,nan,-,-,-,-,Desconexión
519,20.76,-16775554,-1.1731005067268772,nan,-,-,-,-,Desconexión
520,20.8,-16775477,-5.862100707912177,nan,-,-,-,-,Desconexión
521,20.84,-16775613,-0.9755464833947158,nan,-,-,-,-,Desconexión
522,20.88,-16775554,0.15069345755611785,nan,-,-,-,-,Desconexión
523,20.92,-16775530,2.1066284115172866,nan,-,-,-,-,Desconexión
524,20.96,-16775519,1.9202864029963251,nan,-,-,-,-,Desconexión
525,21.0,-16775541,1.5794866332500783,nan,74.0,-,-,-,Desconexión
526,21.04,-16775699,7.333789787157727,nan,-,-,-,-,Desconexión
527,21.08,-16775314,-2.8640971130091657,nan,-,-,-,-,Desconexión
528,21.12,-16775293,-3.40630657796666,nan,-,-,-,-,Desconexión
529,21.16,-16775248,-8.206626976728018,nan,-,-,-,-,Desconexión
530,21.2,-16775376,-7.385561500286592,nan,-,-,-,-,Desconexión
531,21.24,-16775493,-2.1654730212655124,nan,-,-,-,-,Desconexión
532,21.28,-16775575,6.497219905051423,nan,-,-,-,-,Desconexión
533,21.32,-16775539,10.72974538329612,nan,-,-,-,-,Desconexión
534,21.36,-16775575,12.888498626861576,nan,-,-,-,-,Desconexión
535,21.4,-16775511,11.08529632263134,nan,-,-,-,-,Desconexión
536,21.44,-16775567,18.13908943302673,nan,-,-,-,-,Desconexión
537,21.48,-16775519,22.583944440674383,nan,-,-,-,-,Desconexión
538,21.52,-16775505,15.388513307313403,nan,-,-,-,-,Desconexión
539,21.56,-16775500,-8.714365506849163,nan,-,-,-,-,Desconexión
540,21.6,-16775569,-32.95911378393055,nan,-,-,-,-,Desconexión
541,21.64,-16775554,-43.107256335124575,nan,-,-,-,-,Desconexión
542,21.68,-16775543,-32.027839260875936,nan,-,-,-,-,Desconexión
543,21.72,-16775446,-14.54670095867776,nan,-,-,-,-,Desconexión
544,21.76,-16775485,2.2528010039570816,nan,-,-,-,-,Desconexión
545,21.8,-16775438,6.508541943766389,nan,-,-,-,-,Desconexión
546,21.84,-16775422,6.086978385265567,nan,-,-,-,-,Desconexión
547,21.88,-16775470,6.984518781632923,nan,-,-,-,-,Desconexión
548,21.92,-16775482,6.755101762139006,nan,-,-,-,-,Desconexión
549,21.96,-16775511,6.1568050802404315,nan,-,-,-,-,Desconexión
550,22.0,-16775425,2.6022940406421213,nan,-,-,-,-,Desconexión
551,22.04,-16775473,6.842658579649168,nan,-,-,-,-,Desconexión
552,22.08,-16775503,12.839896750236328,nan,-,-,-,-,Desconexión
553,22.12,-16775433,13.005528620996376,nan,-,-,-,-,Desconexión
554,22.16,-16775429,9.584887727308894,nan,-,-,-,-,Desconexión
555,22.2,-16775441,2.8473203873324575,nan,-,-,-,-,Desconexión
556,22.24,-16775437,-4.2115273783250515,nan,-,-,-,-,Desconexión
557,22.28,-16775422,-8.577586944804494,nan,-,-,-,-,Desconexión
558,22.32,-16775428,-8.000481891335447,nan,-,-,-,-,Desconexión
559,22.36,-16775461,-3.2458444865361464,nan,-,-,-,-,Desconexión
560,22.4,-16775473,0.8224952151638476,nan,-,-,-,-,Desconexión
561,22.44,-16775451,1.2652489306012384,nan,-,-,-,-,Desconexión
562,22.48,-16775494,2.2902814157578284,nan,-,-,-,-,Desconexión
563,22.52,-16775464,1.4505345739091866,nan,-,-,-,-,Desconexión
564,22.56,-16775505,2.67685457230969,nan,-,-,-,-,Desconexión
565,22.6,-16775563,2.687715378311921,nan,-,-,-,-,Desconexión
566,22.64,-16775548,-0.7440337794651057,nan,-,-,-,-,Desconexión
567,22.68,-16775453,-6.307059121595067,nan,-,-,-,-,Desconexión
568,22.72,-16775486,-7.011406651565444,nan,-,-,-,-,Desconexión
569,22.76,-16775476,-8.177279535910365,nan,-,-,-,-,Desconexión
570,22.8,-16775472,-7.492845321221289,nan,-,-,-,-,Desconexión
571,22.84,-16775600,-1.3317936746694912,nan,-,-,-,-,Desconexión
572,22.88,-16775546,-1.626632228229128,nan,-,-,-,-,Desconexión
573,22.92,-16775488,-3.6527588135383553,nan,-,-,-,-,Desconexión
574,22.96,-16775498,-3.4374839590778734,nan,-,-,-,-,Desconexión
575,23.0,-16775548,0.8560899632167294,nan,-,-,-,-,Desconexión
576,23.04,-16775487,4.5677638543589545,nan,-,-,-,-,Desconexión
577,23.08,-16775551,10.924710299517931,nan,-,-,-,-,Desconexión
578,23.12,-16775564,9.458089804856968,nan,-,-,-,-,Desconexión
579,23.16,-16775498,0.08044467568587521,nan,-,-,-,-,Desconexión
580,23.2,-16775496,-6.352079017002996,nan,-,-,-,-,Desconexión
581,23.24,-16775529,-5.255508090455618,nan,-,-,-,-,Desconexión
582,23.28,-16775503,-0.14337265462035642,nan,-,-,-,-,Desconexión
583,23.32,-16775600,8.67471754251953,nan,-,-,-,-,Desconexión
584,23.36,-16775579,7.90799447336234,nan,-,-,-,-,Desconexión
585,23.4,-16775583,3.1667727362208815,nan,-,-,-,-,Desconexión
586,23.44,-16775587,-0.9654418141925438,nan,-,-,-,-,Desconexión
587,23.48,-16775588,-1.448730787820813,nan,-,-,-,-,Desconexión
588,23.52,-16775573,0.2588841520999807,nan,-,-,-,-,Desconexión
589,23.56,-16775532,0.7455857375445518,nan,-,-,-,-,Desconexión
590,23.6,-16775534,-0.5430854305672028,nan,-,-,-,-,Desconexión
591,23.64,-16775520,-5.493562114755306,nan,-,-,-,-,Desconexión
592,23.68,-16775529,-9.359784810814713,nan,-,-,-,-,Desconexión
593,23.72,-16775529,-9.503010626209827,nan,-,-,-,-,Desconexión
594,23.76,-16775587,-3.406100288379342,nan,-,-,-,-,Desconexión
595,23.8,-16775618,3.3537912957934495,nan,-,-,-,-,Desconexión
596,23.84,-16775597,6.795964928400863,nan,-,-,-,-,Desconexión
597,23.88,-16775535,6.547288787662847,nan,-,-,-,-,Desconexión
598,23.92,-16775595,8.729994163580717,nan,-,-,-,-,Desconexión
599,23.96,-16775490,4.366988931939794,nan,-,-,-,-,Desconexión
600,24.0,-16775523,2.710433355347554,nan,nan,-,-,-,Desconexión
601,24.04,-16775493,-2.388827334784292,nan,-,-,-,-,Desconexión
602,24.08,-16775483,-6.834191376036305,nan,-,-,-,-,Desconexión
603,24.12,-16775526,-8.002858259864361,nan,-,-,-,-,Desconexión
604,24.16,-16775565,-6.1420234779786895,nan,-,-,-,-,Desconexión
605,24.2,-16775551,-2.009757579106612,nan,-,-,-,-,Desconexión
606,24.24,-16775632,7.3438531646472,nan,-,-,-,-,Desconexión
607,24.28,-16775486,7.560156092303174,nan,-,-,-,-,Desconexión
608,24.32,-16775573,10.873931757065359,nan,-,-,-,-,Desconexión
609,24.36,-16775547,7.1054347289962365,nan,-,-,-,-,Desconexión
610,24.4,-16775528,2.178019271821574,nan,-,-,-,-,Desconexión
611,24.44,-16775564,-1.4859782254372185,nan,-,-,-,-,Desconexión
612,24.48,-16775567,-6.296594549146707,nan,-,-,-,-,Desconexión
613,24.52,-16775490,-12.363297270300663,nan,-,-,-,-,Desconexión
614,24.56,-16775483,-12.691774810184128,nan,-,-,-,-,Desconexión
615,24.6,-16775505,-7.663388373404523,nan,-,-,-,-,Desconexión
616,24.64,-16775520,-0.44870599794255206,nan,-,-,-,-,Desconexión
617,24.68,-16775583,6.634169556935603,nan,-,-,-,-,Desconexión
618,24.72,-16775482,4.1395972498739155,nan,-,-,-,-,Desconexión
619,24.76,-16775532,3.4185663704147577,nan,-,-,-,-,Desconexión
620,24.8,-16775513,0.9627078766107449,nan,-,-,-,-,Desconexión
621,24.84,-16775548,2.822962134438157,nan,-,-,-,-,Desconexión
622,24.88,-16775623,7.671559217111351,nan,-,-,-,-,Desconexión
623,24.92,-16775526,5.66464075585947,nan,-,-,-,-,Desconexión
624,24.96,-16775549,3.376791794781255,nan,-,-,-,-,Desconexión
625,25.0,-16775532,-3.2630531195331507,nan,-,-,-,-,Desconexión
626,25.04,-16775564,-6.446565540766305,nan,-,-,-,-,Desconexión
627,25.08,-16775568,-5.267987335002809,nan,-,-,-,-,Desconexión
628,25.12,-16775533,-2.5973404503954427,nan,-,-,-,-,Desconexión
629,25.16,-16775582,0.21361090513496528,nan,-,-,-,-,Desconexión
630,25.2,-16775435,-7.058226235314692,nan,-,-,-,-,Desconexión
631,25.24,-16775528,-6.154089861205747,nan,-,-,-,-,Desconexión
632,25.28,-16775483,-5.067829198738323,nan,-,-,-,-,Desconexión
633,25.32,-16775501,1.302163941004101,nan,-,-,-,-,Desconexión
634,25.36,-29405,-526503.2110232301,nan,-,-,-,-,Desconexión
635,25.4,-16701216,40729.57509670919,nan,-,-,-,-,Desconexión
636,25.44,-16694060,91127.38774739439,nan,-,-,-,-,Desconexión
637,25.48,-16726120,147939.51677305205,nan,-,-,-,-,Desconexión
638,25.52,-16704449,190071.42022243072,nan,-,-,-,-,Desconexión
639,25.56,-16711448,202947.68545933114,nan,-,-,-,-,Desconexión
640,25.6,-16718374,211436.41914014588,nan,-,-,-,-,Desconexión
641,25.64,-16728963,291255.38609267416,nan,-,-,-,-,Desconexión
642,25.68,-16718514,455620.2400467488,nan,-,-,-,-,Desconexión
643,25.72,-16718961,503385.18382766796,nan,-,-,-,-,Desconexión
644,25.76,-16708178,130534.63797330525,nan,-,-,-,-,Desconexión
645,25.8,-16705667,-595731.8220022096,nan,-,-,-,-,Desconexión
646,25.84,-49287,-1606977.1424137559,nan,-,-,-,-,Desconexión
647,25.88,-52212,-1364467.0498668542,nan,-,-,-,-,Desconexión
648,25.92,-75255,-670175.8286818122,nan,-,-,-,-,Desconexión
649,25.96,-16704678,415769.2735075075,nan,-,-,-,-,Desconexión
650,26.0,-16700089,616469.734098481,nan,-,-,-,-,Desconexión
651,26.04,-16697368,636945.7047548667,nan,-,-,-,-,Desconexión
652,26.08,-16697561,663103.4185175924,nan,-,-,-,-,Desconexión
653,26.12,-16700111,789418.6713290911,nan,-,-,-,-,Desconexión
654,26.16,-16701079,1066984.6848856267,nan,-,-,-,-,Desconexión
655,26.2,-64212,831031.0646036733,nan,-,-,-,-,Desconexión
656,26.24,-61639,693417.0740812784,nan,-,-,-,-,Desconexión
657,26.28,-59124,-278784.6262135785,nan,-,-,-,-,Desconexión
658,26.32,-61783,-1718485.701400392,nan,-,-,-,-,Desconexión
659,26.36,-65130,-2539344.093589456,nan,-,-,-,-,Desconexión
660,26.4,-101772,-2026529.47398325,nan,-,-,-,-,Desconexión
661,26.44,-16699711,-92656.95590043999,nan,-,-,-,-,Desconexión
662,26.48,-16687102,1203395.0701056737,nan,-,-,-,-,Desconexión
663,26.52,-16692730,1924680.489640358,nan,-,-,-,-,Desconexión
664,26.56,-16712228,2189968.871708869,nan,-,-,-,-,Desconexión
665,26.6,-87641,1495031.884533776,nan,-,-,-,-,Desconexión
666,26.64,-64956,750326.7126728091,nan,-,-,-,-,Desconexión
667,26.68,-6593,-396038.4787865905,nan,-,-,-,-,Desconexión
668,26.72,-6333,-1401986.5219026967,nan,-,-,-,-,Desconexión
669,26.76,-3337,-1970328.9431226691,nan,-,-,-,-,Desconexión
670,26.8,-16775501,-1642018.8681778815,nan,-,-,-,-,Desconexión
671,26.84,-16775490,-1446704.231999782,nan,-,-,-,-,Desconexión
672,26.88,-16775494,-589357.1139201215,nan,-,-,-,-,Desconexión
673,26.92,-16775413,816470.900940645,nan,-,-,-,-,Desconexión
674,26.96,-16775545,2048712.7310995862,nan,-,-,-,-,Desconexión
675,27.0,-16775451,2330173.247071249,nan,nan,-,-,-,-
676,27.04,-16775409,1476877.7699359301,nan,-,-,-,-,-
677,27.08,-16775459,-1010.1067601800896,nan,-,-,-,-,-
678,27.12,-16775433,-1365663.2964767613,nan,-,-,-,-,-
679,27.16,-16775459,-2150049.161855801,nan,-,-,-,-,-
680,27.2,-16775462,-2179772.589742487,nan,-,-,-,-,-
681,27.24,-16775481,-1464283.3794938424,nan,-,-,-,-,-
682,27.28,-16775433,-361750.6141122619,nan,-,-,-,-,-
683,27.32,-16775458,505630.3398646484,nan,-,-,-,-,-
684,27.36,-16775534,801891.3083093499,nan,-,-,-,-,-
685,27.4,-16775379,714491.7344208243,nan,-,-,-,-,-
686,27.44,-16775431,580461.9487562268,nan,-,-,-,-,-
687,27.48,-16775439,528807.0474918208,nan,-,-,-,-,-
688,27.52,-16775424,507869.8107498654,nan,-,-,-,-,-
689,27.56,-16775463,457341.2632815908,nan,-,-,-,-,-
690,27.6,-16775944,375820.93106890854,nan,-,-,-,-,-
691,27.64,-16775689,288684.26751650556,nan,-,-,-,-,-
692,27.68,-16775509,210843.1686677721,nan,-,-,-,-,-
693,27.72,-16775415,142422.30573696422,nan,-,-,-,-,-
694,27.76,-16775308,80348.67528436834,nan,-,-,-,-,-
695,27.8,-16775251,24832.70096073451,nan,-,-,-,-,-
696,27.84,-16775649,-21950.863171839737,nan,-,-,-,-,-
697,27.88,-16775548,-58783.16204058891,nan,-,-,-,-,-
698,27.92,-16775476,-85996.7034130537,nan,-,-,-,-,-
699,27.96,-16775447,-104635.54898481135,nan,-,-,-,-,-
700,28.0,-16775450,-115686.16090876266,nan,-,-,-,-,-
701,28.04,-16775393,-120039.85697381425,nan,-,-,-,-,-
702,28.08,-16775422,-118689.99806690135,nan,-,-,-,-,-
703,28.12,-16775428,-112762.74816663442,nan,-,-,-,-,-
704,28.16,-16775453,-103374.50340921232,nan,-,-,-,-,-
705,28.2,-16775453,-91575.3176163918,nan,-,-,-,-,-
706,28.24,-16775455,-78355.61390973088,nan,-,-,-,-,-
707,28.28,-16775495,-64594.81206148745,nan,-,-,-,-,-
708,28.32,-16775461,-52259.36887614455,nan,-,-,-,-,-
709,28.36,-16775403,-37911.19005161796,nan,-,-,-,-,-
710,28.4,-16775446,-25672.718355621095,nan,-,-,-,-,-
711,28.44,-16775366,-14595.051493174862,nan,-,-,-,-,-
712,28.48,-16775430,-5020.696143329085,nan,-,-,-,-,-
713,28.52,-16775436,2885.74030359264,nan,-,-,-,-,-
714,28.56,-16775446,9135.90345603977,nan,-,-,-,-,-
715,28.6,-16775499,13790.123162291973,nan,-,-,-,-,-
716,28.64,-16775441,16916.72309164101,nan,-,-,-,-,-
717,28.68,-16775501,18699.026910934837,nan,-,-,-,-,-
718,28.72,-16775460,19392.87401107278,nan,-,-,-,-,-
719,28.76,-16775444,19238.21001384682,nan,-,-,-,-,-
720,28.8,-16775435,17097.21314261015,nan,-,-,-,-,-
721,28.84,-16775446,15668.741483372241,nan,-,-,-,-,-
722,28.88,-16775332,13867.285468154365,nan,-,-,-,-,-
723,28.92,-16719653,11407.035860619897,nan,-,-,-,-,-
724,28.96,-16669316,7873.0654986105255,nan,-,-,-,-,-
725,29.0,-16687685,6706.666992055254,nan,-,-,-,-,-
726,29.04,-16689139,5265.676883440308,nan,-,-,-,-,-
727,29.08,-2715,-520482.9563249573,nan,-,-,-,-,-
728,29.12,-792519,-453462.9423613632,nan,-,-,-,-,-
729,29.16,-794709,-363880.4449020196,nan,-,-,-,-,-
730,29.2,-796366,-219626.473268078,nan,-,-,-,-,-
731,29.24,-797936,-34863.128702631686,nan,-,-,-,-,-
732,29.28,-798279,160487.30042583775,nan,-,-,-,-,-
733,29.32,-783369,361058.7333273017,nan,-,-,-,-,-
734,29.36,-777175,636442.5316488808,nan,-,-,-,-,-
735,29.4,-770534,1069143.0032826778,nan,-,-,-,-,-
736,29.44,-768058,1539064.1313290996,nan,-,-,-,-,-
737,29.48,-769835,1637332.3724246128,nan,-,-,-,-,-
738,29.52,-773005,1032806.9299003165,nan,-,-,-,-,-
739,29.56,-777453,-20516.858845417388,nan,-,-,-,-,-
740,29.6,-777272,-846602.6227576588,nan,-,-,-,-,-
741,29.64,-775836,-1080808.4994744442,nan,-,-,-,-,-
742,29.68,-776663,-929078.2369537407,nan,-,-,-,-,-
743,29.72,-780306,-744598.8396193659,nan,-,-,-,-,-
744,29.76,-780918,-651640.0908669252,nan,-,-,-,-,-
745,29.8,-781523,-593246.7898768351,nan,-,-,-,-,-
746,29.84,-850158,-504292.6279230836,nan,-,-,-,-,-
747,29.88,-873860,-389643.2272443762,nan,-,-,-,-,-
748,29.92,-813568,-277779.5463728972,nan,-,-,-,-,-
749,29.96,-776127,-180077.60249343677,nan,-,-,-,-,-
750,30.0,-770812,-95756.79313964932,nan,nan,-,-,-,-
751,30.04,-767370,-22452.63379581808,nan,-,-,-,-,-
752,30.08,-781104,40239.73004044953,nan,-,-,-,-,-
753,30.12,-824699,90774.70708066842,nan,-,-,-,-,-
754,30.16,-842764,126509.73860201845,nan,-,-,-,-,-
755,30.2,-738110,146004.32118544553,nan,-,-,-,-,-
756,30.24,-736192,160396.42894963827,nan,-,-,-,-,-
757,30.28,-724838,169480.32190921885,nan,-,-,-,-,-
758,30.32,-749744,174080.62593564068,nan,-,-,-,-,-
759,30.36,-766904,168852.50248308957,nan,-,-,-,-,-
760,30.4,-779677,152313.80369858962,nan,-,-,-,-,-
761,30.44,-788242,128673.87081190328,nan,-,-,-,-,-
762,30.48,-796855,105060.39906596133,nan,-,-,-,-,-
763,30.52,-795808,85933.11535023924,nan,-,-,-,-,-
764,30.56,-796038,71633.84545798958,nan,-,-,-,-,-
765,30.6,-823117,58611.04501469518,nan,-,-,-,-,-
766,30.64,-823138,40414.69391421435,nan,-,-,-,-,-
767,30.68,-821601,18182.051837631734,nan,-,-,-,-,-
768,30.72,-793768,-3289.6393721595523,nan,-,-,-,-,-
769,30.76,-790421,-17277.167663499626,nan,-,-,-,-,-
770,30.8,-778969,-24465.59664630727,nan,-,-,-,-,-
771,30.84,-773145,-27308.699043283443,nan,-,-,-,-,-
772,30.88,-775824,-28375.565461940874,nan,-,-,-,-,-
773,30.92,-777995,-28951.547153081177,nan,-,-,-,-,-
774,30.96,-781574,-28736.820743773736,nan,-,-,-,-,-
775,31.0,-784885,-26983.541814353783,nan,-,-,-,-,-
776,31.04,-785489,-23192.151659409752,nan,-,-,-,-,-
777,31.08,-782490,-18064.328273842984,nan,-,-,-,-,-
778,31.12,-784355,-13233.827800428284,nan,-,-,-,-,-
779,31.16,-783947,-10454.11686333511,nan,-,-,-,-,-
780,31.2,-786982,-9380.120520229506,nan,-,-,-,-,-
781,31.24,-787429,-8942.630064050762,nan,-,-,-,-,-
782,31.28,-788285,-8057.218611442953,nan,-,-,-,-,-
783,31.32,-788923,-6499.758574999494,nan,-,-,-,-,-
784,31.36,-789662,-4414.505989735131,nan,-,-,-,-,-
785,31.4,-787643,-2171.795639111584,nan,-,-,-,-,-
786,31.44,-789807,71.06974810425163,nan,-,-,-,-,-
787,31.48,-785729,1561.8413981509839,nan,-,-,-,-,-
788,31.52,-778204,2177.090216248216,nan,-,-,-,-,-
789,31.56,-774796,2352.428312320575,nan,-,-,-,-,-
790,31.6,-774935,2499.9574508106416,nan,-,-,-,-,-
791,31.64,-813328,3972.5988701159076,nan,-,-,-,-,-
792,31.68,-783538,3270.3629584460086,nan,-,-,-,-,-
793,31.72,-819116,4477.346419356894,nan,-,-,-,-,-
794,31.76,-817663,4223.241658643645,nan,-,-,-,-,-
795,31.8,-819577,3891.685558501622,nan,-,-,-,-,-
796,31.84,-822726,3556.176897784292,nan,-,-,-,-,-
797,31.88,-824988,3088.9365557033716,nan,-,-,-,-,-
798,31.92,-826699,2165.121926587227,nan,-,-,-,-,-
799,31.96,-828286,548.8317005089893,nan,-,-,-,-,-
800,32.0,-828582,-1365.156270599809,nan,-,-,-,-,-
801,32.04,-828307,-3824.3772612789344,nan,-,-,-,-,-
802,32.08,-828868,-3598.465517806286,nan,-,-,-,-,-
803,32.12,-823610,-2718.5388644733594,nan,-,-,-,-,-
804,32.16,-830357,-1231.8181222444618,nan,-,-,-,-,-
805,32.2,-819829,-385.0087945857558,nan,-,-,-,-,-
806,32.24,-811356,287.1874878216968,nan,-,-,-,-,-
807,32.28,-783538,-17.66052525023042,nan,-,-,-,-,-
808,32.32,-785004,406.3866206222938,nan,-,-,-,-,-
809,32.36,-749036,-293.2030394652429,nan,-,-,-,-,-
810,32.4,-750696,412.15643550869027,nan,-,-,-,-,-
811,32.44,-749137,1124.1909267744002,nan,-,-,-,-,-
812,32.48,-749096,1872.6669355234008,nan,-,-,-,-,-
813,32.52,-728487,1982.2657657618465,nan,-,-,-,-,-
814,32.56,-729560,2999.1201076084108,nan,-,-,-,-,-
815,32.6,-728219,4231.636290903996,nan,-,-,-,-,-
816,32.64,-836310,8834.413413968898,nan,-,-,-,-,-
817,32.68,-808256,8096.869800338456,nan,-,-,-,-,-
818,32.72,-811661,6819.4416437910695,nan,-,-,-,-,-
819,32.76,-812467,4020.770121089212,nan,-,-,-,-,-
820,32.8,-812707,532.1017358861591,nan,-,-,-,-,-
821,32.84,-813258,-2490.192737982341,nan,-,-,-,-,-
822,32.88,-814407,-4410.156799151475,nan,-,-,-,-,-
823,32.92,-811324,-6180.282627770926,nan,-,-,-,-,-
824,32.96,-805902,-9103.7533441973,nan,-,-,-,-,-
825,33.0,-804141,-12390.301294630997,19,19.0,-,-,-,-
826,33.04,-814586,-12659.424642395117,19,-,-,-,-,-
827,33.08,-749892,-10565.208730927305,19,-,-,-,-,-
828,33.12,-752669,-3682.2506288782533,19,-,-,-,-,-
829,33.16,-755373,1480.472557865356,19,-,-,-,-,-
830,33.2,-755616,3220.3298187990104,19,-,-,-,-,-
831,33.24,-756805,3416.22227719422,19,-,-,-,-,-
832,33.28,-762269,4083.5884050390887,19,-,-,-,-,-
833,33.32,-763423,5112.951904430023,19,-,-,-,-,-
834,33.36,-772894,6338.0991123212225,19,-,-,-,-,-
835,33.4,-774218,7139.839468069182,19,-,-,-,-,-
836,33.44,-782309,8017.797422444637,19,-,-,-,-,-
837,33.48,-731266,6009.62981733316,19,-,-,-,-,-
838,33.52,-739203,3799.1504209756904,19,-,-,-,-,-
839,33.56,-750498,167.68589008998424,19,-,-,-,-,-
840,33.6,-777461,-2278.1084577954753,19,-,-,-,-,-
841,33.64,-767764,-3813.4008672358214,19,-,-,-,-,-
842,33.68,-766829,-3617.3289980347313,19,-,-,-,-,-
843,33.72,-764346,-3167.9525266438677,19,-,-,-,-,-
844,33.76,-767392,-2366.612588396997,19,-,-,-,-,-
845,33.8,-768814,-918.9817701967481,19,-,-,-,-,-
846,33.84,-769137,913.9727447839949,19,-,-,-,-,-
847,33.88,-758170,1226.769524624191,19,-,-,-,-,-
848,33.92,-663072,-3501.237250260907,19,-,-,-,-,-
849,33.96,-776985,-2622.7705715085285,19,-,-,-,-,-
850,34.0,-779133,-3607.877885912705,19,-,-,-,-,-
851,34.04,-781320,-1746.0943341897764,19,-,-,-,-,-
852,34.08,-781709,1037.9214726104583,19,-,-,-,-,-
853,34.12,-782957,2441.92158034985,19,-,-,-,-,-
854,34.16,-783401,2276.218205273365,19,-,-,-,-,-
855,34.2,-784480,2249.9048054832665,19,-,-,-,-,-
856,34.24,-784593,3106.803632700374,19,-,-,-,-,-
857,34.28,-784194,3215.828958253682,19,-,-,-,-,-
858,34.32,-782191,238.3164914137742,19,-,-,-,-,-
859,34.36,-776499,-5042.247557871247,19,-,-,-,-,-
860,34.4,-770188,-8110.19956678159,19,-,-,-,-,-
861,34.44,-768481,-6016.480962343654,19,-,-,-,-,-
862,34.48,-770210,-1272.882219486747,19,-,-,-,-,-
863,34.52,-772726,1891.0959162815566,19,-,-,-,-,-
864,34.56,-775340,2439.459169066213,19,-,-,-,-,-
865,34.6,-775994,1977.4971537064412,19,-,-,-,-,-
866,34.64,-775535,1902.649795676174,19,-,-,-,-,-
867,34.68,-777238,2381.304032806507,19,-,-,-,-,-
868,34.72,-778184,2788.1233104436715,19,-,-,-,-,-
869,34.76,-781436,2816.960756108838,19,-,-,-,-,-
870,34.8,-782336,2165.850328567317,19,-,-,-,-,-
871,34.84,-783056,1025.8746951742787,19,-,-,-,-,-
872,34.88,-784628,-159.96279833265908,19,-,-,-,-,-
873,34.92,-784580,-990.3374647599995,19,-,-,-,-,-
874,34.96,-784989,-1206.618556674905,19,-,-,-,-,-
875,35.0,-786109,-1012.817641308253,19,-,-,-,-,-
876,35.04,-785125,-868.6533985142692,19,-,-,-,-,-
877,35.08,-782116,-966.1044158492691,19,-,-,-,-,-
878,35.12,-773421,-1328.5634396793093,19,-,-,-,-,-
879,35.16,-769758,-1398.6416551755665,19,-,-,-,-,-
880,35.2,-769367,-1126.1665787623206,19,-,-,-,-,-
881,35.24,-771578,-613.3687625520204,19,-,-,-,-,-
882,35.28,-775329,-43.03488372764605,19,-,-,-,-,-
883,35.32,-776887,371.17246429629176,19,-,-,-,-,-
884,35.36,-776419,659.8418901915425,19,-,-,-,-,-
885,35.4,-776667,995.0071659944692,19,-,-,-,-,-
886,35.44,-777761,1428.7728491528874,19,-,-,-,-,-
887,35.48,-780221,1836.5471014860977,19,-,-,-,-,-
888,35.52,-781387,1803.3262320420122,19,-,-,-,-,-
889,35.56,-783163,1149.3899896931448,19,-,-,-,-,-
890,35.6,-783557,12.834390056939355,19,-,-,-,-,-
891,35.64,-783932,-1014.2663701778222,19,-,-,-,-,-
892,35.68,-784519,-1435.8004110839186,19,-,-,-,-,-
893,35.72,-784740,-1263.436979901243,19,-,-,-,-,-
894,35.76,-784073,-894.0700385014316,19,-,-,-,-,-
895,35.8,-783087,-692.6721575437427,19,-,-,-,-,-
896,35.84,-777040,-887.7494591545228,19,-,-,-,-,-
897,35.88,-770107,-1138.9684174866034,19,-,-,-,-,-
898,35.92,-769050,-1010.5498156584172,19,-,-,-,-,-
899,35.96,-770105,-596.2047893352797,19,-,-,-,-,-
900,36.0,-772680,-47.62201827037006,40,29.5,-,-,-,-
901,36.04,-777743,517.1400440409052,40,-,-,-,-,-
902,36.08,-776620,784.8183424800518,40,-,-,-,-,-
903,36.12,-776889,1049.7408641679722,40,-,-,-,-,-
904,36.16,-778285,1379.649941004513,40,-,-,-,-,-
905,36.2,-780273,1725.9451626147543,40,-,-,-,-,-
906,36.24,-781859,1841.0039470902716,40,-,-,-,-,-
907,36.28,-782500,1423.1015463503609,40,-,-,-,-,-
908,36.32,-782958,456.5938914812357,40,-,-,-,-,-
909,36.36,-784153,-649.5380485750075,40,-,-,-,-,-
910,36.4,-785089,-1373.6272623042346,40,-,-,-,-,-
911,36.44,-785222,-1472.5036048118247,40,-,-,-,-,-
912,36.48,-784809,-1134.3543109624256,40,-,-,-,-,-
913,36.52,-782781,-829.3612731995154,40,-,-,-,-,-
914,36.56,-774894,-936.8655792944555,40,-,-,-,-,-
915,36.6,-769498,-1080.6000184739241,40,-,-,-,-,-
916,36.64,-768419,-957.6972084730642,40,-,-,-,-,-
917,36.68,-770663,-536.3195774590854,40,-,-,-,-,-
918,36.72,-773945,-19.673218884454855,40,-,-,-,-,-
919,36.76,-775739,386.45927416816266,40,-,-,-,-,-
920,36.8,-775939,688.8873619287733,40,-,-,-,-,-
921,36.84,-776033,1024.0269469915002,40,-,-,-,-,-
922,36.88,-776344,1432.1599803603176,40,-,-,-,-,-
923,36.92,-777951,1846.8737276123593,40,-,-,-,-,-
924,36.96,-780282,1935.7016725848962,40,-,-,-,-,-
925,37.0,-780718,1362.3486608166995,40,-,-,-,-,-
926,37.04,-782158,307.812586954195,40,-,-,-,-,-
927,37.08,-781253,-831.5129750837489,40,-,-,-,-,-
928,37.12,-783415,-1347.7030227021833,40,-,-,-,-,-
929,37.16,-783693,-1281.334467429675,40,-,-,-,-,-
930,37.2,-784009,-895.4270404372483,40,-,-,-,-,-
931,37.24,-783084,-638.3265333566856,40,-,-,-,-,-
932,37.28,-780609,-674.4780525827391,40,-,-,-,-,-
933,37.32,-772142,-1007.579527632508,40,-,-,-,-,-
934,37.36,-768586,-1060.692811382476,40,-,-,-,-,-
935,37.4,-768676,-781.5059652628715,40,-,-,-,-,-
936,37.44,-770862,-314.11913575762776,40,-,-,-,-,-
937,37.48,-775240,189.3332280452846,40,-,-,-,-,-
938,37.52,-775827,476.23078605821047,40,-,-,-,-,-
939,37.56,-774805,685.8953408638031,40,-,-,-,-,-
940,37.6,-774659,998.6071751478216,40,-,-,-,-,-
941,37.64,-777367,1477.013301605643,40,-,-,-,-,-
942,37.68,-779358,1830.5406953252668,40,-,-,-,-,-
943,37.72,-780277,1745.4086047556516,40,-,-,-,-,-
944,37.76,-782418,1097.7297031388443,40,-,-,-,-,-
945,37.8,-782682,-18.37489947887957,40,-,-,-,-,-
946,37.84,-783793,-965.9483828489122,40,-,-,-,-,-
947,37.88,-784298,-1327.8110935476363,40,-,-,-,-,-
948,37.92,-783712,-1137.5942797800662,40,-,-,-,-,-
949,37.96,-784752,-735.9405190342343,40,-,-,-,-,-
950,38.0,-783088,-654.3851550348923,40,-,-,-,-,-
951,38.04,-777848,-928.5905682961929,40,-,-,-,-,-
952,38.08,-770061,-1240.8647424993705,40,-,-,-,-,-
953,38.12,-768627,-1094.249528049986,40,-,-,-,-,-
954,38.16,-769252,-669.7565386524548,40,-,-,-,-,-
955,38.2,-770970,-159.16090732115185,40,-,-,-,-,-
956,38.24,-774720,362.40417290400046,40,-,-,-,-,-
957,38.28,-777107,765.8117272406525,40,-,-,-,-,-
958,38.32,-775986,1017.1222823534717,40,-,-,-,-,-
959,38.36,-776119,1328.208264896803,40,-,-,-,-,-
960,38.4,-778531,1724.9064683186257,40,-,-,-,-,-
961,38.44,-778820,1876.0574680577301,40,-,-,-,-,-
962,38.48,-780936,1603.9854042668935,40,-,-,-,-,-
963,38.52,-782612,741.6870012445743,40,-,-,-,-,-
964,38.56,-783187,-395.8804176557187,40,-,-,-,-,-
965,38.6,-782889,-1260.91314019677,40,-,-,-,-,-
966,38.64,-784133,-1470.5530543960149,40,-,-,-,-,-
967,38.68,-783748,-1232.6425567930478,40,-,-,-,-,-
968,38.72,-784137,-823.1490338105161,40,-,-,-,-,-
969,38.76,-782777,-632.1842085162193,40,-,-,-,-,-
970,38.8,-774127,-887.6620190833446,40,-,-,-,-,-
971,38.84,-771026,-994.6284497550942,40,-,-,-,-,-
972,38.88,-769346,-898.2999178554846,40,-,-,-,-,-
973,38.92,-770705,-515.6028101952602,40,-,-,-,-,-
974,38.96,-774249,26.976236605752547,40,-,-,-,-,-
975,39.0,-777398,514.6268204859207,88,49.0,-,-,-,-
976,39.04,-774931,716.7181968333389,88,-,-,-,-,-
977,39.08,-776893,1015.5436959700528,88,-,-,-,-,-
978,39.12,-779240,1378.5281644581073,88,-,-,-,-,-
979,39.16,-780939,1723.8639479231852,88,-,-,-,-,-
980,39.2,-781669,1769.9494548625685,88,-,-,-,-,-
981,39.24,-782187,1258.1737712529716,88,-,-,-,-,-
982,39.28,-783646,286.0666371722348,88,-,-,-,-,-
983,39.32,-783900,-750.2016707481393,88,-,-,-,-,-
984,39.36,-784213,-1314.0677671692126,88,-,-,-,-,-
985,39.4,-785035,-1274.835975101652,88,-,-,-,-,-
986,39.44,-783536,-1023.0677645928281,88,-,-,-,-,-
987,39.48,-782460,-842.5003733055082,88,-,-,-,-,-
988,39.52,-774200,-1054.7016690453838,88,-,-,-,-,-
989,39.56,-769358,-1117.5079666240235,88,-,-,-,-,-
990,39.6,-769175,-842.3432779574423,88,-,-,-,-,-
991,39.64,-769478,-433.873522255692,88,-,-,-,-,-
992,39.68,-772553,44.11598835845302,88,-,-,-,-,-
993,39.72,-776165,475.59148454496517,88,-,-,-,-,-
994,39.76,-775125,730.8410519067029,88,-,-,-,-,-
995,39.8,-776184,1077.2921439239162,88,-,-,-,-,-
996,39.84,-777335,1464.9948681786323,88,-,-,-,-,-
997,39.88,-778860,1803.1022562979228,88,-,-,-,-,-
998,39.92,-780755,1838.9412356024536,88,-,-,-,-,-
999,39.96,-781405,1284.6094804667882,88,-,-,-,-,-
1000,40.0,-783324,301.4219286470011,88,-,-,-,-,-
1001,40.04,-784195,-738.0478043987123,88,-,-,-,-,-
1002,40.08,-783674,-1372.342784522257,88,-,-,-,-,-
1003,40.12,-16775229,501374.84785468504,88,-,-,-,-,-
1004,40.16,-16775151,460551.1379845822,88,-,-,-,-,-
1005,40.2,-16775454,371563.8302947404,88,-,-,-,-,-
1006,40.24,-16775614,229516.04916167824,88,-,-,-,-,-
1007,40.28,-16775488,47076.88082362176,88,-,-,-,-,-
1008,40.32,-16775502,-146617.74586077314,88,-,-,-,-,-
1009,40.36,-16775582,-347324.0553639587,88,-,-,-,-,-
1010,40.4,-16775524,-623121.3253505174,88,-,-,-,-,-
1011,40.44,-16775428,-1055142.4768890492,88,-,-,-,-,-
1012,40.48,-16775437,-1531079.0141315893,88,-,-,-,-,-
1013,40.52,-16775516,-1649552.6845362536,88,-,-,-,-,-
1014,40.56,-16775436,-1074586.5596911889,88,-,-,-,-,-
1015,40.6,-16775404,-37092.54255042225,88,-,-,-,-,-
1016,40.64,-16775427,805151.1691407615,88,-,-,-,-,-
1017,40.68,-16775496,1070682.7004600256,88,-,-,-,-,-
1018,40.72,-16775392,939307.470124111,88,-,-,-,-,-
1019,40.76,-16775402,757665.1034337182,88,-,-,-,-,-
1020,40.8,-16775432,661612.0952167531,88,-,-,-,-,-
1021,40.84,-16775429,600435.6362488825,88,-,-,-,-,-
1022,40.88,-16775434,513139.47966852784,88,-,-,-,-,-
1023,40.92,-16775373,398673.73829383263,88,-,-,-,-,-
1024,40.96,-16775431,283479.5463072851,88,-,-,-,-,-
1025,41.0,-16775427,183050.15272110095,88,-,-,-,-,-
1026,41.04,-16775475,97483.06226309272,88,-,-,-,-,-
1027,41.08,-16775458,23342.40646335273,88,-,-,-,-,-
1028,41.12,-16775821,-39647.562988981954,88,-,-,-,-,-
1029,41.16,-16775864,-89964.02068598568,88,-,-,-,-,-
1030,41.2,-16775919,-127002.880423291,88,-,-,-,-,-
1031,41.24,-16775885,-151701.02708108822,88,-,-,-,-,-
1032,41.28,-16775605,-165656.22642695723,88,-,-,-,-,-
1033,41.32,-16775574,-170425.0174704438,88,-,-,-,-,-
1034,41.36,-16774999,-167506.92406313174,88,-,-,-,-,-
1035,41.4,-16775415,-158350.5285478557,88,-,-,-,-,-
1036,41.44,-16775323,-144533.2786400618,88,-,-,-,-,-
1037,41.48,-16775266,-127500.95568246968,88,-,-,-,-,-
1038,41.52,-16775363,-108555.73697380502,88,-,-,-,-,-
1039,41.56,-16775335,-88826.61623053454,88,-,-,-,-,-
1040,41.6,-16775344,-69251.65773004427,88,-,-,-,-,-
1041,41.64,-16775387,-50604.99364688192,88,-,-,-,-,-
1042,41.68,-16775454,-33484.90107528292,88,-,-,-,-,-
1043,41.72,-16775429,-18315.03747678778,88,-,-,-,-,-
1044,41.76,-16775403,-5343.616056540399,88,-,-,-,-,-
1045,41.8,-16775458,5333.54282684924,88,-,-,-,-,-
1046,41.84,-16775460,13734.554878344905,88,-,-,-,-,-
1047,41.88,-16775333,19961.845020786088,88,-,-,-,-,-
1048,41.92,-16775452,24184.386425618228,88,-,-,-,-,-
1049,41.96,-16775420,26592.36147709815,88,-,-,-,-,-
1050,42.0,-16775470,27438.259534240395,nan,49.0,-,-,-,Movimiento
1051,42.04,-16775493,26988.74334605116,nan,-,-,-,-,Movimiento
1052,42.08,-16775536,25516.34867622825,nan,-,-,-,-,Movimiento
1053,42.12,-16775489,23275.651765188693,nan,-,-,-,-,Movimiento
1054,42.16,-16775575,20510.42860127132,nan,-,-,-,-,Movimiento
1055,42.2,-16775582,17426.191665074002,nan,-,-,-,-,Movimiento
1056,42.24,-16775517,14209.869331173966,nan,-,-,-,-,Movimiento
1057,42.28,-16775544,11025.203874991155,nan,-,-,-,-,Movimiento
1058,42.32,-16775459,7995.204903613685,nan,-,-,-,-,Movimiento
1059,42.36,-16775309,5218.477299125123,nan,-,-,-,-,Movimiento
1060,42.4,-16775427,2762.8278451047954,nan,-,-,-,-,Movimiento
1061,42.44,-16775383,640.7465927307603,nan,-,-,-,-,Movimiento
1062,42.48,-16775470,-1105.1761198044005,nan,-,-,-,-,Movimiento
1063,42.52,-16775447,-2415.9016774347183,nan,-,-,-,-,Movimiento
1064,42.56,-16775429,-3244.6021337758175,nan,-,-,-,-,Movimiento
1065,42.6,-16775413,-3657.633633914833,nan,-,-,-,-,Movimiento
1066,42.64,-16775398,-3808.2238255205284,nan,-,-,-,-,Movimiento
1067,42.68,-16775397,-3811.208737432251,nan,-,-,-,-,Movimiento
1068,42.72,-16775419,-3690.7649685535043,nan,-,-,-,-,Movimiento
1069,42.76,-16775431,-3442.3157309487856,nan,-,-,-,-,Movimiento
1070,42.8,-16775427,-3091.7536046609875,nan,-,-,-,-,Movimiento
1071,42.84,-16775362,-2690.0596664177547,nan,-,-,-,-,Movimiento
1072,42.88,-16775449,-2277.7314270769148,nan,-,-,-,-,Movimiento
1073,42.92,-16775462,-1900.4542788103727,nan,-,-,-,-,Movimiento
1074,42.96,-16775430,-1589.8542164747014,nan,-,-,-,-,Movimiento
1075,43.0,-16775420,-1370.6059150537621,nan,-,-,-,-,Movimiento
1076,43.04,-16775332,-1262.8528371125376,nan,-,-,-,-,Movimiento
1077,43.08,-16775356,-7.436259546258832,nan,-,-,-,-,Movimiento
1078,43.12,-16775427,-6.939071015714454,nan,-,-,-,-,Movimiento
1079,43.16,-16775494,-3.2020515721820573,nan,-,-,-,-,Movimiento
1080,43.2,-16775429,-2.521673817342652,nan,-,-,-,-,Movimiento
1081,43.24,-16775402,-2.568079031940645,nan,-,-,-,-,Movimiento
1082,43.28,-16775439,-2.480527205031684,nan,-,-,-,-,Movimiento
1083,43.32,-16775499,0.07541546775754426,nan,-,-,-,-,Movimiento
1084,43.36,-16775451,2.860523705205397,nan,-,-,-,-,Movimiento
1085,43.4,-16775519,9.096011260705986,nan,-,-,-,-,Movimiento
1086,43.44,-16775429,4.0809290768618425,nan,-,-,-,-,Movimiento
1087,43.48,-16775462,-3.308113011369226,nan,-,-,-,-,Movimiento
1088,43.52,-16775442,-11.511916516899667,nan,-,-,-,-,Movimiento
1089,43.56,-16775476,-9.967692133741654,nan,-,-,-,-,Movimiento
1090,43.6,-16775464,-3.315388096786206,nan,-,-,-,-,Movimiento
1091,43.64,-16775480,2.4876268763053315,nan,-,-,-,-,Movimiento
1092,43.68,-16775588,4.847512203635652,nan,-,-,-,-,Movimiento
1093,43.72,-16775562,0.6570987876178442,nan,-,-,-,-,Movimiento
1094,43.76,-16775573,1.2571998654185546,nan,-,-,-,-,Movimiento
1095,43.8,-16775506,2.7918668141375704,nan,-,-,-,-,Movimiento
1096,43.84,-16775549,6.653906593052671,nan,-,-,-,-,Movimiento
1097,43.88,-16775608,6.848942722778922,nan,-,-,-,-,Movimiento
1098,43.92,-16775487,-1.6980589131943447,nan,-,-,-,-,Movimiento
1099,43.96,-16775443,-7.71838181192723,nan,-,-,-,-,Movimiento
1100,44.0,-16775433,-10.899692453932659,nan,-,-,-,-,Movimiento
1101,44.04,-16775529,-8.585496893257162,nan,-,-,-,-,Movimiento
1102,44.08,-16775436,-9.090244581211728,nan,-,-,-,-,Movimiento
1103,44.12,-16775429,-2.8486219880077,nan,-,-,-,-,Movimiento
1104,44.16,-16775531,8.077507506337376,nan,-,-,-,-,Movimiento
1105,44.2,-16775532,12.177807069587885,nan,-,-,-,-,Movimiento
1106,44.24,-16775605,14.360295881902701,nan,-,-,-,-,Movimiento
1107,44.28,-16775560,12.573602989766478,nan,-,-,-,-,Movimiento
1108,44.32,-16775605,14.897638059757227,nan,-,-,-,-,Movimiento
1109,44.36,-16775562,11.550032943577232,nan,-,-,-,-,Movimiento
1110,44.4,-16775464,0.8514800590773604,nan,-,-,-,-,Movimiento
1111,44.44,-16775484,-7.209673124565732,nan,-,-,-,-,Movimiento
1112,44.48,-16775478,-12.133736499079038,nan,-,-,-,-,Movimiento
1113,44.52,-16775439,-15.1117291874654,nan,-,-,-,-,Movimiento
1114,44.56,-16775504,-14.436222297547605,nan,-,-,-,-,Movimiento
1115,44.6,-16775571,-11.73260008079611,nan,-,-,-,-,Movimiento
1116,44.64,-16775497,-8.63777445817374,nan,-,-,-,-,Movimiento
1117,44.68,-16775547,2.141760627701796,nan,-,-,-,-,Movimiento
1118,44.72,-16775578,11.81648091305047,nan,-,-,-,-,Movimiento
1119,44.76,-16775532,15.184780250825193,nan,-,-,-,-,Movimiento
1120,44.8,-16775534,14.655027476421546,nan,-,-,-,-,Movimiento
1121,44.84,-16775532,8.670155163317641,nan,-,-,-,-,Movimiento
1122,44.88,-16775442,-2.817418571263403,nan,-,-,-,-,Movimiento
1123,44.92,-16775428,-10.611361735746243,nan,-,-,-,-,Movimiento
1124,44.96,-16775461,-12.802830114118864,nan,-,-,-,-,Movimiento
1125,45.0,-16775527,-9.094744195919205,nan,64.0,-,-,-,Desconexión
1126,45.04,-16775543,-3.728786330261066,nan,-,-,-,-,Desconexión
1127,45.08,-16775485,-0.651286310208705,nan,-,-,-,-,Desconexión
1128,45.12,-16775435,1.149028365511505,nan,-,-,-,-,Desconexión
1129,45.16,-16775371,2.0243078546752997,nan,-,-,-,-,Desconexión
1130,45.2,-16775334,4.205151880652366,nan,-,-,-,-,Desconexión
1131,45.24,-16775280,5.0815577228351785,nan,-,-,-,-,Desconexión
1132,45.28,-16775445,9.77973776426687,nan,-,-,-,-,Desconexión
1133,45.32,-16775345,1.5333171034845527,nan,-,-,-,-,Desconexión
1134,45.36,-16775327,-5.677653677391808,nan,-,-,-,-,Desconexión
1135,45.4,-16775290,-8.757206615959259,nan,-,-,-,-,Desconexión
1136,45.44,-16775309,-1.5142920387193932,nan,-,-,-,-,Desconexión
1137,45.48,-16775529,16.734184765030847,nan,-,-,-,-,Desconexión
1138,45.52,-16775539,24.162159411537687,nan,-,-,-,-,Desconexión
1139,45.56,-16775476,19.50945754172715,nan,-,-,-,-,Desconexión
1140,45.6,-16775471,8.20082727057313,nan,-,-,-,-,Desconexión
1141,45.64,-16775480,-4.695069807871008,nan,-,-,-,-,Desconexión
1142,45.68,-16775258,-19.359053978075167,nan,-,-,-,-,Desconexión
1143,45.72,-16775347,-15.550820871047492,nan,-,-,-,-,Desconexión
1144,45.76,-16775435,-9.158701633446178,nan,-,-,-,-,Desconexión
1145,45.8,-16775435,-11.598358422908056,nan,-,-,-,-,Desconexión
1146,45.84,-16775400,-20.931579859980722,nan,-,-,-,-,Desconexión
1147,45.88,-16775469,-22.21839383162145,nan,-,-,-,-,Desconexión
1148,45.92,-16775418,-14.13315213089819,nan,-,-,-,-,Desconexión
1149,45.96,-16775409,4.320803775411171,nan,-,-,-,-,Desconexión
1150,46.0,-16775451,21.02853745201094,nan,-,-,-,-,Desconexión
1151,46.04,-16775371,22.307154220159653,nan,-,-,-,-,Desconexión
1152,46.08,-16775434,16.866299575715324,nan,-,-,-,-,Desconexión
1153,46.12,-16775456,4.079072858342695,nan,-,-,-,-,Desconexión
1154,46.16,-16775456,-7.1523227914737735,nan,-,-,-,-,Desconexión
1155,46.2,-16775396,-11.150326609371728,nan,-,-,-,-,Desconexión
1156,46.24,-16775436,-4.079546451204109,nan,-,-,-,-,Desconexión
1157,46.28,-16775476,3.5325403805411035,nan,-,-,-,-,Desconexión
1158,46.32,-16775376,2.8055401665774156,nan,-,-,-,-,Desconexión
1159,46.36,-16775408,3.354000927049217,nan,-,-,-,-,Desconexión
1160,46.4,-16775390,1.1735985131921467,nan,-,-,-,-,Desconexión
1161,46.44,-16775378,-1.208226377172819,nan,-,-,-,-,Desconexión
1162,46.48,-16775322,-4.6196141022035775,nan,-,-,-,-,Desconexión
1163,46.52,-16775346,-3.5137313616616517,nan,-,-,-,-,Desconexión
1164,46.56,-16775408,1.2559124209157062,nan,-,-,-,-,Desconexión
1165,46.6,-16775432,5.096731864877135,nan,-,-,-,-,Desconexión
1166,46.64,-16775456,6.984350577433638,nan,-,-,-,-,Desconexión
1167,46.68,-16775504,8.347018024758029,nan,-,-,-,-,Desconexión
1168,46.72,-16775466,7.133246473885912,nan,-,-,-,-,Desconexión
1169,46.76,-16775415,4.99692608417196,nan,-,-,-,-,Desconexión
1170,46.8,-16775438,3.6335103138265836,nan,-,-,-,-,Desconexión
1171,46.84,-16775524,2.889149878288741,nan,-,-,-,-,Desconexión
1172,46.88,-16775394,-6.122302196574587,nan,-,-,-,-,Desconexión
1173,46.92,-16775441,-10.744707603713042,nan,-,-,-,-,Desconexión
1174,46.96,-16775410,-16.82054435952211,nan,-,-,-,-,Desconexión
1175,47.0,-16775487,-14.670195590767868,nan,-,-,-,-,Desconexión
1176,47.04,-16775434,-10.834132568246835,nan,-,-,-,-,Desconexión
1177,47.08,-16775426,-2.492502619762387,nan,-,-,-,-,Desconexión
1178,47.12,-16775435,4.923798877014292,nan,-,-,-,-,Desconexión
1179,47.16,-16775441,7.466935811893171,nan,-,-,-,-,Desconexión
1180,47.2,-16775544,8.929730400586152,nan,-,-,-,-,Desconexión
1181,47.24,-16775526,6.305450502726757,nan,-,-,-,-,Desconexión
1182,47.28,-16775570,7.677288440900611,nan,-,-,-,-,Desconexión
1183,47.32,-16775595,7.860765026620381,nan,-,-,-,-,Desconexión
1184,47.36,-16775484,0.8599967633400283,nan,-,-,-,-,Desconexión
1185,47.4,-16775520,-1.7399192491471354,nan,-,-,-,-,Desconexión
1186,47.44,-16775574,-1.1715426382830119,nan,-,-,-,-,Desconexión
1187,47.48,-16775528,-2.8892564040414896,nan,-,-,-,-,Desconexión
1188,47.52,-16775548,-4.967599819949232,nan,-,-,-,-,Desconexión
1189,47.56,-16775552,-9.588905349477812,nan,-,-,-,-,Desconexión
1190,47.6,-16775519,-13.066671043259142,nan,-,-,-,-,Desconexión
1191,47.64,-16775515,-9.91236899865708,nan,-,-,-,-,Desconexión
1192,47.68,-16775585,0.13451606960923357,nan,-,-,-,-,Desconexión
1193,47.72,-16775545,6.618435691756135,nan,-,-,-,-,Desconexión
1194,47.76,-16775550,10.05803625661083,nan,-,-,-,-,Desconexión
1195,47.8,-16775518,6.699148905223375,nan,-,-,-,-,Desconexión
1196,47.84,-16775538,2.8646505015121333,nan,-,-,-,-,Desconexión
1197,47.88,-16775467,-1.2692036752978382,nan,-,-,-,-,Desconexión
1198,47.92,-16775590,4.18693882434134,nan,-,-,-,-,Desconexión
1199,47.96,-16775535,4.1260474557434,nan,-,-,-,-,Desconexión
1200,48.0,-16775503,2.4400872603851322,nan,88.0,-,-,-,Desconexión
1201,48.04,-16775381,-3.906550086876436,nan,-,-,-,-,Desconexión
1202,48.08,-16775426,-3.8942637531480777,nan,-,-,-,-,Desconexión
1203,48.12,-16775419,-2.3614654146323235,nan,-,-,-,-,Desconexión
1204,48.16,-16775462,2.8908044567505726,nan,-,-,-,-,Desconexión
1205,48.2,-16775455,5.165975774241417,nan,-,-,-,-,Desconexión
1206,48.24,-16775528,6.55696104550529,nan,-,-,-,-,Desconexión
1207,48.28,-16775521,3.4229794744718802,nan,-,-,-,-,Desconexión
1208,48.32,-16775516,2.3065370253665023,nan,-,-,-,-,Desconexión
1209,48.36,-16775502,5.191122711537801,nan,-,-,-,-,Desconexión
1210,48.4,-16775510,10.003935594528942,nan,-,-,-,-,Desconexión
1211,48.44,-16775392,5.456371628133965,nan,-,-,-,-,Desconexión
1212,48.48,-16775591,3.324511318182708,nan,-,-,-,-,Desconexión
1213,48.52,-16775551,-8.955966393269417,nan,-,-,-,-,Desconexión
1214,48.56,-16775563,-15.018536850505923,nan,-,-,-,-,Desconexión
1215,48.6,-16775426,-19.275152470941862,nan,-,-,-,-,Desconexión
1216,48.64,-16775401,-15.647188931538636,nan,-,-,-,-,Desconexión
1217,48.68,-16775386,-9.720607163440334,nan,-,-,-,-,Desconexión
1218,48.72,-16775359,-3.7647280806354004,nan,-,-,-,-,Desconexión
1219,48.76,-16775460,4.585510351946979,nan,-,-,-,-,Desconexión
1220,48.8,-16775433,4.773128141160761,nan,-,-,-,-,Desconexión
1221,48.84,-16775364,-0.42042925431839606,nan,-,-,-,-,Desconexión
1222,48.88,-16775354,-3.322506745792964,nan,-,-,-,-,Desconexión
1223,48.92,-16775360,0.8213114747802006,nan,-,-,-,-,Desconexión
1224,48.96,-16775387,12.328451701256753,nan,-,-,-,-,Desconexión
1225,49.0,-16775436,22.690688702774395,nan,-,-,-,-,Desconexión
1226,49.04,-16775435,20.989986441605183,nan,-,-,-,-,Desconexión
1227,49.08,-16775428,9.400850273243826,nan,-,-,-,-,Desconexión
1228,49.12,-16775383,-4.247250476857383,nan,-,-,-,-,Desconexión
1229,49.16,-16775347,-10.284829713768836,nan,-,-,-,-,Desconexión
1230,49.2,-16775385,-5.685217206131348,nan,-,-,-,-,Desconexión
1231,49.24,-16775400,0.16636397515927825,nan,-,-,-,-,Desconexión
1232,49.28,-16775332,-1.7878058914332975,nan,-,-,-,-,Desconexión
1233,49.32,-16775306,-8.189832094785409,nan,-,-,-,-,Desconexión
1234,49.36,-16775324,-12.983877781568012,nan,-,-,-,-,Desconexión
1235,49.4,-16775327,-12.16100175416266,nan,-,-,-,-,Desconexión
1236,49.44,-16775493,0.17127079353721797,nan,-,-,-,-,Desconexión
1237,49.48,-16775400,5.492760261350149,nan,-,-,-,-,Desconexión
1238,49.52,-16775345,7.74861415682312,nan,-,-,-,-,Desconexión
1239,49.56,-16775341,5.748974014183972,nan,-,-,-,-,Desconexión
1240,49.6,-16775414,3.8662211766100683,nan,-,-,-,-,Desconexión
1241,49.64,-16775391,1.350644854470942,nan,-,-,-,-,Desconexión
1242,49.68,-16775327,0.16748392060496542,nan,-,-,-,-,Desconexión
1243,49.72,-16775454,3.0115465445936707,nan,-,-,-,-,Desconexión
1244,49.76,-16775436,-3.6104319505575475,nan,-,-,-,-,Desconexión
1245,49.8,-16775392,-11.325793903373157,nan,-,-,-,-,Desconexión
1246,49.84,-16775480,-7.895673200527742,nan,-,-,-,-,Desconexión
1247,49.88,-16775402,-2.357055492311563,nan,-,-,-,-,Desconexión
1248,49.92,-16775387,4.621826809403707,nan,-,-,-,-,Desconexión
1249,49.96,-16775450,6.416813897443365,nan,-,-,-,-,Desconexión
1250,50.0,-16775393,-1.0607996197496554,nan,-,-,-,-,Desconexión
1251,50.04,-16775452,-3.2166750327643037,nan,-,-,-,-,Desconexión
1252,50.08,-16775441,-3.966249069882306,nan,-,-,-,-,Desconexión
1253,50.12,-16775480,-1.912886710646056,nan,-,-,-,-,Desconexión
1254,50.16,-16775383,-3.707813184449556,nan,-,-,-,-,Desconexión
1255,50.2,-16775447,1.0321937367097709,nan,-,-,-,-,Desconexión
1256,50.24,-16775371,1.764611539228433,nan,-,-,-,-,Desconexión
1257,50.28,-16775366,3.318005286947141,nan,-,-,-,-,Desconexión
1258,50.32,-16775463,5.745347843998147,nan,-,-,-,-,Desconexión
1259,50.36,-16775490,4.106052508486563,nan,-,-,-,-,Desconexión
1260,50.4,-16775313,-3.992567273993785,nan,-,-,-,-,Desconexión
1261,50.44,-16775313,-4.435279267394598,nan,-,-,-,-,Desconexión
1262,50.48,-16775365,-0.672813483822682,nan,-,-,-,-,Desconexión
1263,50.52,-16775396,4.128083269950928,nan,-,-,-,-,Desconexión
1264,50.56,-16775450,9.244095234599058,nan,-,-,-,-,Desconexión
1265,50.6,-16775403,8.029356637620648,nan,-,-,-,-,Desconexión
1266,50.64,-16775429,5.129281034937804,nan,-,-,-,-,Desconexión
1267,50.68,-16775459,0.7414812752107309,nan,-,-,-,-,Desconexión
1268,50.72,-16775433,-2.1843735741556207,nan,-,-,-,-,Desconexión
1269,50.76,-16775450,2.0972702461969845,nan,-,-,-,-,Desconexión
1270,50.8,-16775461,7.142742591786118,nan,-,-,-,-,Desconexión
1271,50.84,-16775428,3.3712101119961666,nan,-,-,-,-,Desconexión
1272,50.88,-16775479,-5.427721289656105,nan,-,-,-,-,Desconexión
1273,50.92,-16775402,-16.560337813675503,nan,-,-,-,-,Desconexión
1274,50.96,-16775458,-14.278286020890647,nan,-,-,-,-,Desconexión
1275,51.0,-16775467,-7.283904400833416,nan,nan,-,-,-,Desconexión
1276,51.04,-16775489,-0.9585190660879768,nan,-,-,-,-,Desconexión
1277,51.08,-16775596,4.144674619616197,nan,-,-,-,-,Desconexión
1278,51.12,-16775588,3.6927671885623,nan,-,-,-,-,Desconexión
1279,51.16,-16775569,3.0677940778157877,nan,-,-,-,-,Desconexión
1280,51.2,-16775521,1.6681306615048683,nan,-,-,-,-,Desconexión
1281,51.24,-16775554,2.390108002954552,nan,-,-,-,-,Desconexión
1282,51.28,-16775527,0.4370687974722216,nan,-,-,-,-,Desconexión
1283,51.32,-16775587,0.10235833207107548,nan,-,-,-,-,Desconexión
1284,51.36,-16775442,-8.248842812733955,nan,-,-,-,-,Desconexión
1285,51.4,-16775366,-14.659568746175594,nan,-,-,-,-,Desconexión
1286,51.44,-16775467,-12.74982184318034,nan,-,-,-,-,Desconexión
1287,51.48,-16775497,-7.767179817789142,nan,-,-,-,-,Desconexión
1288,51.52,-16775466,0.4391033842253229,nan,-,-,-,-,Desconexión
1289,51.56,-16775561,13.231399067411019,nan,-,-,-,-,Desconexión
1290,51.6,-16775509,16.04810647087265,nan,-,-,-,-,Desconexión
1291,51.64,-16775630,18.22323804544436,nan,-,-,-,-,Desconexión
1292,51.68,-16775633,15.338054636804472,nan,-,-,-,-,Desconexión
1293,51.72,-16775571,13.11005983594666,nan,-,-,-,-,Desconexión
1294,51.76,-16775661,15.545586797569271,nan,-,-,-,-,Desconexión
1295,51.8,-16775603,6.812668172668493,nan,-,-,-,-,Desconexión
1296,51.84,-16775553,-7.8257146713323635,nan,-,-,-,-,Desconexión
1297,51.88,-16775564,-18.42063066184182,nan,-,-,-,-,Desconexión
1298,51.92,-16775619,-19.36126440419092,nan,-,-,-,-,Desconexión
1299,51.96,-16775687,-14.088892585852768,nan,-,-,-,-,Desconexión
1300,52.0,-16775835,-5.803400982337962,nan,-,-,-,-,Desconexión
1301,52.04,-16775793,-4.382570075977533,nan,-,-,-,-,Desconexión
1302,52.08,-16775458,-11.318364089696445,nan,-,-,-,-,Desconexión
1303,52.12,-16775506,-4.64365644289677,nan,-,-,-,-,Desconexión
1304,52.16,-16775568,2.0209629048192426,nan,-,-,-,-,Desconexión
1305,52.2,-16774898,-16.40319966078914,nan,-,-,-,-,Desconexión
1306,52.24,-16774835,-17.491225090570367,nan,-,-,-,-,Desconexión
1307,52.28,-16774824,-19.475532610266868,nan,-,-,-,-,Desconexión
1308,52.32,-16775896,13.205861216634275,nan,-,-,-,-,Desconexión
1309,52.36,-16775586,8.228554535264891,nan,-,-,-,-,Desconexión
1310,52.4,-16775664,27.01809169765579,nan,-,-,-,-,Desconexión
1311,52.44,-16774640,16.802102960766433,nan,-,-,-,-,Desconexión
1312,52.48,-16774637,33.84228667217252,nan,-,-,-,-,Desconexión
1313,52.52,-16774653,40.324064257344574,nan,-,-,-,-,Desconexión
1314,52.56,-16775185,55.519484259279295,nan,-,-,-,-,Desconexión
1315,52.6,-16775248,43.79277694893318,nan,-,-,-,-,Desconexión
1316,52.64,-16775159,1.2382141253517318,nan,-,-,-,-,Desconexión
1317,52.68,-16775330,-50.19593227304583,nan,-,-,-,-,Desconexión
1318,52.72,-16775396,-74.38203789972101,nan,-,-,-,-,Desconexión
1319,52.76,-16775458,-29.550653224529242,nan,-,-,-,-,Desconexión
1320,52.8,-16774248,14.6615035829401,nan,-,-,-,-,Desconexión
1321,52.84,-16774515,68.64788390087233,nan,-,-,-,-,Desconexión
1322,52.88,-16775313,56.965889806854705,nan,-,-,-,-,Desconexión
1323,52.92,-16775294,-28.70487571536455,nan,-,-,-,-,Desconexión
1324,52.96,-16775293,-87.03390708598408,nan,-,-,-,-,Desconexión
1325,53.0,-16775280,-82.08769480029565,nan,-,-,-,-,Desconexión
1326,53.04,-16775407,-33.623756185328226,nan,-,-,-,-,Desconexión
1327,53.08,-16775556,14.93631337967473,nan,-,-,-,-,Desconexión
1328,53.12,-16775520,45.62200389508873,nan,-,-,-,-,Desconexión
1329,53.16,-16775584,67.91758095105118,nan,-,-,-,-,Desconexión
1330,53.2,-16775530,54.64984489326463,nan,-,-,-,-,Desconexión
1331,53.24,-16775486,-5.680412263241834,nan,-,-,-,-,Desconexión
1332,53.28,-16775365,-79.58820233210787,nan,-,-,-,-,Desconexión
1333,53.32,-16775380,-99.22088743184378,nan,-,-,-,-,Desconexión
1334,53.36,-16775425,-59.496039286895794,nan,-,-,-,-,Desconexión
1335,53.4,-16775396,-13.542428912665898,nan,-,-,-,-,Desconexión
1336,53.44,-16775462,6.5312197576332665,nan,-,-,-,-,Desconexión
1337,53.48,-16775388,3.5145803474306447,nan,-,-,-,-,Desconexión
1338,53.52,-16775416,10.075578166434468,nan,-,-,-,-,Desconexión
1339,53.56,-16775415,26.663924199416556,nan,-,-,-,-,Desconexión
1340,53.6,-16775452,43.541199955524384,nan,-,-,-,-,Desconexión
1341,53.64,-16775388,46.193912234981255,nan,-,-,-,-,Desconexión
1342,53.68,-16775393,38.684243935432704,nan,-,-,-,-,Desconexión
1343,53.72,-16775469,25.995626990767505,nan,-,-,-,-,Desconexión
1344,53.76,-16775073,-1.141580860846915,nan,-,-,-,-,Desconexión
1345,53.8,-16775075,-8.14419173870354,nan,-,-,-,-,Desconexión
1346,53.84,-16775121,-5.985833110381986,nan,-,-,-,-,Desconexión
1347,53.88,-16775349,4.782522031680401,nan,-,-,-,-,Desconexión
1348,53.92,-16775432,9.107355205739765,nan,-,-,-,-,Desconexión
1349,53.96,-16775343,5.603158859916007,nan,-,-,-,-,Desconexión
1350,54.0,-16775329,4.657846130629395,nan,nan,-,-,-,Desconexión
1351,54.04,-16775526,12.815852932362532,nan,-,-,-,-,Desconexión
1352,54.08,-16775488,16.2332550486571,nan,-,-,-,-,Desconexión
1353,54.12,-16775467,20.383696576467912,nan,-,-,-,-,Desconexión
1354,54.16,-16775401,15.081000763701212,nan,-,-,-,-,Desconexión
1355,54.2,-16775563,0.6520479065825882,nan,-,-,-,-,Desconexión
1356,54.24,-16775516,-31.255434543777344,nan,-,-,-,-,Desconexión
1357,54.28,-16775534,-50.845888612283254,nan,-,-,-,-,Desconexión
1358,54.32,-16775493,-47.86137342785902,nan,-,-,-,-,Desconexión
1359,54.36,-16775494,-28.418507853897154,nan,-,-,-,-,Desconexión
1360,54.4,-16775482,-13.925691653105801,nan,-,-,-,-,Desconexión
1361,54.44,-16775484,-9.346078505175853,nan,-,-,-,-,Desconexión
1362,54.48,-16775476,-6.428005956690754,nan,-,-,-,-,Desconexión
1363,54.52,-16775702,7.602516384080545,nan,-,-,-,-,Desconexión
1364,54.56,-16775600,9.158139310341612,nan,-,-,-,-,Desconexión
1365,54.6,-16775627,9.525464516102142,nan,-,-,-,-,Desconexión
1366,54.64,-16775675,10.110151315076779,nan,-,-,-,-,Desconexión
1367,54.68,-16775712,13.802048427674304,nan,-,-,-,-,Desconexión
1368,54.72,-16775638,14.181646825655797,nan,-,-,-,-,Desconexión
1369,54.76,-16775694,14.073128237268769,nan,-,-,-,-,Desconexión
1370,54.8,-16775660,5.774116129249869,nan,-,-,-,-,Desconexión
1371,54.84,-16775521,-8.260472432597012,nan,-,-,-,-,Desconexión
1372,54.88,-16775545,-15.121332591360243,nan,-,-,-,-,Desconexión
1373,54.92,-16775637,-13.491493637160922,nan,-,-,-,-,Desconexión
1374,54.96,-16775622,-7.906571533266696,nan,-,-,-,-,Desconexión
1375,55.0,-16775674,2.435952661614735,nan,-,-,-,-,Desconexión
1376,55.04,-16775737,9.948712661055794,nan,-,-,-,-,Desconexión
1377,55.08,-16775557,6.3963970905167,nan,-,-,-,-,Desconexión
1378,55.12,-16775492,6.728910903740015,nan,-,-,-,-,Desconexión
1379,55.16,-16775289,3.89356644270066,nan,-,-,-,-,Desconexión
1380,55.2,-16775268,6.005055592136273,nan,-,-,-,-,Desconexión
1381,55.24,-16775344,6.955242240374833,nan,-,-,-,-,Desconexión
1382,55.28,-16775287,-1.6123075184623268,nan,-,-,-,-,Desconexión
1383,55.32,-16775277,-9.535538253712069,nan,-,-,-,-,Desconexión
1384,55.36,-16775305,-9.34906599569348,nan,-,-,-,-,Desconexión
1385,55.4,-16775624,10.240967736780192,nan,-,-,-,-,Desconexión
1386,55.44,-16775475,21.437244796866537,nan,-,-,-,-,Desconexión
1387,55.48,-16775530,37.681757857589616,nan,-,-,-,-,Desconexión
1388,55.52,-16775357,35.890101015891894,nan,-,-,-,-,Desconexión
1389,55.56,-16775288,21.72254142923242,nan,-,-,-,-,Desconexión
1390,55.6,-16775351,1.198546461876484,nan,-,-,-,-,Desconexión
1391,55.64,-16775243,-23.20231382439112,nan,-,-,-,-,Desconexión
1392,55.68,-16775400,-29.587116964638746,nan,-,-,-,-,Desconexión
1393,55.72,-16775489,-31.09828900954109,nan,-,-,-,-,Desconexión
1394,55.76,-16775518,-31.975712321987018,nan,-,-,-,-,Desconexión
1395,55.8,-16775432,-29.99067652034941,nan,-,-,-,-,Desconexión
1396,55.84,-16775510,-10.81555157763344,nan,-,-,-,-,Desconexión
1397,55.88,-16775270,3.8821223897121513,nan,-,-,-,-,Desconexión
1398,55.92,-16775279,17.550471839704045,nan,-,-,-,-,Desconexión
1399,55.96,-16775305,14.824004983581524,nan,-,-,-,-,Desconexión
1400,56.0,-16775251,-1.837284731354302,nan,-,-,-,-,Desconexión
1401,56.04,-16775231,-17.327374649256434,nan,-,-,-,-,Desconexión
1402,56.08,-16775228,-23.783441614196047,nan,-,-,-,-,Desconexión
1403,56.12,-16775231,-18.197222706484848,nan,-,-,-,-,Desconexión
1404,56.16,-16775274,-1.1056078862039698,nan,-,-,-,-,Desconexión
1405,56.2,-16775362,20.5663080698683,nan,-,-,-,-,Desconexión
1406,56.24,-16775452,36.12873347568066,nan,-,-,-,-,Desconexión
1407,56.28,-16775514,39.004817461671536,nan,-,-,-,-,Desconexión
1408,56.32,-16775467,27.43820163138283,nan,-,-,-,-,Desconexión
1409,56.36,-16775430,11.684847686967508,nan,-,-,-,-,Desconexión
1410,56.4,-16775485,1.7138090969814512,nan,-,-,-,-,Desconexión
1411,56.44,-16775414,-7.620437245973804,nan,-,-,-,-,Desconexión
1412,56.48,-16775296,-17.347146015214292,nan,-,-,-,-,Desconexión
1413,56.52,-16775277,-25.386997241278138,nan,-,-,-,-,Desconexión
1414,56.56,-16775296,-31.57081096428874,nan,-,-,-,-,Desconexión
1415,56.6,-16775287,-33.12023448706985,nan,-,-,-,-,Desconexión
1416,56.64,-16775420,-21.023052216268546,nan,-,-,-,-,Desconexión
1417,56.68,-16775446,-4.736450775191756,nan,-,-,-,-,Desconexión
1418,56.72,-16775361,8.898597992818686,nan,-,-,-,-,Desconexión
1419,56.76,-16775447,22.252994377831776,nan,-,-,-,-,Desconexión
1420,56.8,-16775446,25.934773707037362,nan,-,-,-,-,Desconexión
1421,56.84,-16775586,30.180567534276904,nan,-,-,-,-,Desconexión
1422,56.88,-16775307,17.349532207225835,nan,-,-,-,-,Desconexión
1423,56.92,-16775323,7.844721924949823,nan,-,-,-,-,Desconexión
1424,56.96,-16775343,-6.287251078629325,nan,-,-,-,-,Desconexión
1425,57.0,-16775277,-20.60061637508644,nan,nan,-,-,-,Desconexión
1426,57.04,-16775478,-16.94650924470112,nan,-,-,-,-,Desconexión
1427,57.08,-16775471,-10.841700786323798,nan,-,-,-,-,Desconexión
1428,57.12,-16775617,2.1834645786801445,nan,-,-,-,-,Desconexión
1429,57.16,-16775733,9.956068815365342,nan,-,-,-,-,Desconexión
1430,57.2,-16775656,8.780249795812281,nan,-,-,-,-,Desconexión
1431,57.24,-16775637,12.056049380905716,nan,-,-,-,-,Desconexión
1432,57.28,-16775676,17.7983677543868,nan,-,-,-,-,Desconexión
1433,57.32,-16775688,14.208921020758574,nan,-,-,-,-,Desconexión
1434,57.36,-16775609,-4.1106494890225775,nan,-,-,-,-,Desconexión
1435,57.4,-16775640,-22.729654682606267,nan,-,-,-,-,Desconexión
1436,57.44,-16775526,-39.19066953467427,nan,-,-,-,-,Desconexión
1437,57.48,-16775543,-39.718985052786536,nan,-,-,-,-,Desconexión
1438,57.52,-16775530,-30.173132714649796,nan,-,-,-,-,Desconexión
1439,57.56,-16775554,-12.07005262326464,nan,-,-,-,-,Desconexión
1440,57.6,-16775617,8.24325828437587,nan,-,-,-,-,Desconexión
1441,57.64,-16775663,21.6724812360781,nan,-,-,-,-,Desconexión
1442,57.68,-16775613,23.231990423475235,nan,-,-,-,-,Desconexión
1443,57.72,-16775642,23.09888385763814,nan,-,-,-,-,Desconexión
1444,57.76,-16775615,21.852304300685255,nan,-,-,-,-,Desconexión
1445,57.8,-16775592,20.732919377115664,nan,-,-,-,-,Desconexión
1446,57.84,-16775652,18.58161440048049,nan,-,-,-,-,Desconexión
1447,57.88,-16775608,8.115301543192716,nan,-,-,-,-,Desconexión
1448,57.92,-16775545,-5.195425620546089,nan,-,-,-,-,Desconexión
1449,57.96,-16775443,-17.13189028610165,nan,-,-,-,-,Desconexión
1450,58.0,-16775414,-20.145990286420336,nan,-,-,-,-,Desconexión
1451,58.04,-16775465,-13.433275862342912,nan,-,-,-,-,Desconexión
1452,58.08,-16775452,-5.060371367334046,nan,-,-,-,-,Desconexión
1453,58.12,-16775461,2.4788265069580646,nan,-,-,-,-,Desconexión
1454,58.16,-16775480,6.019468554153626,nan,-,-,-,-,Desconexión
1455,58.2,-16775475,6.098433276807249,nan,-,-,-,-,Desconexión
1456,58.24,-16775437,6.3664552238688294,nan,-,-,-,-,Desconexión
1457,58.28,-16775597,16.04471382050174,nan,-,-,-,-,Desconexión
1458,58.32,-16775663,22.270649027678388,nan,-,-,-,-,Desconexión
1459,58.36,-16775575,16.888844772452867,nan,-,-,-,-,Desconexión
1460,58.4,-16775494,3.225580239023884,nan,-,-,-,-,Desconexión
1461,58.44,-16775468,-11.165847811455933,nan,-,-,-,-,Desconexión
1462,58.48,-16775513,-17.80882174844731,nan,-,-,-,-,Desconexión
1463,58.52,-16775540,-17.343732943440973,nan,-,-,-,-,Desconexión
1464,58.56,-16775459,-16.972173623211354,nan,-,-,-,-,Desconexión
1465,58.6,-16775510,-14.264058275733781,nan,-,-,-,-,Desconexión
1466,58.64,-16775446,-17.921712073311554,nan,-,-,-,-,Desconexión
1467,58.68,-16775468,-16.480705774376517,nan,-,-,-,-,Desconexión
1468,58.72,-16775514,-5.988347869242144,nan,-,-,-,-,Desconexión
1469,58.76,-16775324,3.198606716046129,nan,-,-,-,-,Desconexión
1470,58.8,-16775386,15.926963828755966,nan,-,-,-,-,Desconexión
1471,58.84,-16775379,14.303800049122566,nan,-,-,-,-,Desconexión
1472,58.88,-16775459,8.480810335959411,nan,-,-,-,-,Desconexión
1473,58.92,-16775369,0.8350036932986795,nan,-,-,-,-,Desconexión
1474,58.96,-16775455,5.570045043154423,nan,-,-,-,-,Desconexión
1475,59.0,-16775369,6.20507343859814,nan,-,-,-,-,Desconexión
1476,59.04,-16775429,8.593346190764002,nan,-,-,-,-,Desconexión
1477,59.08,-16775387,6.269927369564337,nan,-,-,-,-,Desconexión
1478,59.12,-16775374,6.035052009311561,nan,-,-,-,-,Desconexión
1479,59.16,-16775378,5.773080694103598,nan,-,-,-,-,Desconexión
1480,59.2,-16775408,2.090888882030974,nan,-,-,-,-,Desconexión
1481,59.24,-16775381,-6.331286412097404,nan,-,-,-,-,Desconexión
1482,59.28,-16775353,-11.456747980893631,nan,-,-,-,-,Desconexión
1483,59.32,-16775433,-6.8286029293288735,nan,-,-,-,-,Desconexión
1484,59.36,-16775365,-4.263090009616629,nan,-,-,-,-,Desconexión
1485,59.4,-16775610,6.451211668237534,nan,-,-,-,-,Desconexión
1486,59.44,-16775526,3.8564143997376306,nan,-,-,-,-,Desconexión
1487,59.48,-16775529,2.617124689254509,nan,-,-,-,-,Desconexión
1488,59.52,-16775545,1.0256002783982598,nan,-,-,-,-,Desconexión
1489,59.56,-16775632,1.0443925141757795,nan,-,-,-,-,Desconexión
1490,59.6,-16775495,-5.891896204983112,nan,-,-,-,-,Desconexión
1491,59.64,-16775535,-6.421225467115121,nan,-,-,-,-,Desconexión
1492,59.68,-16775391,-13.466239711827683,nan,-,-,-,-,Desconexión
1493,59.72,-16775350,-18.80325145477849,nan,-,-,-,-,Desconexión
1494,59.76,-16775381,-20.842526301210512,nan,-,-,-,-,Desconexión
1495,59.8,-16775472,-15.202762789356552,nan,-,-,-,-,Desconexión
1496,59.84,-16775298,-10.990055465509556,nan,-,-,-,-,Desconexión
1497,59.88,-16775449,5.86903264167114,nan,-,-,-,-,Desconexión
1498,59.92,-16775365,11.622719292251,nan,-,-,-,-,Desconexión
1499,59.96,-16775380,17.28247784631221,nan,-,-,-,-,Desconexión
1500,60.0,-16775349,21.6752362200321,nan,nan,-,-,-,Desconexión
1501,60.04,-16775517,31.305318286785663,nan,-,-,-,-,Desconexión
1502,60.08,-16775518,29.048417543754866,nan,-,-,-,-,Desconexión
1503,60.12,-16775514,18.182290770265354,nan,-,-,-,-,Desconexión
1504,60.16,-16775539,4.9922158291773115,nan,-,-,-,-,Desconexión
1505,60.2,-16775509,-5.507866369795129,nan,-,-,-,-,Desconexión
1506,60.24,-16775459,-9.693544903562426,nan,-,-,-,-,Desconexión
1507,60.28,-16775475,-8.868362823285349,nan,-,-,-,-,Desconexión
1508,60.32,-16775600,-6.245037301193896,nan,-,-,-,-,Desconexión
1509,60.36,-16775616,-9.999612212453094,nan,-,-,-,-,Desconexión
1510,60.4,-16775694,-13.24842012803564,nan,-,-,-,-,Desconexión
1511,60.44,-16775564,-20.82886526950388,nan,-,-,-,-,Desconexión
1512,60.48,-16775557,-17.875193016527618,nan,-,-,-,-,Desconexión
1513,60.52,-16775619,-6.620016096709747,nan,-,-,-,-,Desconexión
1514,60.56,-16775647,3.6737347175262265,nan,-,-,-,-,Desconexión
1515,60.6,-16775619,6.513427542579663,nan,-,-,-,-,Desconexión
1516,60.64,-16775513,-0.4404701481793296,nan,-,-,-,-,Desconexión
1517,60.68,-16775463,-9.922862186688434,nan,-,-,-,-,Desconexión
1518,60.72,-16775381,-17.79353445143964,nan,-,-,-,-,Desconexión
1519,60.76,-16775331,-15.16902035631037,nan,-,-,-,-,Desconexión
1520,60.8,-16775452,1.765653073063838,nan,-,-,-,-,Desconexión
1521,60.84,-16775416,13.263223107344054,nan,-,-,-,-,Desconexión
1522,60.88,-16775482,19.117966330612774,nan,-,-,-,-,Desconexión
1523,60.92,-16775446,14.5119288250729,nan,-,-,-,-,Desconexión
1524,60.96,-16775449,13.397886522719801,nan,-,-,-,-,Desconexión
1525,61.0,-16775575,23.25865181581861,nan,-,-,-,-,Desconexión
1526,61.04,-16775527,28.579119366923067,nan,-,-,-,-,Desconexión
1527,61.08,-16775478,25.562421890642867,nan,-,-,-,-,Desconexión
1528,61.12,-16775565,15.791469727465213,nan,-,-,-,-,Desconexión
1529,61.16,-16775489,-4.7606660658686515,nan,-,-,-,-,Desconexión
1530,61.2,-16775485,-19.532431433006533,nan,-,-,-,-,Desconexión
1531,61.24,-16775497,-24.366934980704094,nan,-,-,-,-,Desconexión
1532,61.28,-16775539,-20.123866313484044,nan,-,-,-,-,Desconexión
1533,61.32,-16775553,-14.931899329156295,nan,-,-,-,-,Desconexión
1534,61.36,-16775347,-18.932748059484766,nan,-,-,-,-,Desconexión
1535,61.4,-16775404,-14.734522091421368,nan,-,-,-,-,Desconexión
1536,61.44,-16775339,-11.372112199812051,nan,-,-,-,-,Desconexión
1537,61.48,-16775534,2.3626558982622043,nan,-,-,-,-,Desconexión
1538,61.52,-16775552,8.447580227847297,nan,-,-,-,-,Desconexión
1539,61.56,-16775549,9.977299830119321,nan,-,-,-,-,Desconexión
1540,61.6,-16775451,5.517406851112689,nan,-,-,-,-,Desconexión
1541,61.64,-16775494,5.038281033225564,nan,-,-,-,-,Desconexión
1542,61.68,-16775481,5.5905323558028694,nan,-,-,-,-,Desconexión
1543,61.72,-16775442,8.9636918275421,nan,-,-,-,-,Desconexión
1544,61.76,-16775429,11.116205018708946,nan,-,-,-,-,Desconexión
1545,61.8,-16775383,2.7943729821534546,nan,-,-,-,-,Desconexión
1546,61.84,-16775313,-13.736268620780692,nan,-,-,-,-,Desconexión
1547,61.88,-16775293,-23.92182040691479,nan,-,-,-,-,Desconexión
1548,61.92,-16775392,-15.843661397289274,nan,-,-,-,-,Desconexión
1549,61.96,-16775401,-0.03594449048215864,nan,-,-,-,-,Desconexión
1550,62.0,-16775308,10.321423084513157,nan,-,-,-,-,Desconexión
1551,62.04,-16775392,16.373017466045944,nan,-,-,-,-,Desconexión
1552,62.08,-16775431,14.545109271669787,nan,-,-,-,-,Desconexión
1553,62.12,-16775381,10.768859283491334,nan,-,-,-,-,Desconexión
1554,62.16,-16775410,12.1991415318655,nan,-,-,-,-,Desconexión
1555,62.2,-16775471,13.303113377239917,nan,-,-,-,-,Desconexión
1556,62.24,-16775432,6.054498976334951,nan,-,-,-,-,Desconexión
1557,62.28,-16775446,-3.585645935528386,nan,-,-,-,-,Desconexión
1558,62.32,-16775654,-5.570123609368608,nan,-,-,-,-,Desconexión
1559,62.36,-16775540,-11.855827298684133,nan,-,-,-,-,Desconexión
1560,62.4,-16775397,-14.717233305059608,nan,-,-,-,-,Desconexión
1561,62.44,-16775433,-12.376033850168895,nan,-,-,-,-,Desconexión
1562,62.48,-16775365,-14.929177171524685,nan,-,-,-,-,Desconexión
1563,62.52,-16775436,-11.889108423854196,nan,-,-,-,-,Desconexión
1564,62.56,-16775494,-7.60277533903017,nan,-,-,-,-,Desconexión
1565,62.6,-16775453,-6.882657280635227,nan,-,-,-,-,Desconexión
1566,62.64,-16775533,-3.6000120631588928,nan,-,-,-,-,Desconexión
1567,62.68,-16775574,-0.8213793520483677,nan,-,-,-,-,Desconexión
1568,62.72,-16775522,3.583912097239124,nan,-,-,-,-,Desconexión
1569,62.76,-16775646,18.626861681315617,nan,-,-,-,-,Desconexión
1570,62.8,-16775603,25.429138875626375,nan,-,-,-,-,Desconexión
1571,62.84,-16775564,20.209673246159248,nan,-,-,-,-,Desconexión
1572,62.88,-16775371,-0.7360178449028467,nan,-,-,-,-,Desconexión
1573,62.92,-16775472,-11.890954959028605,nan,-,-,-,-,Desconexión
1574,62.96,-16775467,-17.60269536018292,nan,-,-,-,-,Desconexión
1575,63.0,-16775384,-17.550593347377387,nan,nan,-,-,-,Desconexión
1576,63.04,-16775487,-8.728013269183176,nan,-,-,-,-,Desconexión
1577,63.08,-16775449,-5.115839186303944,nan,-,-,-,-,Desconexión
1578,63.12,-16775617,4.86637144675656,nan,-,-,-,-,Desconexión
1579,63.16,-16775556,9.278319696533522,nan,-,-,-,-,Desconexión
1580,63.2,-16775443,14.181976838671368,nan,-,-,-,-,Desconexión
1581,63.24,-16775468,21.799489675455135,nan,-,-,-,-,Desconexión
1582,63.28,-16775447,19.899953234757998,nan,-,-,-,-,Desconexión
1583,63.32,-16775425,8.832000986761345,nan,-,-,-,-,Desconexión
1584,63.36,-16775262,-8.80533967129756,nan,-,-,-,-,Desconexión
1585,63.4,-16775198,-18.348078432435983,nan,-,-,-,-,Desconexión
1586,63.44,-16775242,-19.08975070604104,nan,-,-,-,-,Desconexión
1587,63.48,-16775208,-18.316106321476116,nan,-,-,-,-,Desconexión
1588,63.52,-16775569,0.6573167093735321,nan,-,-,-,-,Desconexión
1589,63.56,-16775448,9.172812921855638,nan,-,-,-,-,Desconexión
1590,63.6,-16775522,22.21438872378978,nan,-,-,-,-,Desconexión
1591,63.64,-16775464,22.859522451533046,nan,-,-,-,-,Desconexión
1592,63.68,-16775447,18.650361360894966,nan,-,-,-,-,Desconexión
1593,63.72,-16775246,8.691021320141601,nan,-,-,-,-,Desconexión
1594,63.76,-16775408,10.153378894837775,nan,-,-,-,-,Desconexión
1595,63.8,-16775417,-0.31409373179490885,nan,-,-,-,-,Desconexión
1596,63.84,-16775459,-18.200647514600075,nan,-,-,-,-,Desconexión
1597,63.88,-16775459,-36.22740486946066,nan,-,-,-,-,Desconexión
1598,63.92,-16775464,-39.821337100974574,nan,-,-,-,-,Desconexión
1599,63.96,-16775411,-26.974742900903436,nan,-,-,-,-,Desconexión
1600,64.0,-16775420,-3.1433014010221214,nan,-,-,-,-,Desconexión
1601,64.04,-16775444,15.93179428244286,nan,-,-,-,-,Desconexión
1602,64.08,-16775373,18.68312925493509,nan,-,-,-,-,Desconexión
1603,64.12,-16775470,14.215391514114236,nan,-,-,-,-,Desconexión
1604,64.16,-16775408,-1.204448047748084,nan,-,-,-,-,Desconexión
1605,64.2,-16775485,-8.229809259773539,nan,-,-,-,-,Desconexión
1606,64.24,-16775448,-8.614607801335858,nan,-,-,-,-,Desconexión
1607,64.28,-16775478,0.708124307294705,nan,-,-,-,-,Desconexión
1608,64.32,-16775456,7.87802945203544,nan,-,-,-,-,Desconexión
1609,64.36,-16775597,14.611353093964581,nan,-,-,-,-,Desconexión
1610,64.4,-16775507,8.68344937893097,nan,-,-,-,-,Desconexión
1611,64.44,-16775569,5.69977579436015,nan,-,-,-,-,Desconexión
1612,64.48,-16775439,-2.842986162033057,nan,-,-,-,-,Desconexión
1613,64.52,-16775409,-6.775154935569688,nan,-,-,-,-,Desconexión
1614,64.56,-16775433,-7.315108687617396,nan,-,-,-,-,Desconexión
1615,64.6,-16775444,-6.434579985506284,nan,-,-,-,-,Desconexión
1616,64.64,-16775436,-5.190995287203409,nan,-,-,-,-,Desconexión
1617,64.68,-16775458,-3.5971536056492823,nan,-,-,-,-,Desconexión
1618,64.72,-16775455,-3.464692813188339,nan,-,-,-,-,Desconexión
1619,64.76,-16775409,-2.708659543886375,nan,-,-,-,-,Desconexión
1620,64.8,-16775382,3.0350920715791396,nan,-,-,-,-,Desconexión
1621,64.84,-16775481,14.847810126336867,nan,-,-,-,-,Desconexión
1622,64.88,-16775412,17.055921160149538,nan,-,-,-,-,Desconexión
1623,64.92,-16775420,13.547254855860977,nan,-,-,-,-,Desconexión
1624,64.96,-16775375,2.853891861256498,nan,-,-,-,-,Desconexión
1625,65.0,-16775400,-4.188767325950247,nan,-,-,-,-,Desconexión
1626,65.04,-16775422,-5.4634159103864945,nan,-,-,-,-,Desconexión
1627,65.08,-16775387,-3.795370674251226,nan,-,-,-,-,Desconexión
1628,65.12,-16775472,2.43292132990063,nan,-,-,-,-,Desconexión
1629,65.16,-16775436,2.1352028117657085,nan,-,-,-,-,Desconexión
1630,65.2,-16775367,-2.3346474418184755,nan,-,-,-,-,Desconexión
1631,65.24,-16775475,-1.4064937555898354,nan,-,-,-,-,Desconexión
1632,65.28,-16775394,-3.69443746837716,nan,-,-,-,-,Desconexión
1633,65.32,-16775493,1.7164746846241385,nan,-,-,-,-,Desconexión
1634,65.36,-16775437,0.21114287901389073,nan,-,-,-,-,Desconexión
1635,65.4,-16775370,-4.937468983094369,nan,-,-,-,-,Desconexión
1636,65.44,-16775380,-8.058006120299687,nan,-,-,-,-,Desconexión
1637,65.48,-16775412,-7.630358223323833,nan,-,-,-,-,Desconexión
1638,65.52,-16775339,-7.148775193411936,nan,-,-,-,-,Desconexión
1639,65.56,-16775408,-0.7438397208650933,nan,-,-,-,-,Desconexión
1640,65.6,-16775388,1.1385686137447752,nan,-,-,-,-,Desconexión
1641,65.64,-16775398,1.1314318842786122,nan,-,-,-,-,Desconexión
1642,65.68,-16775348,-1.1295351193931857,nan,-,-,-,-,Desconexión
1643,65.72,-16775358,1.5066627590782833,nan,-,-,-,-,Desconexión
1644,65.76,-16775435,8.642599204340243,nan,-,-,-,-,Desconexión
1645,65.8,-16775487,12.988351264979428,nan,-,-,-,-,Desconexión
1646,65.84,-16775424,8.603247490883929,nan,-,-,-,-,Desconexión
1647,65.88,-16775360,1.0002519311537057,nan,-,-,-,-,Desconexión
1648,65.92,-16775317,-4.978009775668795,nan,-,-,-,-,Desconexión
1649,65.96,-16775283,-7.564748818698575,nan,-,-,-,-,Desconexión
1650,66.0,-16775324,-5.007311408527988,nan,nan,-,-,-,Desconexión
1651,66.04,-16775204,-6.599738517426815,nan,-,-,-,-,Desconexión
1652,66.08,-16775195,-6.106618448269636,nan,-,-,-,-,Desconexión
1653,66.12,-16775263,-5.550256513193727,nan,-,-,-,-,Desconexión
1654,66.16,-16775227,-7.089720867697313,nan,-,-,-,-,Desconexión
1655,66.2,-16775287,0.7773303021685507,nan,-,-,-,-,Desconexión
1656,66.24,-16775361,14.398260389248762,nan,-,-,-,-,Desconexión
1657,66.28,-16775384,23.62058061534647,nan,-,-,-,-,Desconexión
1658,66.32,-16775397,23.267700250474462,nan,-,-,-,-,Desconexión
1659,66.36,-16775425,16.159863917873054,nan,-,-,-,-,Desconexión
1660,66.4,-16775564,11.873529358775485,nan,-,-,-,-,Desconexión
1661,66.44,-16775568,5.0801405718754395,nan,-,-,-,-,Desconexión
1662,66.48,-16775602,-1.430007375418235,nan,-,-,-,-,Desconexión
1663,66.52,-16775591,-11.603640667738244,nan,-,-,-,-,Desconexión
1664,66.56,-16775452,-25.1532326814808,nan,-,-,-,-,Desconexión
1665,66.6,-16775453,-29.776686775939794,nan,-,-,-,-,Desconexión
1666,66.64,-16775309,-33.44687243925122,nan,-,-,-,-,Desconexión
1667,66.68,-16775369,-26.391326210670215,nan,-,-,-,-,Desconexión
1668,66.72,-16775367,-20.16999190006981,nan,-,-,-,-,Desconexión
1669,66.76,-16775377,-14.673580023259937,nan,-,-,-,-,Desconexión
1670,66.8,-16775404,-7.9568657462440004,nan,-,-,-,-,Desconexión
1671,66.84,-16775378,1.6224481217747906,nan,-,-,-,-,Desconexión
1672,66.88,-16775332,15.392741486860796,nan,-,-,-,-,Desconexión
1673,66.92,-16775366,31.337710797467153,nan,-,-,-,-,Desconexión
1674,66.96,-16775350,38.56300719519988,nan,-,-,-,-,Desconexión
1675,67.0,-16775296,33.92589412771579,nan,-,-,-,-,Desconexión
1676,67.04,-16775381,24.728119583713777,nan,-,-,-,-,Desconexión
1677,67.08,-16775427,11.081704768691893,nan,-,-,-,-,Desconexión
1678,67.12,-16775388,-1.7618295472956333,nan,-,-,-,-,Desconexión
1679,67.16,-16775343,-7.550566375314073,nan,-,-,-,-,Desconexión
1680,67.2,-16775393,-4.421884523539674,nan,-,-,-,-,Desconexión
1681,67.24,-16775360,-2.4879208849043426,nan,-,-,-,-,Desconexión
1682,67.28,-16775261,-4.772625004349862,nan,-,-,-,-,Desconexión
1683,67.32,-16775329,-4.406797539117172,nan,-,-,-,-,Desconexión
1684,67.36,-16775340,-7.2096235869221665,nan,-,-,-,-,Desconexión
1685,67.4,-16775265,-12.560235858116677,nan,-,-,-,-,Desconexión
1686,67.44,-16775337,-11.440984299712728,nan,-,-,-,-,Desconexión
1687,67.48,-16774684,-29.3452883496181,nan,-,-,-,-,Desconexión
1688,67.52,-16774957,-12.645721883342532,nan,-,-,-,-,Desconexión
1689,67.56,-16774801,-8.114982546976819,nan,-,-,-,-,Desconexión
1690,67.6,-16775331,16.213047095784532,nan,-,-,-,-,Desconexión
1691,67.64,-16775339,20.60331051240854,nan,-,-,-,-,Desconexión
1692,67.68,-16775380,22.739264514986473,nan,-,-,-,-,Desconexión
1693,67.72,-16774932,6.807810235598566,nan,-,-,-,-,Desconexión
1694,67.76,-16775946,39.656462853455764,nan,-,-,-,-,Desconexión
1695,67.8,-16775980,46.69953744027839,nan,-,-,-,-,Desconexión
1696,67.84,-16775482,36.29471505188987,nan,-,-,-,-,Desconexión
1697,67.88,-16775575,28.01148577610266,nan,-,-,-,-,Desconexión
1698,67.92,-16775537,-11.278944657104006,nan,-,-,-,-,Desconexión
1699,67.96,-16775453,-62.68238466845585,nan,-,-,-,-,Desconexión
1700,68.0,-16775411,-90.02185831528277,nan,-,-,-,-,Desconexión
1701,68.04,-16775514,-75.06822222800197,nan,-,-,-,-,Desconexión
1702,68.08,-16775415,-50.605963041154354,nan,-,-,-,-,Desconexión
1703,68.12,-16775349,-39.109464679934916,nan,-,-,-,-,Desconexión
1704,68.16,-16775520,-30.636189008854075,nan,-,-,-,-,Desconexión
1705,68.2,-16774890,-28.47261272864597,nan,-,-,-,-,Desconexión
1706,68.24,-16775473,36.34828629382818,nan,-,-,-,-,Desconexión
1707,68.28,-16775392,68.72736324453189,nan,-,-,-,-,Desconexión
1708,68.32,-16775556,72.92830216540372,nan,-,-,-,-,Desconexión
1709,68.36,-16775263,41.001376269925906,nan,-,-,-,-,Desconexión
1710,68.4,-16775296,23.291770810399264,nan,-,-,-,-,Desconexión
1711,68.44,-16775343,17.862586004866053,nan,-,-,-,-,Desconexión
1712,68.48,-16775247,15.366559331065915,nan,-,-,-,-,Desconexión
1713,68.52,-16775310,19.46570288990651,nan,-,-,-,-,Desconexión
1714,68.56,-16775453,20.72729567596872,nan,-,-,-,-,Desconexión
1715,68.6,-16775468,6.682726279133703,nan,-,-,-,-,Desconexión
1716,68.64,-16775482,-14.477812844523513,nan,-,-,-,-,Desconexión
1717,68.68,-16775472,-26.766583848168846,nan,-,-,-,-,Desconexión
1718,68.72,-16775591,-13.824145866792804,nan,-,-,-,-,Desconexión
1719,68.76,-16775431,-0.35114339664347227,nan,-,-,-,-,Desconexión
1720,68.8,-16775354,3.734411422127323,nan,-,-,-,-,Desconexión
1721,68.84,-16775415,-5.055085047712765,nan,-,-,-,-,Desconexión
1722,68.88,-16775512,-17.874541611973857,nan,-,-,-,-,Desconexión
1723,68.92,-16775428,-30.07052010791473,nan,-,-,-,-,Desconexión
1724,68.96,-16775380,-31.459573050922785,nan,-,-,-,-,Desconexión
1725,69.0,-16774947,-36.71706162937255,nan,nan,-,-,-,Desconexión
1726,69.04,-16775211,-14.566485567600793,nan,-,-,-,-,Desconexión
1727,69.08,-16775894,21.187854474340554,nan,-,-,-,-,Desconexión
1728,69.12,-16775400,16.385501880985892,nan,-,-,-,-,Desconexión
1729,69.16,-16775604,29.063627602416176,nan,-,-,-,-,Desconexión
1730,69.2,-16774649,-3.4235478441971736,nan,-,-,-,-,Desconexión
1731,69.24,-16775390,12.556078809582871,nan,-,-,-,-,Desconexión
1732,69.28,-16775427,10.720277593637377,nan,-,-,-,-,Desconexión
1733,69.32,-16775454,19.596549556924543,nan,-,-,-,-,Desconexión
1734,69.36,-16775432,25.452302253112066,nan,-,-,-,-,Desconexión
1735,69.4,-16775394,9.557041798070884,nan,-,-,-,-,Desconexión
1736,69.44,-16775409,-21.393459819143917,nan,-,-,-,-,Desconexión
1737,69.48,-16775415,-34.743953835797065,nan,-,-,-,-,Desconexión
1738,69.52,-16775461,-6.205981627004377,nan,-,-,-,-,Desconexión
1739,69.56,-16775341,30.074766197909334,nan,-,-,-,-,Desconexión
1740,69.6,-16775429,36.7387708579246,nan,-,-,-,-,Desconexión
1741,69.64,-16775397,-4.019332488246224,nan,-,-,-,-,Desconexión
1742,69.68,-16775484,-40.22988180706909,nan,-,-,-,-,Desconexión
1743,69.72,-16775409,-42.5170294157954,nan,-,-,-,-,Desconexión
1744,69.76,-16775422,-13.393765855086766,nan,-,-,-,-,Desconexión
1745,69.8,-16775409,8.65337086540108,nan,-,-,-,-,Desconexión
1746,69.84,-16775520,14.141893163959537,nan,-,-,-,-,Desconexión
1747,69.88,-16775453,4.800850212890138,nan,-,-,-,-,Desconexión
1748,69.92,-16775475,2.122630208273084,nan,-,-,-,-,Desconexión
1749,69.96,-16775477,3.0491099757330353,nan,-,-,-,-,Desconexión
1750,70.0,-16775484,2.7667179479479493,nan,-,-,-,-,Desconexión
1751,70.04,-16775477,-0.2410242393261086,nan,-,-,-,-,Desconexión
1752,70.08,-16775454,-2.1271347557888305,nan,-,-,-,-,Desconexión
1753,70.12,-16775413,-1.7152869942201363,nan,-,-,-,-,Desconexión
1754,70.16,-16775424,-0.23083570392428143,nan,-,-,-,-,Desconexión
1755,70.2,-16775503,0.5989981794549522,nan,-,-,-,-,Desconexión
1756,70.24,-16775425,-3.632006856050758,nan,-,-,-,-,Desconexión
1757,70.28,-16775392,-3.0219046160807466,nan,-,-,-,-,Desconexión
1758,70.32,-16775380,0.5007469480892688,nan,-,-,-,-,Desconexión
1759,70.36,-16775410,4.303293672401969,nan,-,-,-,-,Desconexión
1760,70.4,-16775428,6.160023470188001,nan,-,-,-,-,Desconexión
1761,70.44,-16775477,8.786108695288029,nan,-,-,-,-,Desconexión
1762,70.48,-16775473,9.120150266961573,nan,-,-,-,-,Desconexión
1763,70.52,-16775486,7.372275431947152,nan,-,-,-,-,Desconexión
1764,70.56,-16775490,3.363459342215016,nan,-,-,-,-,Desconexión
1765,70.6,-16775435,-0.8779753575842761,nan,-,-,-,-,Desconexión
1766,70.64,-16775465,1.161259575856175,nan,-,-,-,-,Desconexión
1767,70.68,-16775408,0.3466425257066348,nan,-,-,-,-,Desconexión
1768,70.72,-16775514,0.3458403387546056,nan,-,-,-,-,Desconexión
1769,70.76,-16775455,-8.431869572816645,nan,-,-,-,-,Desconexión
1770,70.8,-16775459,-13.088769408462433,nan,-,-,-,-,Desconexión
1771,70.84,-16775501,-10.838173177957858,nan,-,-,-,-,Desconexión
1772,70.88,-16775128,-17.32496082825861,nan,-,-,-,-,Desconexión
1773,70.92,-16776394,29.51225519867762,nan,-,-,-,-,Desconexión
1774,70.96,-16776381,32.08812732459643,nan,-,-,-,-,Desconexión
1775,71.0,-16775343,-3.3138058847744105,nan,-,-,-,-,Desconexión
1776,71.04,-16775370,-9.006010565394263,nan,-,-,-,-,Desconexión
1777,71.08,-16775397,-16.113390594664963,nan,-,-,-,-,Desconexión
1778,71.12,-16775339,-22.135781291432863,nan,-,-,-,-,Desconexión
1779,71.16,-16775445,-16.668886940251106,nan,-,-,-,-,Desconexión
1780,71.2,-16775418,-15.80186636002331,nan,-,-,-,-,Desconexión
1781,71.24,-16775463,-24.162670650340097,nan,-,-,-,-,Desconexión
1782,71.28,-16775434,-42.07763307869238,nan,-,-,-,-,Desconexión
1783,71.32,-16775361,-38.576498223792626,nan,-,-,-,-,Desconexión
1784,71.36,-16775404,15.339738456307316,nan,-,-,-,-,Desconexión
1785,71.4,-16775428,85.12371967961768,nan,-,-,-,-,Desconexión
1786,71.44,-16775447,106.96657477306613,nan,-,-,-,-,Desconexión
1787,71.48,-16775425,61.879262614253236,nan,-,-,-,-,Desconexión
1788,71.52,-16775460,1.9517044579125553,nan,-,-,-,-,Desconexión
1789,71.56,-16775398,-29.15954992964693,nan,-,-,-,-,Desconexión
1790,71.6,-16775453,-23.275280063477098,nan,-,-,-,-,Desconexión
1791,71.64,-16775450,-10.192674013220753,nan,-,-,-,-,Desconexión
1792,71.68,-16775431,-4.42312599555207,nan,-,-,-,-,Desconexión
1793,71.72,-16775467,-5.274968323021415,nan,-,-,-,-,Desconexión
1794,71.76,-16775395,-13.289650103680398,nan,-,-,-,-,Desconexión
1795,71.8,-16775490,-14.217338842384518,nan,-,-,-,-,Desconexión
1796,71.84,-16775430,-15.180738176107639,nan,-,-,-,-,Desconexión
1797,71.88,-16775483,-8.765409892806414,nan,-,-,-,-,Desconexión
1798,71.92,-6975,-527217.2544694208,nan,-,-,-,-,Desconexión
1799,71.96,-8077,-484062.54527087975,nan,-,-,-,-,Desconexión
1800,72.0,-4347,-390562.9082700382,nan,nan,-,-,-,Desconexión
1801,72.04,-16654098,281984.7914201934,nan,-,-,-,-,Desconexión
1802,72.08,-16769706,434132.73712590523,nan,-,-,-,-,Desconexión
1803,72.12,-16769104,544076.8174732784,nan,-,-,-,-,Desconexión
1804,72.16,-16679721,603319.3909826288,nan,-,-,-,-,Desconexión
1805,72.2,-16664491,701599.7359328188,nan,-,-,-,-,Desconexión
1806,72.24,-16669182,952539.3584150942,nan,-,-,-,-,Desconexión
1807,72.28,-764888,742115.6773200743,nan,-,-,-,-,Desconexión
1808,72.32,-765643,619714.8751153657,nan,-,-,-,-,Desconexión
1809,72.36,-769015,-345039.9642890189,nan,-,-,-,-,Desconexión
1810,72.4,-772655,-1789071.17053837,nan,-,-,-,-,Desconexión
1811,72.44,-776373,-2616047.217670909,nan,-,-,-,-,Desconexión
1812,72.48,-776819,-2101617.5932798185,nan,-,-,-,-,Desconexión
1813,72.52,-776725,-676945.5479839616,nan,-,-,-,-,Desconexión
1814,72.56,-779808,673372.6984229339,nan,-,-,-,-,Desconexión
1815,72.6,-781013,1483171.6692265254,nan,-,-,-,-,Desconexión
1816,72.64,-783388,1879494.0941420547,nan,-,-,-,-,Desconexión
1817,72.68,-785623,1893185.3145785592,nan,-,-,-,-,Desconexión
1818,72.72,-785941,1337775.5159500977,nan,-,-,-,-,Desconexión
1819,72.76,-785899,362753.3226121287,nan,-,-,-,-,Desconexión
1820,72.8,-786976,-459755.66363814287,nan,-,-,-,-,Desconexión
1821,72.84,-787071,-753006.4259971285,nan,-,-,-,-,Desconexión
1822,72.88,-785091,-664654.7177228961,nan,-,-,-,-,Desconexión
1823,72.92,-783748,-522568.45988398866,nan,-,-,-,-,Desconexión
1824,72.96,-779082,-463473.3114950282,nan,-,-,-,-,Desconexión
1825,73.0,-771346,-441150.94133582705,nan,-,-,-,-,Desconexión
1826,73.04,-770912,-393849.5544307196,nan,-,-,-,-,Desconexión
1827,73.08,-773081,-317333.0303568025,nan,-,-,-,-,Desconexión
1828,73.12,-775538,-235762.10304399766,nan,-,-,-,-,Desconexión
1829,73.16,-777784,-164134.72666267084,nan,-,-,-,-,Desconexión
1830,73.2,-777279,-102794.99168692133,nan,-,-,-,-,Desconexión
1831,73.24,-776619,-48237.22539400903,nan,-,-,-,-,Desconexión
1832,73.28,-778913,-6.3777455519884825,nan,-,-,-,-,Desconexión
1833,73.32,-781408,40036.58043577906,nan,-,-,-,-,Desconexión
1834,73.36,-782773,70646.91321779904,nan,-,-,-,-,Desconexión
1835,73.4,-783737,92016.53576921677,nan,-,-,-,-,Desconexión
1836,73.44,-785045,105191.08022699162,nan,-,-,-,-,Desconexión
1837,73.48,-785912,111528.35446263029,nan,-,-,-,-,Desconexión
1838,73.52,-786567,112460.16634364246,nan,-,-,-,-,Desconexión
1839,73.56,-786012,109087.11966905897,nan,-,-,-,-,Desconexión
1840,73.6,-786420,102218.82214379123,nan,-,-,-,-,Desconexión
1841,73.64,-784024,92356.54087248858,nan,-,-,-,-,Desconexión
1842,73.68,-776005,80242.55543762574,nan,-,-,-,-,Desconexión
1843,73.72,-770754,67189.3861317244,nan,-,-,-,-,Desconexión
1844,73.76,-770042,54193.88260468161,nan,-,-,-,-,Desconexión
1845,73.8,-771829,41779.94245478287,nan,-,-,-,-,Desconexión
1846,73.84,-774957,30218.137396774982,nan,-,-,-,-,Desconexión
1847,73.88,-777565,19680.91972682468,nan,-,-,-,-,Desconexión
1848,73.92,-778601,10368.619224783659,nan,-,-,-,-,Desconexión
1849,73.96,-778188,2476.7923260059324,nan,-,-,-,-,Desconexión
1850,74.0,-779222,-3814.5413098604768,nan,-,-,-,-,Desconexión
1851,74.04,-781350,-8618.128150303572,nan,-,-,-,-,Desconexión
1852,74.08,-782206,-12349.517163681143,nan,-,-,-,-,Desconexión
1853,74.12,-784112,-15328.923899770547,nan,-,-,-,-,Desconexión
1854,74.16,-784210,-17727.789524086525,nan,-,-,-,-,Desconexión
1855,74.2,-784889,-19130.408400913457,nan,-,-,-,-,Desconexión
1856,74.24,-785464,-19189.531686596976,nan,-,-,-,-,Desconexión
1857,74.28,-786351,-17957.781853949808,nan,-,-,-,-,Desconexión
1858,74.32,-786058,-16023.544340018776,nan,-,-,-,-,Desconexión
1859,74.36,-784933,-13994.06453236184,nan,-,-,-,-,Desconexión
1860,74.4,-780100,-12214.923661528697,nan,-,-,-,-,Desconexión
1861,74.44,-769331,-10577.693671162036,nan,-,-,-,-,Desconexión
1862,74.48,-770608,-8265.064726640041,nan,-,-,-,-,Desconexión
1863,74.52,-772256,-5712.134365139296,nan,-,-,-,-,Desconexión
1864,74.56,-774887,-3207.55401309401,nan,-,-,-,-,Desconexión
1865,74.6,-777777,-1023.081185081317,nan,-,-,-,-,Desconexión
1866,74.64,-777169,670.5074154647045,nan,-,-,-,-,Desconexión
1867,74.68,-777188,2068.5736063122167,nan,-,-,-,-,Desconexión
1868,74.72,-777747,3238.5829431695875,nan,-,-,-,-,Desconexión
1869,74.76,-780695,4249.760254998513,nan,-,-,-,-,Desconexión
1870,74.8,-781924,4823.430632369006,nan,-,-,-,-,Desconexión
1871,74.84,-783077,4734.783940868212,nan,-,-,-,-,Desconexión
1872,74.88,-783660,2587.34736447278,nan,-,-,-,-,Desconexión
1873,74.92,-786470,1440.2668192726187,nan,-,-,-,-,Desconexión
1874,74.96,-786305,471.6680736484914,nan,-,-,-,-,Desconexión
1875,75.0,-786723,1372.23995132033,nan,nan,-,-,-,-
1876,75.04,-785828,1300.586324089175,nan,-,-,-,-,-
1877,75.08,-782919,1099.6013048406412,nan,-,-,-,-,-
1878,75.12,-774355,523.9652075450531,nan,-,-,-,-,-
1879,75.16,-771781,168.3636266277017,nan,-,-,-,-,-
1880,75.2,-771108,157.3401627958583,nan,-,-,-,-,-
1881,75.24,-775450,-615.9331066828519,nan,-,-,-,-,-
1882,75.28,-778182,-111.44302262715837,nan,-,-,-,-,-
1883,75.32,-779122,305.7315564527926,nan,-,-,-,-,-
1884,75.36,-778671,665.5871946551347,nan,-,-,-,-,-
1885,75.4,-778915,1086.8951671987456,nan,-,-,-,-,-
1886,75.44,-780022,1545.684262283255,nan,-,-,-,-,-
