muestra,tiempo,ppg,ppg filtrado,spi,spi_promedio,estado,tipo evento,evento,alarma
1,0.04,-1237929,-1465.63338947814,nan,-,-,-,-,-
2,0.08,-1222890,-1672.5082395564477,nan,-,-,-,-,-
3,0.12,-1216512,-1864.7074150115695,nan,-,-,-,-,-
4,0.16,-1214071,-1818.1528898297347,nan,-,-,-,-,-
5,0.2,-1219007,-1190.3306567188533,nan,-,-,-,-,-
6,0.24,-1223559,-345.5629328575078,nan,-,-,-,-,-
7,0.28,-1226364,427.4744488611623,nan,-,-,-,-,-
8,0.32,-1226415,996.9994889651334,nan,-,-,-,-,-
9,0.36,-1225368,1511.8274713231722,nan,-,-,-,-,-
10,0.4,-1229736,2292.733442712285,nan,-,-,-,-,-
11,0.44,-1231671,2950.3414614995772,nan,-,-,-,-,-
12,0.48,-1234520,3109.9475786533258,nan,-,-,-,-,-
13,0.52,-1235468,2211.8613596911555,nan,-,-,-,-,-
14,0.56,-1237298,493.1133539489156,nan,-,-,-,-,-
15,0.6,-1238777,-1221.7020309642946,nan,-,-,-,-,-
16,0.64,-1238316,-2112.3861933306707,nan,-,-,-,-,-
17,0.68,-1239644,-1933.6582845489925,nan,-,-,-,-,-
18,0.72,-1238223,-1422.9547285818517,nan,-,-,-,-,-
19,0.76,-1233563,-1230.4602216339645,nan,-,-,-,-,-
20,0.8,-1217921,-1720.7544406470624,nan,-,-,-,-,-
21,0.84,-1213949,-1829.604437273436,nan,-,-,-,-,-
22,0.88,-1216287,-1422.3494104576785,nan,-,-,-,-,-
23,0.92,-1221731,-629.752975521146,nan,-,-,-,-,-
24,0.96,-1226557,197.97609665773052,nan,-,-,-,-,-
25,1.0,-1225808,742.4494370782741,nan,-,-,-,-,-
26,1.04,-1227461,1269.2733282048666,nan,-,-,-,-,-
27,1.08,-1230533,1860.0178854534824,nan,-,-,-,-,-
28,1.12,-1234615,2551.407560149354,nan,-,-,-,-,-
29,1.16,-1236950,3013.5801560445752,nan,-,-,-,-,-
30,1.2,-1237766,2714.112576821167,nan,-,-,-,-,-
31,1.24,-1237761,1345.6395240270908,nan,-,-,-,-,-
32,1.28,-1239714,-535.4799856573361,nan,-,-,-,-,-
33,1.32,-1238682,-2045.9126394717416,nan,-,-,-,-,-
34,1.36,-1238284,-2424.3874081035888,nan,-,-,-,-,-
35,1.4,-1233218,-2140.5964740071468,nan,-,-,-,-,-
36,1.44,-1217171,-2129.6892399675526,nan,-,-,-,-,-
37,1.48,-1215027,-1926.2110546012536,nan,-,-,-,-,-
38,1.52,-1215810,-1643.832875468831,nan,-,-,-,-,-
39,1.56,-1221837,-900.3090296027176,nan,-,-,-,-,-
40,1.6,-1224964,-7.827130058220064,nan,-,-,-,-,-
41,1.64,-1226187,770.4344383534262,nan,-,-,-,-,-
42,1.68,-1225589,1290.176487948238,nan,-,-,-,-,-
43,1.72,-1228606,1855.0262631830137,nan,-,-,-,-,-
44,1.76,-1230786,2457.6477785022053,nan,-,-,-,-,-
45,1.8,-1233315,2921.45667454682,nan,-,-,-,-,-
46,1.84,-1235108,2666.9630949184093,nan,-,-,-,-,-
47,1.88,-1237100,1407.9881590398372,nan,-,-,-,-,-
48,1.92,-1238595,-405.7119691606317,nan,-,-,-,-,-
49,1.96,-1239252,-1786.8824587649417,nan,-,-,-,-,-
50,2.0,-1240338,-2099.840624758463,nan,-,-,-,-,-
51,2.04,-1238482,-1742.6035853599765,nan,-,-,-,-,-
52,2.08,-1235687,-1354.0286178103988,nan,-,-,-,-,-
53,2.12,-1220305,-1673.0855564604863,nan,-,-,-,-,-
54,2.16,-1214937,-1805.5049831987853,nan,-,-,-,-,-
55,2.2,-1215312,-1566.119612443592,nan,-,-,-,-,-
56,2.24,-1221692,-855.1927999139989,nan,-,-,-,-,-
57,2.28,-1225123,-102.41172031683982,nan,-,-,-,-,-
58,2.32,-1224459,494.5148330897,nan,-,-,-,-,-
59,2.36,-1226368,1111.540865537504,nan,-,-,-,-,-
60,2.4,-1229040,1764.3981483039552,nan,-,-,-,-,-
61,2.44,-1233631,2531.108554985065,nan,-,-,-,-,-
62,2.48,-1235265,3048.2544484037317,nan,-,-,-,-,-
63,2.52,-1237484,2932.1754048797657,nan,-,-,-,-,-
64,2.56,-1238633,1761.8097418098282,nan,-,-,-,-,-
65,2.6,-1239409,-93.86447113273994,nan,-,-,-,-,-
66,2.64,-1238984,-1684.523475244598,nan,-,-,-,-,-
67,2.68,-1235958,-2335.4204403201543,nan,-,-,-,-,-
68,2.72,-1223162,-2452.7234888783405,nan,-,-,-,-,-
69,2.76,-1215989,-2224.5397109273745,nan,-,-,-,-,-
70,2.8,-1214926,-1994.6658245234157,nan,-,-,-,-,-
71,2.84,-1218719,-1614.5351742253906,nan,-,-,-,-,-
72,2.88,-1223807,-922.1274854326866,nan,-,-,-,-,-
73,2.92,-1227023,-52.00490152158636,nan,-,-,-,-,-
74,2.96,-1226547,715.46730733393,nan,-,-,-,-,-
75,3.0,-1225879,1395.9546851151422,57,57.0,-,-,-,-
76,3.04,-1232856,2288.60830898928,57,-,-,-,-,-
77,3.08,-1235007,2902.5623557222943,57,-,-,-,-,-
78,3.12,-1236290,2956.3112363259825,57,-,-,-,-,-
79,3.16,-1238358,2090.0106228710665,57,-,-,-,-,-
80,3.2,-1238544,374.65422404015635,57,-,-,-,-,-
81,3.24,-1239070,-1297.5487954567666,57,-,-,-,-,-
82,3.28,-1239080,-2134.666303390022,57,-,-,-,-,-
83,3.32,-1238183,-2037.7118127760832,57,-,-,-,-,-
84,3.36,-1228404,-1827.746614095373,57,-,-,-,-,-
85,3.4,-1217381,-1839.7432932458687,57,-,-,-,-,-
86,3.44,-1214640,-1811.9508351499007,57,-,-,-,-,-
87,3.48,-1217867,-1449.1195552919926,57,-,-,-,-,-
88,3.52,-1221647,-702.0748765671708,57,-,-,-,-,-
89,3.56,-1226979,275.0682364466875,57,-,-,-,-,-
90,3.6,-1225759,923.0680853264284,57,-,-,-,-,-
91,3.64,-1226043,1440.5462534083117,57,-,-,-,-,-
92,3.68,-1229997,2050.365238467415,57,-,-,-,-,-
93,3.72,-1233323,2667.714135261961,57,-,-,-,-,-
94,3.76,-1235500,2964.9133644162457,57,-,-,-,-,-
95,3.8,-1237842,2465.974580004444,57,-,-,-,-,-
96,3.84,-1238183,967.4575097363354,57,-,-,-,-,-
97,3.88,-1238657,-832.7414100072853,57,-,-,-,-,-
98,3.92,-1238876,-2010.519642045798,57,-,-,-,-,-
99,3.96,-1238946,-2167.1832465322564,57,-,-,-,-,-
100,4.0,-1228420,-2040.0673414762077,57,-,-,-,-,-
101,4.04,-1216601,-1982.3727537530594,57,-,-,-,-,-
102,4.08,-1214899,-1863.9953427438159,57,-,-,-,-,-
103,4.12,-1216989,-1620.6838697788917,57,-,-,-,-,-
104,4.16,-1221458,-988.9949166344782,57,-,-,-,-,-
105,4.2,-1225916,-80.52037838975775,57,-,-,-,-,-
106,4.24,-1227497,741.9775151086806,57,-,-,-,-,-
107,4.28,-1225950,1313.3473555593873,57,-,-,-,-,-
108,4.32,-1228258,1941.019806031375,57,-,-,-,-,-
109,4.36,-1231544,2607.502431560375,57,-,-,-,-,-
110,4.4,-1233502,2963.638913296307,57,-,-,-,-,-
111,4.44,-1234468,2484.0804558197906,57,-,-,-,-,-
112,4.48,-1237009,1079.6764345899132,57,-,-,-,-,-
113,4.52,-1237982,-722.5409991936351,57,-,-,-,-,-
114,4.56,-1239375,-1897.9383236791073,57,-,-,-,-,-
115,4.6,-1239308,-2077.4811881222295,57,-,-,-,-,-
116,4.64,-1239099,-1585.817372818531,57,-,-,-,-,-
117,4.68,-1235585,-1191.5487489178377,57,-,-,-,-,-
118,4.72,-1220731,-1492.2347546135188,57,-,-,-,-,-
119,4.76,-1214716,-1670.5892015346762,57,-,-,-,-,-
120,4.8,-1214654,-1476.82504357797,57,-,-,-,-,-
121,4.84,-1219870,-825.2950848718913,57,-,-,-,-,-
122,4.88,-1225117,-42.48584428282538,57,-,-,-,-,-
123,4.92,-1227021,592.5617161546097,57,-,-,-,-,-
124,4.96,-1226310,1081.585930990711,57,-,-,-,-,-
125,5.0,-1228458,1686.2203225380272,57,-,-,-,-,-
126,5.04,-1231848,2402.0962928099416,57,-,-,-,-,-
127,5.08,-1233285,2935.732144323275,57,-,-,-,-,-
128,5.12,-1236268,2910.997173275159,57,-,-,-,-,-
129,5.16,-1237609,1817.085932061816,57,-,-,-,-,-
130,5.2,-1239136,-14.33308528825637,57,-,-,-,-,-
131,5.24,-1240013,-1662.1870010988619,57,-,-,-,-,-
132,5.28,-1239081,-2357.00496517052,57,-,-,-,-,-
133,5.32,-1233043,-2240.147621280382,57,-,-,-,-,-
134,5.36,-1218857,-2076.572139328615,57,-,-,-,-,-
135,5.4,-1214461,-1825.236141872294,57,-,-,-,-,-
136,5.44,-1216660,-1571.8362859714553,57,-,-,-,-,-
137,5.48,-1220536,-1161.5309496107682,57,-,-,-,-,-
138,5.52,-1226435,-435.6591262342763,57,-,-,-,-,-
139,5.56,-1227110,258.40235808209127,57,-,-,-,-,-
140,5.6,-1226489,912.0118868104701,57,-,-,-,-,-
141,5.64,-1228052,1647.979838704794,57,-,-,-,-,-
142,5.68,-1231489,2472.157785378199,57,-,-,-,-,-
143,5.72,-1232794,3000.116148803945,57,-,-,-,-,-
144,5.76,-1235412,2815.089801342935,57,-,-,-,-,-
145,5.8,-1235702,1512.67565008047,57,-,-,-,-,-
146,5.84,-1238602,-275.5567012905972,57,-,-,-,-,-
147,5.88,-1238840,-1726.2666262556477,57,-,-,-,-,-
148,5.92,-1238727,-2127.9340108790093,57,-,-,-,-,-
149,5.96,-1239517,-1663.2012157283957,57,-,-,-,-,-
150,6.0,-1237012,-1176.0367759532137,56,56.5,-,-,-,-
151,6.04,-1216126,-1606.4614485526545,56,-,-,-,-,-
152,6.08,-1214185,-1645.1960424265526,56,-,-,-,-,-
153,6.12,-1216881,-1392.6696436160146,56,-,-,-,-,-
154,6.16,-1222142,-765.8893182737556,56,-,-,-,-,-
155,6.2,-1226053,-30.394846621458782,56,-,-,-,-,-
156,6.24,-1226538,554.5076880678635,56,-,-,-,-,-
157,6.28,-1225306,1003.0795639406374,56,-,-,-,-,-
158,6.32,-1227873,1603.3945440462494,56,-,-,-,-,-
159,6.36,-1232485,2389.411376428171,56,-,-,-,-,-
160,6.4,-1235209,3020.152006112051,56,-,-,-,-,-
161,6.44,-1237976,2948.8499317069272,56,-,-,-,-,-
162,6.48,-1238390,1639.8665680368176,56,-,-,-,-,-
163,6.52,-1239084,-365.00940405489837,56,-,-,-,-,-
164,6.56,-1240277,-1879.3882437258376,56,-,-,-,-,-
165,6.6,-1238503,-2277.3517720428345,56,-,-,-,-,-
166,6.64,-1229762,-2042.4799562056414,56,-,-,-,-,-
167,6.68,-1217826,-1899.0431797282,56,-,-,-,-,-
168,6.72,-1214162,-1877.8151475023205,56,-,-,-,-,-
169,6.76,-1216630,-1772.5266206074339,56,-,-,-,-,-
170,6.8,-1221300,-1268.2254388043425,56,-,-,-,-,-
171,6.84,-1225135,-388.2065430805078,56,-,-,-,-,-
172,6.88,-1226904,539.7521940603829,56,-,-,-,-,-
173,6.92,-1225556,1235.1323111029124,56,-,-,-,-,-
174,6.96,-1228899,1975.876519819999,56,-,-,-,-,-
175,7.0,-1231294,2660.0058495818676,56,-,-,-,-,-
176,7.04,-1233892,3075.50470876288,56,-,-,-,-,-
177,7.08,-1235867,2673.0230781619384,56,-,-,-,-,-
178,7.12,-1237194,1259.7846835710088,56,-,-,-,-,-
179,7.16,-1238779,-553.1761241530876,56,-,-,-,-,-
180,7.2,-1239302,-1848.5341353284587,56,-,-,-,-,-
181,7.24,-1240246,-2095.1325157509345,56,-,-,-,-,-
182,7.28,-1238781,-1709.5815426396794,56,-,-,-,-,-
183,7.32,-1236546,-1306.106063955308,56,-,-,-,-,-
184,7.36,-1223512,-1551.1967047016242,56,-,-,-,-,-
185,7.4,-1215611,-1769.1375787101351,56,-,-,-,-,-
186,7.44,-1216258,-1521.7535314603829,56,-,-,-,-,-
187,7.48,-1219448,-899.4381416659467,56,-,-,-,-,-
188,7.52,-1223974,-94.2577857958413,56,-,-,-,-,-
189,7.56,-1227539,633.2928359073367,56,-,-,-,-,-
190,7.6,-1226253,1108.2195422882505,56,-,-,-,-,-
191,7.64,-1226294,1611.4673847502936,56,-,-,-,-,-
192,7.68,-1228924,2256.5736989606994,56,-,-,-,-,-
193,7.72,-1232691,2853.6204252584575,56,-,-,-,-,-
194,7.76,-1235129,2886.5812660871597,56,-,-,-,-,-
195,7.8,-1236145,1948.3848386328582,56,-,-,-,-,-
196,7.84,-1238193,294.62956692893795,56,-,-,-,-,-
197,7.88,-1239639,-1301.3456262669258,56,-,-,-,-,-
198,7.92,-1239373,-2081.303430564633,56,-,-,-,-,-
199,7.96,-1238285,-1939.555218654582,56,-,-,-,-,-
200,8.0,-1233176,-1553.8864767214272,56,-,-,-,-,-
201,8.04,-1215819,-1774.285377305936,56,-,-,-,-,-
202,8.08,-1214262,-1792.4939309218116,56,-,-,-,-,-
203,8.12,-1217499,-1623.2172912296883,56,-,-,-,-,-
204,8.16,-1222291,-1065.8936059841988,56,-,-,-,-,-
205,8.2,-1227401,-209.84259879741876,56,-,-,-,-,-
206,8.24,-1226163,471.0963678471626,56,-,-,-,-,-
207,8.28,-1225929,1085.9368286928866,56,-,-,-,-,-
208,8.32,-1229867,1826.3237716748108,56,-,-,-,-,-
209,8.36,-1230319,2499.946417199725,56,-,-,-,-,-
210,8.4,-1234583,3054.7159199116204,56,-,-,-,-,-
211,8.44,-1235209,2686.0268967174425,56,-,-,-,-,-
212,8.48,-1238656,1337.9895400913383,56,-,-,-,-,-
213,8.52,-1237854,-628.8491085150163,56,-,-,-,-,-
214,8.56,-1239304,-1919.422644315171,56,-,-,-,-,-
215,8.6,-1239608,-2086.420564727244,56,-,-,-,-,-
216,8.64,-1239801,-1521.510583127506,56,-,-,-,-,-
217,8.68,-1235350,-1164.2167858446064,56,-,-,-,-,-
218,8.72,-1218174,-1609.8901400611066,56,-,-,-,-,-
219,8.76,-1214947,-1745.2888293121214,56,-,-,-,-,-
220,8.8,-1215187,-1533.3489585365242,56,-,-,-,-,-
221,8.84,-1220552,-830.3090945878795,56,-,-,-,-,-
222,8.88,-1225511,19.567665521621166,56,-,-,-,-,-
223,8.92,-1226165,682.9833986142812,56,-,-,-,-,-
224,8.96,-1226017,1193.0694853652376,56,-,-,-,-,-
225,9.0,-1227400,1724.2575675617845,56,56.333333333333336,-,-,-,-
226,9.04,-1232151,2461.342960020529,56,-,-,-,-,-
227,9.08,-1234528,3034.0328356707887,56,-,-,-,-,-
228,9.12,-1236171,2917.4088764565176,56,-,-,-,-,-
229,9.16,-1238198,1717.0803637490712,56,-,-,-,-,-
230,9.2,-1239226,-215.17282208813276,56,-,-,-,-,-
231,9.24,-1239989,-1798.0187394608806,56,-,-,-,-,-
232,9.28,-1239890,-2310.0560563255904,56,-,-,-,-,-
233,9.32,-1236712,-2022.1728494445897,56,-,-,-,-,-
234,9.36,-1221257,-1969.663444570153,56,-,-,-,-,-
235,9.4,-1214112,-1953.7981139630683,56,-,-,-,-,-
236,9.44,-1217963,-1745.9513074772112,56,-,-,-,-,-
237,9.48,-1224873,-1222.046003806505,56,-,-,-,-,-
238,9.52,-1227264,-515.0015604852078,56,-,-,-,-,-
239,9.56,-1226276,195.91342250025173,56,-,-,-,-,-
240,9.6,-1225983,835.6651818876508,56,-,-,-,-,-
241,9.64,-1229107,1527.342131778746,56,-,-,-,-,-
242,9.68,-1232703,2300.285449329209,56,-,-,-,-,-
243,9.72,-1234758,2932.7273690562497,56,-,-,-,-,-
244,9.76,-1236017,2891.2732404207964,56,-,-,-,-,-
245,9.8,-1238239,1777.995221486904,56,-,-,-,-,-
246,9.84,-1238811,-109.57947888106128,56,-,-,-,-,-
247,9.88,-1238846,-1615.920779760067,56,-,-,-,-,-
248,9.92,-1239807,-1927.9020937707046,56,-,-,-,-,-
249,9.96,-1238562,-1481.7580343274926,56,-,-,-,-,-
250,10.0,-1227871,-1381.5169009766687,56,-,-,-,-,-
251,10.04,-1217018,-1701.6066128889124,56,-,-,-,-,-
252,10.08,-1213989,-1849.721901573399,56,-,-,-,-,-
253,10.12,-1217320,-1449.9842305680736,56,-,-,-,-,-
254,10.16,-1221488,-666.2984693471058,56,-,-,-,-,-
255,10.2,-1225901,203.77414175182912,56,-,-,-,-,-
256,10.24,-1225831,804.4620522291352,56,-,-,-,-,-
257,10.28,-1226567,1330.45037858844,56,-,-,-,-,-
258,10.32,-1229624,1970.2164647399313,56,-,-,-,-,-
259,10.36,-1232950,2660.2164149611044,56,-,-,-,-,-
260,10.4,-1234680,2985.798471696694,56,-,-,-,-,-
261,10.44,-1235848,2437.7887897552387,56,-,-,-,-,-
262,10.48,-1237856,945.1352882091287,56,-,-,-,-,-
263,10.52,-1239023,-873.9963990985125,56,-,-,-,-,-
264,10.56,-1239041,-2071.864832274563,56,-,-,-,-,-
265,10.6,-1240673,-2178.066499493908,56,-,-,-,-,-
266,10.64,-1234628,-1906.688261023386,56,-,-,-,-,-
267,10.68,-1219215,-1948.175856535836,56,-,-,-,-,-
268,10.72,-1214175,-1895.9502068614565,56,-,-,-,-,-
269,10.76,-1216588,-1615.5667782103783,56,-,-,-,-,-
270,10.8,-1222950,-965.6027052786646,56,-,-,-,-,-
271,10.84,-1226552,-200.22101434537217,56,-,-,-,-,-
272,10.88,-1226003,421.47137070480585,56,-,-,-,-,-
273,10.92,-1226846,985.6454645801823,56,-,-,-,-,-
274,10.96,-1230646,1657.572184405105,56,-,-,-,-,-
275,11.0,-1231916,2366.806413938073,56,-,-,-,-,-
276,11.04,-1235482,3039.461115933238,56,-,-,-,-,-
277,11.08,-1236884,2924.685313790482,56,-,-,-,-,-
278,11.12,-1238330,1676.4885608566842,56,-,-,-,-,-
279,11.16,-1238481,-291.07695414329385,56,-,-,-,-,-
280,11.2,-1239984,-1776.4486696201836,56,-,-,-,-,-
281,11.24,-1239491,-2176.5250753257124,56,-,-,-,-,-
282,11.28,-1237831,-1778.2978859222035,56,-,-,-,-,-
283,11.32,-1228526,-1578.2689473611226,56,-,-,-,-,-
284,11.36,-1217594,-1749.6391463318414,56,-,-,-,-,-
285,11.4,-1214306,-1763.4652841378593,56,-,-,-,-,-
286,11.44,-1217368,-1326.9371916817663,56,-,-,-,-,-
287,11.48,-1222476,-541.168136593993,56,-,-,-,-,-
288,11.52,-1227243,314.3854931998021,56,-,-,-,-,-
289,11.56,-1226900,902.6344033884207,56,-,-,-,-,-
290,11.6,-1226185,1376.0318770898648,56,-,-,-,-,-
291,11.64,-1229194,1992.6956235428488,56,-,-,-,-,-
292,11.68,-1232139,2629.2265715363583,56,-,-,-,-,-
293,11.72,-1235364,2956.894170699249,56,-,-,-,-,-
294,11.76,-1237283,2418.4622355347983,56,-,-,-,-,-
295,11.8,-1238384,921.3476095803485,56,-,-,-,-,-
296,11.84,-1239722,-871.5582561809035,56,-,-,-,-,-
297,11.88,-1239792,-2067.268024073859,56,-,-,-,-,-
298,11.92,-1238797,-2229.045948693377,56,-,-,-,-,-
299,11.96,-1227843,-2030.4641038422214,56,-,-,-,-,-
300,12.0,-1217102,-1848.241585404463,56,56.25,-,-,-,-
301,12.04,-1221423,-1527.340563081637,56,-,-,-,-,-
302,12.08,-1226190,-1307.1522328910262,56,-,-,-,-,-
303,12.12,-1227237,-960.599824195438,56,-,-,-,-,-
304,12.16,-1225571,-394.48796573554137,56,-,-,-,-,-
305,12.2,-1228783,424.80385897066253,56,-,-,-,-,-
306,12.24,-1231741,1179.1162636936779,56,-,-,-,-,-
307,12.28,-1233917,1883.6869374972648,56,-,-,-,-,-
308,12.32,-1236007,2520.3259795085223,56,-,-,-,-,-
309,12.36,-1238276,2716.852941733453,56,-,-,-,-,-
310,12.4,-1238900,1959.4331090708893,56,-,-,-,-,-
311,12.44,-1239711,454.9688997350918,56,-,-,-,-,-
312,12.48,-1240676,-928.1384777583562,56,-,-,-,-,-
313,12.52,-1238815,-1553.1262220312715,56,-,-,-,-,-
314,12.56,-1235308,-1527.2656494812327,56,-,-,-,-,-
315,12.6,-1221216,-1752.3429889542422,56,-,-,-,-,-
316,12.64,-1214264,-1897.3323671482158,56,-,-,-,-,-
317,12.68,-1216069,-1673.421489127174,56,-,-,-,-,-
318,12.72,-1219776,-1097.0888023765938,56,-,-,-,-,-
319,12.76,-1224892,-270.95774063467707,56,-,-,-,-,-
320,12.8,-1227114,463.1022074462726,56,-,-,-,-,-
321,12.84,-1226512,1015.6891798463012,56,-,-,-,-,-
322,12.88,-1227313,1590.0427188607564,56,-,-,-,-,-
323,12.92,-1231023,2305.780602503116,56,-,-,-,-,-
324,12.96,-1233250,2841.1358237611294,56,-,-,-,-,-
325,13.0,-1235538,2759.957405007348,56,-,-,-,-,-
326,13.04,-1237036,1660.535990429078,56,-,-,-,-,-
327,13.08,-1238338,-132.36246267431602,56,-,-,-,-,-
328,13.12,-1238688,-1712.8699401503072,56,-,-,-,-,-
329,13.16,-1238778,-2307.246925155604,56,-,-,-,-,-
330,13.2,-1239318,-1961.995578771522,56,-,-,-,-,-
331,13.24,-1235856,-1482.253187389856,56,-,-,-,-,-
332,13.28,-1220677,-1646.8061042889512,56,-,-,-,-,-
333,13.32,-1213851,-1797.8286412241323,56,-,-,-,-,-
334,13.36,-1216289,-1556.4108419850209,56,-,-,-,-,-
335,13.4,-1223671,-842.7068209151357,56,-,-,-,-,-
336,13.44,-1226659,-57.90868573034459,56,-,-,-,-,-
337,13.48,-1225485,569.522681393265,56,-,-,-,-,-
338,13.52,-1226751,1135.542526737103,56,-,-,-,-,-
339,13.56,-1229473,1689.9508659172543,56,-,-,-,-,-
340,13.6,-1233131,2345.059318184155,56,-,-,-,-,-
341,13.64,-1235222,2889.2035489036343,56,-,-,-,-,-
342,13.68,-1236441,2815.947866790384,56,-,-,-,-,-
343,13.72,-1238454,1707.432110295546,56,-,-,-,-,-
344,13.76,-1238755,-191.2181938062481,56,-,-,-,-,-
345,13.8,-1239671,-1726.0361926013168,56,-,-,-,-,-
346,13.84,-1239952,-2147.1563243312335,56,-,-,-,-,-
347,13.88,-1238288,-1761.156772273072,56,-,-,-,-,-
348,13.92,-1228112,-1605.6960126603426,56,-,-,-,-,-
349,13.96,-1217686,-1808.1042787481365,56,-,-,-,-,-
350,14.0,-1214379,-1854.5639841143766,56,-,-,-,-,-
351,14.04,-1216646,-1420.050729936398,56,-,-,-,-,-
352,14.08,-1221409,-596.7704422178831,56,-,-,-,-,-
353,14.12,-1226676,293.1539653748823,56,-,-,-,-,-
354,14.16,-1226428,874.6995192385693,56,-,-,-,-,-
355,14.2,-1225846,1354.1134901364994,56,-,-,-,-,-
356,14.24,-1228309,1981.9011351399367,56,-,-,-,-,-
357,14.28,-1231036,2652.3698126858226,56,-,-,-,-,-
358,14.32,-1233866,3000.503687217847,56,-,-,-,-,-
359,14.36,-1236390,2499.0407298468344,56,-,-,-,-,-
360,14.4,-1236885,988.7037294178585,56,-,-,-,-,-
361,14.44,-1238744,-791.4825541077471,56,-,-,-,-,-
362,14.48,-1239829,-1984.1295176778794,56,-,-,-,-,-
363,14.52,-1239804,-2168.8170441716375,56,-,-,-,-,-
364,14.56,-1238689,-1698.726715902491,56,-,-,-,-,-
365,14.6,-1235208,-1305.141499329543,56,-,-,-,-,-
366,14.64,-1221104,-1610.5655625312193,56,-,-,-,-,-
367,14.68,-1213687,-1863.5697157546692,56,-,-,-,-,-
368,14.72,-1216421,-1569.3743823881896,56,-,-,-,-,-
369,14.76,-1221779,-844.3430945891718,56,-,-,-,-,-
370,14.8,-1225317,-15.727574814087347,56,-,-,-,-,-
371,14.84,-1226790,677.6326163828599,56,-,-,-,-,-
372,14.88,-1226169,1182.2342026078713,56,-,-,-,-,-
373,14.92,-1230535,1837.1281514474458,56,-,-,-,-,-
374,14.96,-1233499,2509.3121561390917,56,-,-,-,-,-
375,15.0,-1234754,2985.263343267615,52,55.0,-,-,-,Maximo
376,15.04,-1236831,2846.1306043133436,52,-,-,-,-,Maximo
377,15.08,-1238094,1668.1920722307214,52,-,-,-,-,Maximo
378,15.12,-1239575,-174.1051169995526,52,-,-,-,-,Maximo
379,15.16,-1239463,-1754.2862257974468,52,-,-,-,-,Maximo
380,15.2,-1240368,-2254.620830080014,52,-,-,-,-,Maximo
381,15.24,-1237923,-1995.1389982615801,52,-,-,-,-,Maximo
382,15.28,-1228435,-1804.3348828864619,52,-,-,-,-,Maximo
383,15.32,-1217491,-1901.173972507897,52,-,-,-,-,Maximo
384,15.36,-1214861,-1805.1187399433038,52,-,-,-,-,Maximo
385,15.4,-1218861,-1276.8875951123591,52,-,-,-,-,Maximo
386,15.44,-1226491,-403.5599245065723,52,-,-,-,-,Maximo
387,15.48,-1225902,234.15118835387784,52,-,-,-,-,Maximo
388,15.52,-1226030,796.1334555800622,52,-,-,-,-,Maximo
389,15.56,-1230573,1446.0404337372947,52,-,-,-,-,Maximo
390,15.6,-1232465,2063.6540483190665,52,-,-,-,-,Maximo
391,15.64,-1234509,2688.1527001122513,52,-,-,-,-,Maximo
392,15.68,-1236643,2943.1718630219148,52,-,-,-,-,Maximo
393,15.72,-1238169,2301.9407170008135,52,-,-,-,-,Maximo
394,15.76,-1238465,696.7673740873629,52,-,-,-,-,Maximo
395,15.8,-1237825,-1131.9332014689385,52,-,-,-,-,Maximo
396,15.84,-1240170,-2098.870067042028,52,-,-,-,-,Maximo
397,15.88,-1238939,-2135.8973346903904,52,-,-,-,-,Maximo
398,15.92,-1218885,-2272.3500299970146,52,-,-,-,-,Maximo
399,15.96,-1214164,-2011.1766898860624,52,-,-,-,-,Maximo
400,16.0,-1216172,-1683.9808770857062,52,-,-,-,-,Maximo
401,16.04,-1220913,-1147.0070576467988,52,-,-,-,-,Maximo
402,16.08,-1225216,-397.65855871568147,52,-,-,-,-,Maximo
403,16.12,-1227165,345.8638834931289,52,-,-,-,-,Maximo
404,16.16,-1225845,884.2375209119691,52,-,-,-,-,Maximo
405,16.2,-1229503,1501.4049542229823,52,-,-,-,-,Maximo
406,16.24,-1232358,2167.640327845381,52,-,-,-,-,Maximo
407,16.28,-1237055,2910.1826156469833,52,-,-,-,-,Maximo
408,16.32,-1238056,2999.036970609979,52,-,-,-,-,Maximo
409,16.36,-1239788,1973.8275176311568,52,-,-,-,-,Maximo
410,16.4,-1239327,-14.757233138314803,52,-,-,-,-,Maximo
411,16.44,-1240290,-1722.8104821663273,52,-,-,-,-,Maximo
412,16.48,-1234689,-2505.3321424504893,52,-,-,-,-,Maximo
413,16.52,-1221489,-2540.782713038843,52,-,-,-,-,Maximo
414,16.56,-1214956,-2145.902445795422,52,-,-,-,-,Maximo
415,16.6,-1215550,-1796.5057581804176,52,-,-,-,-,Maximo
416,16.64,-1220467,-1448.099925990916,52,-,-,-,-,Maximo
417,16.68,-1224628,-894.8168278217636,52,-,-,-,-,Maximo
418,16.72,-1226808,-75.81875955663145,52,-,-,-,-,Maximo
419,16.76,-1226278,777.5326275158586,52,-,-,-,-,Maximo
420,16.8,-1229069,1666.521291600282,52,-,-,-,-,Maximo
421,16.84,-1230816,2425.392647900924,52,-,-,-,-,Maximo
422,16.88,-1234277,3029.8745561473643,52,-,-,-,-,Maximo
423,16.92,-1236663,2974.5557936926507,52,-,-,-,-,Maximo
424,16.96,-1238828,1915.0021587569058,52,-,-,-,-,Maximo
425,17.0,-1239068,87.14802385370263,52,-,-,-,-,Maximo
426,17.04,-1239531,-1511.9653399523838,52,-,-,-,-,Maximo
427,17.08,-1240457,-2125.4181141625436,52,-,-,-,-,Maximo
428,17.12,-1238671,-1925.9377630274412,52,-,-,-,-,Maximo
429,17.16,-1222911,-1907.9619238797386,52,-,-,-,-,Maximo
430,17.2,-1215265,-1839.733271130608,52,-,-,-,-,Maximo
431,17.24,-1214809,-1720.854957028765,52,-,-,-,-,Maximo
432,17.28,-1220844,-1274.0872154365063,52,-,-,-,-,Maximo
433,17.32,-1224462,-618.0318378354627,52,-,-,-,-,Maximo
434,17.36,-1226571,172.72533822210517,52,-,-,-,-,Maximo
435,17.4,-1226428,869.4585392830231,52,-,-,-,-,Maximo
436,17.44,-1229900,1591.488811647574,52,-,-,-,-,Maximo
437,17.48,-1232857,2300.669023584981,52,-,-,-,-,Maximo
438,17.52,-1235340,2956.670441695979,52,-,-,-,-,Maximo
439,17.56,-1238274,3130.2314072271656,52,-,-,-,-,Maximo
440,17.6,-1239200,2191.399822331524,52,-,-,-,-,Maximo
441,17.64,-1238826,300.7022814223526,52,-,-,-,-,Maximo
442,17.68,-1239322,-1494.1330049390522,52,-,-,-,-,Maximo
443,17.72,-1236223,-2408.338691966255,52,-,-,-,-,Maximo
444,17.76,-1224038,-2591.0234624085188,52,-,-,-,-,Maximo
445,17.8,-1215701,-2292.006709250494,52,-,-,-,-,Maximo
446,17.84,-1214981,-1908.3665048453677,52,-,-,-,-,Maximo
447,17.88,-1218888,-1500.0565692850969,52,-,-,-,-,Maximo
448,17.92,-1223722,-904.4253534125646,52,-,-,-,-,Maximo
449,17.96,-1226708,-118.80408726129099,52,-,-,-,-,Maximo
450,18.0,-1225623,639.9586284311963,24,47.0,-,-,-,-
451,18.04,-1230812,1553.4014122351246,24,-,-,-,-,-
452,18.08,-1233584,2309.6673326118507,24,-,-,-,-,-
453,18.12,-1235705,2882.3645387370098,24,-,-,-,-,-
454,18.16,-1237648,2941.4584507211766,24,-,-,-,-,-
455,18.2,-1237848,2032.9348500182314,24,-,-,-,-,-
456,18.24,-1240245,397.6801480309423,24,-,-,-,-,-
457,18.28,-1240149,-1317.6455868136609,24,-,-,-,-,-
458,18.32,-1239372,-2230.649433068809,24,-,-,-,-,-
459,18.36,-1238343,-2213.204314668243,24,-,-,-,-,-
460,18.4,-1224938,-2181.781760548509,24,-,-,-,-,-
461,18.44,-1216336,-2064.5344816106335,24,-,-,-,-,-
462,18.48,-1214114,-1813.7849011497292,24,-,-,-,-,-
463,18.52,-1218294,-1197.896235558504,24,-,-,-,-,-
464,18.56,-1222043,-394.3496034208438,24,-,-,-,-,-
465,18.6,-1227175,471.8227116724456,24,-,-,-,-,-
466,18.64,-1225613,1004.5340748317321,24,-,-,-,-,-
467,18.68,-1226675,1562.6217915659972,24,-,-,-,-,-
468,18.72,-1230693,2276.684265462197,24,-,-,-,-,-
469,18.76,-1234430,2952.5389471404806,24,-,-,-,-,-
470,18.8,-1235092,3074.2529735861035,24,-,-,-,-,-
471,18.84,-1237399,2311.490156345678,24,-,-,-,-,-
472,18.88,-1238519,621.840594304414,24,-,-,-,-,-
473,18.92,-1239552,-1174.3425918623593,24,-,-,-,-,-
474,18.96,-1238996,-2222.8019648129175,24,-,-,-,-,-
475,19.0,-1238218,-2248.4545509431623,24,-,-,-,-,-
476,19.04,-1228244,-2050.596898855849,24,-,-,-,-,-
477,19.08,-1217214,-1985.7650513781646,24,-,-,-,-,-
478,19.12,-1214885,-1879.1389723124248,24,-,-,-,-,-
479,19.16,-1217682,-1545.5628033635157,24,-,-,-,-,-
480,19.2,-1222615,-842.6195099019642,24,-,-,-,-,-
481,19.24,-1226728,26.759614841976145,24,-,-,-,-,-
482,19.28,-1226394,707.4143476110576,24,-,-,-,-,-
483,19.32,-1226874,1311.386479847165,24,-,-,-,-,-
484,19.36,-1229542,1990.1640901355377,24,-,-,-,-,-
485,19.4,-1232263,2666.9871900797734,24,-,-,-,-,-
486,19.44,-1234902,2997.122212770274,24,-,-,-,-,-
487,19.48,-1237086,2472.338201212072,24,-,-,-,-,-
488,19.52,-1238313,986.8869230980431,24,-,-,-,-,-
489,19.56,-1238875,-800.0016531575775,24,-,-,-,-,-
490,19.6,-1239686,-1930.4707382809593,24,-,-,-,-,-
491,19.64,-1240143,-2044.8819986048325,24,-,-,-,-,-
492,19.68,-1239233,-1589.8430902908763,24,-,-,-,-,-
493,19.72,-1233633,-1336.2502202639043,24,-,-,-,-,-
494,19.76,-1217974,-1718.5304355820172,24,-,-,-,-,-
495,19.8,-1214677,-1781.565868739899,24,-,-,-,-,-
496,19.84,-1219022,-1350.8223508064611,24,-,-,-,-,-
497,19.88,-1224624,-575.5218449280519,24,-,-,-,-,-
498,19.92,-1226692,195.50835019325768,24,-,-,-,-,-
499,19.96,-1225841,772.629771961856,24,-,-,-,-,-
500,20.0,-1229762,1365.0455649906353,24,-,-,-,-,-
501,20.04,-1232427,1913.6338363301984,24,-,-,-,-,-
502,20.08,-1234425,2522.5877827290096,24,-,-,-,-,-
503,20.12,-1236468,2950.5626308180726,24,-,-,-,-,-
504,20.16,-1237702,2593.394023102173,24,-,-,-,-,-
505,20.2,-1238930,1188.6104250000494,24,-,-,-,-,-
506,20.24,-1240213,-684.241214398257,24,-,-,-,-,-
507,20.28,-1239460,-2021.5354601919116,24,-,-,-,-,-
508,20.32,-1238833,-2246.946167918758,24,-,-,-,-,-
509,20.36,-1232959,-1983.04255819651,24,-,-,-,-,-
510,20.4,-1216575,-2079.8095438101464,24,-,-,-,-,-
511,20.44,-1215144,-1880.8072401471345,24,-,-,-,-,-
512,20.48,-1217469,-1486.6031864258503,24,-,-,-,-,-
513,20.52,-1222433,-776.6497665904185,24,-,-,-,-,-
514,20.56,-1226107,7.617348409138685,24,-,-,-,-,-
515,20.6,-1226970,647.7274865607396,24,-,-,-,-,-
516,20.64,-1226335,1164.247356904928,24,-,-,-,-,-
517,20.68,-1229310,1823.2538937819554,24,-,-,-,-,-
518,20.72,-1232374,2531.4734863503445,24,-,-,-,-,-
519,20.76,-1235149,2987.7158754129314,24,-,-,-,-,-
520,20.8,-1235954,2601.6320474310814,24,-,-,-,-,-
521,20.84,-1237324,1213.6981390299252,24,-,-,-,-,-
522,20.88,-1238307,-642.9077869692263,24,-,-,-,-,-
523,20.92,-1239970,-1910.2211716360798,24,-,-,-,-,-
524,20.96,-1240367,-2127.3859284782075,24,-,-,-,-,-
525,21.0,-1239279,-1681.317834125833,57,47.25,-,-,-,-
526,21.04,-1215932,-1949.7878053906534,57,-,-,-,-,-
527,21.08,-1215079,-1797.319447960801,57,-,-,-,-,-
528,21.12,-1221226,-1490.381876535982,57,-,-,-,-,-
529,21.16,-1226879,-947.1277099686813,57,-,-,-,-,-
530,21.2,-1227038,-316.8871662911706,57,-,-,-,-,-
531,21.24,-1226540,300.460821501576,57,-,-,-,-,-
532,21.28,-1230677,914.6372218653441,57,-,-,-,-,-
533,21.32,-1233257,1465.9513972013228,57,-,-,-,-,-
534,21.36,-1235724,2206.261961262301,57,-,-,-,-,-
535,21.4,-1236799,2885.2171951079263,57,-,-,-,-,-
536,21.44,-1238459,2832.0677764777665,57,-,-,-,-,-
537,21.48,-1240162,1519.363119107316,57,-,-,-,-,-
538,21.52,-1240008,-518.5035226554844,57,-,-,-,-,-
539,21.56,-1240239,-1898.859588814801,57,-,-,-,-,-
540,21.6,-1236562,-2151.910459417647,57,-,-,-,-,-
541,21.64,-1224480,-2009.2256660909425,57,-,-,-,-,-
542,21.68,-1216512,-1857.7145429029897,57,-,-,-,-,-
543,21.72,-1215816,-1691.401285842483,57,-,-,-,-,-
544,21.76,-1219333,-1262.929268783574,57,-,-,-,-,-
545,21.8,-1223877,-536.327098981043,57,-,-,-,-,-
546,21.84,-1226631,222.87315726746147,57,-,-,-,-,-
547,21.88,-1226002,804.3866654067224,57,-,-,-,-,-
548,21.92,-1226524,1392.9386055035293,57,-,-,-,-,-
549,21.96,-1229041,2104.5368181438544,57,-,-,-,-,-
550,22.0,-1231968,2752.6397118053346,57,-,-,-,-,-
551,22.04,-1233389,2832.9270631003983,57,-,-,-,-,-
552,22.08,-1236547,2034.4384828249495,57,-,-,-,-,-
553,22.12,-1238102,409.3717815736604,57,-,-,-,-,-
554,22.16,-1239218,-1197.5977081652431,57,-,-,-,-,-
555,22.2,-1239625,-1998.9565731991045,57,-,-,-,-,-
556,22.24,-1239663,-1880.7395977219778,57,-,-,-,-,-
557,22.28,-1239510,-1382.6172299626237,57,-,-,-,-,-
558,22.32,-1235240,-1204.6906640071375,57,-,-,-,-,-
559,22.36,-1219500,-1691.7632112960237,57,-,-,-,-,-
560,22.4,-1214947,-1827.9877776532303,57,-,-,-,-,-
561,22.44,-1216425,-1504.8454973350063,57,-,-,-,-,-
562,22.48,-1223323,-728.2694767946105,57,-,-,-,-,-
563,22.52,-1227899,93.818927510717,57,-,-,-,-,-
564,22.56,-1225539,657.2248773519805,57,-,-,-,-,-
565,22.6,-1228083,1281.4602260189158,57,-,-,-,-,-
566,22.64,-1232610,1929.0553356775454,57,-,-,-,-,-
567,22.68,-1234742,2531.854529473363,57,-,-,-,-,-
568,22.72,-1236500,2982.730108588301,57,-,-,-,-,-
569,22.76,-1237702,2763.0960774971663,57,-,-,-,-,-
570,22.8,-1239259,1513.864860573819,57,-,-,-,-,-
571,22.84,-1239673,-412.6189612404362,57,-,-,-,-,-
572,22.88,-1239720,-1935.4681760778362,57,-,-,-,-,-
573,22.92,-1240573,-2310.627848873643,57,-,-,-,-,-
574,22.96,-1235058,-2057.240306451633,57,-,-,-,-,-
575,23.0,-1218562,-2085.1178238366047,57,-,-,-,-,-
576,23.04,-1214943,-1948.4823568013853,57,-,-,-,-,-
577,23.08,-1217475,-1602.2986075477256,57,-,-,-,-,-
578,23.12,-1221921,-920.4273951169732,57,-,-,-,-,-
579,23.16,-1227496,-25.99305635824294,57,-,-,-,-,-
580,23.2,-1227497,619.799995612897,57,-,-,-,-,-
581,23.24,-1226205,1082.1348135230232,57,-,-,-,-,-
582,23.28,-1228562,1656.4345241194305,57,-,-,-,-,-
583,23.32,-1231390,2353.957488108521,57,-,-,-,-,-
584,23.36,-1234439,2945.62630696631,57,-,-,-,-,-
585,23.4,-1236094,2793.530266529742,57,-,-,-,-,-
586,23.44,-1237622,1540.1113532273125,57,-,-,-,-,-
587,23.48,-1238576,-371.92131640188063,57,-,-,-,-,-
588,23.52,-1240580,-1800.4625354400096,57,-,-,-,-,-
589,23.56,-1240003,-2166.0987695513177,57,-,-,-,-,-
590,23.6,-1240657,-1637.341230378249,57,-,-,-,-,-
591,23.64,-1235174,-1254.6059074781879,57,-,-,-,-,-
592,23.68,-1219803,-1597.313801555736,57,-,-,-,-,-
593,23.72,-1215945,-1785.925859392808,57,-,-,-,-,-
594,23.76,-1216838,-1602.8448281162555,57,-,-,-,-,-
595,23.8,-1224161,-841.258778650521,57,-,-,-,-,-
596,23.84,-1227417,-39.25945845434944,57,-,-,-,-,-
597,23.88,-1225474,517.8665009788383,57,-,-,-,-,-
598,23.92,-1228938,1129.1553564504293,57,-,-,-,-,-
599,23.96,-1231635,1738.8734710538656,57,-,-,-,-,-
600,24.0,-1234569,2459.6691722790383,57,47.5,-,-,-,-
601,24.04,-1239550,3098.2628065000317,57,-,-,-,-,-
602,24.08,-1239425,2848.594756995447,57,-,-,-,-,-
603,24.12,-1240883,1568.1196895871003,57,-,-,-,-,-
604,24.16,-1239905,-407.83777026787766,57,-,-,-,-,-
605,24.2,-1236336,-2019.2398925774737,57,-,-,-,-,-
606,24.24,-1221188,-2879.9094773635097,57,-,-,-,-,-
607,24.28,-1214752,-2629.9371419061827,57,-,-,-,-,-
608,24.32,-1216091,-2033.108935081612,57,-,-,-,-,-
609,24.36,-1219740,-1590.0820645722497,57,-,-,-,-,-
610,24.4,-1225149,-1092.417682941582,57,-,-,-,-,-
611,24.44,-1226324,-455.4632586349953,57,-,-,-,-,-
612,24.48,-1226264,404.7335763834535,57,-,-,-,-,-
613,24.52,-1227947,1403.3065483579576,57,-,-,-,-,-
614,24.56,-1229099,2315.6189123237,57,-,-,-,-,-
615,24.6,-1233553,3057.3643153428648,57,-,-,-,-,-
616,24.64,-1235399,3022.9121522827636,57,-,-,-,-,-
617,24.68,-1236861,1943.5358794682425,57,-,-,-,-,-
618,24.72,-1238023,133.21508912179434,57,-,-,-,-,-
619,24.76,-1238672,-1467.2000919323737,57,-,-,-,-,-
620,24.8,-1240722,-2030.550107764778,57,-,-,-,-,-
621,24.84,-1239409,-1782.5632063346688,57,-,-,-,-,-
622,24.88,-1237829,-1290.1269194919732,57,-,-,-,-,-
623,24.92,-1228418,-1324.9684098059279,57,-,-,-,-,-
624,24.96,-1217262,-1684.33439403392,57,-,-,-,-,-
625,25.0,-1214679,-1691.5397697462686,57,-,-,-,-,-
626,25.04,-1217742,-1193.008070867243,57,-,-,-,-,-
627,25.08,-1223662,-344.2362308751208,57,-,-,-,-,-
628,25.12,-1226666,425.0417226480704,57,-,-,-,-,-
629,25.16,-1226184,946.6463892101274,57,-,-,-,-,-
630,25.2,-1227093,1444.2099600662004,57,-,-,-,-,-
631,25.24,-1230565,2097.82712308795,57,-,-,-,-,-
632,25.28,-1233590,2755.9411007134668,57,-,-,-,-,-
633,25.32,-1237268,3060.898729571839,57,-,-,-,-,-
634,25.36,-1236855,2368.716597599729,57,-,-,-,-,-
635,25.4,-1239641,862.2932686579484,57,-,-,-,-,-
636,25.44,-1239323,-982.5422391586384,57,-,-,-,-,-
637,25.48,-1240278,-2093.252738572667,57,-,-,-,-,-
638,25.52,-1239084,-2223.9307894702947,57,-,-,-,-,-
639,25.56,-1232755,-1928.6096557950723,57,-,-,-,-,-
640,25.6,-1218167,-1976.7834183568048,57,-,-,-,-,-
641,25.64,-1214343,-1952.1216680086163,57,-,-,-,-,-
642,25.68,-1215812,-1725.1427903605545,57,-,-,-,-,-
643,25.72,-1222605,-999.8955150006423,57,-,-,-,-,-
644,25.76,-1226659,-101.27748930951384,57,-,-,-,-,-
645,25.8,-1227312,670.6762861222433,57,-,-,-,-,-
646,25.84,-1225752,1217.7647015836487,57,-,-,-,-,-
647,25.88,-1228329,1851.2430311285007,57,-,-,-,-,-
648,25.92,-1231901,2566.090770291553,57,-,-,-,-,-
649,25.96,-1234045,3040.487023973429,57,-,-,-,-,-
650,26.0,-1236041,2762.4312544328177,57,-,-,-,-,-
651,26.04,-1237851,1424.7294745209633,57,-,-,-,-,-
652,26.08,-1237714,-525.6891220885814,57,-,-,-,-,-
653,26.12,-1238260,-1951.3292614613515,57,-,-,-,-,-
654,26.16,-1240092,-2186.7550320492355,57,-,-,-,-,-
655,26.2,-1240076,-1644.3721832984143,57,-,-,-,-,-
656,26.24,-1236258,-1198.3768895170797,57,-,-,-,-,-
657,26.28,-1221975,-1512.3713104057788,57,-,-,-,-,-
658,26.32,-1214667,-1808.5084900998027,57,-,-,-,-,-
659,26.36,-1215970,-1587.3544819940817,57,-,-,-,-,-
660,26.4,-1220080,-891.5713578286166,57,-,-,-,-,-
661,26.44,-1224231,-25.348356650479218,57,-,-,-,-,-
662,26.48,-1226873,685.1036364501033,57,-,-,-,-,-
663,26.52,-1226539,1112.0946063577358,57,-,-,-,-,-
664,26.56,-1227832,1560.3707533928655,57,-,-,-,-,-
665,26.6,-1230697,2213.441314480432,57,-,-,-,-,-
666,26.64,-1232819,2852.926049959342,57,-,-,-,-,-
667,26.68,-1235676,2951.877917790858,57,-,-,-,-,-
668,26.72,-1237531,1952.3057332431626,57,-,-,-,-,-
669,26.76,-1238590,126.309750134571,57,-,-,-,-,-
670,26.8,-1239886,-1512.5033681910113,57,-,-,-,-,-
671,26.84,-1239584,-2214.4441467798647,57,-,-,-,-,-
672,26.88,-1238113,-2011.094043089227,57,-,-,-,-,-
673,26.92,-1228625,-1766.594458380212,57,-,-,-,-,-
674,26.96,-1216392,-1822.3173448919351,57,-,-,-,-,-
675,27.0,-1215342,-1736.5886914917137,55,48.25,-,-,-,-
676,27.04,-1222045,-1329.6384950677727,55,-,-,-,-,-
677,27.08,-1227163,-713.2779523844165,55,-,-,-,-,-
678,27.12,-1227807,-49.31566208414279,55,-,-,-,-,-
679,27.16,-1225431,536.1191716932453,55,-,-,-,-,-
680,27.2,-1228511,1246.7045875214758,55,-,-,-,-,-
681,27.24,-1231919,1978.9834815103286,55,-,-,-,-,-
682,27.28,-1233860,2639.007236335782,55,-,-,-,-,-
683,27.32,-1236695,2933.5429505971933,55,-,-,-,-,-
684,27.36,-1237158,2239.6156191240098,55,-,-,-,-,-
685,27.4,-1238427,637.8155476523839,55,-,-,-,-,-
686,27.44,-1239720,-1077.0519826115162,55,-,-,-,-,-
687,27.48,-1240115,-1927.7836482595753,55,-,-,-,-,-
688,27.52,-1239636,-1735.81610065739,55,-,-,-,-,-
689,27.56,-1234758,-1336.6411523384268,55,-,-,-,-,-
690,27.6,-1221091,-1550.8998655300384,55,-,-,-,-,-
691,27.64,-1214345,-1822.6797591354061,55,-,-,-,-,-
692,27.68,-1215350,-1659.568502781527,55,-,-,-,-,-
693,27.72,-1219702,-992.690071746458,55,-,-,-,-,-
694,27.76,-1225381,-87.55085277707076,55,-,-,-,-,-
695,27.8,-1226959,602.4050590709676,55,-,-,-,-,-
696,27.84,-1225706,1058.8448776043597,55,-,-,-,-,-
697,27.88,-1227296,1613.1150567476589,55,-,-,-,-,-
698,27.92,-1230202,2322.8204049747483,55,-,-,-,-,-
699,27.96,-1232272,2903.0376420455395,55,-,-,-,-,-
700,28.0,-1235984,2892.4498588287533,55,-,-,-,-,-
701,28.04,-1237772,1781.6666597231724,55,-,-,-,-,-
702,28.08,-1238983,-60.78661566452183,55,-,-,-,-,-
703,28.12,-1240005,-1659.374497804435,55,-,-,-,-,-
704,28.16,-1239322,-2287.4413396704426,55,-,-,-,-,-
705,28.2,-1237888,-1985.591920053871,55,-,-,-,-,-
706,28.24,-1223774,-1826.9351994660774,55,-,-,-,-,-
707,28.28,-1215264,-1778.3282908594629,55,-,-,-,-,-
708,28.32,-1215202,-1730.1640770958365,55,-,-,-,-,-
709,28.36,-1219327,-1453.5023741472764,55,-,-,-,-,-
710,28.4,-1225247,-792.3088499844189,55,-,-,-,-,-
711,28.44,-1227537,-1.4116919015450549,55,-,-,-,-,-
712,28.48,-1226092,707.88523436179,55,-,-,-,-,-
713,28.52,-1227248,1446.9291891917533,55,-,-,-,-,-
714,28.56,-1230551,2240.0751007566523,55,-,-,-,-,-
715,28.6,-1233478,2925.6495741257413,55,-,-,-,-,-
716,28.64,-1235425,3065.2103775996156,55,-,-,-,-,-
717,28.68,-1237715,2222.325642156101,55,-,-,-,-,-
718,28.72,-1237367,420.60466083963934,55,-,-,-,-,-
719,28.76,-1239575,-1280.170309958874,55,-,-,-,-,-
720,28.8,-1240208,-2091.025438045365,55,-,-,-,-,-
721,28.84,-1239284,-1903.3977125847846,55,-,-,-,-,-
722,28.88,-1238175,-1340.3113773197742,55,-,-,-,-,-
723,28.92,-1226883,-1381.6692190088124,55,-,-,-,-,-
724,28.96,-1216466,-1725.6658956751617,55,-,-,-,-,-
725,29.0,-1215498,-1698.197656092776,55,-,-,-,-,-
726,29.04,-1218391,-1188.7758816232035,55,-,-,-,-,-
727,29.08,-1222777,-363.70536787710125,55,-,-,-,-,-
728,29.12,-1227077,453.14504639274946,55,-,-,-,-,-
729,29.16,-1226848,975.3169397547636,55,-,-,-,-,-
730,29.2,-1226216,1419.788327680275,55,-,-,-,-,-
731,29.24,-1229218,2062.995856052594,55,-,-,-,-,-
732,29.28,-1232453,2727.6142874120305,55,-,-,-,-,-
733,29.32,-1234992,2967.7177423832227,55,-,-,-,-,-
734,29.36,-1236643,2285.8772707458393,55,-,-,-,-,-
735,29.4,-1238332,717.5941443990018,55,-,-,-,-,-
736,29.44,-1238161,-1066.3850739799443,55,-,-,-,-,-
737,29.48,-1240125,-2041.2322388081977,55,-,-,-,-,-
738,29.52,-1239284,-2088.7801022577005,55,-,-,-,-,-
739,29.56,-1238450,-1591.876798031687,55,-,-,-,-,-
740,29.6,-1224377,-1622.0283006307,55,-,-,-,-,-
741,29.64,-1215398,-1810.6224841922722,55,-,-,-,-,-
742,29.68,-1215573,-1755.4134949723975,55,-,-,-,-,-
743,29.72,-1221728,-1218.1038069906122,55,-,-,-,-,-
744,29.76,-1226398,-412.69221392130294,55,-,-,-,-,-
745,29.8,-1226299,308.96071854822003,55,-,-,-,-,-
746,29.84,-1227114,924.6872607818514,55,-,-,-,-,-
747,29.88,-1230121,1509.6563335154533,55,-,-,-,-,-
748,29.92,-1233160,2158.3648738879656,55,-,-,-,-,-
749,29.96,-1235326,2792.9474702166635,55,-,-,-,-,-
750,30.0,-1236886,2945.1421601518023,53,55.5,-,-,-,-
751,30.04,-1238423,2084.4248855525666,53,-,-,-,-,-
752,30.08,-1239313,309.20290484763814,53,-,-,-,-,-
753,30.12,-1238895,-1449.8702679992334,53,-,-,-,-,-
754,30.16,-1240059,-2170.9508289174187,53,-,-,-,-,-
755,30.2,-1234109,-2118.34863943638,53,-,-,-,-,-
756,30.24,-1218785,-2067.9660634591746,53,-,-,-,-,-
757,30.28,-1215341,-1853.9114013272483,53,-,-,-,-,-
758,30.32,-1216254,-1625.4885526258868,53,-,-,-,-,-
759,30.36,-1221172,-1078.7280169946268,53,-,-,-,-,-
760,30.4,-1226810,-260.60891312335843,53,-,-,-,-,-
761,30.44,-1227607,454.1849029955483,53,-,-,-,-,-
762,30.48,-1225645,985.8892671997305,53,-,-,-,-,-
763,30.52,-1228014,1617.774451786312,53,-,-,-,-,-
764,30.56,-1231649,2344.3827088437565,53,-,-,-,-,-
765,30.6,-1235315,2936.246586719154,53,-,-,-,-,-
766,30.64,-1236879,2785.7630423317705,53,-,-,-,-,-
767,30.68,-1237772,1561.6778475298033,53,-,-,-,-,-
768,30.72,-1238619,-304.1409830163186,53,-,-,-,-,-
769,30.76,-1238956,-1800.8014045831465,53,-,-,-,-,-
770,30.8,-1240254,-2175.655687299982,53,-,-,-,-,-
771,30.84,-1239528,-1738.8667652020208,53,-,-,-,-,-
772,30.88,-1236442,-1272.2418933314602,53,-,-,-,-,-
773,30.92,-1223370,-1524.7760682590688,53,-,-,-,-,-
774,30.96,-1214812,-1869.1755301366647,53,-,-,-,-,-
775,31.0,-1216602,-1643.3593100597573,53,-,-,-,-,-
776,31.04,-1222464,-855.6012002869127,53,-,-,-,-,-
777,31.08,-1227181,88.80543145252886,53,-,-,-,-,-
778,31.12,-1226305,715.0724712184865,53,-,-,-,-,-
779,31.16,-1227078,1169.0460435443201,53,-,-,-,-,-
780,31.2,-1230703,1664.1628620696074,53,-,-,-,-,-
781,31.24,-1233274,2254.6982653853293,53,-,-,-,-,-
782,31.28,-1235357,2816.370259545374,53,-,-,-,-,-
783,31.32,-1238325,2857.807850576255,53,-,-,-,-,-
784,31.36,-1239258,1810.0239188655419,53,-,-,-,-,-
785,31.4,-1239326,-37.07107104865531,53,-,-,-,-,-
786,31.44,-1239978,-1649.1933082702637,53,-,-,-,-,-
787,31.48,-1239394,-2260.6725403486316,53,-,-,-,-,-
788,31.52,-1235064,-2066.2023918272926,53,-,-,-,-,-
789,31.56,-1220764,-2001.6737465919214,53,-,-,-,-,-
790,31.6,-1214378,-1946.0802524769224,53,-,-,-,-,-
791,31.64,-1215880,-1738.0623317514282,53,-,-,-,-,-
792,31.68,-1219921,-1215.370976256199,53,-,-,-,-,-
793,31.72,-1225275,-363.594366651384,53,-,-,-,-,-
794,31.76,-1227210,462.6656768327275,53,-,-,-,-,-
795,31.8,-1225835,1086.611866022692,53,-,-,-,-,-
796,31.84,-1226406,1682.8859480917317,53,-,-,-,-,-
797,31.88,-1229457,2359.628025410094,53,-,-,-,-,-
798,31.92,-1233193,2935.7678919236014,53,-,-,-,-,-
799,31.96,-1235226,2860.6187858280864,53,-,-,-,-,-
800,32.0,-1236952,1772.1438528094627,53,-,-,-,-,-
801,32.04,-1238302,-35.66679766830339,53,-,-,-,-,-
802,32.08,-1239305,-1604.3951151954589,53,-,-,-,-,-
803,32.12,-1239457,-2176.800913659439,53,-,-,-,-,-
804,32.16,-1240011,-1795.1476820745868,53,-,-,-,-,-
805,32.2,-1237607,-1277.0441375522269,53,-,-,-,-,-
806,32.24,-1223860,-1467.5996106292314,53,-,-,-,-,-
807,32.28,-1215722,-1798.2993024094703,53,-,-,-,-,-
808,32.32,-1215740,-1764.5954374897428,53,-,-,-,-,-
809,32.36,-1219642,-1212.7275097551405,53,-,-,-,-,-
810,32.4,-1224936,-321.359053669009,53,-,-,-,-,-
811,32.44,-1228526,519.050469129792,53,-,-,-,-,-
812,32.48,-1226597,1025.9349447989289,53,-,-,-,-,-
813,32.52,-1227525,1545.8858393829096,53,-,-,-,-,-
814,32.56,-1231665,2236.8718563628763,53,-,-,-,-,-
815,32.6,-1235055,2887.731674428396,53,-,-,-,-,-
816,32.64,-1236578,2994.451548731903,53,-,-,-,-,-
817,32.68,-1237601,2097.051573078535,53,-,-,-,-,-
818,32.72,-1239613,369.21741881124944,53,-,-,-,-,-
819,32.76,-1240634,-1362.475146914791,53,-,-,-,-,-
820,32.8,-1239304,-2240.8559240680215,53,-,-,-,-,-
821,32.84,-1237625,-2094.926412251624,53,-,-,-,-,-
822,32.88,-1229230,-1764.5277900390229,53,-,-,-,-,-
823,32.92,-1217052,-1788.5565584580509,53,-,-,-,-,-
824,32.96,-1214843,-1778.7424997114995,53,-,-,-,-,-
825,33.0,-1217478,-1512.5176651732363,61,56.5,-,-,-,Maximo
826,33.04,-1221756,-835.9957261163661,61,-,-,-,-,Maximo
827,33.08,-1227285,96.30085711799984,61,-,-,-,-,Maximo
828,33.12,-1227267,800.6385934281507,61,-,-,-,-,Maximo
829,33.16,-1225861,1352.8196245940007,61,-,-,-,-,Maximo
830,33.2,-1227989,2016.162104665029,61,-,-,-,-,Maximo
831,33.24,-1230308,2658.1645948680416,61,-,-,-,-,Maximo
832,33.28,-1233321,2961.459121542922,61,-,-,-,-,Maximo
833,33.32,-1235643,2426.848308499969,61,-,-,-,-,Maximo
834,33.36,-1238243,1003.371604663087,61,-,-,-,-,Maximo
835,33.4,-1238669,-783.4094204321202,61,-,-,-,-,Maximo
836,33.44,-1239678,-1938.871412239047,61,-,-,-,-,Maximo
837,33.48,-1239891,-2077.044607593304,61,-,-,-,-,Maximo
838,33.52,-1236010,-1658.1235732631785,61,-,-,-,-,Maximo
839,33.56,-1221746,-1574.4048331171489,61,-,-,-,-,Maximo
840,33.6,-1214992,-1621.3526247853733,61,-,-,-,-,Maximo
841,33.64,-1215401,-1635.4127787677717,61,-,-,-,-,Maximo
842,33.68,-1221089,-1291.3767672879967,61,-,-,-,-,Maximo
843,33.72,-1225694,-633.3770744434287,61,-,-,-,-,Maximo
844,33.76,-1226725,113.98403479154786,61,-,-,-,-,Maximo
845,33.8,-1225767,796.8417604707865,61,-,-,-,-,Maximo
846,33.84,-1227277,1512.3702387845879,61,-,-,-,-,Maximo
847,33.88,-1231546,2328.502694384295,61,-,-,-,-,Maximo
848,33.92,-1236191,3037.4261496257022,61,-,-,-,-,Maximo
849,33.96,-1238197,3056.6630318272873,61,-,-,-,-,Maximo
850,34.0,-1238650,1977.4064738501634,61,-,-,-,-,Maximo
851,34.04,-1238917,111.30083550026131,61,-,-,-,-,Maximo
852,34.08,-1239398,-1541.1581340510957,61,-,-,-,-,Maximo
853,34.12,-1239332,-2172.8201839792973,61,-,-,-,-,Maximo
854,34.16,-1235382,-1971.235386578538,61,-,-,-,-,Maximo
855,34.2,-1218933,-1955.4814117054702,61,-,-,-,-,Maximo
856,34.24,-1214038,-1896.786545306035,61,-,-,-,-,Maximo
857,34.28,-1215643,-1832.9103034845903,61,-,-,-,-,Maximo
858,34.32,-1219463,-1432.5879902078957,61,-,-,-,-,Maximo
859,34.36,-1226783,-458.3100959233452,61,-,-,-,-,Maximo
860,34.4,-1226710,470.47015983361325,61,-,-,-,-,Maximo
861,34.44,-1227352,1250.3443192163913,61,-,-,-,-,Maximo
862,34.48,-1229848,1870.5282636439197,61,-,-,-,-,Maximo
863,34.52,-1233056,2483.8027462058626,61,-,-,-,-,Maximo
864,34.56,-1235452,2992.8794476371813,61,-,-,-,-,Maximo
865,34.6,-1236782,2875.9531737128773,61,-,-,-,-,Maximo
866,34.64,-1238124,1699.3307714146677,61,-,-,-,-,Maximo
867,34.68,-1240317,-188.30220745927636,61,-,-,-,-,Maximo
868,34.72,-1240723,-1835.8679163153752,61,-,-,-,-,Maximo
869,34.76,-1240830,-2402.8412120308376,61,-,-,-,-,Maximo
870,34.8,-1236524,-2154.1461067263963,61,-,-,-,-,Maximo
871,34.84,-1224836,-1907.5429499064903,61,-,-,-,-,Maximo
872,34.88,-1215102,-1857.9714598141763,61,-,-,-,-,Maximo
873,34.92,-1214581,-1682.9848209872325,61,-,-,-,-,Maximo
874,34.96,-1219044,-1190.6115174463803,61,-,-,-,-,Maximo
875,35.0,-1225116,-397.3688841168914,61,-,-,-,-,Maximo
876,35.04,-1227221,341.0017703569283,61,-,-,-,-,Maximo
877,35.08,-1226739,925.5335062509821,61,-,-,-,-,Maximo
878,35.12,-1226541,1507.8139723168879,61,-,-,-,-,Maximo
879,35.16,-1230143,2299.7694449799556,61,-,-,-,-,Maximo
880,35.2,-1232205,2972.496399834263,61,-,-,-,-,Maximo
881,35.24,-1238307,3209.9519671486205,61,-,-,-,-,Maximo
882,35.28,-1238979,2245.530872528262,61,-,-,-,-,Maximo
883,35.32,-1239427,410.4420340674087,61,-,-,-,-,Maximo
884,35.36,-1240475,-1377.0500168309416,61,-,-,-,-,Maximo
885,35.4,-1237509,-2350.2408023219555,61,-,-,-,-,Maximo
886,35.44,-1222192,-2628.4617205267386,61,-,-,-,-,Maximo
887,35.48,-1214211,-2201.434234470724,61,-,-,-,-,Maximo
888,35.52,-1217416,-1628.669536572308,61,-,-,-,-,Maximo
889,35.56,-1221684,-1373.615709377401,61,-,-,-,-,Maximo
890,35.6,-1227659,-1068.4152897291178,61,-,-,-,-,Maximo
891,35.64,-1226675,-650.7821857443137,61,-,-,-,-,Maximo
892,35.68,-1227821,186.60554464652841,61,-,-,-,-,Maximo
893,35.72,-1229857,1202.4898005887608,61,-,-,-,-,Maximo
894,35.76,-1233000,2219.679705934268,61,-,-,-,-,Maximo
895,35.8,-1235366,2968.9089177962005,61,-,-,-,-,Maximo
896,35.84,-1237427,3031.3416798713088,61,-,-,-,-,Maximo
897,35.88,-1238038,1963.329040626526,61,-,-,-,-,Maximo
898,35.92,-1239714,132.0907407767936,61,-,-,-,-,Maximo
899,35.96,-1240183,-1501.7357406406406,61,-,-,-,-,Maximo
900,36.0,-1239405,-2095.223323418585,54,55.75,-,-,-,Maximo
901,36.04,-1214706,-2495.796782213689,54,-,-,-,-,Maximo
902,36.08,-1216251,-1839.9398650814255,54,-,-,-,-,Maximo
903,36.12,-1219628,-1395.3808164269321,54,-,-,-,-,Maximo
904,36.16,-1224996,-1040.394609362439,54,-,-,-,-,Maximo
905,36.2,-1227483,-615.5499511058242,54,-,-,-,-,Maximo
906,36.24,-1227469,-50.64346758203283,54,-,-,-,-,Maximo
907,36.28,-1227503,579.9494141677828,54,-,-,-,-,Maximo
908,36.32,-1229876,1299.424433670306,54,-,-,-,-,Maximo
909,36.36,-1233590,2159.65363698252,54,-,-,-,-,Maximo
910,36.4,-1236678,2914.711429703807,54,-,-,-,-,Maximo
911,36.44,-1237969,2867.317995253081,54,-,-,-,-,Maximo
912,36.48,-1238833,1568.8033436431947,54,-,-,-,-,Maximo
913,36.52,-1239951,-408.9972746350063,54,-,-,-,-,Maximo
914,36.56,-1239378,-1850.4610079271972,54,-,-,-,-,Maximo
915,36.6,-1239030,-2031.0331056155642,54,-,-,-,-,Maximo
916,36.64,-1233393,-1638.4499852326617,54,-,-,-,-,Maximo
917,36.68,-1216546,-1720.0893778032732,54,-,-,-,-,Maximo
918,36.72,-1215709,-1672.3466550221674,54,-,-,-,-,Maximo
919,36.76,-1220188,-1494.1798103506212,54,-,-,-,-,Maximo
920,36.8,-1226839,-910.1490473027211,54,-,-,-,-,Maximo
921,36.84,-1227203,-196.56731448118626,54,-,-,-,-,Maximo
922,36.88,-1230837,665.4822235099682,54,-,-,-,-,Maximo
923,36.92,-1232349,1302.919792054926,54,-,-,-,-,Maximo
924,36.96,-1234704,1874.5147863991815,54,-,-,-,-,Maximo
925,37.0,-1236176,2429.7754368699625,54,-,-,-,-,Maximo
926,37.04,-1237725,2772.2154273458177,54,-,-,-,-,Maximo
927,37.08,-1238722,2329.3363602629875,54,-,-,-,-,Maximo
928,37.12,-1239826,869.093839174395,54,-,-,-,-,Maximo
929,37.16,-1240073,-1016.6171492930132,54,-,-,-,-,Maximo
930,37.2,-1237107,-2323.0351383394245,54,-,-,-,-,Maximo
931,37.24,-1221868,-2868.4793336709827,54,-,-,-,-,Maximo
932,37.28,-1215626,-2421.919373682418,54,-,-,-,-,Maximo
933,37.32,-1215197,-1743.0763675734743,54,-,-,-,-,Maximo
934,37.36,-1221845,-1011.9720406843708,54,-,-,-,-,Maximo
935,37.4,-1225064,-442.2887350230694,54,-,-,-,-,Maximo
936,37.44,-1228143,165.5326705004736,54,-,-,-,-,Maximo
937,37.48,-1226435,646.3825439890452,54,-,-,-,-,Maximo
938,37.52,-1227412,1258.1828785026864,54,-,-,-,-,Maximo
939,37.56,-1229695,2013.4974621916772,54,-,-,-,-,Maximo
940,37.6,-1233084,2747.4956845741162,54,-,-,-,-,Maximo
941,37.64,-1237327,2928.449652030472,54,-,-,-,-,Maximo
942,37.68,-1237874,1927.254673444198,54,-,-,-,-,Maximo
943,37.72,-1239915,153.53818200363867,54,-,-,-,-,Maximo
944,37.76,-1240334,-1503.207451575234,54,-,-,-,-,Maximo
945,37.8,-1239737,-2164.827502011377,54,-,-,-,-,Maximo
946,37.84,-1238852,-1844.1590203068263,54,-,-,-,-,Maximo
947,37.88,-1233517,-1398.2277798787882,54,-,-,-,-,Maximo
948,37.92,-1215657,-1686.3041912818626,54,-,-,-,-,Maximo
949,37.96,-1215240,-1742.472842579571,54,-,-,-,-,Maximo
950,38.0,-1218325,-1605.622647128086,54,-,-,-,-,Maximo
951,38.04,-1226935,-900.7627972737218,54,-,-,-,-,Maximo
952,38.08,-1225379,-189.27044041563113,54,-,-,-,-,Maximo
953,38.12,-1229937,762.6534342217519,54,-,-,-,-,Maximo
954,38.16,-1232727,1506.5183789339717,54,-,-,-,-,Maximo
955,38.2,-1235194,2131.6984041145724,54,-,-,-,-,Maximo
956,38.24,-1237653,2726.5977045114378,54,-,-,-,-,Maximo
957,38.28,-1238629,3015.568000279525,54,-,-,-,-,Maximo
958,38.32,-1238914,2489.0184473500753,54,-,-,-,-,Maximo
959,38.36,-1239877,948.6519601322968,54,-,-,-,-,Maximo
960,38.4,-1240045,-1024.7535209432049,54,-,-,-,-,Maximo
961,38.44,-1235056,-2477.043459434047,54,-,-,-,-,Maximo
962,38.48,-1219313,-3102.765983109268,54,-,-,-,-,Maximo
963,38.52,-1214952,-2644.0115400819886,54,-,-,-,-,Maximo
964,38.56,-1216853,-1906.9438760022485,54,-,-,-,-,Maximo
965,38.6,-1221797,-1173.5996085678241,54,-,-,-,-,Maximo
966,38.64,-1225618,-446.2569614789709,54,-,-,-,-,Maximo
967,38.68,-1227708,286.8830509787522,54,-,-,-,-,Maximo
968,38.72,-1226880,894.5870847364367,54,-,-,-,-,Maximo
969,38.76,-1227879,1524.640322882381,54,-,-,-,-,Maximo
970,38.8,-1231662,2281.912912503426,54,-,-,-,-,Maximo
971,38.84,-1234805,2891.7267322723937,54,-,-,-,-,Maximo
972,38.88,-1236653,2796.420961358366,54,-,-,-,-,Maximo
973,38.92,-1238512,1634.2069618961127,54,-,-,-,-,Maximo
974,38.96,-1239216,-232.20885013950056,54,-,-,-,-,Maximo
975,39.0,-1239732,-1736.2534223539292,62,57.5,-,-,-,Maximo
976,39.04,-1239969,-2170.5009755403835,62,-,-,-,-,Maximo
977,39.08,-1232693,-1979.7473317089361,62,-,-,-,-,Maximo
978,39.12,-1220546,-1796.5121919890207,62,-,-,-,-,Maximo
979,39.16,-1215588,-1689.9824596223534,62,-,-,-,-,Maximo
980,39.2,-1217262,-1569.1765661901964,62,-,-,-,-,Maximo
981,39.24,-1222897,-1150.3093832711188,62,-,-,-,-,Maximo
982,39.28,-1226716,-455.1073693795979,62,-,-,-,-,Maximo
983,39.32,-1227213,305.1499254164273,62,-,-,-,-,Maximo
984,39.36,-1229210,1067.3274386529401,62,-,-,-,-,Maximo
985,39.4,-1232419,1797.0462802109514,62,-,-,-,-,Maximo
986,39.44,-1236619,2542.3726443485875,62,-,-,-,-,Maximo
987,39.48,-1238221,2992.517854290214,62,-,-,-,-,Maximo
988,39.52,-1239158,2714.095806692665,62,-,-,-,-,Maximo
989,39.56,-1239884,1430.9454378361531,62,-,-,-,-,Maximo
990,39.6,-1240443,-405.0007420402631,62,-,-,-,-,Maximo
991,39.64,-1238083,-1920.6534874832005,62,-,-,-,-,Maximo
992,39.68,-1223607,-2800.137978539311,62,-,-,-,-,Maximo
993,39.72,-1215562,-2669.128479848734,62,-,-,-,-,Maximo
994,39.76,-1215552,-2098.179830340292,62,-,-,-,-,Maximo
995,39.8,-1219338,-1539.369420948868,62,-,-,-,-,Maximo
996,39.84,-1224737,-921.57449542827,62,-,-,-,-,Maximo
997,39.88,-1228288,-170.85722493699996,62,-,-,-,-,Maximo
998,39.92,-1226113,528.2960030551276,62,-,-,-,-,Maximo
999,39.96,-1227613,1331.9256878332972,62,-,-,-,-,Maximo
1000,40.0,-1230622,2149.1729669065753,62,-,-,-,-,Maximo
1001,40.04,-1233277,2847.480839332272,62,-,-,-,-,Maximo
1002,40.08,-1236503,3048.079404915943,62,-,-,-,-,Maximo
1003,40.12,-1238138,2190.363946142126,62,-,-,-,-,Maximo
1004,40.16,-1238828,418.10423401662456,62,-,-,-,-,Maximo
1005,40.2,-1239328,-1339.7960364879023,62,-,-,-,-,Maximo
1006,40.24,-1240665,-2133.455704812248,62,-,-,-,-,Maximo
1007,40.28,-1239015,-1978.5665747059998,62,-,-,-,-,Maximo
1008,40.32,-1235569,-1480.1125235301415,62,-,-,-,-,Maximo
1009,40.36,-1221436,-1573.6492232401652,62,-,-,-,-,Maximo
1010,40.4,-1215081,-1747.9231666131964,62,-,-,-,-,Maximo
1011,40.44,-1216183,-1638.1233329780216,62,-,-,-,-,Maximo
1012,40.48,-1221186,-1048.955662254054,62,-,-,-,-,Maximo
1013,40.52,-1224912,-204.04075364613982,62,-,-,-,-,Maximo
1014,40.56,-1226204,585.0500494524576,62,-,-,-,-,Maximo
1015,40.6,-1227279,1214.7874596148458,62,-,-,-,-,Maximo
1016,40.64,-1229959,1807.2215191836694,62,-,-,-,-,Maximo
1017,40.68,-1232916,2448.115621507175,62,-,-,-,-,Maximo
1018,40.72,-1235017,2956.649807825771,62,-,-,-,-,Maximo
1019,40.76,-1237021,2858.8604921751066,62,-,-,-,-,Maximo
1020,40.8,-1238430,1745.0321542597817,62,-,-,-,-,Maximo
1021,40.84,-1239074,-77.09191241371241,62,-,-,-,-,Maximo
1022,40.88,-1240369,-1623.95277544531,62,-,-,-,-,Maximo
1023,40.92,-1235251,-2397.960324113026,62,-,-,-,-,Maximo
1024,40.96,-1218837,-2657.8000200351144,62,-,-,-,-,Maximo
1025,41.0,-1214247,-2269.6568646524665,62,-,-,-,-,Maximo
1026,41.04,-1216831,-1784.012663150078,62,-,-,-,-,Maximo
1027,41.08,-1221493,-1302.0080995314806,62,-,-,-,-,Maximo
1028,41.12,-1226524,-673.2951455941829,62,-,-,-,-,Maximo
1029,41.16,-1227042,-32.60774757724084,62,-,-,-,-,Maximo
1030,41.2,-1225825,597.847484525696,62,-,-,-,-,Maximo
1031,41.24,-1228287,1370.262391522252,62,-,-,-,-,Maximo
1032,41.28,-1232326,2262.9505630355097,62,-,-,-,-,Maximo
1033,41.32,-1233026,2914.6851526307646,62,-,-,-,-,Maximo
1034,41.36,-1236306,2936.2752263007915,62,-,-,-,-,Maximo
1035,41.4,-1238214,1771.6902604604475,62,-,-,-,-,Maximo
1036,41.44,-1239705,-122.0355501355964,62,-,-,-,-,Maximo
1037,41.48,-1240251,-1653.7396351762345,62,-,-,-,-,Maximo
1038,41.52,-1239074,-2106.9263932382155,62,-,-,-,-,Maximo
1039,41.56,-1238951,-1652.2274699074296,62,-,-,-,-,Maximo
1040,41.6,-1230211,-1391.0121625519478,62,-,-,-,-,Maximo
1041,41.64,-1216977,-1639.5152116026456,62,-,-,-,-,Maximo
1042,41.68,-1215023,-1709.8033080420082,62,-,-,-,-,Maximo
1043,41.72,-1218275,-1408.9406542547613,62,-,-,-,-,Maximo
1044,41.76,-1222848,-741.9078280021249,62,-,-,-,-,Maximo
1045,41.8,-1226976,75.1973791536966,62,-,-,-,-,Maximo
1046,41.84,-1227058,750.9905280075973,62,-,-,-,-,Maximo
1047,41.88,-1226879,1359.7820211415547,62,-,-,-,-,Maximo
1048,41.92,-1230244,2063.6526604039773,62,-,-,-,-,Maximo
1049,41.96,-1233356,2714.287514214371,62,-,-,-,-,Maximo
1050,42.0,-1235802,3016.726350054265,52,57.25,-,-,-,Maximo
1051,42.04,-1239694,2564.477039501904,52,-,-,-,-,Maximo
1052,42.08,-1240709,1069.7081910619822,52,-,-,-,-,Maximo
1053,42.12,-1236183,-938.85575239429,52,-,-,-,-,Maximo
1054,42.16,-1217872,-2735.63611367876,52,-,-,-,-,Maximo
1055,42.2,-1214833,-2925.7817216674157,52,-,-,-,-,Maximo
1056,42.24,-1217591,-2209.609030791935,52,-,-,-,-,Maximo
1057,42.28,-1224367,-1348.2341167126974,52,-,-,-,-,Maximo
1058,42.32,-1228023,-899.5252813602101,52,-,-,-,-,Maximo
1059,42.36,-1226351,-760.7862346981478,52,-,-,-,-,Maximo
1060,42.4,-1226243,-368.66301187553995,52,-,-,-,-,Maximo
1061,42.44,-1229683,538.9408769974448,52,-,-,-,-,Maximo
1062,42.48,-1231974,1737.2268819597575,52,-,-,-,-,Maximo
1063,42.52,-1235103,2827.0703330997667,52,-,-,-,-,Maximo
1064,42.56,-1237408,2986.040292867666,52,-,-,-,-,Maximo
1065,42.6,-1239379,1798.4649372705662,52,-,-,-,-,Maximo
1066,42.64,-1239286,-198.758912727841,52,-,-,-,-,Maximo
1067,42.68,-1240786,-1620.7455682783211,52,-,-,-,-,Maximo
1068,42.72,-1238995,-1905.2583726795183,52,-,-,-,-,Maximo
1069,42.76,-1234174,-1477.9593106436632,52,-,-,-,-,Maximo
1070,42.8,-1219028,-1465.0523660772105,52,-,-,-,-,Maximo
1071,42.84,-1214620,-1545.8941831926768,52,-,-,-,-,Maximo
1072,42.88,-1217500,-1498.7865751487288,52,-,-,-,-,Maximo
1073,42.92,-1221363,-1104.1056389379105,52,-,-,-,-,Maximo
1074,42.96,-1227302,-283.0677504588166,52,-,-,-,-,Maximo
1075,43.0,-1226817,450.1207887619976,52,-,-,-,-,Maximo
1076,43.04,-1226052,1101.2769160289845,52,-,-,-,-,Maximo
1077,43.08,-1230462,1856.6006638258514,52,-,-,-,-,Maximo
1078,43.12,-1232207,2522.9916582891165,52,-,-,-,-,Maximo
1079,43.16,-1235077,3020.2148046665707,52,-,-,-,-,Maximo
1080,43.2,-1236294,2750.0199645116127,52,-,-,-,-,Maximo
1081,43.24,-1238152,1472.413130798258,52,-,-,-,-,Maximo
1082,43.28,-1240145,-369.64448594779196,52,-,-,-,-,Maximo
1083,43.32,-1239802,-1842.0802265062161,52,-,-,-,-,Maximo
1084,43.36,-1240345,-2201.8438063689446,52,-,-,-,-,Maximo
1085,43.4,-1217397,-2492.5893784060117,52,-,-,-,-,Maximo
1086,43.44,-1215613,-1993.1229957858159,52,-,-,-,-,Maximo
1087,43.48,-1219485,-1583.2715117850921,52,-,-,-,-,Maximo
1088,43.52,-1224609,-1233.9902825799932,52,-,-,-,-,Maximo
1089,43.56,-1228108,-742.720475481412,52,-,-,-,-,Maximo
1090,43.6,-1227538,-179.43097711502014,52,-,-,-,-,Maximo
1091,43.64,-1227045,423.5067331790715,52,-,-,-,-,Maximo
1092,43.68,-1231184,1197.2427388063643,52,-,-,-,-,Maximo
1093,43.72,-1233630,2049.325978784311,52,-,-,-,-,Maximo
1094,43.76,-1236430,2869.4907887873396,52,-,-,-,-,Maximo
1095,43.8,-1238471,2965.372349035407,52,-,-,-,-,Maximo
1096,43.84,-1239620,1796.8747781306201,52,-,-,-,-,Maximo
1097,43.88,-1240906,-149.38371066062814,52,-,-,-,-,Maximo
1098,43.92,-1240369,-1689.9513231893393,52,-,-,-,-,Maximo
1099,43.96,-1240257,-1989.597879933594,52,-,-,-,-,Maximo
1100,44.0,-1234313,-1660.3511897833587,52,-,-,-,-,Maximo
1101,44.04,-1219977,-1651.6955929529431,52,-,-,-,-,Maximo
1102,44.08,-1215342,-1709.4084259418814,52,-,-,-,-,Maximo
1103,44.12,-1216624,-1630.8091229724814,52,-,-,-,-,Maximo
1104,44.16,-1220840,-1133.7805701535299,52,-,-,-,-,Maximo
1105,44.2,-1227926,-221.82379320954442,52,-,-,-,-,Maximo
1106,44.24,-1226118,470.88759112115713,52,-,-,-,-,Maximo
1107,44.28,-1228067,1181.1452632739301,52,-,-,-,-,Maximo
1108,44.32,-1230708,1852.8950276870573,52,-,-,-,-,Maximo
1109,44.36,-1233713,2543.5248053330624,52,-,-,-,-,Maximo
1110,44.4,-1235389,2999.922830481156,52,-,-,-,-,Maximo
1111,44.44,-1237659,2783.2006990901664,52,-,-,-,-,Maximo
1112,44.48,-1238524,1504.698829458252,52,-,-,-,-,Maximo
1113,44.52,-1239761,-365.05146845443915,52,-,-,-,-,Maximo
1114,44.56,-1240769,-1864.4007929569889,52,-,-,-,-,Maximo
1115,44.6,-1240064,-2364.5324012897217,52,-,-,-,-,Maximo
1116,44.64,-1218764,-2652.095346244774,52,-,-,-,-,Maximo
1117,44.68,-1215665,-2156.406208987104,52,-,-,-,-,Maximo
1118,44.72,-1217948,-1700.6732056526726,52,-,-,-,-,Maximo
1119,44.76,-1224520,-1206.5139144552752,52,-,-,-,-,Maximo
1120,44.8,-1227783,-660.2205860943313,52,-,-,-,-,Maximo
1121,44.84,-1225586,-119.59432675852622,52,-,-,-,-,Maximo
1122,44.88,-1228302,595.1607606715165,52,-,-,-,-,Maximo
1123,44.92,-1231736,1326.3009506657463,52,-,-,-,-,Maximo
1124,44.96,-1234058,2127.4908796459576,52,-,-,-,-,Maximo
1125,45.0,-1237777,2944.4596912955885,24,48.0,-,-,-,-
1126,45.04,-1239576,3050.0649920642263,24,-,-,-,-,-
1127,45.08,-1240515,1914.5984199404988,24,-,-,-,-,-
1128,45.12,-1238203,-155.77524673130029,24,-,-,-,-,-
1129,45.16,-1229150,-2045.7304066950219,24,-,-,-,-,-
1130,45.2,-1216338,-2828.298870491297,24,-,-,-,-,-
1131,45.24,-1215138,-2333.4605956408213,24,-,-,-,-,-
1132,45.28,-1218143,-1640.5513582156645,24,-,-,-,-,-
1133,45.32,-1223197,-1178.2524579430014,24,-,-,-,-,-
1134,45.36,-1226459,-820.087428221329,24,-,-,-,-,-
1135,45.4,-1227022,-288.2835736665411,24,-,-,-,-,-
1136,45.44,-1226905,521.3847952129436,24,-,-,-,-,-
1137,45.48,-1228911,1565.1555830802426,24,-,-,-,-,-
1138,45.52,-1232446,2582.3551770748754,24,-,-,-,-,-
1139,45.56,-1233950,3028.0465181982318,24,-,-,-,-,-
1140,45.6,-1237153,2547.7786355567487,24,-,-,-,-,-
1141,45.64,-1237906,999.8602368592847,24,-,-,-,-,-
1142,45.68,-1239228,-782.8852010240828,24,-,-,-,-,-
1143,45.72,-1239971,-1874.8937125026512,24,-,-,-,-,-
1144,45.76,-1240174,-1932.8548478702187,24,-,-,-,-,-
1145,45.8,-1240424,-1403.288353099127,24,-,-,-,-,-
1146,45.84,-1235589,-1128.576714447333,24,-,-,-,-,-
1147,45.88,-1220102,-1537.2925671574521,24,-,-,-,-,-
1148,45.92,-1214063,-1740.244432018555,24,-,-,-,-,-
1149,45.96,-1218663,-1366.0819566815608,24,-,-,-,-,-
1150,46.0,-1223526,-672.6424912412572,24,-,-,-,-,-
1151,46.04,-1227463,126.91770095485663,24,-,-,-,-,-
1152,46.08,-1226014,684.879172133481,24,-,-,-,-,-
1153,46.12,-1228834,1255.9686427654824,24,-,-,-,-,-
1154,46.16,-1231608,1815.25593379573,24,-,-,-,-,-
1155,46.2,-1234615,2476.022478127309,24,-,-,-,-,-
1156,46.24,-1236806,2996.4851052471295,24,-,-,-,-,-
1157,46.28,-1237734,2786.9499796563086,24,-,-,-,-,-
1158,46.32,-1238949,1498.3060218310625,24,-,-,-,-,-
1159,46.36,-1239677,-441.77646294583224,24,-,-,-,-,-
1160,46.4,-1240224,-1919.9143017770189,24,-,-,-,-,-
1161,46.44,-1239728,-2292.328915439538,24,-,-,-,-,-
1162,46.48,-1234480,-2024.3520475377109,24,-,-,-,-,-
1163,46.52,-1218727,-2054.826154646924,24,-,-,-,-,-
1164,46.56,-1215494,-1930.4921984563716,24,-,-,-,-,-
1165,46.6,-1217506,-1625.7112110520293,24,-,-,-,-,-
1166,46.64,-1221378,-988.7607997852863,24,-,-,-,-,-
1167,46.68,-1226419,-115.24256708271514,24,-,-,-,-,-
1168,46.72,-1227644,593.6191281754009,24,-,-,-,-,-
1169,46.76,-1226268,1080.9636537503538,24,-,-,-,-,-
1170,46.8,-1228274,1662.1724281542247,24,-,-,-,-,-
1171,46.84,-1230847,2352.8624734247014,24,-,-,-,-,-
1172,46.88,-1233386,2901.1431764422177,24,-,-,-,-,-
1173,46.92,-1236213,2753.3353887380426,24,-,-,-,-,-
1174,46.96,-1237808,1519.3023775226443,24,-,-,-,-,-
1175,47.0,-1239492,-298.67235107135366,24,-,-,-,-,-
1176,47.04,-1240206,-1722.0950761492054,24,-,-,-,-,-
1177,47.08,-1240059,-2113.0287413162805,24,-,-,-,-,-
1178,47.12,-1239948,-1688.187062202644,24,-,-,-,-,-
1179,47.16,-1234755,-1321.5829988206106,24,-,-,-,-,-
1180,47.2,-1218754,-1638.9730334552023,24,-,-,-,-,-
1181,47.24,-1214323,-1805.7489709027031,24,-,-,-,-,-
1182,47.28,-1217915,-1564.5355788326187,24,-,-,-,-,-
1183,47.32,-1222253,-960.2309860881385,24,-,-,-,-,-
1184,47.36,-1226693,-126.03326839985584,24,-,-,-,-,-
1185,47.4,-1226566,569.8128513379224,24,-,-,-,-,-
1186,47.44,-1226983,1188.4268691243715,24,-,-,-,-,-
1187,47.48,-1231223,1898.4866566289984,24,-,-,-,-,-
1188,47.52,-1233125,2566.3035242386577,24,-,-,-,-,-
1189,47.56,-1235855,3076.813228490746,24,-,-,-,-,-
1190,47.6,-1238006,2844.2905693033545,24,-,-,-,-,-
1191,47.64,-1238937,1508.8096254834963,24,-,-,-,-,-
1192,47.68,-1239668,-420.65471364856353,24,-,-,-,-,-
1193,47.72,-1239461,-1903.8582019034293,24,-,-,-,-,-
1194,47.76,-1240887,-2222.3808411682694,24,-,-,-,-,-
1195,47.8,-1236549,-1938.9970785595333,24,-,-,-,-,-
1196,47.84,-1222463,-1912.111106489805,24,-,-,-,-,-
1197,47.88,-1215583,-1920.037309644842,24,-,-,-,-,-
1198,47.92,-1216293,-1729.6027815806337,24,-,-,-,-,-
1199,47.96,-1220287,-1181.2181585919614,24,-,-,-,-,-
1200,48.0,-1224791,-356.7807710416728,58,49.0,-,-,-,-
1201,48.04,-1227278,449.25529542458753,58,-,-,-,-,-
1202,48.08,-1226774,1041.0402101892823,58,-,-,-,-,-
1203,48.12,-1230039,1668.9296245764508,58,-,-,-,-,-
1204,48.16,-1232553,2314.200563327221,58,-,-,-,-,-
1205,48.2,-1236099,2937.566768966637,58,-,-,-,-,-
1206,48.24,-1236582,2918.982451556156,58,-,-,-,-,-
1207,48.28,-1238450,1930.7514772103718,58,-,-,-,-,-
1208,48.32,-1239351,126.99038928868481,58,-,-,-,-,-
1209,48.36,-1240854,-1503.8632123517295,58,-,-,-,-,-
1210,48.4,-1240403,-2244.626598820174,58,-,-,-,-,-
1211,48.44,-1238699,-2101.932604817829,58,-,-,-,-,-
1212,48.48,-1233610,-1765.5029179836283,58,-,-,-,-,-
1213,48.52,-1217347,-1960.5778626671909,58,-,-,-,-,-
1214,48.56,-1215742,-1819.775882681084,58,-,-,-,-,-
1215,48.6,-1216846,-1440.0015716254593,58,-,-,-,-,-
1216,48.64,-1221355,-694.6244661707915,58,-,-,-,-,-
1217,48.68,-1226175,153.99029328685174,58,-,-,-,-,-
1218,48.72,-1228221,822.5936401892304,58,-,-,-,-,-
1219,48.76,-1225899,1262.236517388067,58,-,-,-,-,-
1220,48.8,-1229095,1917.3043644691143,58,-,-,-,-,-
1221,48.84,-1233499,2660.7604062286227,58,-,-,-,-,-
1222,48.88,-1235370,3071.562525440553,58,-,-,-,-,-
1223,48.92,-1238477,2751.847369333168,58,-,-,-,-,-
1224,48.96,-1238362,1326.8871890478526,58,-,-,-,-,-
1225,49.0,-1240316,-517.1263518667379,58,-,-,-,-,-
1226,49.04,-1240035,-1943.707453639443,58,-,-,-,-,-
1227,49.08,-1239455,-2319.0562659853886,58,-,-,-,-,-
1228,49.12,-1234031,-2058.3191673701795,58,-,-,-,-,-
1229,49.16,-1218784,-2009.4698705040446,58,-,-,-,-,-
1230,49.2,-1214321,-1908.9072235191052,58,-,-,-,-,-
1231,49.24,-1216468,-1725.1238014577566,58,-,-,-,-,-
1232,49.28,-1220491,-1231.435436042025,58,-,-,-,-,-
1233,49.32,-1226119,-341.30261324510593,58,-,-,-,-,-
1234,49.36,-1227200,506.55790141520083,58,-,-,-,-,-
1235,49.4,-1225785,1155.1274446803463,58,-,-,-,-,-
1236,49.44,-1228301,1839.1686367618267,58,-,-,-,-,-
1237,49.48,-1231617,2559.496178396588,58,-,-,-,-,-
1238,49.52,-1233964,3072.099030694527,58,-,-,-,-,-
1239,49.56,-1236334,2879.7315380361506,58,-,-,-,-,-
1240,49.6,-1237523,1601.648880789135,58,-,-,-,-,-
1241,49.64,-1238302,-300.15407786434344,58,-,-,-,-,-
1242,49.68,-1239236,-1791.6045790028097,58,-,-,-,-,-
1243,49.72,-1240128,-2200.521639550161,58,-,-,-,-,-
1244,49.76,-1239937,-1780.1209757051306,58,-,-,-,-,-
1245,49.8,-1234818,-1389.6502403910727,58,-,-,-,-,-
1246,49.84,-1222494,-1572.8176810614605,58,-,-,-,-,-
1247,49.88,-1215734,-1789.256635642947,58,-,-,-,-,-
1248,49.92,-1216632,-1574.009842905737,58,-,-,-,-,-
1249,49.96,-1221820,-870.972896892325,58,-,-,-,-,-
1250,50.0,-1226840,-0.9251146762990174,58,-,-,-,-,-
1251,50.04,-1227658,653.1804392198756,58,-,-,-,-,-
1252,50.08,-1226599,1096.0782519853046,58,-,-,-,-,-
1253,50.12,-1229944,1662.5005836671098,58,-,-,-,-,-
1254,50.16,-1233175,2326.093246615207,58,-,-,-,-,-
1255,50.2,-1236844,2917.4978134971625,58,-,-,-,-,-
1256,50.24,-1238549,2833.9928699868506,58,-,-,-,-,-
1257,50.28,-1238934,1702.3324483828014,58,-,-,-,-,-
1258,50.32,-1239330,-115.71937351769816,58,-,-,-,-,-
1259,50.36,-1239294,-1687.4367061795328,58,-,-,-,-,-
1260,50.4,-1239573,-2242.125188930113,58,-,-,-,-,-
1261,50.44,-1233846,-2090.8590293736224,58,-,-,-,-,-
1262,50.48,-1218623,-2039.8171661458582,58,-,-,-,-,-
1263,50.52,-1214402,-1906.7547196352607,58,-,-,-,-,-
1264,50.56,-1216468,-1709.6415391844048,58,-,-,-,-,-
1265,50.6,-1221758,-1157.4996462913768,58,-,-,-,-,-
1266,50.64,-1226446,-267.43456257780963,58,-,-,-,-,-
1267,50.68,-1227046,588.0233651448898,58,-,-,-,-,-
1268,50.72,-1228137,1287.8721131356724,58,-,-,-,-,-
1269,50.76,-1228121,1796.3659791736309,58,-,-,-,-,-
1270,50.8,-1230890,2398.2159845746155,58,-,-,-,-,-
1271,50.84,-1233813,2890.3405166549373,58,-,-,-,-,-
1272,50.88,-1235797,2708.616224963137,58,-,-,-,-,-
1273,50.92,-1237753,1489.1787027392725,58,-,-,-,-,-
1274,50.96,-1238665,-386.58227169246175,58,-,-,-,-,-
1275,51.0,-1239101,-1864.4186596548443,54,47.0,-,-,-,-
1276,51.04,-1239571,-2238.1644097440776,54,-,-,-,-,-
1277,51.08,-1238220,-1799.7438627120082,54,-,-,-,-,-
1278,51.12,-1228968,-1478.5959729856404,54,-,-,-,-,-
1279,51.16,-1217935,-1543.813290302538,54,-,-,-,-,-
1280,51.2,-1215587,-1573.7262497850334,54,-,-,-,-,-
1281,51.24,-1218195,-1340.7552342919826,54,-,-,-,-,-
1282,51.28,-1223506,-719.7551947832726,54,-,-,-,-,-
1283,51.32,-1227523,70.79172089717667,54,-,-,-,-,-
1284,51.36,-1226742,709.1096222717815,54,-,-,-,-,-
1285,51.4,-1228408,1336.0618611868395,54,-,-,-,-,-
1286,51.44,-1231698,1992.8669374046913,54,-,-,-,-,-
1287,51.48,-1234771,2629.3457602728467,54,-,-,-,-,-
1288,51.52,-1236618,2913.4076954056018,54,-,-,-,-,-
1289,51.56,-1238212,2383.6953658777047,54,-,-,-,-,-
1290,51.6,-1238774,900.8545479596851,54,-,-,-,-,-
1291,51.64,-1240477,-837.4157037787726,54,-,-,-,-,-
1292,51.68,-1240230,-2006.2398751333542,54,-,-,-,-,-
1293,51.72,-1238876,-2194.2253827539635,54,-,-,-,-,-
1294,51.76,-1228980,-2042.5680040298012,54,-,-,-,-,-
1295,51.8,-1216969,-1972.572251878808,54,-,-,-,-,-
1296,51.84,-1215652,-1779.538871413588,54,-,-,-,-,-
1297,51.88,-1218726,-1421.3937429868506,54,-,-,-,-,-
1298,51.92,-1221911,-801.335393097974,54,-,-,-,-,-
1299,51.96,-1227400,76.99537513971427,54,-,-,-,-,-
1300,52.0,-1227554,747.7884507612862,54,-,-,-,-,-
1301,52.04,-1227002,1297.4406466933115,54,-,-,-,-,-
1302,52.08,-1229711,1971.1304708688122,54,-,-,-,-,-
1303,52.12,-1232989,2685.252034609751,54,-,-,-,-,-
1304,52.16,-1234424,2996.999536300861,54,-,-,-,-,-
1305,52.2,-1235911,2435.838789719199,54,-,-,-,-,-
1306,52.24,-1238191,948.2916894530322,54,-,-,-,-,-
1307,52.28,-1238826,-852.2641909865472,54,-,-,-,-,-
1308,52.32,-1240694,-1941.0173337531023,54,-,-,-,-,-
1309,52.36,-1239643,-2098.7422220207145,54,-,-,-,-,-
1310,52.4,-1240863,-1570.5768104578447,54,-,-,-,-,-
1311,52.44,-1234775,-1305.6264770066991,54,-,-,-,-,-
1312,52.48,-1221828,-1564.9812779916047,54,-,-,-,-,-
1313,52.52,-1215424,-1717.029447797422,54,-,-,-,-,-
1314,52.56,-1216263,-1429.8182953092464,54,-,-,-,-,-
1315,52.6,-1220190,-779.6932154127605,54,-,-,-,-,-
1316,52.64,-1225672,15.619720151983529,54,-,-,-,-,-
1317,52.68,-1227489,640.0180574091328,54,-,-,-,-,-
1318,52.72,-1226579,1118.7019655764989,54,-,-,-,-,-
1319,52.76,-1229938,1763.7831484269445,54,-,-,-,-,-
1320,52.8,-1232989,2464.742526329209,54,-,-,-,-,-
1321,52.84,-1235741,3011.6025070152236,54,-,-,-,-,-
1322,52.88,-1238892,2932.520844393798,54,-,-,-,-,-
1323,52.92,-1239616,1769.6483564224595,54,-,-,-,-,-
1324,52.96,-1239550,-103.93912876687864,54,-,-,-,-,-
1325,53.0,-1241486,-1669.7358693999365,54,-,-,-,-,-
1326,53.04,-1240890,-2338.3399062878007,54,-,-,-,-,-
1327,53.08,-1237460,-2190.9807169728265,54,-,-,-,-,-
1328,53.12,-1222080,-2153.6246008915095,54,-,-,-,-,-
1329,53.16,-1215506,-2037.1510957690043,54,-,-,-,-,-
1330,53.2,-1215066,-1870.4709994182176,54,-,-,-,-,-
1331,53.24,-1219461,-1366.4559227519264,54,-,-,-,-,-
1332,53.28,-1224413,-527.6820391251395,54,-,-,-,-,-
1333,53.32,-1227713,392.05623637990175,54,-,-,-,-,-
1334,53.36,-1225587,1036.108796665938,54,-,-,-,-,-
1335,53.4,-1228957,1738.6636299857255,54,-,-,-,-,-
1336,53.44,-1231306,2431.257369971294,54,-,-,-,-,-
1337,53.48,-1234145,3081.0385524198537,54,-,-,-,-,-
1338,53.52,-1235466,3113.3060616656658,54,-,-,-,-,-
1339,53.56,-1238867,2146.983874674497,54,-,-,-,-,-
1340,53.6,-1239050,241.6971865552764,54,-,-,-,-,-
1341,53.64,-1239479,-1521.5006870700147,54,-,-,-,-,-
1342,53.68,-1239668,-2300.7270202075515,54,-,-,-,-,-
1343,53.72,-1240122,-2068.1790618053187,54,-,-,-,-,-
1344,53.76,-1239253,-1531.8790709399855,54,-,-,-,-,-
1345,53.8,-1227882,-1560.9861159317115,54,-,-,-,-,-
1346,53.84,-1215556,-1869.9458292418803,54,-,-,-,-,-
1347,53.88,-1216169,-1683.4022940370724,54,-,-,-,-,-
1348,53.92,-1219868,-1108.0524068808859,54,-,-,-,-,-
1349,53.96,-1224965,-271.5004678047876,54,-,-,-,-,-
1350,54.0,-1227542,502.8924968535639,56,48.0,-,-,-,-
1351,54.04,-1231808,1203.1605349499177,56,-,-,-,-,-
1352,54.08,-1233667,1697.243261928439,56,-,-,-,-,-
1353,54.12,-1236292,2219.2718414272977,56,-,-,-,-,-
1354,54.16,-1237595,2728.960219780709,56,-,-,-,-,-
1355,54.2,-1239160,2911.529560904198,56,-,-,-,-,-
1356,54.24,-1240074,2172.0821066930966,56,-,-,-,-,-
1357,54.28,-1239562,428.7775281399638,56,-,-,-,-,-
1358,54.32,-1240100,-1448.3193367433714,56,-,-,-,-,-
1359,54.36,-1235958,-2666.722858691216,56,-,-,-,-,-
1360,54.4,-1221238,-3138.817141507954,56,-,-,-,-,-
1361,54.44,-1216149,-2663.9280498839944,56,-,-,-,-,-
1362,54.48,-1214835,-1953.50715990147,56,-,-,-,-,-
1363,54.52,-1219722,-1119.975572277504,56,-,-,-,-,-
1364,54.56,-1224338,-337.07714802313785,56,-,-,-,-,-
1365,54.6,-1227810,395.5947328367829,56,-,-,-,-,-
1366,54.64,-1225742,922.8480527512265,56,-,-,-,-,-
1367,54.68,-1227344,1564.4074146369385,56,-,-,-,-,-
1368,54.72,-1230460,2287.353419341799,56,-,-,-,-,-
1369,54.76,-1233355,2881.1811564781638,56,-,-,-,-,-
1370,54.8,-1236169,2892.1980980928156,56,-,-,-,-,-
1371,54.84,-1237449,1868.8572072796355,56,-,-,-,-,-
1372,54.88,-1238854,107.76975766874466,56,-,-,-,-,-
1373,54.92,-1238587,-1549.7220568855807,56,-,-,-,-,-
1374,54.96,-1239957,-2207.4719585692205,56,-,-,-,-,-
1375,55.0,-1238921,-1982.7822153133588,56,-,-,-,-,-
1376,55.04,-1238268,-1419.5947192013236,56,-,-,-,-,-
1377,55.08,-1234165,-1233.959245462479,56,-,-,-,-,-
1378,55.12,-1219555,-1699.948440929893,56,-,-,-,-,-
1379,55.16,-1214850,-1789.8240129624683,56,-,-,-,-,-
1380,55.2,-1218248,-1270.4465892304343,56,-,-,-,-,-
1381,55.24,-1224344,-377.5542522233982,56,-,-,-,-,-
1382,55.28,-1227170,436.6478139527726,56,-,-,-,-,-
1383,55.32,-1226317,970.1288522651375,56,-,-,-,-,-
1384,55.36,-1227956,1424.735744631741,56,-,-,-,-,-
1385,55.4,-1231750,1926.5696084288438,56,-,-,-,-,-
1386,55.44,-1234659,2460.8354109530383,56,-,-,-,-,-
1387,55.48,-1237059,2835.0280400477677,56,-,-,-,-,-
1388,55.52,-1238281,2527.7577302281525,56,-,-,-,-,-
1389,55.56,-1238905,1238.2640796091346,56,-,-,-,-,-
1390,55.6,-1239690,-572.3432589039959,56,-,-,-,-,-
1391,55.64,-1240882,-1896.307516638599,56,-,-,-,-,-
1392,55.68,-1239633,-2226.30971410293,56,-,-,-,-,-
1393,55.72,-1234116,-1968.1480094142626,56,-,-,-,-,-
1394,55.76,-1218555,-2032.239748351325,56,-,-,-,-,-
1395,55.8,-1214742,-1974.2799102698555,56,-,-,-,-,-
1396,55.84,-1215868,-1719.5926466508781,56,-,-,-,-,-
1397,55.88,-1221523,-1000.8334762760514,56,-,-,-,-,-
1398,55.92,-1225836,-96.19428780321232,56,-,-,-,-,-
1399,55.96,-1226928,653.3759116782103,56,-,-,-,-,-
1400,56.0,-1226380,1181.67917127914,56,-,-,-,-,-
1401,56.04,-1229349,1792.2104834968904,56,-,-,-,-,-
1402,56.08,-1230813,2451.6839357347462,56,-,-,-,-,-
1403,56.12,-1235100,3061.4112640004687,56,-,-,-,-,-
1404,56.16,-1237006,2862.882250918022,56,-,-,-,-,-
1405,56.2,-1237510,1534.4500546644463,56,-,-,-,-,-
1406,56.24,-1239109,-369.8232590804521,56,-,-,-,-,-
1407,56.28,-1238934,-1896.5251192577857,56,-,-,-,-,-
1408,56.32,-1240635,-2260.6110852953,56,-,-,-,-,-
1409,56.36,-1240466,-1830.233354559521,56,-,-,-,-,-
1410,56.4,-1236905,-1393.962080712652,56,-,-,-,-,-
1411,56.44,-1221111,-1680.097118769434,56,-,-,-,-,-
1412,56.48,-1215880,-1821.1169793691424,56,-,-,-,-,-
1413,56.52,-1216011,-1607.6957007456713,56,-,-,-,-,-
1414,56.56,-1221118,-889.0419921235764,56,-,-,-,-,-
1415,56.6,-1225944,4.3562160131823475,56,-,-,-,-,-
1416,56.64,-1227766,714.952616357863,56,-,-,-,-,-
1417,56.68,-1226959,1156.3596670856596,56,-,-,-,-,-
1418,56.72,-1229003,1652.4312814952427,56,-,-,-,-,-
1419,56.76,-1232025,2315.9880238533015,56,-,-,-,-,-
1420,56.8,-1234450,2938.0869201804044,56,-,-,-,-,-
1421,56.84,-1237256,2975.2784145003416,56,-,-,-,-,-
1422,56.88,-1238902,1897.1893814331283,56,-,-,-,-,-
1423,56.92,-1238648,-17.325769155236003,56,-,-,-,-,-
1424,56.96,-1240399,-1632.1883019820025,56,-,-,-,-,-
1425,57.0,-1240282,-2266.2611889584277,57,56.25,-,-,-,-
1426,57.04,-1215355,-2728.618859809012,57,-,-,-,-,-
1427,57.08,-1215218,-2102.7775065653223,57,-,-,-,-,-
1428,57.12,-1219207,-1573.5781259094201,57,-,-,-,-,-
1429,57.16,-1225318,-1184.3754365700224,57,-,-,-,-,-
1430,57.2,-1227129,-832.1406096851551,57,-,-,-,-,-
1431,57.24,-1227431,-281.8206746387368,57,-,-,-,-,-
1432,57.28,-1228553,439.55756397532605,57,-,-,-,-,-
1433,57.32,-1231354,1263.0588139965994,57,-,-,-,-,-
1434,57.36,-1232550,2100.1748348736737,57,-,-,-,-,-
1435,57.4,-1235666,2891.430597506833,57,-,-,-,-,-
1436,57.44,-1237399,2914.457049434131,57,-,-,-,-,-
1437,57.48,-1237870,1656.5620282619566,57,-,-,-,-,-
1438,57.52,-1239394,-319.35494537381396,57,-,-,-,-,-
1439,57.56,-1241038,-1756.9899422338553,57,-,-,-,-,-
1440,57.6,-1240294,-2005.5798720845237,57,-,-,-,-,-
1441,57.64,-1237744,-1520.171845633493,57,-,-,-,-,-
1442,57.68,-1228501,-1322.8163460084234,57,-,-,-,-,-
1443,57.72,-1216653,-1571.9203222899669,57,-,-,-,-,-
1444,57.76,-1215069,-1561.7708509468102,57,-,-,-,-,-
1445,57.8,-1218055,-1164.1380140813035,57,-,-,-,-,-
1446,57.84,-1223876,-424.45473651280236,57,-,-,-,-,-
1447,57.88,-1227758,316.5931287811063,57,-,-,-,-,-
1448,57.92,-1226498,816.9453485548656,57,-,-,-,-,-
1449,57.96,-1226942,1336.7417534544866,57,-,-,-,-,-
1450,58.0,-1230764,2047.6508314134744,57,-,-,-,-,-
1451,58.04,-1232536,2700.464527001818,57,-,-,-,-,-
1452,58.08,-1236208,3005.8646647916685,57,-,-,-,-,-
1453,58.12,-1237902,2342.667960049738,57,-,-,-,-,-
1454,58.16,-1239160,742.2960065915781,57,-,-,-,-,-
1455,58.2,-1240191,-1066.8200247665286,57,-,-,-,-,-
1456,58.24,-1240981,-2140.6641692110975,57,-,-,-,-,-
1457,58.28,-1239745,-2203.2169511084817,57,-,-,-,-,-
1458,58.32,-1230272,-1941.2024691114948,57,-,-,-,-,-
1459,58.36,-1217689,-1884.3334589992064,57,-,-,-,-,-
1460,58.4,-1215277,-1821.9374130694268,57,-,-,-,-,-
1461,58.44,-1217660,-1627.8060734859082,57,-,-,-,-,-
1462,58.48,-1222285,-1064.9954959274048,57,-,-,-,-,-
1463,58.52,-1227162,-210.74938126955385,57,-,-,-,-,-
1464,58.56,-1227832,562.8491041988173,57,-,-,-,-,-
1465,58.6,-1226805,1203.224482896896,57,-,-,-,-,-
1466,58.64,-1230038,1964.1920976451593,57,-,-,-,-,-
1467,58.68,-1233114,2726.5177603444827,57,-,-,-,-,-
1468,58.72,-1235585,3153.6090428725056,57,-,-,-,-,-
1469,58.76,-1235957,2650.703325981618,57,-,-,-,-,-
1470,58.8,-1237327,1160.853732634369,57,-,-,-,-,-
1471,58.84,-1238602,-702.5552900181659,57,-,-,-,-,-
1472,58.88,-1239611,-1950.8559131871684,57,-,-,-,-,-
1473,58.92,-1240404,-2124.758421750681,57,-,-,-,-,-
1474,58.96,-1238990,-1668.887130740216,57,-,-,-,-,-
1475,59.0,-1235748,-1272.2606564284815,57,-,-,-,-,-
1476,59.04,-1218844,-1643.0103534624795,57,-,-,-,-,-
1477,59.08,-1215807,-1679.1709638431603,57,-,-,-,-,-
1478,59.12,-1215387,-1390.6828066591797,57,-,-,-,-,-
1479,59.16,-1221237,-614.6506642040861,57,-,-,-,-,-
1480,59.2,-1225591,165.22304826977597,57,-,-,-,-,-
1481,59.24,-1226683,705.1038383597524,57,-,-,-,-,-
1482,59.28,-1225471,1080.8775072987783,57,-,-,-,-,-
1483,59.32,-1229098,1690.9127133864667,57,-,-,-,-,-
1484,59.36,-1232072,2412.9855172336493,57,-,-,-,-,-
1485,59.4,-1235563,3013.377775421389,57,-,-,-,-,-
1486,59.44,-1237596,2873.500638894645,57,-,-,-,-,-
1487,59.48,-1238687,1649.5502612588352,57,-,-,-,-,-
1488,59.52,-1239682,-231.2290606707204,57,-,-,-,-,-
1489,59.56,-1241082,-1753.1924371154976,57,-,-,-,-,-
1490,59.6,-1239579,-2316.1266624807213,57,-,-,-,-,-
1491,59.64,-1233319,-2161.6416541055014,57,-,-,-,-,-
1492,59.68,-1217878,-2137.319168584505,57,-,-,-,-,-
1493,59.72,-1214964,-1983.660664422152,57,-,-,-,-,-
1494,59.76,-1218136,-1756.536605916951,57,-,-,-,-,-
1495,59.8,-1222675,-1242.915377069714,57,-,-,-,-,-
1496,59.84,-1226577,-421.06242903679595,57,-,-,-,-,-
1497,59.88,-1227060,392.2297344689878,57,-,-,-,-,-
1498,59.92,-1226513,1075.1742197078624,57,-,-,-,-,-
1499,59.96,-1229443,1815.4017206487097,57,-,-,-,-,-
1500,60.0,-1231634,2559.4346052288483,56,55.75,-,-,-,Maximo
1501,60.04,-1234729,3110.403297665025,56,-,-,-,-,Maximo
1502,60.08,-1235999,2803.907553258583,56,-,-,-,-,Maximo
1503,60.12,-1238774,1470.0150163621252,56,-,-,-,-,Maximo
1504,60.16,-1238168,-471.6542593612983,56,-,-,-,-,Maximo
1505,60.2,-1239405,-1794.441437042584,56,-,-,-,-,Maximo
1506,60.24,-1240330,-2020.2994914738292,56,-,-,-,-,Maximo
1507,60.28,-1240085,-1556.8201789969344,56,-,-,-,-,Maximo
1508,60.32,-1238284,-1155.084444017782,56,-,-,-,-,Maximo
1509,60.36,-1227369,-1396.9951989217298,56,-,-,-,-,Maximo
1510,60.4,-1216263,-1783.3636141026163,56,-,-,-,-,Maximo
1511,60.44,-1220212,-1471.7109930658116,56,-,-,-,-,Maximo
1512,60.48,-1226203,-780.3731235231492,56,-,-,-,-,Maximo
1513,60.52,-1227299,-97.051692495716,56,-,-,-,-,Maximo
1514,60.56,-1225857,441.94648657385414,56,-,-,-,-,Maximo
1515,60.6,-1229098,982.5366704852095,56,-,-,-,-,Maximo
1516,60.64,-1232361,1465.629419953536,56,-,-,-,-,Maximo
1517,60.68,-1234787,2014.3982604666098,56,-,-,-,-,Maximo
1518,60.72,-1237434,2587.254603645516,56,-,-,-,-,Maximo
1519,60.76,-1238628,2665.54390372143,56,-,-,-,-,Maximo
1520,60.8,-1239842,1809.4343534516684,56,-,-,-,-,Maximo
1521,60.84,-1240583,179.74952392786395,56,-,-,-,-,Maximo
1522,60.88,-1238966,-1363.1248744175846,56,-,-,-,-,Maximo
1523,60.92,-1223932,-2397.193890523391,56,-,-,-,-,Maximo
1524,60.96,-1216430,-2387.6069398250675,56,-,-,-,-,Maximo
1525,61.0,-1214837,-2040.1938188720724,56,-,-,-,-,Maximo
1526,61.04,-1218648,-1657.2432457729587,56,-,-,-,-,Maximo
1527,61.08,-1224773,-1131.281233800014,56,-,-,-,-,Maximo
1528,61.12,-1226952,-485.36968958027774,56,-,-,-,-,Maximo
1529,61.16,-1227016,246.0592918733655,56,-,-,-,-,Maximo
1530,61.2,-1226398,980.865708731681,56,-,-,-,-,Maximo
1531,61.24,-1229053,1850.7077511644084,56,-,-,-,-,Maximo
1532,61.28,-1231695,2664.0874689703815,56,-,-,-,-,Maximo
1533,61.32,-1236324,3040.8432490939995,56,-,-,-,-,Maximo
1534,61.36,-1237187,2268.1115396434334,56,-,-,-,-,Maximo
1535,61.4,-1238544,567.4339496142807,56,-,-,-,-,Maximo
1536,61.44,-1238925,-1219.9611398659122,56,-,-,-,-,Maximo
1537,61.48,-1240303,-2081.232832520975,56,-,-,-,-,Maximo
1538,61.52,-1240221,-1920.3739298714931,56,-,-,-,-,Maximo
1539,61.56,-1236880,-1402.5062847867166,56,-,-,-,-,Maximo
1540,61.6,-1223793,-1424.2613745353847,56,-,-,-,-,Maximo
1541,61.64,-1216206,-1659.084420332325,56,-,-,-,-,Maximo
1542,61.68,-1215327,-1719.2419484756047,56,-,-,-,-,Maximo
1543,61.72,-1220278,-1247.3740766847748,56,-,-,-,-,Maximo
1544,61.76,-1226709,-349.8312116183497,56,-,-,-,-,Maximo
1545,61.8,-1226470,429.6708725430508,56,-,-,-,-,Maximo
1546,61.84,-1226319,1055.212394219163,56,-,-,-,-,Maximo
1547,61.88,-1229653,1662.1833692336904,56,-,-,-,-,Maximo
1548,61.92,-1232425,2296.870056165384,56,-,-,-,-,Maximo
1549,61.96,-1235352,2916.7308888339057,56,-,-,-,-,Maximo
1550,62.0,-1237083,2990.555348606983,56,-,-,-,-,Maximo
1551,62.04,-1238474,2050.9571327140507,56,-,-,-,-,Maximo
1552,62.08,-1239400,265.36517456811157,56,-,-,-,-,Maximo
1553,62.12,-1240441,-1429.2088468052225,56,-,-,-,-,Maximo
1554,62.16,-1240999,-2182.7800853739227,56,-,-,-,-,Maximo
1555,62.2,-1234109,-2186.2962040420525,56,-,-,-,-,Maximo
1556,62.24,-1219196,-2123.597534062341,56,-,-,-,-,Maximo
1557,62.28,-1215183,-1929.4899472114648,56,-,-,-,-,Maximo
1558,62.32,-1218226,-1669.9422555735555,56,-,-,-,-,Maximo
1559,62.36,-1221995,-1204.8676241322164,56,-,-,-,-,Maximo
1560,62.4,-1227592,-395.7594873013559,56,-,-,-,-,Maximo
1561,62.44,-1227760,325.0131959871751,56,-,-,-,-,Maximo
1562,62.48,-1227008,928.1275331809984,56,-,-,-,-,Maximo
1563,62.52,-1231198,1661.2443207805482,56,-,-,-,-,Maximo
1564,62.56,-1234609,2445.268990397187,56,-,-,-,-,Maximo
1565,62.6,-1238089,3074.6985818910553,56,-,-,-,-,Maximo
1566,62.64,-1238891,2860.4274135261558,56,-,-,-,-,Maximo
1567,62.68,-1239957,1541.36323904943,56,-,-,-,-,Maximo
1568,62.72,-1240175,-406.97163513066675,56,-,-,-,-,Maximo
1569,62.76,-1239857,-1895.8210881768875,56,-,-,-,-,Maximo
1570,62.8,-1234786,-2421.128100455866,56,-,-,-,-,Maximo
1571,62.84,-1219844,-2443.575385427779,56,-,-,-,-,Maximo
1572,62.88,-1214993,-2047.2568449467817,56,-,-,-,-,Maximo
1573,62.92,-1218744,-1644.382415835551,56,-,-,-,-,Maximo
1574,62.96,-1226897,-1163.7524303507535,56,-,-,-,-,Maximo
1575,63.0,-1226598,-683.7420237625497,55,56.0,-,-,-,Maximo
1576,63.04,-1231118,225.0852669363003,55,-,-,-,-,Maximo
1577,63.08,-1233783,1095.1431656909108,55,-,-,-,-,Maximo
1578,63.12,-1235983,1829.9660080891226,55,-,-,-,-,Maximo
1579,63.16,-1238157,2479.5351032169756,55,-,-,-,-,Maximo
1580,63.2,-1239768,2889.7305257928583,55,-,-,-,-,Maximo
1581,63.24,-1240368,2566.8508677195846,55,-,-,-,-,Maximo
1582,63.28,-1241059,1216.3490868169436,55,-,-,-,-,Maximo
1583,63.32,-1233329,-958.1358561325915,55,-,-,-,-,Maximo
1584,63.36,-1218438,-2838.9408650858386,55,-,-,-,-,Maximo
1585,63.4,-1215398,-3164.7115581897306,55,-,-,-,-,Maximo
1586,63.44,-1220316,-2365.1005473436066,55,-,-,-,-,Maximo
1587,63.48,-1225867,-1359.8370253456183,55,-,-,-,-,Maximo
1588,63.52,-1227530,-633.8997135148138,55,-,-,-,-,Maximo
1589,63.56,-1226050,-114.00959686899068,55,-,-,-,-,Maximo
1590,63.6,-1229417,595.5620849041898,55,-,-,-,-,Maximo
1591,63.64,-1231490,1389.6126933535807,55,-,-,-,-,Maximo
1592,63.68,-1236180,2352.3883222022523,55,-,-,-,-,Maximo
1593,63.72,-1236936,2918.318284275948,55,-,-,-,-,Maximo
1594,63.76,-1237321,2598.8574717338815,55,-,-,-,-,Maximo
1595,63.8,-1240121,1242.7940369581206,55,-,-,-,-,Maximo
1596,63.84,-1240742,-630.9672359363785,55,-,-,-,-,Maximo
1597,63.88,-1240367,-1868.3484712844458,55,-,-,-,-,Maximo
1598,63.92,-1238193,-2034.3018396739121,55,-,-,-,-,Maximo
1599,63.96,-1224258,-1983.3336820591721,55,-,-,-,-,Maximo
1600,64.0,-1216024,-1873.0374160074698,55,-,-,-,-,Maximo
1601,64.04,-1215989,-1734.465347479132,55,-,-,-,-,Maximo
1602,64.08,-1220101,-1341.5065052859823,55,-,-,-,-,Maximo
1603,64.12,-1226998,-539.6313035912135,55,-,-,-,-,Maximo
1604,64.16,-1227162,182.4966983959357,55,-,-,-,-,Maximo
1605,64.2,-1227207,802.4250520057158,55,-,-,-,-,Maximo
1606,64.24,-1229519,1424.5146703947275,55,-,-,-,-,Maximo
1607,64.28,-1233256,2179.561704016386,55,-,-,-,-,Maximo
1608,64.32,-1235099,2853.2494649317914,55,-,-,-,-,Maximo
1609,64.36,-1236653,2982.570268778616,55,-,-,-,-,Maximo
1610,64.4,-1238195,2072.9077572669717,55,-,-,-,-,Maximo
1611,64.44,-1239454,288.6355443018972,55,-,-,-,-,Maximo
1612,64.48,-1239408,-1468.4971689012873,55,-,-,-,-,Maximo
1613,64.52,-1240973,-2205.6198658762905,55,-,-,-,-,Maximo
1614,64.56,-1238644,-2049.047635656697,55,-,-,-,-,Maximo
1615,64.6,-1226965,-1846.6869090151977,55,-,-,-,-,Maximo
1616,64.64,-1216514,-1831.9451239001955,55,-,-,-,-,Maximo
1617,64.68,-1216548,-1678.2118543998276,55,-,-,-,-,Maximo
1618,64.72,-1219078,-1297.727876026593,55,-,-,-,-,Maximo
1619,64.76,-1225640,-512.2014995275631,55,-,-,-,-,Maximo
1620,64.8,-1227514,219.86010594445088,55,-,-,-,-,Maximo
1621,64.84,-1225697,741.2428809153103,55,-,-,-,-,Maximo
1622,64.88,-1229339,1365.233241953173,55,-,-,-,-,Maximo
1623,64.92,-1233989,2088.3656407484186,55,-,-,-,-,Maximo
1624,64.96,-1237882,2811.0116500363356,55,-,-,-,-,Maximo
1625,65.0,-1238586,3020.643159990608,55,-,-,-,-,Maximo
1626,65.04,-1241025,2326.8922287257305,55,-,-,-,-,Maximo
1627,65.08,-1240593,601.5048400415228,55,-,-,-,-,Maximo
1628,65.12,-1239939,-1238.5157733629596,55,-,-,-,-,Maximo
1629,65.16,-1237481,-2294.3965933166496,55,-,-,-,-,Maximo
1630,65.2,-1224134,-2663.5872454954006,55,-,-,-,-,Maximo
1631,65.24,-1215960,-2411.7394584304748,55,-,-,-,-,Maximo
1632,65.28,-1215376,-2050.429556815343,55,-,-,-,-,Maximo
1633,65.32,-1219533,-1676.3294140835,55,-,-,-,-,Maximo
1634,65.36,-1226888,-983.6266601107045,55,-,-,-,-,Maximo
1635,65.4,-1228147,-145.77284060995407,55,-,-,-,-,Maximo
1636,65.44,-1226846,721.410539649999,55,-,-,-,-,Maximo
1637,65.48,-1229653,1610.0837901115583,55,-,-,-,-,Maximo
1638,65.52,-1232296,2368.450196395491,55,-,-,-,-,Maximo
1639,65.56,-1234634,2943.28061356493,55,-,-,-,-,Maximo
1640,65.6,-1237039,2992.993934897848,55,-,-,-,-,Maximo
1641,65.64,-1238311,2057.3504999343127,55,-,-,-,-,Maximo
1642,65.68,-1238961,283.14319069805765,55,-,-,-,-,Maximo
1643,65.72,-1239698,-1445.5913644836469,55,-,-,-,-,Maximo
1644,65.76,-1240321,-2237.190414350501,55,-,-,-,-,Maximo
1645,65.8,-1239615,-2019.5054359659907,55,-,-,-,-,Maximo
1646,65.84,-1229049,-1720.2248742242082,55,-,-,-,-,Maximo
1647,65.88,-1217718,-1686.6598401707743,55,-,-,-,-,Maximo
1648,65.92,-1215673,-1633.2420031152978,55,-,-,-,-,Maximo
1649,65.96,-1218576,-1333.8489180396364,55,-,-,-,-,Maximo
1650,66.0,-1223399,-667.1968693228796,26,48.5,-,-,-,-
1651,66.04,-1227513,154.09088284751124,26,-,-,-,-,-
1652,66.08,-1228752,826.1427525688268,26,-,-,-,-,-
1653,66.12,-1233079,1475.7315652438729,26,-,-,-,-,-
1654,66.16,-1235253,2056.832659900382,26,-,-,-,-,-
1655,66.2,-1237418,2674.103287303503,26,-,-,-,-,-
1656,66.24,-1239334,2979.703439736206,26,-,-,-,-,-
1657,66.28,-1240667,2407.144342052879,26,-,-,-,-,-
1658,66.32,-1241587,840.2341612829596,26,-,-,-,-,-
1659,66.36,-1241475,-1060.0036547451987,26,-,-,-,-,-
1660,66.4,-1235427,-2494.9963978375845,26,-,-,-,-,-
1661,66.44,-1217365,-3267.7615836436653,26,-,-,-,-,-
1662,66.48,-1215705,-2807.6495763325256,26,-,-,-,-,-
1663,66.52,-1219625,-1991.0640425339298,26,-,-,-,-,-
1664,66.56,-1223895,-1216.8701261330714,26,-,-,-,-,-
1665,66.6,-1227339,-490.4218501082896,26,-,-,-,-,-
1666,66.64,-1227403,146.1237310368915,26,-,-,-,-,-
1667,66.68,-1227314,793.7238600886935,26,-,-,-,-,-
1668,66.72,-1230157,1602.715344651263,26,-,-,-,-,-
1669,66.76,-1233849,2517.0339897553476,26,-,-,-,-,-
1670,66.8,-1236184,3152.8452623225485,26,-,-,-,-,-
1671,66.84,-1237676,2901.065116961764,26,-,-,-,-,-
1672,66.88,-1238850,1475.6223242342217,26,-,-,-,-,-
1673,66.92,-1238999,-511.86080965493545,26,-,-,-,-,-
1674,66.96,-1240503,-1830.6183717113868,26,-,-,-,-,-
1675,67.0,-1241172,-2006.439813340815,26,-,-,-,-,-
1676,67.04,-1239522,-1560.692043309221,26,-,-,-,-,-
1677,67.08,-1234749,-1299.6521258195198,26,-,-,-,-,-
1678,67.12,-1219641,-1724.242530429714,26,-,-,-,-,-
1679,67.16,-1215646,-1839.145638635846,26,-,-,-,-,-
1680,67.2,-1217262,-1456.8674459131353,26,-,-,-,-,-
1681,67.24,-1221899,-647.0607535346309,26,-,-,-,-,-
1682,67.28,-1227136,244.91176231334975,26,-,-,-,-,-
1683,67.32,-1227729,826.1116354245596,26,-,-,-,-,-
1684,67.36,-1226578,1207.1233638940757,26,-,-,-,-,-
1685,67.4,-1230036,1777.6990631252684,26,-,-,-,-,-
1686,67.44,-1233811,2482.805915402858,26,-,-,-,-,-
1687,67.48,-1236836,3009.23912450203,26,-,-,-,-,-
1688,67.52,-1238263,2761.1906409960284,26,-,-,-,-,-
1689,67.56,-1238977,1450.1501431851398,26,-,-,-,-,-
1690,67.6,-1240200,-422.6964698017416,26,-,-,-,-,-
1691,67.64,-1240111,-1912.863220595014,26,-,-,-,-,-
1692,67.68,-1240377,-2319.97631393869,26,-,-,-,-,-
1693,67.72,-1234474,-2092.909240721452,26,-,-,-,-,-
1694,67.76,-1219804,-2033.798650949384,26,-,-,-,-,-
1695,67.8,-1215543,-1935.835376117382,26,-,-,-,-,-
1696,67.84,-1217328,-1747.775375491873,26,-,-,-,-,-
1697,67.88,-1221598,-1203.030758185152,26,-,-,-,-,-
1698,67.92,-1226892,-290.4556990910387,26,-,-,-,-,-
1699,67.96,-1227152,519.6115192031857,26,-,-,-,-,-
1700,68.0,-1225915,1121.0184214734013,26,-,-,-,-,-
1701,68.04,-1228987,1763.729778425667,26,-,-,-,-,-
1702,68.08,-1230894,2412.9763766152364,26,-,-,-,-,-
1703,68.12,-1234378,2981.669204759467,26,-,-,-,-,-
1704,68.16,-1236182,2820.6168034459033,26,-,-,-,-,-
1705,68.2,-1237998,1620.397451203522,26,-,-,-,-,-
1706,68.24,-1238132,-247.16430719758046,26,-,-,-,-,-
1707,68.28,-1239001,-1694.6352412768454,26,-,-,-,-,-
1708,68.32,-1240723,-2052.8759117646237,26,-,-,-,-,-
1709,68.36,-1239770,-1669.6967138858518,26,-,-,-,-,-
1710,68.4,-1237170,-1244.3371494232151,26,-,-,-,-,-
1711,68.44,-1225567,-1459.787406552443,26,-,-,-,-,-
1712,68.48,-1216322,-1802.4573750810669,26,-,-,-,-,-
1713,68.52,-1215758,-1672.2372957043535,26,-,-,-,-,-
1714,68.56,-1219325,-1047.9819233192852,26,-,-,-,-,-
1715,68.6,-1223982,-188.63419270012082,26,-,-,-,-,-
1716,68.64,-1227947,590.3787063989912,26,-,-,-,-,-
1717,68.68,-1227023,1048.049715133875,26,-,-,-,-,-
1718,68.72,-1228622,1533.8144945027598,26,-,-,-,-,-
1719,68.76,-1231730,2170.8034892180094,26,-,-,-,-,-
1720,68.8,-1234852,2807.7712985733524,26,-,-,-,-,-
1721,68.84,-1237148,2948.7442249045926,26,-,-,-,-,-
1722,68.88,-1238934,2126.584712786962,26,-,-,-,-,-
1723,68.92,-1240287,449.6128598788041,26,-,-,-,-,-
1724,68.96,-1240116,-1309.3977687807408,26,-,-,-,-,-
1725,69.0,-1240753,-2218.384023434713,57,48.5,-,-,-,-
1726,69.04,-1217371,-2890.7016584367047,57,-,-,-,-,-
1727,69.08,-1215725,-2359.878352329404,57,-,-,-,-,-
1728,69.12,-1218798,-1752.497688545679,57,-,-,-,-,-
1729,69.16,-1223851,-1300.2795510165693,57,-,-,-,-,-
1730,69.2,-1227849,-865.1934716408978,57,-,-,-,-,-
1731,69.24,-1226989,-374.40431210629595,57,-,-,-,-,-
1732,69.28,-1226970,317.13804854593127,57,-,-,-,-,-
1733,69.32,-1230849,1220.779425603664,57,-,-,-,-,-
1734,69.36,-1232670,2132.688350499722,57,-,-,-,-,-
1735,69.4,-1235542,2957.463985629127,57,-,-,-,-,-
1736,69.44,-1237805,3047.026583677829,57,-,-,-,-,-
1737,69.48,-1238419,1864.1891001452755,57,-,-,-,-,-
1738,69.52,-1239107,-104.52415900626818,57,-,-,-,-,-
1739,69.56,-1239972,-1634.426348745295,57,-,-,-,-,-
1740,69.6,-1240739,-1956.9760589013615,57,-,-,-,-,-
1741,69.64,-1239745,-1498.0007163781574,57,-,-,-,-,-
1742,69.68,-1236021,-1151.325227830017,57,-,-,-,-,-
1743,69.72,-1220703,-1566.5619846818245,57,-,-,-,-,-
1744,69.76,-1216268,-1734.6568863445937,57,-,-,-,-,-
1745,69.8,-1216423,-1471.2878810545271,57,-,-,-,-,-
1746,69.84,-16775387,488308.59157613665,57,-,-,-,-,-
1747,69.88,-16775438,449018.21208302677,57,-,-,-,-,-
1748,69.92,-16775441,362776.4419117118,57,-,-,-,-,-
1749,69.96,-16775409,224971.1242139393,57,-,-,-,-,-
1750,70.0,-16775458,47997.885008623125,57,-,-,-,-,-
1751,70.04,-16775395,-139864.1462402288,57,-,-,-,-,-
1752,70.08,-16775391,-334732.7051739646,57,-,-,-,-,-
1753,70.12,-16775394,-603299.9363111123,57,-,-,-,-,-
1754,70.16,-16775419,-1024781.5334221972,57,-,-,-,-,-
1755,70.2,-16775447,-1489520.0163656338,57,-,-,-,-,-
1756,70.24,-16775380,-1606145.0417975127,57,-,-,-,-,-
1757,70.28,-16775447,-1047250.6919226414,57,-,-,-,-,-
1758,70.32,-16775452,-37728.4670547354,57,-,-,-,-,-
1759,70.36,-16775393,781955.9937049318,57,-,-,-,-,-
1760,70.4,-16775434,1040435.3374650648,57,-,-,-,-,-
1761,70.44,-16775398,912702.2929393682,57,-,-,-,-,-
1762,70.48,-16775437,736107.2174378064,57,-,-,-,-,-
1763,70.52,-16775404,642836.8589814256,57,-,-,-,-,-
1764,70.56,-16775364,583515.4256347418,57,-,-,-,-,-
1765,70.6,-16775415,498772.45902808174,57,-,-,-,-,-
1766,70.64,-16775373,387575.5413707718,57,-,-,-,-,-
1767,70.68,-16775367,275646.6740640057,57,-,-,-,-,-
1768,70.72,-16775433,178066.45877639786,57,-,-,-,-,-
1769,70.76,-16775347,94920.16765990132,57,-,-,-,-,-
1770,70.8,-16775416,22874.267021260923,57,-,-,-,-,-
1771,70.84,-16775441,-38360.84803309024,57,-,-,-,-,-
1772,70.88,-16775395,-87277.48305892712,57,-,-,-,-,-
1773,70.92,-16775368,-123290.72079025686,57,-,-,-,-,-
1774,70.96,-16775493,-147304.2945818511,57,-,-,-,-,-
1775,71.0,-16775359,-160880.82503512624,57,-,-,-,-,-
1776,71.04,-16775452,-165531.20474806416,57,-,-,-,-,-
1777,71.08,-16775498,-162693.48769392955,57,-,-,-,-,-
1778,71.12,-16775380,-153826.80056652974,57,-,-,-,-,-
1779,71.16,-16443538,-150842.60175198983,57,-,-,-,-,-
1780,71.2,-16435829,-133690.25217789665,57,-,-,-,-,-
1781,71.24,-16444865,-113142.27205341207,57,-,-,-,-,-
1782,71.28,-16775229,-80640.18350213069,57,-,-,-,-,-
1783,71.32,-16775311,-58701.20082685485,57,-,-,-,-,-
1784,71.36,-16775334,-38438.27909522643,57,-,-,-,-,-
1785,71.4,-16775260,-20607.954585102372,57,-,-,-,-,-
1786,71.44,-16775265,-3913.550042828225,57,-,-,-,-,-
1787,71.48,-16775279,13714.70959213769,57,-,-,-,-,-
1788,71.52,-16775387,29921.853669052565,57,-,-,-,-,-
1789,71.56,-16775337,34861.13457307953,57,-,-,-,-,-
1790,71.6,-16775365,19851.77831290853,57,-,-,-,-,-
1791,71.64,-16775351,-7768.352668463747,57,-,-,-,-,-
1792,71.68,-16775291,-25538.514228717715,57,-,-,-,-,-
1793,71.72,-16775293,-18166.169317744556,57,-,-,-,-,-
1794,71.76,-16775333,5914.122799640318,57,-,-,-,-,-
1795,71.8,-16775315,25869.15261080725,57,-,-,-,-,-
1796,71.84,-16775267,31180.240540865027,57,-,-,-,-,-
1797,71.88,-16775368,26984.42212926873,57,-,-,-,-,-
1798,71.92,-16775354,22016.315777339583,57,-,-,-,-,-
1799,71.96,-16775287,19293.18296036389,57,-,-,-,-,-
1800,72.0,-16775316,17339.24132843593,nan,46.0,-,-,-,-
1801,72.04,-16775325,14679.143176288133,nan,-,-,-,-,-
1802,72.08,-16775381,11386.309292362032,nan,-,-,-,-,-
1803,72.12,-16775280,8133.241591150836,nan,-,-,-,-,-
1804,72.16,-16775331,5285.492595831711,nan,-,-,-,-,-
1805,72.2,-16775316,2841.6783147267015,nan,-,-,-,-,-
1806,72.24,-16775251,785.4796384108158,nan,-,-,-,-,-
1807,72.28,-16775301,-821.7245240382545,nan,-,-,-,-,-
1808,72.32,-16775300,-1985.2104762475246,nan,-,-,-,-,-
1809,72.36,-16775332,-2807.7968417076772,nan,-,-,-,-,-
1810,72.4,-16775305,-3393.638086716841,nan,-,-,-,-,-
1811,72.44,-16775360,-3759.523745670145,nan,-,-,-,-,-
1812,72.48,-16775347,-3900.081277704924,nan,-,-,-,-,-
1813,72.52,-16775289,-3840.476858828335,nan,-,-,-,-,-
1814,72.56,-16775314,-3638.5436111948284,nan,-,-,-,-,-
1815,72.6,-16775375,-3359.284966743098,nan,-,-,-,-,-
1816,72.64,-16775414,-3052.1009205249993,nan,-,-,-,-,-
1817,72.68,-16775486,-2751.6734466773314,nan,-,-,-,-,-
1818,72.72,-16775416,-2492.118735394575,nan,-,-,-,-,-
1819,72.76,-16775448,-2291.5656778289213,nan,-,-,-,-,-
1820,72.8,-16775384,-951.3910062957773,nan,-,-,-,-,-
1821,72.84,-16775320,-818.3330044491539,nan,-,-,-,-,-
1822,72.88,-16775427,-672.2800942316297,nan,-,-,-,-,-
1823,72.92,-16775369,-533.279166570253,nan,-,-,-,-,-
1824,72.96,-16775382,-400.81690020580754,nan,-,-,-,-,-
1825,73.0,-16775351,-280.45834486916124,nan,-,-,-,-,-
1826,73.04,-16775331,-168.21472532312896,nan,-,-,-,-,-
1827,73.08,-16775275,-65.12679441528576,nan,-,-,-,-,-
1828,73.12,-16775301,27.96788389280755,nan,-,-,-,-,-
1829,73.16,-16775368,103.06147431561942,nan,-,-,-,-,-
1830,73.2,-16775401,154.14722467654042,nan,-,-,-,-,-
1831,73.24,-16775420,183.68216042896546,nan,-,-,-,-,-
1832,73.28,-16775458,198.67870810201083,nan,-,-,-,-,-
1833,73.32,-16775392,201.7133986296475,nan,-,-,-,-,-
1834,73.36,-16775407,201.53343151831348,nan,-,-,-,-,-
1835,73.4,-16775397,193.24063606629161,nan,-,-,-,-,-
1836,73.44,-16775339,174.34180289736463,nan,-,-,-,-,-
1837,73.48,-16775344,149.42627535350715,nan,-,-,-,-,-
1838,73.52,-16775384,121.08456277070972,nan,-,-,-,-,-
1839,73.56,-16775408,92.06035578736851,nan,-,-,-,-,-
1840,73.6,-16775422,66.16828374734203,nan,-,-,-,-,-
1841,73.64,-16775358,43.19703242651309,nan,-,-,-,-,-
1842,73.68,-16775394,29.301792912676206,nan,-,-,-,-,-
1843,73.72,-16775421,19.733101346357216,nan,-,-,-,-,-
1844,73.76,-16775381,9.783269606105563,nan,-,-,-,-,-
1845,73.8,-16775402,0.7867246257601437,nan,-,-,-,-,-
1846,73.84,-16775377,-11.315948580015203,nan,-,-,-,-,-
1847,73.88,-16775340,-23.67769591073997,nan,-,-,-,-,-
1848,73.92,-16775352,-30.810575042965567,nan,-,-,-,-,-
1849,73.96,-16775328,-32.141970450210394,nan,-,-,-,-,-
1850,74.0,-16775376,-24.507987271516697,nan,-,-,-,-,-
1851,74.04,-16775333,-17.621559585843187,nan,-,-,-,-,-
1852,74.08,-16775354,-10.346339172787467,nan,-,-,-,-,-
1853,74.12,-16775344,-31.147937206579428,nan,-,-,-,-,-
1854,74.16,-16775334,-27.09348137839075,nan,-,-,-,-,-
1855,74.2,-16775337,-21.792520037692668,nan,-,-,-,-,-
1856,74.24,-16775427,8.736259228565011,nan,-,-,-,-,-
1857,74.28,-16775378,6.2975690816712735,nan,-,-,-,-,-
1858,74.32,-16775315,0.9811050060707238,nan,-,-,-,-,-
1859,74.36,-16775290,-3.6093783957107632,nan,-,-,-,-,-
1860,74.4,-16775350,-3.709819311694371,nan,-,-,-,-,-
1861,74.44,-16775371,-2.6590024661952327,nan,-,-,-,-,-
1862,74.48,-16775420,0.20172714882946252,nan,-,-,-,-,-
1863,74.52,-16775384,-0.8658374068007006,nan,-,-,-,-,-
1864,74.56,-16775368,-3.102088696576544,nan,-,-,-,-,-
1865,74.6,-16775445,-2.4272222590388353,nan,-,-,-,-,-
1866,74.64,-16775400,-2.7809907257681035,nan,-,-,-,-,-
1867,74.68,-16775414,2.0930687517510895,nan,-,-,-,-,-
1868,74.72,-16775397,4.730881053962751,nan,-,-,-,-,-
1869,74.76,-16775407,1.8991257480881139,nan,-,-,-,-,-
1870,74.8,-16775417,-5.5589915024269825,nan,-,-,-,-,-
1871,74.84,-16775377,-11.764139550554603,nan,-,-,-,-,-
1872,74.88,-16775404,-8.662231752853161,nan,-,-,-,-,-
1873,74.92,-16775456,-0.9882895804536851,nan,-,-,-,-,-
1874,74.96,-16775425,1.9435216033633216,nan,-,-,-,-,-
1875,75.0,-16775339,-0.27880530930902125,nan,41.5,-,-,-,Desconexión
1876,75.04,-16775317,-0.8589277688016068,nan,-,-,-,-,Desconexión
1877,75.08,-16775367,2.215157825637196,nan,-,-,-,-,Desconexión
1878,75.12,-16775308,1.9371726015824962,nan,-,-,-,-,Desconexión
1879,75.16,-16775379,4.707955069462926,nan,-,-,-,-,Desconexión
1880,75.2,-16775412,5.313377535034647,nan,-,-,-,-,Desconexión
1881,75.24,-16775443,5.30168444527046,nan,-,-,-,-,Desconexión
1882,75.28,-16775386,2.597101500457338,nan,-,-,-,-,Desconexión
1883,75.32,-16775348,2.4291251877749716,nan,-,-,-,-,Desconexión
1884,75.36,-16775388,7.2038254796558965,nan,-,-,-,-,Desconexión
1885,75.4,-16775347,8.323826658760417,nan,-,-,-,-,Desconexión
1886,75.44,-16775426,7.832712482372429,nan,-,-,-,-,Desconexión
1887,75.48,-16775420,-0.30873936717723893,nan,-,-,-,-,Desconexión
1888,75.52,-16775352,-10.308530803154284,nan,-,-,-,-,Desconexión
1889,75.56,-16775459,-10.377618041857005,nan,-,-,-,-,Desconexión
1890,75.6,-16775348,-11.94277547594541,nan,-,-,-,-,Desconexión
1891,75.64,-16775384,-4.449126889240656,nan,-,-,-,-,Desconexión
1892,75.68,-16775434,3.9206739437152613,nan,-,-,-,-,Desconexión
1893,75.72,-16775420,5.700985403082594,nan,-,-,-,-,Desconexión
1894,75.76,-16775396,1.414261652424246,nan,-,-,-,-,Desconexión
1895,75.8,-16775416,-3.1446321613635826,nan,-,-,-,-,Desconexión
1896,75.84,-16775367,-6.6783021994804415,nan,-,-,-,-,Desconexión
1897,75.88,-16775451,-1.665855290502094,nan,-,-,-,-,Desconexión
1898,75.92,-16775403,0.5585151295480877,nan,-,-,-,-,Desconexión
1899,75.96,-16775334,0.3285356990405006,nan,-,-,-,-,Desconexión
1900,76.0,-16775374,0.9730575975149947,nan,-,-,-,-,Desconexión
1901,76.04,-16775394,-0.38003094934507864,nan,-,-,-,-,Desconexión
1902,76.08,-16775488,1.4624607127011586,nan,-,-,-,-,Desconexión
1903,76.12,-16775368,-1.123414117412807,nan,-,-,-,-,Desconexión
1904,76.16,-16775436,3.6907229760115516,nan,-,-,-,-,Desconexión
1905,76.2,-16775438,4.805478995135582,nan,-,-,-,-,Desconexión
1906,76.24,-16775365,1.2442907062941302,nan,-,-,-,-,Desconexión
1907,76.28,-16775376,0.6283365080472763,nan,-,-,-,-,Desconexión
1908,76.32,-16775378,1.3931576431811283,nan,-,-,-,-,Desconexión
1909,76.36,-16775426,2.765914839320267,nan,-,-,-,-,Desconexión
1910,76.4,-16775383,-2.1958637727958785,nan,-,-,-,-,Desconexión
1911,76.44,-16775398,-6.092401348940609,nan,-,-,-,-,Desconexión
1912,76.48,-16775393,-6.2659282553370925,nan,-,-,-,-,Desconexión
1913,76.52,-16775426,-0.3876992273561477,nan,-,-,-,-,Desconexión
1914,76.56,-16775398,3.802347439928158,nan,-,-,-,-,Desconexión
1915,76.6,-16775432,6.8737655387596455,nan,-,-,-,-,Desconexión
1916,76.64,-16775393,4.640458566475857,nan,-,-,-,-,Desconexión
1917,76.68,-16775403,1.9404552675268105,nan,-,-,-,-,Desconexión
1918,76.72,-16775380,-2.569680464287824,nan,-,-,-,-,Desconexión
1919,76.76,-16775453,-2.3384100138875397,nan,-,-,-,-,Desconexión
1920,76.8,-16775354,-4.833422011050139,nan,-,-,-,-,Desconexión
1921,76.84,-16775398,-1.821248259297596,nan,-,-,-,-,Desconexión
1922,76.88,-16775288,-4.850382788078875,nan,-,-,-,-,Desconexión
1923,76.92,-16775361,-2.5162775391582635,nan,-,-,-,-,Desconexión
1924,76.96,-16775228,-5.500520732476531,nan,-,-,-,-,Desconexión
1925,77.0,-16775256,-1.8533791063035068,nan,-,-,-,-,Desconexión
1926,77.04,-14960,-526953.9586807843,nan,-,-,-,-,Desconexión
1927,77.08,-1173693,-447423.9790937463,nan,-,-,-,-,Desconexión
1928,77.12,-1231355,-355015.73541907733,nan,-,-,-,-,Desconexión
1929,77.16,-1236321,-212483.39502865478,nan,-,-,-,-,Desconexión
1930,77.2,-1238968,-31812.006495682523,nan,-,-,-,-,Desconexión
1931,77.24,-1240116,157555.56918990985,nan,-,-,-,-,Desconexión
1932,77.28,-1241976,353427.28392186435,nan,-,-,-,-,Desconexión
1933,77.32,-1241924,627415.6345732892,nan,-,-,-,-,Desconexión
1934,77.36,-1240109,1059590.0716740792,nan,-,-,-,-,Desconexión
1935,77.4,-1223631,1525677.9468056806,nan,-,-,-,-,Desconexión
1936,77.44,-1217303,1613608.7583661992,nan,-,-,-,-,Desconexión
1937,77.48,-1218669,1000642.0399762667,nan,-,-,-,-,Desconexión
1938,77.52,-1224474,-45437.55058067152,nan,-,-,-,-,Desconexión
1939,77.56,-1228805,-850772.5148422776,nan,-,-,-,-,Desconexión
1940,77.6,-1229705,-1063983.6364029362,nan,-,-,-,-,Desconexión
1941,77.64,-1229340,-903482.6895099169,nan,-,-,-,-,Desconexión
1942,77.68,-1231960,-720882.8202152004,nan,-,-,-,-,Desconexión
1943,77.72,-1234840,-632990.3531196883,nan,-,-,-,-,Desconexión
1944,77.76,-1237366,-575785.7836861912,nan,-,-,-,-,Desconexión
1945,77.8,-1239463,-489021.5803795295,nan,-,-,-,-,Desconexión
1946,77.84,-1241211,-376650.64634661074,nan,-,-,-,-,Desconexión
1947,77.88,-1241420,-266426.6984676304,nan,-,-,-,-,Desconexión
1948,77.92,-1242390,-171568.1988813728,nan,-,-,-,-,Desconexión
1949,77.96,-1242015,-90178.11950290925,nan,-,-,-,-,Desconexión
1950,78.0,-1241281,-18688.785234826384,nan,57.0,-,-,-,-
1951,78.04,-1218616,41510.53819345834,nan,-,-,-,-,-
1952,78.08,-1217835,89677.12765484571,nan,-,-,-,-,-
1953,78.12,-1221982,124873.14772478188,nan,-,-,-,-,-
1954,78.16,-1225611,148305.46909232368,nan,-,-,-,-,-
1955,78.2,-1230227,161739.76352884015,nan,-,-,-,-,-
1956,78.24,-1229477,166316.41112002014,nan,-,-,-,-,-
1957,78.28,-1228790,163442.00770256537,nan,-,-,-,-,-
1958,78.32,-1231953,154720.56218993844,nan,-,-,-,-,-
1959,78.36,-1237377,141718.95301261052,nan,-,-,-,-,-
1960,78.4,-1239277,125512.884100437,nan,-,-,-,-,-
1961,78.44,-1240199,106840.88972853839,nan,-,-,-,-,-
1962,78.48,-1241145,86345.6533359167,nan,-,-,-,-,-
1963,78.52,-1241939,65405.546150486654,nan,-,-,-,-,-
1964,78.56,-1242130,45932.80635952126,nan,-,-,-,-,-
1965,78.6,-1235927,28983.437260980165,nan,-,-,-,-,-
1966,78.64,-1221689,14466.281555988506,nan,-,-,-,-,-
1967,78.68,-1217865,2369.863226546615,nan,-,-,-,-,-
1968,78.72,-1220548,-7641.514130036929,nan,-,-,-,-,-
1969,78.76,-1226406,-15348.535589999927,nan,-,-,-,-,-
1970,78.8,-1229647,-20653.23106438582,nan,-,-,-,-,-
1971,78.84,-1229782,-23794.163457960458,nan,-,-,-,-,-
1972,78.88,-1229037,-25230.460606861838,nan,-,-,-,-,-
1973,78.92,-1231479,-25195.56380256691,nan,-,-,-,-,-
1974,78.96,-1235694,-23902.208759102257,nan,-,-,-,-,-
1975,79.0,-1236325,-21915.146021803936,nan,-,-,-,-,-
1976,79.04,-1238329,-19843.23322042504,nan,-,-,-,-,-
1977,79.08,-1241481,-18272.13288828869,nan,-,-,-,-,-
1978,79.12,-1241522,-17071.180468994182,nan,-,-,-,-,-
1979,79.16,-1241303,-15284.396678207642,nan,-,-,-,-,-
1980,79.2,-1242885,-12389.773060955831,nan,-,-,-,-,-
1981,79.24,-1238993,-9094.213477705314,nan,-,-,-,-,-
1982,79.28,-1224382,-6415.505485137903,nan,-,-,-,-,-
1983,79.32,-1216931,-4165.2703054581,nan,-,-,-,-,-
1984,79.36,-1217157,-2092.6560494449513,nan,-,-,-,-,-
1985,79.4,-1220833,-9.766962697536655,nan,-,-,-,-,-
1986,79.44,-1226728,2011.928043210497,nan,-,-,-,-,-
1987,79.48,-1229543,3553.9567232444533,nan,-,-,-,-,-
1988,79.52,-1228444,4513.92674504869,nan,-,-,-,-,-
1989,79.56,-1229840,5278.904153631414,nan,-,-,-,-,-
1990,79.6,-1232997,6011.039263304179,nan,-,-,-,-,-
1991,79.64,-1236403,6554.054758552963,nan,-,-,-,-,-
1992,79.68,-1237787,6350.9192451111585,nan,-,-,-,-,-
1993,79.72,-1240370,5049.913600741156,nan,-,-,-,-,-
1994,79.76,-1242175,2828.622969214305,nan,-,-,-,-,-
1995,79.8,-1242963,671.6405517283183,nan,-,-,-,-,-
1996,79.84,-1242413,-511.40444733399,nan,-,-,-,-,-
1997,79.88,-1237022,-748.8322385813981,nan,-,-,-,-,-
1998,79.92,-1221075,-841.8001599131085,nan,-,-,-,-,-
1999,79.96,-1216966,-655.4737662213652,nan,-,-,-,-,-
2000,80.0,-1221882,-1650.2354331070192,nan,-,-,-,-,-
2001,80.04,-1226471,-1192.6510461208002,nan,-,-,-,-,-
2002,80.08,-1229599,-592.8295294776372,nan,-,-,-,-,-
2003,80.12,-1228419,49.03333415731413,nan,-,-,-,-,-
2004,80.16,-1229972,802.0880341435059,nan,-,-,-,-,-
2005,80.2,-1231781,1586.8196884561303,nan,-,-,-,-,-
2006,80.24,-1235728,2486.9153917372278,nan,-,-,-,-,-
2007,80.28,-1236679,3058.495403620974,nan,-,-,-,-,-
2008,80.32,-1239804,2885.270605575087,nan,-,-,-,-,-
2009,80.36,-1240550,1521.7745526188082,nan,-,-,-,-,-
2010,80.4,-1241689,-364.1154172140325,nan,-,-,-,-,-
2011,80.44,-1242158,-1698.2796995314534,nan,-,-,-,-,-
2012,80.48,-1241369,-1937.1303336338447,nan,-,-,-,-,-
2013,80.52,-1237749,-1575.1801017175703,nan,-,-,-,-,-
2014,80.56,-1222903,-1645.248475419461,nan,-,-,-,-,-
2015,80.6,-1217342,-1737.536565805207,nan,-,-,-,-,-
2016,80.64,-1217389,-1670.4028795417753,nan,-,-,-,-,-
2017,80.68,-1222327,-1154.8257091404407,nan,-,-,-,-,-
2018,80.72,-1225622,-413.06504326416325,nan,-,-,-,-,-
2019,80.76,-1228989,393.8280974719264,nan,-,-,-,-,-
2020,80.8,-1227562,969.7597482212714,nan,-,-,-,-,-
2021,80.84,-1229194,1607.7090077746107,nan,-,-,-,-,-
2022,80.88,-1233933,2383.796106031132,nan,-,-,-,-,-
2023,80.92,-1236854,2971.846763655454,nan,-,-,-,-,-
2024,80.96,-1239600,2936.913254424464,nan,-,-,-,-,-
2025,81.0,-1240832,1843.9646617672602,57,57.0,-,-,-,Maximo
2026,81.04,-1242375,51.50765974312708,57,-,-,-,-,Maximo
2027,81.08,-1242698,-1562.672566204078,57,-,-,-,-,Maximo
2028,81.12,-1241869,-2251.1282869924294,57,-,-,-,-,Maximo
2029,81.16,-1239542,-2093.1082385659556,57,-,-,-,-,Maximo
2030,81.2,-1229952,-1912.2026073793022,57,-,-,-,-,Maximo
2031,81.24,-1220287,-1965.3841309685067,57,-,-,-,-,Maximo
2032,81.28,-1216150,-2015.538221496723,57,-,-,-,-,Maximo
2033,81.32,-1218878,-1653.5177129640088,57,-,-,-,-,Maximo
2034,81.36,-1222920,-873.7377230208228,57,-,-,-,-,Maximo
2035,81.4,-1229238,184.76446623857828,57,-,-,-,-,Maximo
2036,81.44,-1229490,988.6012150412607,57,-,-,-,-,Maximo
2037,81.48,-1237771,1902.8162447861378,57,-,-,-,-,Maximo
2038,81.52,-1239653,2529.6037764462435,57,-,-,-,-,Maximo
2039,81.56,-1241177,3033.3956520922047,57,-,-,-,-,Maximo
2040,81.6,-1241900,3102.5022828137335,57,-,-,-,-,Maximo
2041,81.64,-1240810,2305.6009509440933,57,-,-,-,-,Maximo
2042,81.68,-1237715,601.6180852902567,57,-,-,-,-,Maximo
2043,81.72,-1223424,-1710.7444534714214,57,-,-,-,-,Maximo
2044,81.76,-1217554,-3159.524301917372,57,-,-,-,-,Maximo
2045,81.8,-1219394,-3350.6427440213893,57,-,-,-,-,Maximo
2046,81.84,-1223793,-2668.919071238506,57,-,-,-,-,Maximo
2047,81.88,-1230266,-1586.7914127025888,57,-,-,-,-,Maximo
2048,81.92,-1229009,-689.1695495095273,57,-,-,-,-,Maximo
2049,81.96,-1227472,201.4089337779551,57,-,-,-,-,Maximo
2050,82.0,-1231405,1247.1902553444206,57,-,-,-,-,Maximo
2051,82.04,-1235712,2222.604567509333,57,-,-,-,-,Maximo
2052,82.08,-1237615,2846.1319931088037,57,-,-,-,-,Maximo
2053,82.12,-1238508,2759.187008740387,57,-,-,-,-,Maximo
2054,82.16,-1239713,1691.1781381343628,57,-,-,-,-,Maximo
2055,82.2,-1241945,-4.4898001872036275,57,-,-,-,-,Maximo
2056,82.24,-1242287,-1470.3933695829369,57,-,-,-,-,Maximo
2057,82.28,-1238487,-2041.3796376862297,57,-,-,-,-,Maximo
2058,82.32,-1225407,-2044.3943602816817,57,-,-,-,-,Maximo
2059,82.36,-1217457,-1764.1418749754812,57,-,-,-,-,Maximo
2060,82.4,-1220656,-1457.2224293184663,57,-,-,-,-,Maximo
2061,82.44,-1228403,-1120.2672041649043,57,-,-,-,-,Maximo
2062,82.48,-1227809,-772.2530658425194,57,-,-,-,-,Maximo
2063,82.52,-1230893,-21.717115066293445,57,-,-,-,-,Maximo
2064,82.56,-1232789,697.7940234148564,57,-,-,-,-,Maximo
2065,82.6,-1235881,1369.4546227986502,57,-,-,-,-,Maximo
2066,82.64,-1236750,2017.140982334311,57,-,-,-,-,Maximo
2067,82.68,-1238636,2654.5741131171662,57,-,-,-,-,Maximo
2068,82.72,-1241152,2728.1288319988194,57,-,-,-,-,Maximo
2069,82.76,-1242546,1702.6676926812552,57,-,-,-,-,Maximo
2070,82.8,-1241697,-131.4810019113447,57,-,-,-,-,Maximo
2071,82.84,-1238541,-1738.9253255290605,57,-,-,-,-,Maximo
2072,82.88,-1225804,-2606.6841558035158,57,-,-,-,-,Maximo
2073,82.92,-1216860,-2495.7415450458593,57,-,-,-,-,Maximo
2074,82.96,-1218262,-1844.5198604647221,57,-,-,-,-,Maximo
2075,83.0,-1223458,-1195.801605498044,57,-,-,-,-,Maximo
2076,83.04,-1228776,-601.1422548935152,57,-,-,-,-,Maximo
2077,83.08,-1229201,-114.51532742070867,57,-,-,-,-,Maximo
2078,83.12,-1227524,377.6104150183087,57,-,-,-,-,Maximo
2079,83.16,-1231685,1167.8824907963544,57,-,-,-,-,Maximo
2080,83.2,-1234116,2023.8270022098022,57,-,-,-,-,Maximo
2081,83.24,-1237515,2800.421401945625,57,-,-,-,-,Maximo
2082,83.28,-1238551,2866.4840951476017,57,-,-,-,-,Maximo
2083,83.32,-1239781,1879.9161342946236,57,-,-,-,-,Maximo
2084,83.36,-1241270,109.32314027167786,57,-,-,-,-,Maximo
2085,83.4,-1242261,-1500.4668784297692,57,-,-,-,-,Maximo
2086,83.44,-1241054,-2161.414637759428,57,-,-,-,-,Maximo
2087,83.48,-1235391,-2006.261174622412,57,-,-,-,-,Maximo
2088,83.52,-1218526,-1985.4191850740044,57,-,-,-,-,Maximo
2089,83.56,-1216665,-1774.631580110541,57,-,-,-,-,Maximo
2090,83.6,-1218058,-1616.2766118394456,57,-,-,-,-,Maximo
2091,83.64,-1228073,-954.089081693839,57,-,-,-,-,Maximo
2092,83.68,-1228616,-290.3857650225118,57,-,-,-,-,Maximo
2093,83.72,-1228337,412.3092071844403,57,-,-,-,-,Maximo
2094,83.76,-1234200,1201.5343289910152,57,-,-,-,-,Maximo
2095,83.8,-1236508,1849.8906243800411,57,-,-,-,-,Maximo
2096,83.84,-1238931,2572.091931958138,57,-,-,-,-,Maximo
2097,83.88,-1238876,3006.9918277549546,57,-,-,-,-,Maximo
2098,83.92,-1241854,2711.719711877121,57,-,-,-,-,Maximo
2099,83.96,-1241224,1171.0709221117418,57,-,-,-,-,Maximo
2100,84.0,-1240697,-878.8510634981496,54,55.5,-,-,-,Maximo
2101,84.04,-1226689,-2720.8323374240663,54,-,-,-,-,Maximo
2102,84.08,-1217861,-3167.967144117518,54,-,-,-,-,Maximo
2103,84.12,-1218250,-2519.56919120963,54,-,-,-,-,Maximo
2104,84.16,-1223649,-1641.4668599918514,54,-,-,-,-,Maximo
2105,84.2,-1227774,-967.3721314845684,54,-,-,-,-,Maximo
2106,84.24,-1229757,-353.0883962017424,54,-,-,-,-,Maximo
2107,84.28,-1227254,213.35188169316461,54,-,-,-,-,Maximo
2108,84.32,-1229650,982.1109631558443,54,-,-,-,-,Maximo
2109,84.36,-1232879,1824.1715388249204,54,-,-,-,-,Maximo
2110,84.4,-1236857,2648.64646165028,54,-,-,-,-,Maximo
2111,84.44,-1238080,2901.270689110869,54,-,-,-,-,Maximo
2112,84.48,-1239654,2149.512802019952,54,-,-,-,-,Maximo
2113,84.52,-1241818,506.421436928234,54,-,-,-,-,Maximo
2114,84.56,-1241975,-1180.2485350244951,54,-,-,-,-,Maximo
2115,84.6,-1242094,-1914.2788752432918,54,-,-,-,-,Maximo
2116,84.64,-1238647,-1767.5143361448163,54,-,-,-,-,Maximo
2117,84.68,-1224086,-1701.073903672368,54,-,-,-,-,Maximo
2118,84.72,-1216256,-1730.7308286203988,54,-,-,-,-,Maximo
2119,84.76,-1216744,-1729.9590639534672,54,-,-,-,-,Maximo
2120,84.8,-1221466,-1392.7536985197207,54,-,-,-,-,Maximo
2121,84.84,-1229156,-567.6677869027153,54,-,-,-,-,Maximo
2122,84.88,-1227677,147.64826016583265,54,-,-,-,-,Maximo
2123,84.92,-1232854,1004.6737135731346,54,-,-,-,-,Maximo
2124,84.96,-1236865,1743.6837357598397,54,-,-,-,-,Maximo
2125,85.0,-1238312,2433.7191331689446,54,-,-,-,-,Maximo
2126,85.04,-1240964,3064.9907943847084,54,-,-,-,-,Maximo
2127,85.08,-1241488,3016.024569225143,54,-,-,-,-,Maximo
2128,85.12,-1241197,1860.7798001721426,54,-,-,-,-,Maximo
2129,85.16,-1241249,-114.4806737472137,54,-,-,-,-,Maximo
2130,85.2,-1239075,-2000.7699838117064,54,-,-,-,-,Maximo
2131,85.24,-1223733,-3265.8374812938127,54,-,-,-,-,Maximo
2132,85.28,-1215721,-3230.7051001743857,54,-,-,-,-,Maximo
2133,85.32,-1218556,-2395.3378771621938,54,-,-,-,-,Maximo
2134,85.36,-1223707,-1504.7964686512644,54,-,-,-,-,Maximo
2135,85.4,-1228790,-662.4897169139922,54,-,-,-,-,Maximo
2136,85.44,-1228032,39.41437078351555,54,-,-,-,-,Maximo
2137,85.48,-1227055,740.7312226803392,54,-,-,-,-,Maximo
2138,85.52,-1232105,1580.148475971776,54,-,-,-,-,Maximo
2139,85.56,-1233166,2260.0233827081183,54,-,-,-,-,Maximo
2140,85.6,-1237444,2914.0208357778083,54,-,-,-,-,Maximo
2141,85.64,-1239565,2929.4177878635774,54,-,-,-,-,Maximo
2142,85.68,-1240492,1876.710947495506,54,-,-,-,-,Maximo
2143,85.72,-1241599,42.95353073890624,54,-,-,-,-,Maximo
2144,85.76,-1241318,-1598.9502132633077,54,-,-,-,-,Maximo
2145,85.8,-1240625,-2168.100524275405,54,-,-,-,-,Maximo
2146,85.84,-1237389,-1886.3031273619517,54,-,-,-,-,Maximo
2147,85.88,-1220879,-1892.8170027817305,54,-,-,-,-,Maximo
2148,85.92,-1216673,-1836.6044873773517,54,-,-,-,-,Maximo
2149,85.96,-1217848,-1736.3848169280573,54,-,-,-,-,Maximo
2150,86.0,-1225695,-1153.916668549664,54,-,-,-,-,Maximo
2151,86.04,-1228098,-398.1737833530642,54,-,-,-,-,Maximo
2152,86.08,-1230769,482.9122956022129,54,-,-,-,-,Maximo
2153,86.12,-1236491,1351.636278053591,54,-,-,-,-,Maximo
2154,86.16,-1238618,1976.5821980040873,54,-,-,-,-,Maximo
2155,86.2,-1240054,2540.972117216693,54,-,-,-,-,Maximo
2156,86.24,-1241339,2932.222206819977,54,-,-,-,-,Maximo
2157,86.28,-1240465,2607.4161802461927,54,-,-,-,-,Maximo
2158,86.32,-1221302,687.9200403565264,54,-,-,-,-,Maximo
2159,86.36,-1216894,-1359.036771890771,54,-,-,-,-,Maximo
2160,86.4,-1227289,-2497.4242798168507,54,-,-,-,-,Maximo
2161,86.44,-1228958,-2779.15957186759,54,-,-,-,-,Maximo
2162,86.48,-1226691,-2256.09475594435,54,-,-,-,-,Maximo
2163,86.52,-1229741,-1281.0349023040285,54,-,-,-,-,Maximo
2164,86.56,-1232806,-379.752450351255,54,-,-,-,-,Maximo
2165,86.6,-1234798,494.35721968952475,54,-,-,-,-,Maximo
2166,86.64,-1238626,1553.3198731292277,54,-,-,-,-,Maximo
2167,86.68,-1239601,2397.534636322545,54,-,-,-,-,Maximo
2168,86.72,-1240375,2477.8005550361872,54,-,-,-,-,Maximo
2169,86.76,-1241621,1414.9638690560498,54,-,-,-,-,Maximo
2170,86.8,-1241590,-291.1082520389755,54,-,-,-,-,Maximo
2171,86.84,-1240097,-1498.5312985742353,54,-,-,-,-,Maximo
2172,86.88,-1226699,-2051.771978671384,54,-,-,-,-,Maximo
2173,86.92,-1218138,-1942.614457100619,54,-,-,-,-,Maximo
2174,86.96,-1215082,-1745.1344812179686,54,-,-,-,-,Maximo
2175,87.0,-1220454,-1346.4687704160838,53,54.666666666666664,-,-,-,Maximo
2176,87.04,-1228309,-658.9206371499931,53,-,-,-,-,Maximo
2177,87.08,-1228003,-3.1776071066151417,53,-,-,-,-,Maximo
2178,87.12,-1227859,686.1545655956052,53,-,-,-,-,Maximo
2179,87.16,-1230517,1384.2017935992699,53,-,-,-,-,Maximo
2180,87.2,-1235959,2165.320667315208,53,-,-,-,-,Maximo
2181,87.24,-1236432,2761.5789097086454,53,-,-,-,-,Maximo
2182,87.28,-1239076,2997.260834546658,53,-,-,-,-,Maximo
2183,87.32,-1240554,2217.5626222983637,53,-,-,-,-,Maximo
2184,87.36,-1240735,437.7093937227037,53,-,-,-,-,Maximo
2185,87.4,-1241267,-1422.4618329135196,53,-,-,-,-,Maximo
2186,87.44,-1225584,-2873.3467560950157,53,-,-,-,-,Maximo
2187,87.48,-1217308,-2934.9198022647743,53,-,-,-,-,Maximo
2188,87.52,-1218344,-2197.3646928345206,53,-,-,-,-,Maximo
2189,87.56,-1224780,-1462.2590417458177,53,-,-,-,-,Maximo
2190,87.6,-1228035,-1049.9353372629735,53,-,-,-,-,Maximo
2191,87.64,-1227947,-642.3235514456778,53,-,-,-,-,Maximo
2192,87.68,-1228580,20.791380360233234,53,-,-,-,-,Maximo
2193,87.72,-1231264,877.1877986830559,53,-,-,-,-,Maximo
2194,87.76,-1233093,1760.589243489534,53,-,-,-,-,Maximo
2195,87.8,-1237616,2661.6806805185515,53,-,-,-,-,Maximo
2196,87.84,-1238451,2921.9244072570227,53,-,-,-,-,Maximo
2197,87.88,-1240206,2156.399210922609,53,-,-,-,-,Maximo
2198,87.92,-1241488,458.4308186831072,53,-,-,-,-,Maximo
2199,87.96,-1242013,-1191.6193911089183,53,-,-,-,-,Maximo
2200,88.0,-1240963,-1897.2846120767363,53,-,-,-,-,Maximo
2201,88.04,-1235003,-1811.6057786150905,53,-,-,-,-,Maximo
2202,88.08,-1219287,-1825.1783531686724,53,-,-,-,-,Maximo
2203,88.12,-1216434,-1696.8540504269204,53,-,-,-,-,Maximo
2204,88.16,-1219714,-1505.911996177134,53,-,-,-,-,Maximo
2205,88.2,-1226662,-985.4903950740622,53,-,-,-,-,Maximo
2206,88.24,-1229119,-309.3732726660146,53,-,-,-,-,Maximo
2207,88.28,-1227561,346.92937248027283,53,-,-,-,-,Maximo
2208,88.32,-1229063,1040.5803725469204,53,-,-,-,-,Maximo
2209,88.36,-1233124,1789.6153524635265,53,-,-,-,-,Maximo
2210,88.4,-1235772,2523.4095735299334,53,-,-,-,-,Maximo
2211,88.44,-1238545,3027.9938028430397,53,-,-,-,-,Maximo
2212,88.48,-1240218,2692.407217574767,53,-,-,-,-,Maximo
2213,88.52,-1239728,1208.9159748096079,53,-,-,-,-,Maximo
2214,88.56,-1241224,-687.1073871057768,53,-,-,-,-,Maximo
2215,88.6,-1241887,-1980.271766628979,53,-,-,-,-,Maximo
2216,88.64,-1226650,-2607.9520467797865,53,-,-,-,-,Maximo
2217,88.68,-1215408,-2394.2612325964765,53,-,-,-,-,Maximo
2218,88.72,-1217089,-1832.2906085026916,53,-,-,-,-,Maximo
2219,88.76,-1227656,-1286.2083938374888,53,-,-,-,-,Maximo
2220,88.8,-1227740,-1051.087274615983,53,-,-,-,-,Maximo
2221,88.84,-1228699,-487.57522689019606,53,-,-,-,-,Maximo
2222,88.88,-1230416,304.5645761474216,53,-,-,-,-,Maximo
2223,88.92,-1233753,1141.707285392722,53,-,-,-,-,Maximo
2224,88.96,-1237713,1968.2350155481154,53,-,-,-,-,Maximo
2225,89.0,-1238894,2659.474348755113,53,-,-,-,-,Maximo
2226,89.04,-1239614,2884.8192232109313,53,-,-,-,-,Maximo
2227,89.08,-1241350,2082.2665498636616,53,-,-,-,-,Maximo
2228,89.12,-1241754,241.3570805457615,53,-,-,-,-,Maximo
2229,89.16,-1240351,-1584.2599783884323,53,-,-,-,-,Maximo
2230,89.2,-1228665,-2616.885782814692,53,-,-,-,-,Maximo
2231,89.24,-1217878,-2559.5532479631056,53,-,-,-,-,Maximo
2232,89.28,-1216332,-1974.1549507862364,53,-,-,-,-,Maximo
2233,89.32,-1219548,-1474.3238081644445,53,-,-,-,-,Maximo
2234,89.36,-1227760,-861.9137010466775,53,-,-,-,-,Maximo
2235,89.4,-1229417,-247.53388963663292,53,-,-,-,-,Maximo
2236,89.44,-1227664,403.46617743554816,53,-,-,-,-,Maximo
2237,89.48,-1229769,1155.3146123797596,53,-,-,-,-,Maximo
2238,89.52,-1234041,1958.2136627162517,53,-,-,-,-,Maximo
2239,89.56,-1237091,2699.1346030872655,53,-,-,-,-,Maximo
2240,89.6,-1239223,3022.4036878035276,53,-,-,-,-,Maximo
2241,89.64,-1240173,2356.523070291772,53,-,-,-,-,Maximo
2242,89.68,-1240798,675.2555241781863,53,-,-,-,-,Maximo
2243,89.72,-1241326,-1203.3493164598199,53,-,-,-,-,Maximo
2244,89.76,-1241819,-2233.9185541576285,53,-,-,-,-,Maximo
2245,89.8,-1236987,-2286.7374668597686,53,-,-,-,-,Maximo
2246,89.84,-1220355,-2181.8163586812425,53,-,-,-,-,Maximo
2247,89.88,-1215936,-1878.7848944071848,53,-,-,-,-,Maximo
2248,89.92,-1221970,-1535.455678781177,53,-,-,-,-,Maximo
2249,89.96,-1228062,-1082.9919786421665,53,-,-,-,-,Maximo
2250,90.0,-1227397,-492.5482156255848,51,53.75,-,-,-,Maximo
2251,90.04,-1235735,553.0068473050724,51,-,-,-,-,Maximo
2252,90.08,-1237950,1279.3488522440412,51,-,-,-,-,Maximo
2253,90.12,-1239815,1853.1322509917318,51,-,-,-,-,Maximo
2254,90.16,-1240438,2392.9549578317065,51,-,-,-,-,Maximo
2255,90.2,-1241730,2819.60930963278,51,-,-,-,-,Maximo
2256,90.24,-1240283,2458.988460935831,51,-,-,-,-,Maximo
2257,90.28,-1237847,982.4749589141697,51,-,-,-,-,Maximo
2258,90.32,-1222604,-1466.0465867098355,51,-,-,-,-,Maximo
2259,90.36,-1216807,-3036.223560119035,51,-,-,-,-,Maximo
2260,90.4,-1217390,-3192.9650155608033,51,-,-,-,-,Maximo
2261,90.44,-1224388,-2247.973909163592,51,-,-,-,-,Maximo
2262,90.48,-1228670,-1122.902902524218,51,-,-,-,-,Maximo
2263,90.52,-1228805,-205.15327562272796,51,-,-,-,-,Maximo
2264,90.56,-1228463,559.3482209070321,51,-,-,-,-,Maximo
2265,90.6,-1230945,1330.5924349952302,51,-,-,-,-,Maximo
2266,90.64,-1235205,2145.868529653988,51,-,-,-,-,Maximo
2267,90.68,-1238797,2790.9874470912155,51,-,-,-,-,Maximo
2268,90.72,-1239048,2710.5248815050663,51,-,-,-,-,Maximo
2269,90.76,-1241131,1661.4748236307582,51,-,-,-,-,Maximo
2270,90.8,-1241272,-175.75249474596933,51,-,-,-,-,Maximo
2271,90.84,-1241575,-1730.5260533219885,51,-,-,-,-,Maximo
2272,90.88,-1240130,-2264.4649443340986,51,-,-,-,-,Maximo
2273,90.92,-1231651,-2098.60587781273,51,-,-,-,-,Maximo
2274,90.96,-1218917,-1918.890583201308,51,-,-,-,-,Maximo
2275,91.0,-1216459,-1742.3403232697237,51,-,-,-,-,Maximo
2276,91.04,-1224056,-1387.829959934079,51,-,-,-,-,Maximo
2277,91.08,-1227333,-903.1008448960424,51,-,-,-,-,Maximo
2278,91.12,-1228836,-135.97934902137695,51,-,-,-,-,Maximo
2279,91.16,-1227651,611.0174974425781,51,-,-,-,-,Maximo
2280,91.2,-1230479,1344.8734450789143,51,-,-,-,-,Maximo
2281,91.24,-1232824,1981.3784143339117,51,-,-,-,-,Maximo
2282,91.28,-1236835,2651.3302687915866,51,-,-,-,-,Maximo
2283,91.32,-1239782,2971.4450697933216,51,-,-,-,-,Maximo
2284,91.36,-1240262,2363.697807880122,51,-,-,-,-,Maximo
2285,91.4,-1241567,827.8067146551116,51,-,-,-,-,Maximo
2286,91.44,-1239410,-1028.4867696354086,51,-,-,-,-,Maximo
2287,91.48,-1222671,-2536.8480930254536,51,-,-,-,-,Maximo
2288,91.52,-1216182,-2616.942904045727,51,-,-,-,-,Maximo
2289,91.56,-1218070,-1945.27744964036,51,-,-,-,-,Maximo
2290,91.6,-1226784,-1245.1591021235033,51,-,-,-,-,Maximo
2291,91.64,-1228688,-1016.885737795983,51,-,-,-,-,Maximo
2292,91.68,-1227353,-802.9638897536738,51,-,-,-,-,Maximo
2293,91.72,-1229175,-167.04365902764312,51,-,-,-,-,Maximo
2294,91.76,-1233097,821.5007576833941,51,-,-,-,-,Maximo
2295,91.8,-1236515,1915.581018992506,51,-,-,-,-,Maximo
2296,91.84,-1239249,2802.6494754371424,51,-,-,-,-,Maximo
2297,91.88,-1239803,2887.512868642315,51,-,-,-,-,Maximo
2298,91.92,-1240112,1795.5378606325824,51,-,-,-,-,Maximo
2299,91.96,-1241043,-80.57718291969437,51,-,-,-,-,Maximo
2300,92.0,-1241656,-1635.4718007935296,51,-,-,-,-,Maximo
2301,92.04,-1239372,-2126.702099569382,51,-,-,-,-,Maximo
2302,92.08,-1223246,-2184.6829082758068,51,-,-,-,-,Maximo
2303,92.12,-1216107,-1911.9331920961704,51,-,-,-,-,Maximo
2304,92.16,-1216646,-1694.5743498123902,51,-,-,-,-,Maximo
2305,92.2,-1224069,-1235.5509393576976,51,-,-,-,-,Maximo
2306,92.24,-1227814,-547.8230597300826,51,-,-,-,-,Maximo
2307,92.28,-1229699,307.1318088445323,51,-,-,-,-,Maximo
2308,92.32,-1227608,940.9283461618247,51,-,-,-,-,Maximo
2309,92.36,-1230834,1572.1346802694952,51,-,-,-,-,Maximo
2310,92.4,-1233652,2200.734590650267,51,-,-,-,-,Maximo
2311,92.44,-1237274,2860.9724045675575,51,-,-,-,-,Maximo
2312,92.48,-1238657,2943.9561587098997,51,-,-,-,-,Maximo
2313,92.52,-1240679,1960.4057720224414,51,-,-,-,-,Maximo
2314,92.56,-1241467,50.521891499286085,51,-,-,-,-,Maximo
2315,92.6,-1241281,-1702.8345162853689,51,-,-,-,-,Maximo
2316,92.64,-1235192,-2511.993265236393,51,-,-,-,-,Maximo
2317,92.68,-1219713,-2562.7113577160544,51,-,-,-,-,Maximo
2318,92.72,-1217189,-1949.0287744341003,51,-,-,-,-,Maximo
2319,92.76,-1221715,-1446.1215450995833,51,-,-,-,-,Maximo
2320,92.8,-1228794,-1098.6493325811998,51,-,-,-,-,Maximo
2321,92.84,-1227136,-866.9756403001797,51,-,-,-,-,Maximo
2322,92.88,-1230337,-167.86091579511321,51,-,-,-,-,Maximo
2323,92.92,-1234734,729.8168354987774,51,-,-,-,-,Maximo
2324,92.96,-1237428,1595.0591200765766,51,-,-,-,-,Maximo
2325,93.0,-1238273,2369.7509258680684,52,52.5,-,-,-,Maximo
2326,93.04,-1241363,2922.455929755495,52,-,-,-,-,Maximo
2327,93.08,-1240851,2533.847039272152,52,-,-,-,-,Maximo
2328,93.12,-1236053,950.4684155763316,52,-,-,-,-,Maximo
2329,93.16,-1223654,-1293.4933749881166,52,-,-,-,-,Maximo
2330,93.2,-1215927,-2713.0400766457624,52,-,-,-,-,Maximo
2331,93.24,-1218850,-2652.8933962306573,52,-,-,-,-,Maximo
2332,93.28,-1225121,-1823.6352157461502,52,-,-,-,-,Maximo
2333,93.32,-1228622,-1057.4959157965914,52,-,-,-,-,Maximo
2334,93.36,-1227667,-555.4815420513696,52,-,-,-,-,Maximo
2335,93.4,-1227379,26.378123422359295,52,-,-,-,-,Maximo
2336,93.44,-1231119,916.1720736955485,52,-,-,-,-,Maximo
2337,93.48,-1233232,1874.893639392384,52,-,-,-,-,Maximo
2338,93.52,-1237263,2713.2648979444593,52,-,-,-,-,Maximo
2339,93.56,-1239705,2771.491997654154,52,-,-,-,-,Maximo
2340,93.6,-1239911,1665.2630186449592,52,-,-,-,-,Maximo
2341,93.64,-1241332,-92.94145960534206,52,-,-,-,-,Maximo
2342,93.68,-1242357,-1518.622826598204,52,-,-,-,-,Maximo
2343,93.72,-1240331,-1970.6175852119027,52,-,-,-,-,Maximo
2344,93.76,-1231886,-1805.9264865452387,52,-,-,-,-,Maximo
2345,93.8,-1218084,-1770.7726955748367,52,-,-,-,-,Maximo
2346,93.84,-1216596,-1692.133323922957,52,-,-,-,-,Maximo
2347,93.88,-1220312,-1542.4824935629294,52,-,-,-,-,Maximo
2348,93.92,-1228348,-953.7085257764584,52,-,-,-,-,Maximo
2349,93.96,-1228340,-271.8407364886516,52,-,-,-,-,Maximo
2350,94.0,-1231515,609.1544702290685,52,-,-,-,-,Maximo
2351,94.04,-1234511,1378.688315540253,52,-,-,-,-,Maximo
2352,94.08,-1236978,2062.7847337016965,52,-,-,-,-,Maximo
2353,94.12,-1238365,2693.876609955988,52,-,-,-,-,Maximo
2354,94.16,-1240444,3023.770440745763,52,-,-,-,-,Maximo
2355,94.2,-1240687,2407.502626421692,52,-,-,-,-,Maximo
2356,94.24,-1241501,781.538960450074,52,-,-,-,-,Maximo
2357,94.28,-1237310,-1300.0083486574244,52,-,-,-,-,Maximo
2358,94.32,-1223401,-2918.328648839657,52,-,-,-,-,Maximo
2359,94.36,-1216473,-3129.3790564761493,52,-,-,-,-,Maximo
2360,94.4,-1217246,-2391.470639476055,52,-,-,-,-,Maximo
2361,94.44,-1225303,-1373.6201571714748,52,-,-,-,-,Maximo
2362,94.48,-1229481,-647.3530143293237,52,-,-,-,-,Maximo
2363,94.52,-1228504,-138.6218083590893,52,-,-,-,-,Maximo
2364,94.56,-1228187,442.1347249971891,52,-,-,-,-,Maximo
2365,94.6,-1231022,1203.9683448294463,52,-,-,-,-,Maximo
2366,94.64,-1233449,2027.970045428533,52,-,-,-,-,Maximo
2367,94.68,-1237184,2766.5437240750953,52,-,-,-,-,Maximo
2368,94.72,-1237888,2764.7316063007534,52,-,-,-,-,Maximo
2369,94.76,-1239926,1730.0741733963014,52,-,-,-,-,Maximo
2370,94.8,-1241257,-87.709466096092,52,-,-,-,-,Maximo
2371,94.84,-1242072,-1633.0705254556685,52,-,-,-,-,Maximo
2372,94.88,-1239784,-2154.5652075173743,52,-,-,-,-,Maximo
2373,94.92,-1234850,-1816.7579966142985,52,-,-,-,-,Maximo
2374,94.96,-1220304,-1679.7707507022715,52,-,-,-,-,Maximo
2375,95.0,-1216423,-1596.6434028179337,52,-,-,-,-,Maximo
2376,95.04,-1219027,-1490.8750059081822,52,-,-,-,-,Maximo
2377,95.08,-1226973,-970.5136745074556,52,-,-,-,-,Maximo
2378,95.12,-1227657,-350.1290620836289,52,-,-,-,-,Maximo
2379,95.16,-1228266,375.119877115274,52,-,-,-,-,Maximo
2380,95.2,-1234464,1210.2100165438515,52,-,-,-,-,Maximo
2381,95.24,-1237296,1906.8213499098692,52,-,-,-,-,Maximo
2382,95.28,-1238908,2572.628983763142,52,-,-,-,-,Maximo
2383,95.32,-1239516,2947.8996739494164,52,-,-,-,-,Maximo
2384,95.36,-1240767,2563.035905086534,52,-,-,-,-,Maximo
2385,95.4,-1241451,1146.3972888702351,52,-,-,-,-,Maximo
2386,95.44,-1239509,-818.2064772606582,52,-,-,-,-,Maximo
2387,95.48,-1230510,-2457.037435814732,52,-,-,-,-,Maximo
2388,95.52,-1217421,-3136.1778218854197,52,-,-,-,-,Maximo
2389,95.56,-1217143,-2653.0734652683605,52,-,-,-,-,Maximo
2390,95.6,-1222344,-1843.8276479446758,52,-,-,-,-,Maximo
2391,95.64,-1228626,-1039.041592429021,52,-,-,-,-,Maximo
2392,95.68,-1228375,-376.2826323440804,52,-,-,-,-,Maximo
2393,95.72,-1228843,362.1109956039809,52,-,-,-,-,Maximo
2394,95.76,-1230067,1069.8116031219065,52,-,-,-,-,Maximo
2395,95.8,-1233287,1808.8452095982047,52,-,-,-,-,Maximo
2396,95.84,-1237019,2543.6664216141726,52,-,-,-,-,Maximo
2397,95.88,-1239465,2880.3660139629264,52,-,-,-,-,Maximo
2398,95.92,-1238904,2216.2962203651277,52,-,-,-,-,Maximo
2399,95.96,-1240819,661.6921441731295,52,-,-,-,-,Maximo
2400,96.0,-1241634,-1096.111706105528,59,53.75,-,-,-,Minimo
2401,96.04,-1241362,-2032.9283884773922,59,-,-,-,-,Minimo
2402,96.08,-1237904,-1985.460794483728,59,-,-,-,-,Minimo
2403,96.12,-1224996,-1814.5565630627352,59,-,-,-,-,Minimo
2404,96.16,-1217692,-1709.2575437048436,59,-,-,-,-,Minimo
2405,96.2,-1216235,-1677.8862180963006,59,-,-,-,-,Minimo
2406,96.24,-1222190,-1261.5954616691665,59,-,-,-,-,Minimo
2407,96.28,-1229502,-437.9329889099745,59,-,-,-,-,Minimo
2408,96.32,-1227793,270.34334768560075,59,-,-,-,-,Minimo
2409,96.36,-1231320,1037.5277032580807,59,-,-,-,-,Minimo
2410,96.4,-1238048,1769.2142292746648,59,-,-,-,-,Minimo
2411,96.44,-1239699,2352.860415428362,59,-,-,-,-,Minimo
2412,96.48,-1241270,2881.369358040002,59,-,-,-,-,Minimo
2413,96.52,-1240689,2810.507848836528,59,-,-,-,-,Minimo
2414,96.56,-1238250,1679.433450045849,59,-,-,-,-,Minimo
2415,96.6,-1226503,-544.3694529206168,59,-,-,-,-,Minimo
2416,96.64,-1218387,-2503.105680249897,59,-,-,-,-,Minimo
2417,96.68,-1216941,-3222.8931637226706,59,-,-,-,-,Minimo
2418,96.72,-1222767,-2658.0225452660534,59,-,-,-,-,Minimo
2419,96.76,-1227860,-1709.334228940802,59,-,-,-,-,Minimo
2420,96.8,-1228300,-981.3723393740256,59,-,-,-,-,Minimo
2421,96.84,-1227817,-298.1068257123834,59,-,-,-,-,Minimo
2422,96.88,-1230826,682.6466786432775,59,-,-,-,-,Minimo
2423,96.92,-1232987,1757.975882340189,59,-,-,-,-,Minimo
2424,96.96,-1236491,2668.7523342192717,59,-,-,-,-,Minimo
2425,97.0,-1238809,2876.459412029537,59,-,-,-,-,Minimo
2426,97.04,-1240841,2074.6200014527976,59,-,-,-,-,Minimo
2427,97.08,-1241340,429.7935514615194,59,-,-,-,-,Minimo
2428,97.12,-1242177,-1159.325743258177,59,-,-,-,-,Minimo
2429,97.16,-1241118,-1935.1453007510263,59,-,-,-,-,Minimo
2430,97.2,-1236103,-1895.0497868642115,59,-,-,-,-,Minimo
2431,97.24,-1220355,-1879.562870333073,59,-,-,-,-,Minimo
2432,97.28,-1215898,-1724.5332299365728,59,-,-,-,-,Minimo
2433,97.32,-1217922,-1552.5391780199616,59,-,-,-,-,Minimo
2434,97.36,-1224156,-1093.7853944934454,59,-,-,-,-,Minimo
2435,97.4,-1228592,-381.01367700007904,59,-,-,-,-,Minimo
2436,97.44,-1227971,340.91241364821326,59,-,-,-,-,Minimo
2437,97.48,-1229246,1101.6773599880244,59,-,-,-,-,Minimo
2438,97.52,-1231795,1848.2350001306759,59,-,-,-,-,Minimo
2439,97.56,-1236923,2660.188897788278,59,-,-,-,-,Minimo
2440,97.6,-1239054,3158.0857764940965,59,-,-,-,-,Minimo
2441,97.64,-1240038,2881.546765266454,59,-,-,-,-,Minimo
2442,97.68,-1240942,1526.1955565645994,59,-,-,-,-,Minimo
2443,97.72,-1241502,-450.8152831156227,59,-,-,-,-,Minimo
2444,97.76,-1227029,-2439.6801500717484,59,-,-,-,-,Minimo
2445,97.8,-1216532,-3121.3874132138844,59,-,-,-,-,Minimo
2446,97.84,-1217575,-2528.9334913567636,59,-,-,-,-,Minimo
2447,97.88,-1220770,-1744.4000727900984,59,-,-,-,-,Minimo
2448,97.92,-1228486,-1105.2108064581516,59,-,-,-,-,Minimo
2449,97.96,-1227904,-831.6821636657905,59,-,-,-,-,Minimo
2450,98.0,-1227435,-321.6004985347722,59,-,-,-,-,Minimo
2451,98.04,-1231420,632.2644481550988,59,-,-,-,-,Minimo
2452,98.08,-1234501,1705.6805572638823,59,-,-,-,-,Minimo
2453,98.12,-1237137,2664.1742402283917,59,-,-,-,-,Minimo
2454,98.16,-1238511,3032.5678406948846,59,-,-,-,-,Minimo
2455,98.2,-1240591,2359.7893978613465,59,-,-,-,-,Minimo
2456,98.24,-1241121,634.5116061341053,59,-,-,-,-,Minimo
2457,98.28,-1241222,-1183.5775704380226,59,-,-,-,-,Minimo
2458,98.32,-1241069,-2073.194103100585,59,-,-,-,-,Minimo
2459,98.36,-1227612,-2317.359996012574,59,-,-,-,-,Minimo
2460,98.4,-1217962,-2050.492966478716,59,-,-,-,-,Minimo
2461,98.44,-1216610,-1725.7015522460551,59,-,-,-,-,Minimo
2462,98.48,-1220647,-1394.6136105963915,59,-,-,-,-,Minimo
2463,98.52,-1227369,-800.0446457160842,59,-,-,-,-,Minimo
2464,98.56,-1228980,-106.48819544576054,59,-,-,-,-,Minimo
2465,98.6,-1227289,549.321021116954,59,-,-,-,-,Minimo
2466,98.64,-1228434,1236.0349995449774,59,-,-,-,-,Minimo
2467,98.68,-1232515,2020.1456697614885,59,-,-,-,-,Minimo
2468,98.72,-1236055,2771.0985870446475,59,-,-,-,-,Minimo
2469,98.76,-1239563,3110.5797363345946,59,-,-,-,-,Minimo
2470,98.8,-1239275,2363.1908822689684,59,-,-,-,-,Minimo
2471,98.84,-1241511,717.1732576447776,59,-,-,-,-,Minimo
2472,98.88,-1241269,-1145.7860486404875,59,-,-,-,-,Minimo
2473,98.92,-1235844,-2291.190694870317,59,-,-,-,-,Minimo
2474,98.96,-1219773,-2650.468868907059,59,-,-,-,-,Minimo
2475,99.0,-1216996,-2091.086919522697,31,48.25,-,-,-,Minimo
2476,99.04,-1226920,-1353.6112215352255,31,-,-,-,-,Minimo
2477,99.08,-1228950,-1196.7533714634983,31,-,-,-,-,Minimo
2478,99.12,-1227683,-1065.3525705299255,31,-,-,-,-,Minimo
2479,99.16,-1228397,-502.04030712095937,31,-,-,-,-,Minimo
2480,99.2,-1232259,430.3882382988968,31,-,-,-,-,Minimo
2481,99.24,-1235582,1398.9603551095533,31,-,-,-,-,Minimo
2482,99.28,-1237085,2241.8494113275865,31,-,-,-,-,Minimo
2483,99.32,-1239086,2782.906654093708,31,-,-,-,-,Minimo
2484,99.36,-1239942,2459.825838297813,31,-,-,-,-,Minimo
2485,99.4,-1240914,1103.1388720504276,31,-,-,-,-,Minimo
2486,99.44,-1240881,-630.6897207362703,31,-,-,-,-,Minimo
2487,99.48,-1237997,-1717.920908882516,31,-,-,-,-,Minimo
2488,99.52,-1225631,-2070.2292732540245,31,-,-,-,-,Minimo
2489,99.56,-1217845,-1880.6170976540689,31,-,-,-,-,Minimo
2490,99.6,-1217176,-1645.7233834293074,31,-,-,-,-,Minimo
2491,99.64,-1220994,-1351.1680057033125,31,-,-,-,-,Minimo
2492,99.68,-1228136,-708.2638437780806,31,-,-,-,-,Minimo
2493,99.72,-1228003,-54.07882536153102,31,-,-,-,-,Minimo
2494,99.76,-1227709,615.4816775656282,31,-,-,-,-,Minimo
2495,99.8,-1228957,1264.7551542105748,31,-,-,-,-,Minimo
2496,99.84,-1232588,1996.8810372019434,31,-,-,-,-,Minimo
2497,99.88,-1237249,2696.7516671119,31,-,-,-,-,Minimo
2498,99.92,-1238278,2790.9976001569103,31,-,-,-,-,Minimo
2499,99.96,-1239370,1940.1204644968439,31,-,-,-,-,Minimo
2500,100.0,-1240358,271.97321346866215,31,-,-,-,-,Minimo
2501,100.04,-1241601,-1350.815845910299,31,-,-,-,-,Minimo
2502,100.08,-1241315,-2123.0341615878633,31,-,-,-,-,Minimo
2503,100.12,-1236611,-2051.961459032833,31,-,-,-,-,Minimo
2504,100.16,-1217936,-2086.4315015344728,31,-,-,-,-,Minimo
2505,100.2,-1216510,-1821.989759021686,31,-,-,-,-,Minimo
2506,100.24,-1220918,-1605.4459467600173,31,-,-,-,-,Minimo
2507,100.28,-1229073,-1092.8210352424744,31,-,-,-,-,Minimo
2508,100.32,-1228558,-481.91699999333923,31,-,-,-,-,Minimo
2509,100.36,-1231469,393.96734235734857,31,-,-,-,-,Minimo
2510,100.4,-1234508,1146.036980191213,31,-,-,-,-,Minimo
2511,100.44,-1237875,1799.736900579057,31,-,-,-,-,Minimo
2512,100.48,-1239324,2442.22938393836,31,-,-,-,-,Minimo
2513,100.52,-1240042,2913.7391776034524,31,-,-,-,-,Minimo
2514,100.56,-1241369,2617.4153261198203,31,-,-,-,-,Minimo
2515,100.6,-1241309,1120.4354287059919,31,-,-,-,-,Minimo
2516,100.64,-1239297,-966.0110001364601,31,-,-,-,-,Minimo
2517,100.68,-1226374,-2714.7446251118745,31,-,-,-,-,Minimo
2518,100.72,-1217626,-3068.4537664092786,31,-,-,-,-,Minimo
2519,100.76,-1215612,-2433.4631549032656,31,-,-,-,-,Minimo
2520,100.8,-1220731,-1529.732520128283,31,-,-,-,-,Minimo
2521,100.84,-1228756,-702.2269364148051,31,-,-,-,-,Minimo
2522,100.88,-1229404,-116.44783041565279,31,-,-,-,-,Minimo
2523,100.92,-1228318,486.5500978585551,31,-,-,-,-,Minimo
2524,100.96,-1231030,1236.6224795325188,31,-,-,-,-,Minimo
2525,101.0,-1233742,2002.0170798195632,31,-,-,-,-,Minimo
2526,101.04,-1236277,2689.954374267789,31,-,-,-,-,Minimo
2527,101.08,-1238550,2894.5425865362395,31,-,-,-,-,Minimo
2528,101.12,-1239849,2088.7016519831595,31,-,-,-,-,Minimo
2529,101.16,-1240150,328.9226957749654,31,-,-,-,-,Minimo
2530,101.2,-1241239,-1456.6821701005379,31,-,-,-,-,Minimo
2531,101.24,-1241496,-2326.987762608337,31,-,-,-,-,Minimo
2532,101.28,-1236215,-2243.128540908224,31,-,-,-,-,Minimo
2533,101.32,-1223627,-1936.2796386363243,31,-,-,-,-,Minimo
2534,101.36,-1216854,-1688.4254695996678,31,-,-,-,-,Minimo
2535,101.4,-1217479,-1508.2358249545996,31,-,-,-,-,Minimo
2536,101.44,-1221606,-1134.9915044293502,31,-,-,-,-,Minimo
2537,101.48,-1228059,-382.8084632152959,31,-,-,-,-,Minimo
2538,101.52,-1229757,378.98263281316576,31,-,-,-,-,Minimo
2539,101.56,-1227874,966.2089359667634,31,-,-,-,-,Minimo
2540,101.6,-1231541,1649.3580849845557,31,-,-,-,-,Minimo
2541,101.64,-1233746,2303.809985058425,31,-,-,-,-,Minimo
2542,101.68,-1239362,2965.208252309746,31,-,-,-,-,Minimo
2543,101.72,-1240544,2896.482093749002,31,-,-,-,-,Minimo
2544,101.76,-1241539,1813.6960665751185,31,-,-,-,-,Minimo
2545,101.8,-1241612,-33.505077403745645,31,-,-,-,-,Minimo
2546,101.84,-1235329,-1880.4904062548385,31,-,-,-,-,Minimo
2547,101.88,-1221098,-2966.645685103851,31,-,-,-,-,Minimo
2548,101.92,-1215670,-2760.047601695107,31,-,-,-,-,Minimo
2549,101.96,-1217940,-1962.8010033165501,31,-,-,-,-,Minimo
2550,102.0,-1226354,-1210.691354461032,35,44.25,-,-,-,Minimo
2551,102.04,-1228270,-916.0760575326876,35,-,-,-,-,Minimo
2552,102.08,-1227905,-573.3506655412725,35,-,-,-,-,Minimo
2553,102.12,-1230158,211.58034291452168,35,-,-,-,-,Minimo
2554,102.16,-1233585,1308.941192306479,35,-,-,-,-,Minimo
2555,102.2,-1238130,2451.84714660973,35,-,-,-,-,Minimo
2556,102.24,-1239649,3118.9135305423397,35,-,-,-,-,Minimo
2557,102.28,-1240354,2880.1542737251734,35,-,-,-,-,Minimo
2558,102.32,-1241867,1547.0970233658115,35,-,-,-,-,Minimo
2559,102.36,-1241592,-429.889755653207,35,-,-,-,-,Minimo
2560,102.4,-1239307,-1967.8731491364588,35,-,-,-,-,Minimo
2561,102.44,-1227986,-2634.831295631673,35,-,-,-,-,Minimo
2562,102.48,-1217173,-2468.8081119760664,35,-,-,-,-,Minimo
2563,102.52,-1217181,-1905.9392294607824,35,-,-,-,-,Minimo
2564,102.56,-1221086,-1462.60655196049,35,-,-,-,-,Minimo
2565,102.6,-1228361,-882.374472546152,35,-,-,-,-,Minimo
2566,102.64,-1229395,-222.96992202207002,35,-,-,-,-,Minimo
2567,102.68,-1227733,521.6635227458623,35,-,-,-,-,Minimo
2568,102.72,-1229931,1350.1916465185059,35,-,-,-,-,Minimo
2569,102.76,-1233124,2134.8150340278034,35,-,-,-,-,Minimo
2570,102.8,-1236890,2830.7764046735238,35,-,-,-,-,Minimo
2571,102.84,-1238751,3008.108300354279,35,-,-,-,-,Minimo
2572,102.88,-1240356,2229.3067784091836,35,-,-,-,-,Minimo
2573,102.92,-1239888,476.48955837947574,35,-,-,-,-,Minimo
2574,102.96,-1241761,-1261.8653354376743,35,-,-,-,-,Minimo
2575,103.0,-1240786,-2178.7152734455776,35,-,-,-,-,Minimo
2576,103.04,-1222867,-2540.2077860089103,35,-,-,-,-,Minimo
2577,103.08,-1216023,-2102.5829842240855,35,-,-,-,-,Minimo
2578,103.12,-1218370,-1610.5093289337337,35,-,-,-,-,Minimo
2579,103.16,-1228901,-1144.5290953521303,35,-,-,-,-,Minimo
2580,103.2,-1228155,-932.5648267339734,35,-,-,-,-,Minimo
2581,103.24,-1227669,-377.4207594073059,35,-,-,-,-,Minimo
2582,103.28,-1230617,468.576303822676,35,-,-,-,-,Minimo
2583,103.32,-1233084,1275.4136887826935,35,-,-,-,-,Minimo
2584,103.36,-1236853,2098.528091903917,35,-,-,-,-,Minimo
2585,103.4,-1239741,2807.7131372999556,35,-,-,-,-,Minimo
2586,103.44,-1240349,2875.1066185380646,35,-,-,-,-,Minimo
2587,103.48,-1240959,1820.5027103849911,35,-,-,-,-,Minimo
2588,103.52,-1241338,-92.70710741679282,35,-,-,-,-,Minimo
2589,103.56,-1241180,-1704.6995804786836,35,-,-,-,-,Minimo
2590,103.6,-1236571,-2261.573236378368,35,-,-,-,-,Minimo
2591,103.64,-1221198,-2269.086057581513,35,-,-,-,-,Minimo
2592,103.68,-1216385,-1911.3568960955981,35,-,-,-,-,Minimo
2593,103.72,-1217815,-1657.1345664583778,35,-,-,-,-,Minimo
2594,103.76,-1222094,-1285.579047335312,35,-,-,-,-,Minimo
2595,103.8,-1228543,-509.8073420970277,35,-,-,-,-,Minimo
2596,103.84,-1227874,267.20301209819445,35,-,-,-,-,Minimo
2597,103.88,-1229115,1055.869832759433,35,-,-,-,-,Minimo
2598,103.92,-1231925,1758.6768815210016,35,-,-,-,-,Minimo
2599,103.96,-1233660,2386.2992739194615,35,-,-,-,-,Minimo
2600,104.0,-1237939,2955.327106165344,35,-,-,-,-,Minimo
2601,104.04,-1239739,2819.0370716582083,35,-,-,-,-,Minimo
2602,104.08,-1240840,1630.0666467780143,35,-,-,-,-,Minimo
2603,104.12,-1241691,-246.6274175395422,35,-,-,-,-,Minimo
2604,104.16,-1240144,-1876.4792456989107,35,-,-,-,-,Minimo
2605,104.2,-1241184,-2362.6401301608876,35,-,-,-,-,Minimo
2606,104.24,-1227104,-2427.5465481964984,35,-,-,-,-,Minimo
2607,104.28,-1218334,-2107.0058642870117,35,-,-,-,-,Minimo
2608,104.32,-1217176,-1779.2723855068616,35,-,-,-,-,Minimo
2609,104.36,-1221380,-1425.047322250125,35,-,-,-,-,Minimo
2610,104.4,-1227490,-846.1882315641765,35,-,-,-,-,Minimo
2611,104.44,-1228636,-156.96779466398038,35,-,-,-,-,Minimo
2612,104.48,-1231851,715.9163045985397,35,-,-,-,-,Minimo
2613,104.52,-1234478,1514.5675393008087,35,-,-,-,-,Minimo
2614,104.56,-1237725,2250.236540934129,35,-,-,-,-,Minimo
2615,104.6,-1239382,2817.751043476479,35,-,-,-,-,Minimo
2616,104.64,-1240097,2922.254335970687,35,-,-,-,-,Minimo
2617,104.68,-1240810,2127.874145346064,35,-,-,-,-,Minimo
2618,104.72,-1242264,468.5888934313808,35,-,-,-,-,Minimo
2619,104.76,-1239758,-1421.249930681629,35,-,-,-,-,Minimo
2620,104.8,-1230207,-2711.2632629487343,35,-,-,-,-,Minimo
2621,104.84,-1217618,-3044.6341983844286,35,-,-,-,-,Minimo
2622,104.88,-1216106,-2455.8905868696365,35,-,-,-,-,Minimo
2623,104.92,-1219169,-1675.972490958503,35,-,-,-,-,Minimo
2624,104.96,-1225446,-869.4108016253904,35,-,-,-,-,Minimo
2625,105.0,-1229498,-115.08132084202407,56,45.25,-,-,-,Minimo
2626,105.04,-1232349,628.409991471066,56,-,-,-,-,Minimo
2627,105.08,-1234779,1330.0291841513572,56,-,-,-,-,Minimo
2628,105.12,-1237387,2035.227769828659,56,-,-,-,-,Minimo
2629,105.16,-1238300,2665.5930222880106,56,-,-,-,-,Minimo
2630,105.2,-1240366,2967.840291248218,56,-,-,-,-,Minimo
2631,105.24,-1240816,2312.6423631396838,56,-,-,-,-,Minimo
2632,105.28,-1241557,664.0628414396767,56,-,-,-,-,Minimo
2633,105.32,-1239291,-1364.3491900108056,56,-,-,-,-,Minimo
2634,105.36,-1229660,-2901.337079145478,56,-,-,-,-,Minimo
2635,105.4,-1218655,-3326.550277624974,56,-,-,-,-,Minimo
2636,105.44,-1216813,-2666.966352447236,56,-,-,-,-,Minimo
2637,105.48,-1219393,-1687.9682115820451,56,-,-,-,-,Minimo
2638,105.52,-1229359,-621.3300207690272,56,-,-,-,-,Minimo
2639,105.56,-1228336,-55.44980739647235,56,-,-,-,-,Minimo
2640,105.6,-1231071,579.8799942451369,56,-,-,-,-,Minimo
2641,105.64,-1233598,1232.6180037666509,56,-,-,-,-,Minimo
2642,105.68,-1238340,2023.6360341051786,56,-,-,-,-,Minimo
2643,105.72,-1239332,2664.785149029578,56,-,-,-,-,Minimo
2644,105.76,-1240047,2883.5183822165845,56,-,-,-,-,Minimo
2645,105.8,-1241526,2221.3463844370935,56,-,-,-,-,Minimo
2646,105.84,-1241001,556.1958511575633,56,-,-,-,-,Minimo
2647,105.88,-1237488,-1405.6739453787427,56,-,-,-,-,Minimo
2648,105.92,-1225991,-2838.3628139472185,56,-,-,-,-,Minimo
2649,105.96,-1217500,-3045.529232694358,56,-,-,-,-,Minimo
2650,106.0,-1217072,-2358.864475946386,56,-,-,-,-,Minimo
2651,106.04,-1220537,-1544.2235618679574,56,-,-,-,-,Minimo
2652,106.08,-1225648,-822.0289573730711,56,-,-,-,-,Minimo
2653,106.12,-1228813,-121.9743677253391,56,-,-,-,-,Minimo
2654,106.16,-1227264,538.7660209413243,56,-,-,-,-,Minimo
2655,106.2,-1230920,1394.3029415926503,56,-,-,-,-,Minimo
2656,106.24,-1233233,2172.8792090729676,56,-,-,-,-,Minimo
2657,106.28,-1236932,2838.5654296059856,56,-,-,-,-,Minimo
2658,106.32,-1239196,2925.804713054752,56,-,-,-,-,Minimo
2659,106.36,-1239839,2033.1503275322566,56,-,-,-,-,Minimo
2660,106.4,-1241498,388.79424513561594,56,-,-,-,-,Minimo
2661,106.44,-1241179,-1303.1189958784307,56,-,-,-,-,Minimo
2662,106.48,-1240832,-2168.0004614531717,56,-,-,-,-,Minimo
2663,106.52,-1235429,-2246.357227611995,56,-,-,-,-,Minimo
2664,106.56,-1219792,-2234.947235814994,56,-,-,-,-,Minimo
2665,106.6,-1216222,-1949.4520709323606,56,-,-,-,-,Minimo
2666,106.64,-1218714,-1632.607631805815,56,-,-,-,-,Minimo
2667,106.68,-1227291,-1005.833054398789,56,-,-,-,-,Minimo
2668,106.72,-1228554,-344.89529665326427,56,-,-,-,-,Minimo
2669,106.76,-1227754,381.38166136559903,56,-,-,-,-,Minimo
2670,106.8,-1229211,1116.0342681084603,56,-,-,-,-,Minimo
2671,106.84,-1233505,1865.858253948485,56,-,-,-,-,Minimo
2672,106.88,-1236083,2552.2518512246616,56,-,-,-,-,Minimo
2673,106.92,-1240159,3078.5432352151483,56,-,-,-,-,Minimo
2674,106.96,-1242006,2787.941402911615,56,-,-,-,-,Minimo
2675,107.0,-1241783,1362.6791358040168,56,-,-,-,-,Minimo
2676,107.04,-1240073,-649.4661477031364,56,-,-,-,-,Minimo
2677,107.08,-1230019,-2352.7977287146605,56,-,-,-,-,Minimo
2678,107.12,-1218552,-2897.067380673112,56,-,-,-,-,Minimo
2679,107.16,-1216328,-2358.4731335088327,56,-,-,-,-,Minimo
2680,107.2,-1220594,-1642.804656358513,56,-,-,-,-,Minimo
2681,107.24,-1224884,-1246.9043666413577,56,-,-,-,-,Minimo
2682,107.28,-1229162,-862.9019437641018,56,-,-,-,-,Minimo
2683,107.32,-1227410,-351.85198314916715,56,-,-,-,-,Minimo
2684,107.36,-1229486,615.8357172370052,56,-,-,-,-,Minimo
2685,107.4,-1233031,1765.8466799746038,56,-,-,-,-,Minimo
2686,107.44,-1234637,2702.344301617819,56,-,-,-,-,Minimo
2687,107.48,-1238963,3159.3507899383867,56,-,-,-,-,Minimo
2688,107.52,-1238959,2492.546915891976,56,-,-,-,-,Minimo
2689,107.56,-1241859,968.6417977153023,56,-,-,-,-,Minimo
2690,107.6,-1240764,-889.4351353720463,56,-,-,-,-,Minimo
2691,107.64,-1241139,-1963.3911210860117,56,-,-,-,-,Minimo
2692,107.68,-1240193,-2036.0934706791577,56,-,-,-,-,Minimo
2693,107.72,-1226077,-1980.4678905834262,56,-,-,-,-,Minimo
2694,107.76,-1218700,-1798.3983917119112,56,-,-,-,-,Minimo
2695,107.8,-1217269,-1673.5996721302963,56,-,-,-,-,Minimo
2696,107.84,-1220643,-1359.2037602983864,56,-,-,-,-,Minimo
2697,107.88,-1225098,-727.823302659127,56,-,-,-,-,Minimo
2698,107.92,-1228794,102.78539030331558,56,-,-,-,-,Minimo
2699,107.96,-1227676,792.269857665181,56,-,-,-,-,Minimo
2700,108.0,-1229379,1488.902299241192,32,38.5,-,-,-,Minimo
2701,108.04,-1235742,2300.4366958029277,32,-,-,-,-,Minimo
2702,108.08,-1239866,2956.235952897052,32,-,-,-,-,Minimo
2703,108.12,-1240883,3057.404318602312,32,-,-,-,-,Minimo
2704,108.16,-1241041,2213.692371494688,32,-,-,-,-,Minimo
2705,108.2,-1241199,516.0378598749028,32,-,-,-,-,Minimo
2706,108.24,-1218498,-1961.6040707532775,32,-,-,-,-,Minimo
2707,108.28,-1215751,-2950.3252109729438,32,-,-,-,-,Minimo
2708,108.32,-1218519,-2729.1848268832164,32,-,-,-,-,Minimo
2709,108.36,-1223658,-1942.5502125969147,32,-,-,-,-,Minimo
2710,108.4,-1229364,-1245.1930904281953,32,-,-,-,-,Minimo
2711,108.44,-1228485,-953.0887603454566,32,-,-,-,-,Minimo
2712,108.48,-1229179,-455.0493030096641,32,-,-,-,-,Minimo
2713,108.52,-1232262,551.4371113163652,32,-,-,-,-,Minimo
2714,108.56,-1235035,1856.858113316981,32,-,-,-,-,Minimo
2715,108.6,-1238232,2973.0718524078084,32,-,-,-,-,Minimo
2716,108.64,-1239868,3123.4560942203407,32,-,-,-,-,Minimo
2717,108.68,-1241231,1929.2679325669924,32,-,-,-,-,Minimo
2718,108.72,-1242634,-91.62308437135289,32,-,-,-,-,Minimo
2719,108.76,-1241627,-1773.539886298321,32,-,-,-,-,Minimo
2720,108.8,-1236719,-2336.2722794644087,32,-,-,-,-,Minimo
2721,108.84,-1223843,-2207.403837678674,32,-,-,-,-,Minimo
2722,108.88,-1216106,-1816.4923299385791,32,-,-,-,-,Minimo
2723,108.92,-1217765,-1463.586980380369,32,-,-,-,-,Minimo
2724,108.96,-1220753,-1198.730552907603,32,-,-,-,-,Minimo
2725,109.0,-1227381,-594.8182489962282,32,-,-,-,-,Minimo
2726,109.04,-1228506,103.56628812538202,32,-,-,-,-,Minimo
2727,109.08,-1228740,863.5696357379747,32,-,-,-,-,Minimo
2728,109.12,-1230430,1653.4232254273784,32,-,-,-,-,Minimo
2729,109.16,-1232937,2451.3985212780635,32,-,-,-,-,Minimo
2730,109.2,-1235892,3072.2393956636242,32,-,-,-,-,Minimo
2731,109.24,-1239288,3046.6181042678863,32,-,-,-,-,Minimo
2732,109.28,-1240024,1908.303565736052,32,-,-,-,-,Minimo
2733,109.32,-1240972,57.346836108468324,32,-,-,-,-,Minimo
2734,109.36,-1242072,-1578.2939453856159,32,-,-,-,-,Minimo
2735,109.4,-1241623,-2283.4112012607866,32,-,-,-,-,Minimo
2736,109.44,-1223261,-2601.200530894421,32,-,-,-,-,Minimo
2737,109.48,-1215903,-2219.1643784746666,32,-,-,-,-,Minimo
2738,109.52,-1218226,-1709.8143580550386,32,-,-,-,-,Minimo
2739,109.56,-1224197,-1298.574793001807,32,-,-,-,-,Minimo
2740,109.6,-1227193,-913.7438464986299,32,-,-,-,-,Minimo
2741,109.64,-1231274,-248.0501810069818,32,-,-,-,-,Minimo
2742,109.68,-1234251,547.137306801379,32,-,-,-,-,Minimo
2743,109.72,-1235936,1335.2683686790406,32,-,-,-,-,Minimo
2744,109.76,-1238450,2171.2846905054976,32,-,-,-,-,Minimo
2745,109.8,-1239651,2879.831631073135,32,-,-,-,-,Minimo
2746,109.84,-1241141,3016.2489194248255,32,-,-,-,-,Minimo
2747,109.88,-1241787,1987.2050244063312,32,-,-,-,-,Minimo
2748,109.92,-1241843,9.125757676619855,32,-,-,-,-,Minimo
2749,109.96,-1240448,-1862.8694030810007,32,-,-,-,-,Minimo
2750,110.0,-1220055,-3240.607861707662,32,-,-,-,-,Minimo
2751,110.04,-1217319,-2958.3506527558384,32,-,-,-,-,Minimo
2752,110.08,-1216664,-2159.237384712611,32,-,-,-,-,Minimo
2753,110.12,-1222505,-1197.5769402802282,32,-,-,-,-,Minimo
2754,110.16,-1229498,-342.5226620305093,32,-,-,-,-,Minimo
2755,110.2,-1228706,189.69944690979355,32,-,-,-,-,Minimo
2756,110.24,-1227582,700.7270252082631,32,-,-,-,-,Minimo
2757,110.28,-1230575,1404.5230162817352,32,-,-,-,-,Minimo
2758,110.32,-1233146,2212.886639625426,32,-,-,-,-,Minimo
2759,110.36,-1235923,2952.982847093611,32,-,-,-,-,Minimo
2760,110.4,-1239034,3046.299343725166,32,-,-,-,-,Minimo
2761,110.44,-1240699,1927.4462248362638,32,-,-,-,-,Minimo
2762,110.48,-1241167,-68.46447765398375,32,-,-,-,-,Minimo
2763,110.52,-1241463,-1782.6788104998195,32,-,-,-,-,Minimo
2764,110.56,-1242120,-2311.9060435610677,32,-,-,-,-,Minimo
2765,110.6,-1236027,-2033.1152443403016,32,-,-,-,-,Minimo
2766,110.64,-1220719,-1860.916299091059,32,-,-,-,-,Minimo
2767,110.68,-1215867,-1738.9977482164468,32,-,-,-,-,Minimo
2768,110.72,-1219424,-1600.7496266809658,32,-,-,-,-,Minimo
2769,110.76,-1223914,-1242.7469783340441,32,-,-,-,-,Minimo
2770,110.8,-1228712,-504.0631585222054,32,-,-,-,-,Minimo
2771,110.84,-1229877,310.1115718344872,32,-,-,-,-,Minimo
2772,110.88,-1232331,1122.323793443834,32,-,-,-,-,Minimo
2773,110.92,-1236720,1908.136461844164,32,-,-,-,-,Minimo
2774,110.96,-1239492,2616.329297620946,32,-,-,-,-,Minimo
2775,111.0,-1238905,3021.700036502249,52,43.75,-,-,-,Minimo
2776,111.04,-1241781,2818.981496481829,52,-,-,-,-,Minimo
2777,111.08,-1241255,1427.8740186202149,52,-,-,-,-,Minimo
2778,111.12,-1242500,-522.8099808409632,52,-,-,-,-,Minimo
2779,111.16,-1239205,-2170.1043077842282,52,-,-,-,-,Minimo
2780,111.2,-1231541,-2845.2580056086517,52,-,-,-,-,Minimo
2781,111.24,-1219266,-2802.395026140295,52,-,-,-,-,Minimo
2782,111.28,-1216361,-2235.6598544147982,52,-,-,-,-,Minimo
2783,111.32,-1218478,-1592.4264056609518,52,-,-,-,-,Minimo
2784,111.36,-1222283,-882.6304560568265,52,-,-,-,-,Minimo
2785,111.4,-1229466,38.807483599153784,52,-,-,-,-,Minimo
2786,111.44,-1228383,698.355082472388,52,-,-,-,-,Minimo
2787,111.48,-1230834,1388.5073107172257,52,-,-,-,-,Minimo
2788,111.52,-1235035,2111.8678095425275,52,-,-,-,-,Minimo
2789,111.56,-1236946,2736.823206319662,52,-,-,-,-,Minimo
2790,111.6,-1239510,3045.800233007033,52,-,-,-,-,Minimo
2791,111.64,-1239339,2449.660001718433,52,-,-,-,-,Minimo
2792,111.68,-1242903,1037.4252571586735,52,-,-,-,-,Minimo
2793,111.72,-1241382,-890.1270845530457,52,-,-,-,-,Minimo
2794,111.76,-1241652,-2205.395261793322,52,-,-,-,-,Minimo
2795,111.8,-1235441,-2706.792811777167,52,-,-,-,-,Minimo
2796,111.84,-1221432,-2707.8147879818935,52,-,-,-,-,Minimo
2797,111.88,-1217333,-2224.4195409393924,52,-,-,-,-,Minimo
2798,111.92,-1221049,-1623.1389186483202,52,-,-,-,-,Minimo
2799,111.96,-1226539,-989.0592296524619,52,-,-,-,-,Minimo
2800,112.0,-1228714,-329.56413870205506,52,-,-,-,-,Minimo
2801,112.04,-1228201,323.69530496940524,52,-,-,-,-,Minimo
2802,112.08,-1230334,1030.3832105004867,52,-,-,-,-,Minimo
2803,112.12,-1234318,1787.5844681916888,52,-,-,-,-,Minimo
2804,112.16,-1237172,2527.848534744021,52,-,-,-,-,Minimo
2805,112.2,-1239820,3022.8491951773076,52,-,-,-,-,Minimo
2806,112.24,-1240998,2706.8684681532886,52,-,-,-,-,Minimo
2807,112.28,-1241170,1341.4049770446163,52,-,-,-,-,Minimo
2808,112.32,-1240659,-522.8058393546708,52,-,-,-,-,Minimo
2809,112.36,-1235650,-1988.8911091506816,52,-,-,-,-,Minimo
2810,112.4,-1219887,-2726.233756313595,52,-,-,-,-,Minimo
2811,112.44,-1216197,-2378.883588550698,52,-,-,-,-,Minimo
2812,112.48,-1218093,-1828.8255445684636,52,-,-,-,-,Minimo
2813,112.52,-1222426,-1386.3938012218946,52,-,-,-,-,Minimo
2814,112.56,-1228810,-813.744837162897,52,-,-,-,-,Minimo
2815,112.6,-1228262,-199.83592553169,52,-,-,-,-,Minimo
2816,112.64,-1228467,621.4966352848887,52,-,-,-,-,Minimo
2817,112.68,-1232689,1594.6100042219405,52,-,-,-,-,Minimo
2818,112.72,-1235673,2452.0667085969153,52,-,-,-,-,Minimo
2819,112.76,-1236715,2955.700694591812,52,-,-,-,-,Minimo
2820,112.8,-1238540,2739.3664059569523,52,-,-,-,-,Minimo
2821,112.84,-1240591,1494.9329775139745,52,-,-,-,-,Minimo
2822,112.88,-1241644,-372.79158596158925,52,-,-,-,-,Minimo
2823,112.92,-1241915,-1848.9159787317571,52,-,-,-,-,Minimo
2824,112.96,-1241492,-2272.3028210125935,52,-,-,-,-,Minimo
2825,113.0,-1230274,-2201.770309775822,52,-,-,-,-,Minimo
2826,113.04,-1219059,-1993.725788416792,52,-,-,-,-,Minimo
2827,113.08,-1218623,-1682.7410001617664,52,-,-,-,-,Minimo
2828,113.12,-1221522,-1343.9948593129516,52,-,-,-,-,Minimo
2829,113.16,-1226047,-760.8501113340003,52,-,-,-,-,Minimo
2830,113.2,-1229156,-46.18890218377783,52,-,-,-,-,Minimo
2831,113.24,-1228272,537.5312117530766,52,-,-,-,-,Minimo
2832,113.28,-1228564,1120.427659373609,52,-,-,-,-,Minimo
2833,113.32,-1232643,1896.9207445167713,52,-,-,-,-,Minimo
2834,113.36,-1235740,2674.8699970130638,52,-,-,-,-,Minimo
2835,113.4,-1238936,3077.5603211807393,52,-,-,-,-,Minimo
2836,113.44,-1240265,2495.5860997055643,52,-,-,-,-,Minimo
2837,113.48,-1241622,950.9628141277417,52,-,-,-,-,Minimo
2838,113.52,-1240454,-875.2182836079814,52,-,-,-,-,Minimo
2839,113.56,-1228006,-2305.4152663323093,52,-,-,-,-,Minimo
2840,113.6,-1217098,-2642.979219552066,52,-,-,-,-,Minimo
2841,113.64,-1217923,-2064.3234543873386,52,-,-,-,-,Minimo
2842,113.68,-1220682,-1519.6077676062964,52,-,-,-,-,Minimo
2843,113.72,-1226454,-1136.3206623354454,52,-,-,-,-,Minimo
2844,113.76,-1228776,-843.3194116548038,52,-,-,-,-,Minimo
2845,113.8,-1228125,-352.4173274456066,52,-,-,-,-,Minimo
2846,113.84,-1231430,573.6384532310394,52,-,-,-,-,Minimo
2847,113.88,-1233526,1621.065399289706,52,-,-,-,-,Minimo
2848,113.92,-1237395,2633.8417814900185,52,-,-,-,-,Minimo
2849,113.96,-1239189,3026.276554756745,52,-,-,-,-,Minimo
2850,114.0,-1239798,2334.8209068231395,58,49.5,-,-,-,Minimo
2851,114.04,-1242618,740.8366982425905,58,-,-,-,-,Minimo
2852,114.08,-1242692,-1051.9176813364477,58,-,-,-,-,Minimo
2853,114.12,-1237571,-2168.497700088961,58,-,-,-,-,Minimo
2854,114.16,-1224124,-2517.8310975034856,58,-,-,-,-,Minimo
2855,114.2,-1215675,-2229.578323430258,58,-,-,-,-,Minimo
2856,114.24,-1219671,-1638.9231222108056,58,-,-,-,-,Minimo
2857,114.28,-1224515,-1197.5547783631919,58,-,-,-,-,Minimo
2858,114.32,-1228104,-723.6525665091531,58,-,-,-,-,Minimo
2859,114.36,-1228457,-144.50309542328705,58,-,-,-,-,Minimo
2860,114.4,-1228494,544.615212697423,58,-,-,-,-,Minimo
2861,114.44,-1230432,1338.280293454407,58,-,-,-,-,Minimo
2862,114.48,-1233431,2222.934799067949,58,-,-,-,-,Minimo
2863,114.52,-1236430,2977.6382182527286,58,-,-,-,-,Minimo
2864,114.56,-1238260,3008.57184434621,58,-,-,-,-,Minimo
2865,114.6,-1239707,1898.8922282931935,58,-,-,-,-,Minimo
2866,114.64,-1241203,41.064959400676344,58,-,-,-,-,Minimo
2867,114.68,-1241852,-1514.895232987051,58,-,-,-,-,Minimo
2868,114.72,-1236149,-2174.022982700265,58,-,-,-,-,Minimo
2869,114.76,-1218783,-2318.247117599516,58,-,-,-,-,Minimo
2870,114.8,-1216496,-1841.7811062409492,58,-,-,-,-,Minimo
2871,114.84,-1220826,-1445.2104690775495,58,-,-,-,-,Minimo
2872,114.88,-1226078,-1158.0731806901522,58,-,-,-,-,Minimo
2873,114.92,-1229030,-760.028628762012,58,-,-,-,-,Minimo
2874,114.96,-1227762,-237.1649262373512,58,-,-,-,-,Minimo
2875,115.0,-1231093,557.2426013159784,58,-,-,-,-,Minimo
2876,115.04,-1235080,1423.955983394886,58,-,-,-,-,Minimo
2877,115.08,-1236703,2267.028487066218,58,-,-,-,-,Minimo
2878,115.12,-1238488,2908.772016177836,58,-,-,-,-,Minimo
2879,115.16,-1240708,2746.707846686356,58,-,-,-,-,Minimo
2880,115.2,-1240676,1352.074422020565,58,-,-,-,-,Minimo
2881,115.24,-1242486,-541.0076694818615,58,-,-,-,-,Minimo
2882,115.28,-1242799,-1881.1689056831656,58,-,-,-,-,Minimo
2883,115.32,-1237920,-2234.3172561940546,58,-,-,-,-,Minimo
2884,115.36,-1222770,-2231.466243456671,58,-,-,-,-,Minimo
2885,115.4,-1217214,-1948.2487163074602,58,-,-,-,-,Minimo
2886,115.44,-1219086,-1621.7423855835714,58,-,-,-,-,Minimo
2887,115.48,-1224395,-1104.5304478623812,58,-,-,-,-,Minimo
2888,115.52,-1227751,-415.99917046026985,58,-,-,-,-,Minimo
2889,115.56,-1228591,278.9142706743005,58,-,-,-,-,Minimo
2890,115.6,-1227734,846.778704541965,58,-,-,-,-,Minimo
2891,115.64,-1230600,1512.7392380365345,58,-,-,-,-,Minimo
2892,115.68,-1233971,2290.2679807412624,58,-,-,-,-,Minimo
2893,115.72,-1235985,2938.4884140068225,58,-,-,-,-,Minimo
2894,115.76,-1237935,2921.821278193902,58,-,-,-,-,Minimo
2895,115.8,-1240661,1828.4850260321928,58,-,-,-,-,Minimo
2896,115.84,-1240881,-58.90225619972671,58,-,-,-,-,Minimo
2897,115.88,-1242316,-1563.5323126658084,58,-,-,-,-,Minimo
2898,115.92,-1241379,-2072.4615744893867,58,-,-,-,-,Minimo
2899,115.96,-1236468,-1867.2565137038791,58,-,-,-,-,Minimo
2900,116.0,-1222432,-1846.9830678805884,58,-,-,-,-,Minimo
2901,116.04,-1216429,-1859.9102277302009,58,-,-,-,-,Minimo
2902,116.08,-1217110,-1765.2771533279865,58,-,-,-,-,Minimo
2903,116.12,-1222362,-1288.4552980889252,58,-,-,-,-,Minimo
2904,116.16,-1228875,-472.8349465896763,58,-,-,-,-,Minimo
2905,116.2,-1229460,259.307543979643,58,-,-,-,-,Minimo
2906,116.24,-1233322,1050.031104982003,58,-,-,-,-,Minimo
2907,116.28,-1236685,1798.387839114429,58,-,-,-,-,Minimo
2908,116.32,-1238082,2501.5284834724625,58,-,-,-,-,Minimo
2909,116.36,-1238902,3000.6663716322264,58,-,-,-,-,Minimo
2910,116.4,-1240825,2846.192834718229,58,-,-,-,-,Minimo
2911,116.44,-1241357,1598.8223889616972,58,-,-,-,-,Minimo
2912,116.48,-1241583,-349.14193818873196,58,-,-,-,-,Minimo
2913,116.52,-1240190,-2067.1959384213615,58,-,-,-,-,Minimo
2914,116.56,-1225876,-3153.0831566679153,58,-,-,-,-,Minimo
2915,116.6,-1215849,-3100.680333639044,58,-,-,-,-,Minimo
2916,116.64,-1218533,-2225.439571182442,58,-,-,-,-,Minimo
2917,116.68,-1223556,-1309.730878409992,58,-,-,-,-,Minimo
2918,116.72,-1227334,-537.5886879816335,58,-,-,-,-,Minimo
2919,116.76,-1229273,129.8083230005941,58,-,-,-,-,Minimo
2920,116.8,-1227872,646.4852573876447,58,-,-,-,-,Minimo
2921,116.84,-1229195,1248.6223127123817,58,-,-,-,-,Minimo
2922,116.88,-1233074,2030.0698451974768,58,-,-,-,-,Minimo
2923,116.92,-1235038,2741.8362793984425,58,-,-,-,-,Minimo
2924,116.96,-1238248,2979.105395518779,58,-,-,-,-,Minimo
2925,117.0,-1239769,2103.0982429673304,60,50.5,-,-,-,Minimo
2926,117.04,-1241612,340.6713364521079,60,-,-,-,-,Minimo
2927,117.08,-1240302,-1416.9463357594964,60,-,-,-,-,Minimo
2928,117.12,-1229374,-2441.262271950718,60,-,-,-,-,Minimo
2929,117.16,-1218105,-2444.1660531426623,60,-,-,-,-,Minimo
2930,117.2,-1216129,-1855.0767689569766,60,-,-,-,-,Minimo
2931,117.24,-1219874,-1367.5694683271108,60,-,-,-,-,Minimo
2932,117.28,-1224974,-1084.5372745800018,60,-,-,-,-,Minimo
2933,117.32,-1229385,-720.9748070884889,60,-,-,-,-,Minimo
2934,117.36,-1227515,-265.12441021300356,60,-,-,-,-,Minimo
2935,117.4,-1232567,655.9834172620494,60,-,-,-,-,Minimo
2936,117.44,-1235693,1652.5244966975888,60,-,-,-,-,Minimo
2937,117.48,-1238355,2602.0728939276487,60,-,-,-,-,Minimo
2938,117.52,-1239802,3053.730075720453,60,-,-,-,-,Minimo
2939,117.56,-1240513,2483.2894247111585,60,-,-,-,-,Minimo
2940,117.6,-1242070,901.458319466613,60,-,-,-,-,Minimo
2941,117.64,-1241184,-1017.7165764694755,60,-,-,-,-,Minimo
2942,117.68,-1235379,-2345.986550307819,60,-,-,-,-,Minimo
2943,117.72,-1220379,-2881.687058931595,60,-,-,-,-,Minimo
2944,117.76,-1217730,-2405.16040028723,60,-,-,-,-,Minimo
2945,117.8,-1222370,-1685.9136985748737,60,-,-,-,-,Minimo
2946,117.84,-1226481,-1116.8868116486674,60,-,-,-,-,Minimo
2947,117.88,-1230086,-496.59767008981,60,-,-,-,-,Minimo
2948,117.92,-1228860,122.52392864513058,60,-,-,-,-,Minimo
2949,117.96,-1229481,842.7833290302733,60,-,-,-,-,Minimo
2950,118.0,-1232277,1613.3416355859845,60,-,-,-,-,Minimo
2951,118.04,-1235393,2384.8425344517946,60,-,-,-,-,Minimo
2952,118.08,-1237971,2901.110044215039,60,-,-,-,-,Minimo
2953,118.12,-1239838,2625.9606814461185,60,-,-,-,-,Minimo
2954,118.16,-1240433,1279.237522392381,60,-,-,-,-,Minimo
2955,118.2,-1241755,-495.8209229589545,60,-,-,-,-,Minimo
2956,118.24,-1241548,-1723.6806863106297,60,-,-,-,-,Minimo
2957,118.28,-1240614,-1888.9849777503455,60,-,-,-,-,Minimo
2958,118.32,-1230217,-1725.5300232155914,60,-,-,-,-,Minimo
2959,118.36,-1218423,-1699.4558160941215,60,-,-,-,-,Minimo
2960,118.4,-1216984,-1657.0338474415257,60,-,-,-,-,Minimo
2961,118.44,-1220844,-1450.3067581898372,60,-,-,-,-,Minimo
2962,118.48,-1225639,-898.8380592862595,60,-,-,-,-,Minimo
2963,118.52,-1228689,-118.45711977418068,60,-,-,-,-,Minimo
2964,118.56,-1228164,583.276704091164,60,-,-,-,-,Minimo
2965,118.6,-1231284,1303.2992728346517,60,-,-,-,-,Minimo
2966,118.64,-1234116,1987.6309654966726,60,-,-,-,-,Minimo
2967,118.68,-1237440,2677.4069151832064,60,-,-,-,-,Minimo
2968,118.72,-1239011,2960.772066737024,60,-,-,-,-,Minimo
2969,118.76,-1239602,2330.016617181799,60,-,-,-,-,Minimo
2970,118.8,-1241351,776.6416247650566,60,-,-,-,-,Minimo
2971,118.84,-1240356,-1090.552774681546,60,-,-,-,-,Minimo
2972,118.88,-1225593,-2645.7490266889254,60,-,-,-,-,Minimo
2973,118.92,-1217896,-2898.2664891117474,60,-,-,-,-,Minimo
2974,118.96,-1218753,-2286.531537385845,60,-,-,-,-,Minimo
2975,119.0,-1224588,-1537.4612388020796,60,-,-,-,-,Minimo
2976,119.04,-1228297,-1031.7857165650935,60,-,-,-,-,Minimo
2977,119.08,-1229046,-589.7813327646359,60,-,-,-,-,Minimo
2978,119.12,-1227753,-32.90010693544491,60,-,-,-,-,Minimo
2979,119.16,-1230237,793.1229729907132,60,-,-,-,-,Minimo
2980,119.2,-1234045,1739.2440981142008,60,-,-,-,-,Minimo
2981,119.24,-1235813,2541.179243973127,60,-,-,-,-,Minimo
2982,119.28,-1238777,2854.4546790869053,60,-,-,-,-,Minimo
2983,119.32,-1239825,2076.2077235736924,60,-,-,-,-,Minimo
2984,119.36,-1242101,455.47444539563185,60,-,-,-,-,Minimo
2985,119.4,-1243262,-1122.4254420962739,60,-,-,-,-,Minimo
2986,119.44,-1241679,-1816.5373767071542,60,-,-,-,-,Minimo
2987,119.48,-1235301,-1731.7489316341334,60,-,-,-,-,Minimo
2988,119.52,-1221254,-1690.9043088373091,60,-,-,-,-,Minimo
2989,119.56,-1216610,-1652.849282873367,60,-,-,-,-,Minimo
2990,119.6,-1217574,-1602.5955341130575,60,-,-,-,-,Minimo
2991,119.64,-1222273,-1213.9091371732761,60,-,-,-,-,Minimo
2992,119.68,-1229202,-425.4054842518135,60,-,-,-,-,Minimo
2993,119.72,-1227906,234.75516165148838,60,-,-,-,-,Minimo
2994,119.76,-1230867,1007.7057719333898,60,-,-,-,-,Minimo
2995,119.8,-1233534,1787.1908073442519,60,-,-,-,-,Minimo
2996,119.84,-1235895,2601.054798453548,60,-,-,-,-,Minimo
2997,119.88,-1238335,3171.603943845549,60,-,-,-,-,Minimo
2998,119.92,-1239465,2897.731011935391,60,-,-,-,-,Minimo
2999,119.96,-1241008,1555.2383607464944,60,-,-,-,-,Minimo
3000,120.0,-1241870,-398.41112821204604,32,50.5,-,-,-,Minimo
3001,120.04,-1239482,-2040.8166855008249,32,-,-,-,-,Minimo
3002,120.08,-1217019,-3239.8989013448845,32,-,-,-,-,Minimo
3003,120.12,-1225395,-2533.384316071256,32,-,-,-,-,Minimo
3004,120.16,-1228718,-1735.6388293564987,32,-,-,-,-,Minimo
3005,120.2,-1228995,-1217.2140437598002,32,-,-,-,-,Minimo
3006,120.24,-1228576,-857.6441757830814,32,-,-,-,-,Minimo
3007,120.28,-1231752,-323.2212833836156,32,-,-,-,-,Minimo
3008,120.32,-1234200,314.1550736807326,32,-,-,-,-,Minimo
3009,120.36,-1236119,1058.583339440239,32,-,-,-,-,Minimo
3010,120.4,-1239655,1935.1762161231381,32,-,-,-,-,Minimo
3011,120.44,-1240976,2516.130574991505,32,-,-,-,-,Minimo
3012,120.48,-1241442,2277.080101469936,32,-,-,-,-,Minimo
3013,120.52,-1241911,1054.4606413669355,32,-,-,-,-,Minimo
3014,120.56,-1240416,-510.03503894777714,32,-,-,-,-,Minimo
3015,120.6,-1234400,-1541.6094748386095,32,-,-,-,-,Minimo
3016,120.64,-1220398,-1991.5614926157505,32,-,-,-,-,Minimo
3017,120.68,-1216536,-1824.9209163109008,32,-,-,-,-,Minimo
3018,120.72,-1218272,-1545.5158319543762,32,-,-,-,-,Minimo
3019,120.76,-1222511,-1139.3637322365987,32,-,-,-,-,Minimo
3020,120.8,-1228196,-464.4208989394865,32,-,-,-,-,Minimo
3021,120.84,-1227723,196.21000152959004,32,-,-,-,-,Minimo
3022,120.88,-1228109,924.259303969533,32,-,-,-,-,Minimo
3023,120.92,-1233531,1785.0111535255646,32,-,-,-,-,Minimo
3024,120.96,-1234909,2457.2370395353673,32,-,-,-,-,Minimo
3025,121.0,-1238102,2911.1795469291465,32,-,-,-,-,Minimo
3026,121.04,-1239337,2573.9260002969413,32,-,-,-,-,Minimo
3027,121.08,-1239984,1246.336847863016,32,-,-,-,-,Minimo
3028,121.12,-1241402,-561.7801232088268,32,-,-,-,-,Minimo
3029,121.16,-1241299,-1975.9567211420854,32,-,-,-,-,Minimo
3030,121.2,-1242457,-2327.3483227299394,32,-,-,-,-,Minimo
3031,121.24,-1220570,-2639.4255688221438,32,-,-,-,-,Minimo
3032,121.28,-1220102,-2127.082454221463,32,-,-,-,-,Minimo
3033,121.32,-1226325,-1591.8646070492023,32,-,-,-,-,Minimo
3034,121.36,-1228044,-1231.8716871275976,32,-,-,-,-,Minimo
3035,121.4,-1227696,-732.448582382776,32,-,-,-,-,Minimo
3036,121.44,-1230693,31.799774312038153,32,-,-,-,-,Minimo
3037,121.48,-1233848,759.8955513976607,32,-,-,-,-,Minimo
3038,121.52,-1235864,1378.536224776236,32,-,-,-,-,Minimo
3039,121.56,-1236511,2005.4838294578385,32,-,-,-,-,Minimo
3040,121.6,-1240949,2696.729690873073,32,-,-,-,-,Minimo
3041,121.64,-1241129,2644.582106868635,32,-,-,-,-,Minimo
3042,121.68,-1241412,1548.1517447622798,32,-,-,-,-,Minimo
3043,121.72,-1242028,-141.36602687814906,32,-,-,-,-,Minimo
3044,121.76,-1238581,-1508.6714905264657,32,-,-,-,-,Minimo
3045,121.8,-1226454,-2181.623260517512,32,-,-,-,-,Minimo
3046,121.84,-1218212,-2144.427405779408,32,-,-,-,-,Minimo
3047,121.88,-1216593,-1830.4439480584824,32,-,-,-,-,Minimo
3048,121.92,-1220579,-1360.3243957536895,32,-,-,-,-,Minimo
3049,121.96,-1225589,-755.1380909934696,32,-,-,-,-,Minimo
3050,122.0,-1229325,-66.07713304680055,32,-,-,-,-,Minimo
3051,122.04,-1227255,502.5754381569259,32,-,-,-,-,Minimo
3052,122.08,-1231564,1312.9318347068474,32,-,-,-,-,Minimo
3053,122.12,-1234340,2097.520489428255,32,-,-,-,-,Minimo
3054,122.16,-1236150,2729.321247120236,32,-,-,-,-,Minimo
3055,122.2,-1238211,2849.4881588282033,32,-,-,-,-,Minimo
3056,122.24,-1240352,2035.3639893428858,32,-,-,-,-,Minimo
3057,122.28,-1241323,359.8594902347104,32,-,-,-,-,Minimo
3058,122.32,-1241806,-1357.2424347786573,32,-,-,-,-,Minimo
3059,122.36,-1241963,-2261.665659860678,32,-,-,-,-,Minimo
3060,122.4,-1241420,-2207.855347116113,32,-,-,-,-,Minimo
3061,122.44,-1237123,-1828.3555796904438,32,-,-,-,-,Minimo
3062,122.48,-1218032,-2032.2824304218666,32,-,-,-,-,Minimo
3063,122.52,-1218996,-1767.6831629138069,32,-,-,-,-,Minimo
3064,122.56,-1224853,-1264.483595491262,32,-,-,-,-,Minimo
3065,122.6,-1228711,-606.6262118870432,32,-,-,-,-,Minimo
3066,122.64,-1229103,52.91270352535366,32,-,-,-,-,Minimo
3067,122.68,-1227913,615.7029494024014,32,-,-,-,-,Minimo
3068,122.72,-1232944,1292.1495270154783,32,-,-,-,-,Minimo
3069,122.76,-1235243,1879.8463618718015,32,-,-,-,-,Minimo
3070,122.8,-1238461,2541.7725409662617,32,-,-,-,-,Minimo
3071,122.84,-1241469,2972.3085427400238,32,-,-,-,-,Minimo
3072,122.88,-1242689,2550.409381345128,32,-,-,-,-,Minimo
3073,122.92,-1241792,1029.3646787771886,32,-,-,-,-,Minimo
3074,122.96,-1239943,-867.4632054729257,32,-,-,-,-,Minimo
3075,123.0,-1230481,-2256.608775062261,56,51.5,-,-,-,Minimo
3076,123.04,-1217165,-2668.0925082270023,56,-,-,-,-,Minimo
3077,123.08,-1217933,-2133.1648437911663,56,-,-,-,-,Minimo
3078,123.12,-1222869,-1612.1632687396323,56,-,-,-,-,Minimo
3079,123.16,-1228167,-1227.125261278039,56,-,-,-,-,Minimo
3080,123.2,-1229336,-791.6456336573792,56,-,-,-,-,Minimo
3081,123.24,-1228909,-99.00603109990834,56,-,-,-,-,Minimo
3082,123.28,-1233801,943.7742683381939,56,-,-,-,-,Minimo
3083,123.32,-1235838,1907.5629229247488,56,-,-,-,-,Minimo
3084,123.36,-1238968,2726.399120376018,56,-,-,-,-,Minimo
3085,123.4,-1239491,2913.7801268007165,56,-,-,-,-,Minimo
3086,123.44,-1240276,2145.8929759918874,56,-,-,-,-,Minimo
3087,123.48,-1241298,488.2508593158848,56,-,-,-,-,Minimo
3088,123.52,-1242434,-1243.6031199763588,56,-,-,-,-,Minimo
3089,123.56,-1241434,-2176.1367870732097,56,-,-,-,-,Minimo
3090,123.6,-1237189,-2181.5867730187174,56,-,-,-,-,Minimo
3091,123.64,-1216791,-2287.408586415884,56,-,-,-,-,Minimo
3092,123.68,-1218808,-1809.4331423677213,56,-,-,-,-,Minimo
3093,123.72,-1222844,-1379.9132986902441,56,-,-,-,-,Minimo
3094,123.76,-1228636,-729.7841490104051,56,-,-,-,-,Minimo
3095,123.8,-1228518,-72.33795724753872,56,-,-,-,-,Minimo
3096,123.84,-1228788,572.8032664530306,56,-,-,-,-,Minimo
3097,123.88,-1230958,1130.4679804946536,56,-,-,-,-,Minimo
3098,123.92,-1233757,1700.2541298949482,56,-,-,-,-,Minimo
3099,123.96,-1236094,2383.511340708692,56,-,-,-,-,Minimo
3100,124.0,-1237590,2878.790204554238,56,-,-,-,-,Minimo
3101,124.04,-1240361,2587.252176729633,56,-,-,-,-,Minimo
3102,124.08,-1242187,1145.6197929431492,56,-,-,-,-,Minimo
3103,124.12,-1235893,-960.2250303688561,56,-,-,-,-,Minimo
3104,124.16,-1220726,-2576.555783308535,56,-,-,-,-,Minimo
3105,124.2,-1216323,-2654.860909107234,56,-,-,-,-,Minimo
3106,124.24,-1218916,-1919.2186821585237,56,-,-,-,-,Minimo
3107,124.28,-1224033,-1238.6488561156439,56,-,-,-,-,Minimo
3108,124.32,-1228886,-825.9356233284352,56,-,-,-,-,Minimo
3109,124.36,-1228573,-561.9663843573117,56,-,-,-,-,Minimo
3110,124.4,-1229889,-27.691749202983374,56,-,-,-,-,Minimo
3111,124.44,-1233462,831.1404895165306,56,-,-,-,-,Minimo
3112,124.48,-1235468,1825.9574076047465,56,-,-,-,-,Minimo
3113,124.52,-1237721,2686.222954569532,56,-,-,-,-,Minimo
3114,124.56,-1239331,2736.815325852219,56,-,-,-,-,Minimo
3115,124.6,-1240659,1580.2011087141727,56,-,-,-,-,Minimo
3116,124.64,-1241594,-293.5342993967448,56,-,-,-,-,Minimo
3117,124.68,-1241272,-1786.8280439075563,56,-,-,-,-,Minimo
3118,124.72,-1242409,-2118.4153085842663,56,-,-,-,-,Minimo
3119,124.76,-1237184,-1830.3677170197325,56,-,-,-,-,Minimo
3120,124.8,-1217144,-1921.201530475937,56,-,-,-,-,Minimo
3121,124.84,-1217961,-1594.706400019626,56,-,-,-,-,Minimo
3122,124.88,-1223111,-1201.8247476488982,56,-,-,-,-,Minimo
3123,124.92,-1228250,-622.5515184064093,56,-,-,-,-,Minimo
3124,124.96,-1229035,-0.861622605656521,56,-,-,-,-,Minimo
3125,125.0,-1228028,563.7291223735224,56,-,-,-,-,Minimo
3126,125.04,-1229961,1132.83648786511,56,-,-,-,-,Minimo
3127,125.08,-1233321,1753.9497080940337,56,-,-,-,-,Minimo
3128,125.12,-1235591,2436.7078602966303,56,-,-,-,-,Minimo
3129,125.16,-1239004,2986.566831139424,56,-,-,-,-,Minimo
3130,125.2,-1240942,2679.8287422396497,56,-,-,-,-,Minimo
3131,125.24,-1242126,1217.394559762985,56,-,-,-,-,Minimo
3132,125.28,-1241917,-736.6250942451256,56,-,-,-,-,Minimo
3133,125.32,-1238671,-2038.1508196768414,56,-,-,-,-,Minimo
3134,125.36,-1221144,-2595.495066660791,56,-,-,-,-,Minimo
3135,125.4,-1216415,-2159.761486567202,56,-,-,-,-,Minimo
3136,125.44,-1220719,-1615.8959638719007,56,-,-,-,-,Minimo
3137,125.48,-1225143,-1352.2141781885896,56,-,-,-,-,Minimo
3138,125.52,-1228987,-1031.4090113894126,56,-,-,-,-,Minimo
3139,125.56,-1228455,-544.9638234661056,56,-,-,-,-,Minimo
3140,125.6,-1232949,341.00274485179125,56,-,-,-,-,Minimo
3141,125.64,-1236414,1302.8158853267714,56,-,basal,-,-,Minimo
3142,125.68,-1238612,2247.7305900313813,56,-,basal,-,-,Minimo
3143,125.72,-1238108,2871.36889062481,56,-,basal,-,-,Minimo
3144,125.76,-1240892,2821.843267738653,56,-,basal,-,-,Minimo
3145,125.8,-1241086,1550.9772207322867,56,-,basal,-,-,Minimo
3146,125.84,-1242819,-331.0315554800895,56,-,basal,-,-,Minimo
3147,125.88,-1241124,-1883.0182982887754,56,-,basal,-,-,Minimo
3148,125.92,-1240874,-2289.7323227072625,56,-,basal,-,-,Minimo
3149,125.96,-1219312,-2588.6418048589676,56,-,basal,-,-,Minimo
3150,126.0,-1217171,-2119.4239338518764,35,45.75,basal,-,-,Minimo
3151,126.04,-1221699,-1518.9590082948534,35,-,basal,-,-,Minimo
3152,126.08,-1227054,-829.21277443088,35,-,basal,-,-,Minimo
3153,126.12,-1228188,-160.47942259172487,35,-,basal,-,-,Minimo
3154,126.16,-1228739,447.28431727372845,35,-,basal,-,-,Minimo
3155,126.2,-1228570,909.9235654909303,35,-,basal,-,-,Minimo
3156,126.24,-1230794,1472.2047716357674,35,-,basal,-,-,Minimo
3157,126.28,-1233901,2224.754825354991,35,-,basal,-,-,Minimo
3158,126.32,-1235225,2851.329878070397,35,-,basal,-,-,Minimo
3159,126.36,-1238537,2828.9563130063416,35,-,basal,-,-,Minimo
3160,126.4,-1240100,1593.9401770673358,35,-,basal,-,-,Minimo
3161,126.44,-1241887,-286.57211636474267,35,-,basal,-,-,Minimo
3162,126.48,-1241082,-1718.0883398851588,35,-,induccion,-,-,Minimo
3163,126.52,-1228816,-2326.9202300547076,35,-,induccion,-,-,Minimo
3164,126.56,-1241855,-1385.5818257599844,35,-,induccion,-,-,Minimo
3165,126.6,-1243385,-909.264031801775,35,-,induccion,-,-,Minimo
3166,126.64,-1240153,-983.1203034387668,35,-,induccion,-,-,Minimo
3167,126.68,-1223333,-1615.7575498073547,35,-,induccion,-,-,Minimo
3168,126.72,-1217435,-1681.0548191460384,35,-,induccion,-,-,Minimo
3169,126.76,-1217833,-1226.6705272767113,35,-,induccion,-,-,Minimo
3170,126.8,-1224136,-327.67519361501616,35,-,induccion,-,-,Minimo
3171,126.84,-1228679,621.0657403318237,35,-,induccion,-,-,Minimo
3172,126.88,-1229880,1267.3354231133599,35,-,induccion,-,-,Minimo
3173,126.92,-1228011,1317.7952377291817,35,-,induccion,-,-,Minimo
3174,126.96,-1231050,1191.9540949988896,35,-,induccion,-,-,Minimo
3175,127.0,-1233749,1380.4695388819664,35,-,induccion,-,-,Minimo
3176,127.04,-1236260,2150.412506245938,35,-,induccion,-,-,Minimo
3177,127.08,-1238313,2690.838080890434,35,-,induccion,-,-,Minimo
3178,127.12,-1239347,1950.2243310523122,35,-,induccion,-,-,Minimo
3179,127.16,-1241389,107.00070762473888,35,-,induccion,-,-,Minimo
3180,127.2,-1241448,-1678.9301588250135,35,-,induccion,-,-,Minimo
3181,127.24,-1241438,-2297.467268318818,35,-,induccion,-,-,Minimo
3182,127.28,-1237219,-1990.9392000736625,35,-,induccion,-,-,Minimo
3183,127.32,-1220744,-1867.9814230520897,35,-,induccion,-,-,Minimo
3184,127.36,-1217377,-1685.6328793114008,35,-,induccion,-,-,Minimo
3185,127.4,-1217692,-1614.068614385872,35,-,induccion,-,-,Minimo
3186,127.44,-1222679,-1206.2367155577754,35,-,induccion,-,-,Minimo
3187,127.48,-1226957,-495.7163465029116,35,-,induccion,-,-,Minimo
3188,127.52,-1228468,257.502475516053,35,-,induccion,-,-,Minimo
3189,127.56,-1230918,983.1604063717159,35,-,induccion,-,-,Minimo
3190,127.6,-1237369,1803.3663585943013,35,-,induccion,-,-,Minimo
3191,127.64,-1239256,2519.5595687000105,35,-,induccion,-,-,Minimo
3192,127.68,-1240958,3067.8979723612283,35,-,induccion,-,-,Minimo
3193,127.72,-1241031,2862.169704132519,35,-,induccion,-,-,Minimo
3194,127.76,-1241923,1613.7066615811386,35,-,induccion,-,-,Minimo
3195,127.8,-1240958,-352.638367314765,35,-,induccion,-,-,Minimo
3196,127.84,-1229745,-2306.306422255735,35,-,induccion,-,-,Minimo
3197,127.88,-1217803,-3253.8632489130305,35,-,induccion,-,-,Minimo
3198,127.92,-1217571,-2945.716989414208,35,-,induccion,-,-,Minimo
3199,127.96,-1223157,-2137.043884245261,35,-,induccion,-,-,Minimo
3200,128.0,-1228881,-1317.5425034419923,35,-,induccion,-,-,Minimo
3201,128.04,-1229677,-597.0942270696551,35,-,induccion,-,-,Minimo
3202,128.08,-1228163,161.48814318350105,35,-,induccion,-,-,Minimo
3203,128.12,-1230984,1073.4902583005573,35,-,induccion,-,-,Minimo
3204,128.16,-1233086,1904.6510044692204,35,-,induccion,-,-,Minimo
3205,128.2,-1236042,2655.9084781438887,35,-,induccion,-,-,Minimo
3206,128.24,-1237811,2948.5304782154444,35,-,induccion,-,-,Minimo
3207,128.28,-1240211,2330.757490810458,35,-,induccion,-,-,Minimo
3208,128.32,-1241622,714.878483600015,35,-,induccion,-,-,Minimo
3209,128.36,-1241848,-1067.9914896459054,35,-,induccion,-,-,Minimo
3210,128.4,-1242334,-1944.404620282103,35,-,induccion,-,-,Minimo
3211,128.44,-1236919,-1918.5764518753522,35,-,induccion,-,-,Minimo
3212,128.48,-1223306,-1752.7321918932048,35,-,induccion,-,-,Minimo
3213,128.52,-1216915,-1621.5626177481354,35,-,induccion,-,-,Minimo
3214,128.56,-1217651,-1538.7312983516576,35,-,induccion,-,-,Minimo
3215,128.6,-1225590,-1119.3178561039567,35,-,induccion,-,-,Minimo
3216,128.64,-1228124,-566.234371264919,35,-,induccion,-,-,Minimo
3217,128.68,-1229069,121.06812679541417,35,-,induccion,-,-,Minimo
3218,128.72,-1230742,841.8897927382741,35,-,induccion,-,-,Minimo
3219,128.76,-1235163,1640.816052566991,35,-,induccion,-,-,Minimo
3220,128.8,-1237967,2413.6795641850276,35,-,induccion,-,-,Minimo
3221,128.84,-1239457,2971.9055295664157,35,-,induccion,-,-,Minimo
3222,128.88,-1240525,2831.3219585188226,35,-,induccion,-,-,Minimo
3223,128.92,-1241535,1624.2392459550333,35,-,induccion,-,-,Minimo
3224,128.96,-1241344,-306.81996407901204,35,-,induccion,-,-,Minimo
3225,129.0,-1238940,-1970.3890695321757,61,46.0,induccion,-,-,Minimo
3226,129.04,-1220913,-3044.372019199325,61,-,induccion,-,-,Minimo
3227,129.08,-1227695,-2411.702160024788,61,-,induccion,-,-,Minimo
3228,129.12,-1229990,-1718.4807884490751,61,-,induccion,-,-,Minimo
3229,129.16,-1228115,-1339.8332534153046,61,-,induccion,-,-,Minimo
3230,129.2,-1230374,-873.4739454401927,61,-,induccion,-,-,Minimo
3231,129.24,-1232691,-256.0240911824144,61,-,induccion,-,-,Minimo
3232,129.28,-1235676,496.1126666439641,61,-,induccion,-,-,Minimo
3233,129.32,-1237461,1217.9029464221812,61,-,induccion,-,-,Minimo
3234,129.36,-1241065,1946.1526093244092,61,-,induccion,-,-,Minimo
3235,129.4,-1240982,2296.9286513911275,61,-,induccion,-,-,Minimo
3236,129.44,-1241448,2007.0335509349457,61,-,induccion,-,-,Minimo
3237,129.48,-1242113,955.4409014405529,61,-,induccion,-,-,Minimo
3238,129.52,-1238757,-430.80025061600327,61,-,induccion,-,-,Minimo
3239,129.56,-1223954,-1666.3014564788882,61,-,induccion,-,-,Minimo
3240,129.6,-1217594,-1979.5299305919998,61,-,induccion,-,-,Minimo
3241,129.64,-1216813,-1816.1407521152623,61,-,induccion,-,-,Minimo
3242,129.68,-1220749,-1417.0635011097017,61,-,induccion,-,-,Minimo
3243,129.72,-1226065,-832.1757293846094,61,-,induccion,-,-,Minimo
3244,129.76,-1228700,-151.71517189913175,61,-,induccion,-,-,Minimo
3245,129.8,-1227920,511.56266897510795,61,-,induccion,-,-,Minimo
3246,129.84,-1232083,1341.5255665320647,61,-,induccion,-,-,Minimo
3247,129.88,-1235501,2142.6703900210787,61,-,induccion,-,-,Minimo
3248,129.92,-1238106,2785.7132310842635,61,-,induccion,-,-,Minimo
3249,129.96,-1239526,2827.263528538453,61,-,induccion,-,-,Minimo
3250,130.0,-1240411,1851.9396914598997,61,-,induccion,-,-,Minimo
3251,130.04,-1240949,60.69696716168039,61,-,induccion,-,-,Minimo
3252,130.08,-1241873,-1624.8366766839395,61,-,induccion,-,-,Minimo
3253,130.12,-1242401,-2404.7272964266353,61,-,induccion,-,-,Minimo
3254,130.16,-1225423,-2780.3397393470877,61,-,induccion,-,-,Minimo
3255,130.2,-1217839,-2460.8435473758855,61,-,induccion,-,-,Minimo
3256,130.24,-1224737,-1776.9644100822343,61,-,induccion,-,-,Minimo
3257,130.28,-1228791,-1290.8933274521971,61,-,induccion,-,-,Minimo
3258,130.32,-1229111,-785.8115488379397,61,-,induccion,-,-,Minimo
3259,130.36,-1227877,-145.43790407323297,61,-,induccion,-,-,Minimo
3260,130.4,-1231303,643.3714105126078,61,-,induccion,-,-,Minimo
3261,130.44,-1233679,1300.3593001538738,61,-,induccion,-,-,Minimo
3262,130.48,-1237379,2011.126889615257,61,-,induccion,-,-,Minimo
3263,130.52,-1237390,2590.976753188189,61,-,induccion,-,-,Minimo
3264,130.56,-1240445,2777.1340597756443,61,-,induccion,-,-,Minimo
3265,130.6,-1240959,1856.862460461056,61,-,induccion,-,-,Minimo
3266,130.64,-1241407,175.5414960877671,61,-,induccion,-,-,Minimo
3267,130.68,-1241473,-1215.977418971805,61,-,induccion,-,-,Minimo
3268,130.72,-1235554,-1783.5122444971312,61,-,induccion,-,-,Minimo
3269,130.76,-1219947,-1978.7517572193537,61,-,induccion,-,-,Minimo
3270,130.8,-1217604,-1761.8408297705282,61,-,induccion,-,-,Minimo
3271,130.84,-1218537,-1611.1566817722005,61,-,induccion,-,-,Minimo
3272,130.88,-1222353,-1235.7757953029525,61,-,induccion,-,-,Minimo
3273,130.92,-1229090,-476.509732864527,61,-,induccion,-,-,Minimo
3274,130.96,-1227956,159.27669544610762,61,-,induccion,-,-,Minimo
3275,131.0,-1229490,838.3961155867864,61,-,induccion,-,-,Minimo
3276,131.04,-1232024,1537.4725397920902,61,-,induccion,-,-,Minimo
3277,131.08,-1237074,2363.197306871716,61,-,induccion,-,-,Minimo
3278,131.12,-1238216,2871.8173532853125,61,-,induccion,-,-,Minimo
3279,131.16,-1241220,2705.469065645293,61,-,induccion,-,-,Minimo
3280,131.2,-1240871,1383.8115609062093,61,-,induccion,-,-,Minimo
3281,131.24,-1241345,-485.94863997900154,61,-,induccion,-,-,Minimo
3282,131.28,-1242809,-1898.9872823683036,61,-,induccion,-,-,Minimo
3283,131.32,-1241696,-2352.05114603354,61,-,induccion,-,-,Minimo
3284,131.36,-1216644,-2760.1348211982513,61,-,induccion,-,-,Minimo
3285,131.4,-1217734,-2170.8776370380547,61,-,induccion,-,-,Minimo
3286,131.44,-1228381,-1485.4574879225668,61,-,induccion,-,-,Minimo
3287,131.48,-1229145,-1177.0643269992581,61,-,induccion,-,-,Minimo
3288,131.52,-1229902,-645.8368171166385,61,-,induccion,-,-,Minimo
3289,131.56,-1233478,184.72306015610775,61,-,induccion,-,-,Minimo
3290,131.6,-1235131,931.8079981039036,61,-,induccion,-,-,Minimo
3291,131.64,-1237637,1610.1402097341343,61,-,induccion,-,-,Minimo
3292,131.68,-1239693,2293.2457778454336,61,-,induccion,-,-,Minimo
3293,131.72,-1241082,2836.575597663739,61,-,induccion,-,-,Minimo
3294,131.76,-1241003,2585.030676548163,61,-,induccion,-,-,Minimo
3295,131.8,-1241964,1182.5726923316743,61,-,induccion,-,-,Minimo
3296,131.84,-1236839,-942.4081306708167,61,-,induccion,-,-,Minimo
3297,131.88,-1221487,-2623.130114126465,61,-,induccion,-,-,Minimo
3298,131.92,-1216442,-2703.9552054531923,61,-,induccion,-,-,Minimo
3299,131.96,-1218427,-1930.0750818101305,61,-,induccion,-,-,Minimo
3300,132.0,-1221805,-1198.785424603605,68,55.0,induccion,-,-,-
3301,132.04,-1228574,-538.4462469204927,68,-,induccion,-,-,-
3302,132.08,-1228081,-83.98014981027973,68,-,induccion,-,-,-
3303,132.12,-1230876,598.343756814621,68,-,induccion,-,-,-
3304,132.16,-1233542,1377.874427469087,68,-,induccion,-,-,-
3305,132.2,-1235629,2182.418921952104,68,-,induccion,-,-,-
3306,132.24,-1237852,2800.6308282180544,68,-,induccion,-,-,-
3307,132.28,-1239310,2698.0429836440826,68,-,induccion,-,-,-
3308,132.32,-1240165,1515.5164579717978,68,-,induccion,-,-,-
3309,132.36,-1241950,-317.2473694534531,68,-,induccion,-,-,-
3310,132.4,-1241848,-1891.1350777979974,68,-,induccion,-,-,-
3311,132.44,-1241748,-2431.0833229753516,68,-,induccion,-,-,-
3312,132.48,-1235687,-2278.1248510950036,68,-,induccion,-,-,-
3313,132.52,-1218518,-2230.400690356415,68,-,induccion,-,-,-
3314,132.56,-1217278,-1815.5450671916205,68,-,induccion,-,-,-
3315,132.6,-1219174,-1384.4311722717903,68,-,induccion,-,-,-
3316,132.64,-1225828,-691.3308089227653,68,-,induccion,-,-,-
3317,132.68,-1230117,48.5099929808639,68,-,induccion,-,-,-
3318,132.72,-1228667,595.109927804664,68,-,induccion,-,-,-
3319,132.76,-1229822,1159.8827958031707,68,-,induccion,-,-,-
3320,132.8,-1233876,1849.4813221019822,68,-,induccion,-,-,-
3321,132.84,-1236256,2570.1760592711034,68,-,induccion,-,-,-
3322,132.88,-1240830,3152.60419107108,68,-,induccion,-,-,-
3323,132.92,-1240516,2763.6500695162513,68,-,induccion,-,-,-
3324,132.96,-1241590,1304.771664689921,68,-,induccion,-,-,-
3325,133.0,-1242140,-688.5507374612569,68,-,induccion,-,-,-
3326,133.04,-1241870,-2098.8743891435124,68,-,induccion,-,-,-
3327,133.08,-1234695,-2534.146143921588,68,-,induccion,-,-,-
3328,133.12,-1219994,-2435.1924041766197,68,-,induccion,-,-,-
3329,133.16,-1216146,-1997.9431108393892,68,-,induccion,-,-,-
3330,133.2,-1218844,-1658.750790726689,68,-,induccion,-,-,-
3331,133.24,-1224336,-1243.8700955838322,68,-,induccion,-,-,-
3332,133.28,-1227807,-581.506823312604,68,-,induccion,-,-,-
3333,133.32,-1228475,248.38367107878548,68,-,induccion,-,-,-
3334,133.36,-1230178,1103.8525324952789,68,-,induccion,-,-,-
3335,133.4,-1232187,1856.7909562069153,68,-,induccion,-,-,-
3336,133.44,-1234772,2571.072691248167,68,-,induccion,-,-,-
3337,133.48,-1237336,3056.5648756317714,68,-,induccion,-,-,-
3338,133.52,-1239763,2787.998786450913,68,-,induccion,-,-,-
3339,133.56,-1239698,1379.351835687352,68,-,induccion,-,-,-
3340,133.6,-1241519,-507.8178035927458,68,-,induccion,-,-,-
3341,133.64,-1241411,-1943.1069036195222,68,-,induccion,-,-,-
3342,133.68,-1241625,-2263.6377067078747,68,-,induccion,-,-,-
3343,133.72,-1240092,-1866.200278759965,68,-,induccion,-,-,-
3344,133.76,-1221917,-1925.479430852698,68,-,induccion,-,-,-
3345,133.8,-1216649,-1817.8443320649967,68,-,induccion,-,-,-
3346,133.84,-1219096,-1542.1894482960688,68,-,induccion,-,-,-
3347,133.88,-1224032,-997.778830129221,68,-,induccion,-,-,-
3348,133.92,-1228146,-248.67459555235837,68,-,induccion,-,-,-
3349,133.96,-1229650,473.4423325303105,68,-,induccion,-,-,-
3350,134.0,-1229110,1025.3304378024077,68,-,induccion,-,-,-
3351,134.04,-1231980,1619.8736767771315,68,-,induccion,-,-,-
3352,134.08,-1236896,2352.057286832918,68,-,induccion,-,-,-
3353,134.12,-1240620,3001.8019440416747,68,-,induccion,-,-,-
3354,134.16,-1241675,2970.894266935993,68,-,induccion,-,-,-
3355,134.2,-1240672,1773.3143354522356,68,-,induccion,-,-,-
3356,134.24,-1237571,-278.92153557136544,68,-,induccion,-,-,-
3357,134.28,-1221287,-2440.4836396302107,68,-,induccion,-,-,-
3358,134.32,-1217334,-3046.44952801786,68,-,induccion,-,-,-
3359,134.36,-1218220,-2504.712493074071,68,-,induccion,-,-,-
3360,134.4,-1223850,-1606.5431796101032,68,-,induccion,-,-,-
3361,134.44,-1228028,-1050.9861732159843,68,-,induccion,-,-,-
3362,134.48,-1229490,-738.0637416118207,68,-,induccion,-,-,-
3363,134.52,-1228848,-237.93188821830472,68,-,induccion,-,-,-
3364,134.56,-1231799,798.490556918845,68,-,induccion,-,-,-
3365,134.6,-1233622,1984.0227781953927,68,-,induccion,-,-,-
3366,134.64,-1237015,2899.391763559647,68,-,mantenimiento,-,-,-
3367,134.68,-1239522,2902.70146738166,68,-,mantenimiento,-,-,-
3368,134.72,-1240665,1733.1726763370934,68,-,mantenimiento,-,-,-
3369,134.76,-1241615,-93.72055083896441,68,-,mantenimiento,-,-,-
3370,134.8,-1241349,-1602.3630737652456,68,-,mantenimiento,-,-,-
3371,134.84,-1241379,-2055.895756559173,68,-,mantenimiento,-,-,-
3372,134.88,-1241043,-1667.2000778213337,68,-,mantenimiento,-,-,-
3373,134.92,-1235183,-1308.4620795982128,68,-,mantenimiento,-,-,-
3374,134.96,-1216838,-1651.2551531635072,68,-,mantenimiento,-,-,-
3375,135.0,-1217494,-1573.639880116907,65,57.25,mantenimiento,-,-,-
3376,135.04,-1224451,-1137.0688332053098,65,-,mantenimiento,-,-,-
3377,135.08,-1228188,-489.63900596155463,65,-,mantenimiento,-,-,-
3378,135.12,-1228359,224.41755013046622,65,-,mantenimiento,-,-,-
3379,135.16,-1228804,891.1400902928417,65,-,mantenimiento,-,-,-
3380,135.2,-1231361,1463.9071057700485,65,-,mantenimiento,-,-,-
3381,135.24,-1233899,1976.555006887409,65,-,mantenimiento,-,-,-
3382,135.28,-1236168,2523.4553645666892,65,-,mantenimiento,-,-,-
3383,135.32,-1239903,2907.8327042147403,65,-,mantenimiento,-,-,-
3384,135.36,-1242658,2460.0099444942134,65,-,mantenimiento,-,-,-
3385,135.4,-1242172,874.0265824283642,65,-,mantenimiento,-,-,-
3386,135.44,-1240948,-1043.6102716533485,65,-,despertar,-,-,-
3387,135.48,-1231510,-2408.798582342887,65,-,despertar,-,-,-
3388,135.52,-1219269,-2710.572176460224,65,-,despertar,-,-,-
3389,135.56,-1216143,-2210.322299088919,65,-,despertar,-,-,-
3390,135.6,-1220370,-1642.8726790153833,65,-,despertar,-,-,-
3391,135.64,-1223409,-1335.5701913782377,65,-,despertar,-,-,-
3392,135.68,-1228683,-872.3340848259149,65,-,despertar,-,-,-
3393,135.72,-1228363,-316.198344087059,65,-,despertar,-,-,-
3394,135.76,-1228361,509.83839081656697,65,-,despertar,-,-,-
3395,135.8,-1232152,1616.2639474999469,65,-,despertar,-,-,-
3396,135.84,-1235624,2650.5146242904493,65,-,despertar,-,-,-
3397,135.88,-1238296,3162.2787584480657,65,-,despertar,-,-,-
3398,135.92,-1239847,2661.866741465812,65,-,despertar,-,-,-
3399,135.96,-1240889,1135.1675181763399,65,-,despertar,-,-,-
3400,136.0,-1242141,-694.0244569049072,65,-,despertar,-,-,-
3401,136.04,-1241819,-1918.627458606265,65,-,despertar,-,-,-
3402,136.08,-1241783,-2087.881465608438,65,-,despertar,-,-,-
3403,136.12,-1240348,-1677.2893451905666,65,-,despertar,-,-,-
3404,136.16,-1226267,-1710.9586760158018,65,-,despertar,-,-,-
3405,136.2,-1217276,-1859.1728363640887,65,-,despertar,-,-,-
3406,136.24,-1217611,-1722.3808782711658,65,-,despertar,-,-,-
3407,136.28,-1222495,-1135.1106164158346,65,-,despertar,-,-,-
3408,136.32,-1227146,-260.14829401328643,65,-,despertar,-,-,-
3409,136.36,-1228556,541.917999810521,65,-,recuperacion,-,-,-
3410,136.4,-1228792,1146.1670074919703,65,-,recuperacion,-,-,-
3411,136.44,-1230984,1700.3606740278774,65,-,recuperacion,-,-,-
3412,136.48,-1233300,2296.6004993491133,65,-,recuperacion,-,-,-
3413,136.52,-1235952,2885.4574132032258,65,-,recuperacion,-,-,-
3414,136.56,-1237058,2961.99608442695,65,-,recuperacion,-,-,-
3415,136.6,-1239558,2107.928216442204,65,-,recuperacion,-,-,-
3416,136.64,-1241583,373.23684653693545,65,-,recuperacion,-,-,-
3417,136.68,-1242061,-1373.3279284907708,65,-,recuperacion,-,-,-
3418,136.72,-1242259,-2188.1327268475225,65,-,recuperacion,-,-,-
3419,136.76,-1236334,-2193.4604258999734,65,-,recuperacion,-,-,-
3420,136.8,-1220188,-2159.406733528893,65,-,recuperacion,-,-,-
3421,136.84,-1216702,-1890.8376336238161,65,-,recuperacion,-,-,-
3422,136.88,-1220703,-1559.732969894735,65,-,recuperacion,-,-,-
3423,136.92,-1226097,-1095.9836345204733,65,-,recuperacion,-,-,-
3424,136.96,-1229273,-501.9994600230366,65,-,recuperacion,-,-,-
3425,137.0,-1227995,49.60085247981306,65,-,recuperacion,-,-,-
3426,137.04,-1229568,711.0051538354573,65,-,recuperacion,-,-,-
3427,137.08,-1233977,1541.4707887425757,65,-,recuperacion,-,-,-
3428,137.12,-1235751,2384.4158297128643,65,-,recuperacion,-,-,-
3429,137.16,-1238406,3037.12568814745,65,-,recuperacion,-,-,-
3430,137.2,-1239779,2817.137336986961,65,-,recuperacion,-,-,-
3431,137.24,-1240590,1440.5881337052083,65,-,recuperacion,-,-,-
3432,137.28,-1242112,-458.6733034875964,65,-,recuperacion,-,-,-
3433,137.32,-1242174,-1825.8141360630848,65,-,recuperacion,-,-,-
3434,137.36,-1240991,-2086.4056114176615,65,-,recuperacion,-,-,-
3435,137.4,-1237565,-1721.708464695621,65,-,recuperacion,-,-,-
3436,137.44,-1219152,-1896.3549368583317,65,-,recuperacion,-,-,-
3437,137.48,-1216768,-1830.1990676813693,65,-,recuperacion,-,-,-
3438,137.52,-1219722,-1549.2917368673116,65,-,recuperacion,-,-,-
3439,137.56,-1224037,-919.023306582937,65,-,recuperacion,-,-,-
3440,137.6,-1229127,-54.538946894062065,65,-,recuperacion,-,-,-
3441,137.64,-1229160,609.2015705837975,65,-,recuperacion,-,-,-
3442,137.68,-1228690,1130.1807569751281,65,-,recuperacion,-,-,-
3443,137.72,-1230729,1724.7377316260872,65,-,recuperacion,-,-,-
3444,137.76,-1233352,2423.5724782642583,65,-,recuperacion,-,-,-
3445,137.8,-1235806,2960.358779627598,65,-,recuperacion,-,-,-
3446,137.84,-1237995,2754.929132162265,65,-,recuperacion,-,-,-
3447,137.88,-1240964,1489.2655825313486,65,-,recuperacion,-,-,-
3448,137.92,-1241829,-433.5988454840124,65,-,recuperacion,-,-,-
3449,137.96,-1242898,-1851.8338115020888,65,-,recuperacion,-,-,-
3450,138.0,-1242259,-2180.708924758327,65,64.75,recuperacion,-,-,-
3451,138.04,-1221096,-2341.2991361068307,65,-,recuperacion,-,-,-
3452,138.08,-1220993,-1755.897463626934,65,-,recuperacion,-,-,-
3453,138.12,-1226913,-1314.5658760102242,65,-,recuperacion,-,-,-
3454,138.16,-1229280,-1173.3087333860467,65,-,recuperacion,-,-,-
3455,138.2,-1228283,-997.7148055143483,65,-,recuperacion,-,-,-
3456,138.24,-1231064,-452.9134050628986,65,-,recuperacion,-,-,-
3457,138.28,-1233909,247.6243692847629,65,-,recuperacion,-,-,-
3458,138.32,-1236181,1035.8069715795764,65,-,recuperacion,-,-,-
3459,138.36,-1238392,1933.6680946156057,65,-,recuperacion,-,-,-
3460,138.4,-1240400,2692.1461807116284,65,-,recuperacion,-,-,-
3461,138.44,-1240729,2664.366205682752,65,-,recuperacion,-,-,-
3462,138.48,-1241298,1534.4852222427476,65,-,recuperacion,-,-,-
3463,138.52,-1241256,-185.01137237432852,65,-,recuperacion,-,-,-
3464,138.56,-1240861,-1400.533294583072,65,-,recuperacion,-,-,-
3465,138.6,-1236935,-1750.1021991156413,65,-,recuperacion,-,-,-
3466,138.64,-1218655,-2037.3619286315025,65,-,recuperacion,-,-,-
3467,138.68,-1217068,-1800.1570701981036,65,-,recuperacion,-,-,-
3468,138.72,-1221635,-1401.3972179795815,65,-,recuperacion,-,-,-
3469,138.76,-1225826,-845.7784931636629,65,-,recuperacion,-,-,-
3470,138.8,-1229425,-119.38481212245097,65,-,recuperacion,-,-,-
3471,138.84,-1229407,510.86180990979483,65,-,recuperacion,-,-,-
3472,138.88,-1229355,1034.6024047265764,65,-,recuperacion,-,-,-
3473,138.92,-1231650,1586.534324479423,65,-,recuperacion,-,-,-
3474,138.96,-1234490,2209.651269276621,65,-,recuperacion,-,-,-
3475,139.0,-1236304,2660.087579580021,65,-,recuperacion,-,-,-
3476,139.04,-1239610,2459.4668388612026,65,-,recuperacion,-,-,-
3477,139.08,-1240460,1134.3837634913407,65,-,recuperacion,-,-,-
3478,139.12,-1241190,-708.5591279798193,65,-,recuperacion,-,-,-
