muestra,tiempo,ppg,ppg filtrado,spi,spi_promedio,estado,tipo evento,evento,alarma
1,0.04,-1213980,-1451.6293867887644,nan,-,-,-,-,-
2,0.08,-1214517,-2061.6916266863072,nan,-,-,-,-,-
3,0.12,-1214500,-1831.7058759435504,nan,-,-,-,-,-
4,0.16,-1214852,-1289.836261980594,nan,-,-,-,-,-
5,0.2,-1213741,-1021.5573966987863,nan,-,-,-,-,-
6,0.24,-1205476,-1306.3904829265666,nan,-,-,-,-,-
7,0.28,-1193300,-1749.4028707968719,nan,-,-,-,-,-
8,0.32,-1192371,-1558.8831212743335,nan,-,-,-,-,-
9,0.36,-1193707,-983.0498008686909,nan,-,-,-,-,-
10,0.4,-1198270,-168.9748828027441,nan,-,-,-,-,-
11,0.44,-1203335,603.0404081659981,nan,-,-,-,-,-
12,0.48,-1204091,1094.526008409288,nan,-,-,-,-,-
13,0.52,-1202126,1405.5642721338272,nan,-,-,-,-,-
14,0.56,-1203925,1869.9838678710985,nan,-,-,-,-,-
15,0.6,-1207796,2453.6383087514996,nan,-,-,-,-,-
16,0.64,-1209859,2737.4303353041405,nan,-,-,-,-,-
17,0.68,-1210770,2246.9866042211243,nan,-,-,-,-,-
18,0.72,-1212705,899.6001332212045,nan,-,-,-,-,-
19,0.76,-1215216,-751.0092961362002,nan,-,-,-,-,-
20,0.8,-1214845,-1920.7715815855668,nan,-,-,-,-,-
21,0.84,-1216274,-2029.1965305584768,nan,-,-,-,-,-
22,0.88,-1216833,-1496.9745937067678,nan,-,-,-,-,-
23,0.92,-1215211,-1043.659381271244,nan,-,-,-,-,-
24,0.96,-1210198,-1088.0726672550354,nan,-,-,-,-,-
25,1.0,-1193842,-1709.422902101578,nan,-,-,-,-,-
26,1.04,-1192124,-1670.5659573390349,nan,-,-,-,-,-
27,1.08,-1193680,-1188.453607552432,nan,-,-,-,-,-
28,1.12,-1198021,-445.8622149219236,nan,-,-,-,-,-
29,1.16,-1202225,268.9975132600666,nan,-,-,-,-,-
30,1.2,-1202664,784.5603303841217,nan,-,-,-,-,-
31,1.24,-1202391,1246.4159203602403,nan,-,-,-,-,-
32,1.28,-1203130,1798.184471387909,nan,-,-,-,-,-
33,1.32,-1207215,2527.5567445721535,nan,-,-,-,-,-
34,1.36,-1209908,3004.776515675365,nan,-,-,-,-,-
35,1.4,-1212430,2729.450963083659,nan,-,-,-,-,-
36,1.44,-1214088,1410.4767407987674,nan,-,-,-,-,-
37,1.48,-1214717,-439.4443007438206,nan,-,-,-,-,-
38,1.52,-1215303,-1793.0882282632808,nan,-,-,-,-,-
39,1.56,-1217560,-2040.5874187664708,nan,-,-,-,-,-
40,1.6,-1217680,-1617.9281906086742,nan,-,-,-,-,-
41,1.64,-1216165,-1218.4650254123753,nan,-,-,-,-,-
42,1.68,-1211407,-1287.2831851478186,nan,-,-,-,-,-
43,1.72,-1198241,-1827.6906495016556,nan,-,-,-,-,-
44,1.76,-1191977,-1946.4391299421131,nan,-,-,-,-,-
45,1.8,-1191755,-1478.3933872866455,nan,-,-,-,-,-
46,1.84,-1196902,-592.8211878893359,nan,-,-,-,-,-
47,1.88,-1201300,242.0330941067623,nan,-,-,-,-,-
48,1.92,-1203352,832.5716794954915,nan,-,-,-,-,-
49,1.96,-1202193,1222.96114302579,nan,-,-,-,-,-
50,2.0,-1202288,1732.3777820017276,nan,-,-,-,-,-
51,2.04,-1207009,2514.4027580015645,nan,-,-,-,-,-
52,2.08,-1209708,3077.4660471046827,nan,-,-,-,-,-
53,2.12,-1211269,2928.0213995490813,nan,-,-,-,-,-
54,2.16,-1213107,1788.1260838180624,nan,-,-,-,-,-
55,2.2,-1213122,-63.93150617138349,nan,-,-,-,-,-
56,2.24,-1215200,-1592.512253471513,nan,-,-,-,-,-
57,2.28,-1215578,-2190.4129924524877,nan,-,-,-,-,-
58,2.32,-1215791,-1877.056454131234,nan,-,-,-,-,-
59,2.36,-1215467,-1342.0761603390029,nan,-,-,-,-,-
60,2.4,-1210462,-1279.6831841572275,nan,-,-,-,-,-
61,2.44,-1197391,-1765.5183255667162,nan,-,-,-,-,-
62,2.48,-1191733,-1883.1388948221138,nan,-,-,-,-,-
63,2.52,-1191907,-1426.1467943058033,nan,-,-,-,-,-
64,2.56,-1198120,-528.796059686899,nan,-,-,-,-,-
65,2.6,-1202981,283.17406739745184,nan,-,-,-,-,-
66,2.64,-1204139,806.5269104603813,nan,-,-,-,-,-
67,2.68,-1204124,1203.186975420389,nan,-,-,-,-,-
68,2.72,-1203257,1634.4037524767418,nan,-,-,-,-,-
69,2.76,-1207142,2321.2415598021435,nan,-,-,-,-,-
70,2.8,-1208600,2799.2499871135888,nan,-,-,-,-,-
71,2.84,-1210638,2669.172592515649,nan,-,-,-,-,-
72,2.88,-1212350,1554.630851688648,nan,-,-,-,-,-
73,2.92,-1215039,-173.48095291376148,nan,-,-,-,-,-
74,2.96,-1215517,-1684.3780885632023,nan,-,-,-,-,-
75,3.0,-1216527,-2149.1384054255327,56,56.0,-,-,-,-
76,3.04,-1215748,-1740.122978656039,56,-,-,-,-,-
77,3.08,-1213479,-1163.5352278399496,56,-,-,-,-,-
78,3.12,-1201474,-1253.794279837448,56,-,-,-,-,-
79,3.16,-1192021,-1594.124042034473,56,-,-,-,-,-
80,3.2,-1191165,-1607.0247132537588,56,-,-,-,-,-
81,3.24,-1195561,-1148.4094776383872,56,-,-,-,-,-
82,3.28,-1199813,-451.6940281855659,56,-,-,-,-,-
83,3.32,-1202406,253.22666210914394,56,-,-,-,-,-
84,3.36,-1203789,892.4833527216551,56,-,-,-,-,-
85,3.4,-1202825,1458.7205234027542,56,-,-,-,-,-
86,3.44,-1206429,2213.5543514554292,56,-,-,-,-,-
87,3.48,-1208135,2821.8819120647913,56,-,-,-,-,-
88,3.52,-1209699,2932.4566921282267,56,-,-,-,-,-
89,3.56,-1212604,2156.6242306027707,56,-,-,-,-,-
90,3.6,-1213762,491.575389398688,56,-,-,-,-,-
91,3.64,-1214815,-1210.1381111763856,56,-,-,-,-,-
92,3.68,-1215194,-2102.301795649232,56,-,-,-,-,-
93,3.72,-1215707,-1995.9573648610026,56,-,-,-,-,-
94,3.76,-1215750,-1451.3088657185558,56,-,-,-,-,-
95,3.8,-1214329,-1100.732878051735,56,-,-,-,-,-
96,3.84,-1203965,-1339.6711540853848,56,-,-,-,-,-
97,3.88,-1192604,-1673.3179884326946,56,-,-,-,-,-
98,3.92,-1190417,-1513.250299854184,56,-,-,-,-,-
99,3.96,-1192116,-981.0621638611838,56,-,-,-,-,-
100,4.0,-1196884,-213.27322708660358,56,-,-,-,-,-
101,4.04,-1202227,569.6652455447629,56,-,-,-,-,-
102,4.08,-1203869,1141.7730679754168,56,-,-,-,-,-
103,4.12,-1202237,1537.6854494094405,56,-,-,-,-,-
104,4.16,-1204991,2111.892136232759,56,-,-,-,-,-
105,4.2,-1207585,2711.041545496568,56,-,-,-,-,-
106,4.24,-1209911,2988.1444266978933,56,-,-,-,-,-
107,4.28,-1211418,2408.020418517908,56,-,-,-,-,-
108,4.32,-1213699,909.0244437595561,56,-,-,-,-,-
109,4.36,-1214147,-957.9145888315979,56,-,-,-,-,-
110,4.4,-1214806,-2195.4661774406077,56,-,-,-,-,-
111,4.44,-1215776,-2363.1324997861,56,-,-,-,-,-
112,4.48,-1215272,-1847.2376229739652,56,-,-,-,-,-
113,4.52,-1214774,-1272.0750988797372,56,-,-,-,-,-
114,4.56,-1206071,-1300.3209987686714,56,-,-,-,-,-
115,4.6,-1194792,-1631.445612547117,56,-,-,-,-,-
116,4.64,-1191966,-1559.8145783768432,56,-,-,-,-,-
117,4.68,-1193033,-1070.29402705155,56,-,-,-,-,-
118,4.72,-1198471,-262.7134305359059,56,-,-,-,-,-
119,4.76,-1202704,489.6719029639962,56,-,-,-,-,-
120,4.8,-1204026,1032.3918950214947,56,-,-,-,-,-
121,4.84,-1202865,1417.2834384382195,56,-,-,-,-,-
122,4.88,-1203767,1906.3035256182202,56,-,-,-,-,-
123,4.92,-1206973,2515.8826718814935,56,-,-,-,-,-
124,4.96,-1209056,2840.587586637931,56,-,-,-,-,-
125,5.0,-1211454,2437.3493240915523,56,-,-,-,-,-
126,5.04,-1212129,1069.1841447530624,56,-,-,-,-,-
127,5.08,-1213787,-647.3190970207538,56,-,-,-,-,-
128,5.12,-1214636,-1873.0406354604215,56,-,-,-,-,-
129,5.16,-1214535,-2120.4043500722955,56,-,-,-,-,-
130,5.2,-1216784,-1558.1422384795778,56,-,-,-,-,-
131,5.24,-1216007,-1033.176988219429,56,-,-,-,-,-
132,5.28,-1210756,-1021.8316603384073,56,-,-,-,-,-
133,5.32,-1195532,-1591.8904906942971,56,-,-,-,-,-
134,5.36,-1191221,-1688.6753414205268,56,-,-,-,-,-
135,5.4,-1193013,-1254.58363009401,56,-,-,-,-,-
136,5.44,-1197027,-519.4461439149435,56,-,-,-,-,-
137,5.48,-1201285,224.17305982736252,56,-,-,-,-,-
138,5.52,-1203323,767.0530063983897,56,-,-,-,-,-
139,5.56,-1202643,1132.8151599718713,56,-,-,-,-,-
140,5.6,-1203620,1619.1541661208375,56,-,-,-,-,-
141,5.64,-1206427,2320.72472615434,56,-,-,-,-,-
142,5.68,-1209102,2921.1559738489113,56,-,-,-,-,-
143,5.72,-1210516,2788.8381172973013,56,-,-,-,-,-
144,5.76,-1212660,1607.9774820081075,56,-,-,-,-,-
145,5.8,-1215880,-175.5778721755728,56,-,-,-,-,-
146,5.84,-1216650,-1662.8839483497188,56,-,-,-,-,-
147,5.88,-1217537,-2107.198826003641,56,-,-,-,-,-
148,5.92,-1216682,-1770.4014628961681,56,-,-,-,-,-
149,5.96,-1216225,-1264.5783723850018,56,-,-,-,-,-
150,6.0,-1212704,-1162.1168786148273,56,56.0,-,-,-,-
151,6.04,-1191872,-1861.0248556391416,56,-,-,-,-,-
152,6.08,-1190767,-1841.4583049400771,56,-,-,-,-,-
153,6.12,-1194241,-1393.4170565129798,56,-,-,-,-,-
154,6.16,-1198722,-691.7383814964744,56,-,-,-,-,-
155,6.2,-1203162,89.68562486030532,56,-,-,-,-,-
156,6.24,-1204039,755.2244442087213,56,-,-,-,-,-
157,6.28,-1202129,1304.0003125742505,56,-,-,-,-,-
158,6.32,-1206242,2038.877822769733,56,-,-,-,-,-
159,6.36,-1208049,2704.5273434263436,56,-,-,-,-,-
160,6.4,-1210315,3170.1173372050007,56,-,-,-,-,-
161,6.44,-1212257,2865.439373678686,56,-,-,-,-,-
162,6.48,-1213515,1428.6841711874226,56,-,-,-,-,-
163,6.52,-1214973,-575.8933698602273,56,-,-,-,-,-
164,6.56,-1215815,-2020.3731974721063,56,-,-,-,-,-
165,6.6,-1215879,-2268.002533846217,56,-,-,-,-,-
166,6.64,-1216293,-1694.5684709863879,56,-,-,-,-,-
167,6.68,-1214830,-1202.1946608521002,56,-,-,-,-,-
168,6.72,-1206800,-1323.3979726391171,56,-,-,-,-,-
169,6.76,-1195429,-1720.473145609536,56,-,-,-,-,-
170,6.8,-1191517,-1668.3081078423002,56,-,-,-,-,-
171,6.84,-1192144,-1164.3812366115953,56,-,-,-,-,-
172,6.88,-1197345,-369.6801624117336,56,-,-,-,-,-
173,6.92,-1201556,364.5679297566967,56,-,-,-,-,-
174,6.96,-1204567,973.9845934937111,56,-,-,-,-,-
175,7.0,-1202690,1382.10628421428,56,-,-,-,-,-
176,7.04,-1205095,1962.7925210993808,56,-,-,-,-,-
177,7.08,-1207784,2572.410532575109,56,-,-,-,-,-
178,7.12,-1209771,2901.506482703251,56,-,-,-,-,-
179,7.16,-1212088,2517.477193246489,56,-,-,-,-,-
180,7.2,-1214091,1209.5703565127724,56,-,-,-,-,-
181,7.24,-1214390,-589.813196404147,56,-,-,-,-,-
182,7.28,-1215119,-1936.2420808961872,56,-,-,-,-,-
183,7.32,-1214609,-2338.0646329393326,56,-,-,-,-,-
184,7.36,-1216532,-1864.4596338104368,56,-,-,-,-,-
185,7.4,-1214607,-1344.109502563549,56,-,-,-,-,-
186,7.44,-1209472,-1213.847643795918,56,-,-,-,-,-
187,7.48,-1195445,-1616.7166708440545,56,-,-,-,-,-
188,7.52,-1192059,-1598.1822766489568,56,-,-,-,-,-
189,7.56,-1193905,-1125.3373312516687,56,-,-,-,-,-
190,7.6,-1198317,-350.465224110068,56,-,-,-,-,-
191,7.64,-1202813,446.3335891545985,56,-,-,-,-,-
192,7.68,-1203488,984.9012754083305,56,-,-,-,-,-
193,7.72,-1202358,1326.0511337717708,56,-,-,-,-,-
194,7.76,-1204193,1768.1924213401326,56,-,-,-,-,-
195,7.8,-1206869,2342.5661276155397,56,-,-,-,-,-
196,7.84,-1208760,2765.418561333965,56,-,-,-,-,-
197,7.88,-1211358,2545.945667650052,56,-,-,-,-,-
198,7.92,-1213316,1337.286074368888,56,-,-,-,-,-
199,7.96,-1214375,-413.52912380312864,56,-,-,-,-,-
200,8.0,-1215571,-1721.526108534116,56,-,-,-,-,-
201,8.04,-1214855,-2071.7746159087073,56,-,-,-,-,-
202,8.08,-1216191,-1594.7305854681208,56,-,-,-,-,-
203,8.12,-1214331,-1151.958827927153,56,-,-,-,-,-
204,8.16,-1211270,-1100.129163443813,56,-,-,-,-,-
205,8.2,-1198227,-1598.5871651302314,56,-,-,-,-,-
206,8.24,-1191772,-1754.5521509870905,56,-,-,-,-,-
207,8.28,-1192931,-1351.3659313877424,56,-,-,-,-,-
208,8.32,-1198023,-588.0288454432825,56,-,-,-,-,-
209,8.36,-1201031,163.52513864330922,56,-,-,-,-,-
210,8.4,-1204049,837.586957298865,56,-,-,-,-,-
211,8.44,-1203378,1280.4322818075207,56,-,-,-,-,-
212,8.48,-1202715,1683.0816898933886,56,-,-,-,-,-
213,8.52,-1206138,2257.5383774542015,56,-,-,-,-,-
214,8.56,-1208391,2698.137766107293,56,-,-,-,-,-
215,8.6,-1211072,2617.031430199181,56,-,-,-,-,-
216,8.64,-1213082,1610.3392692383131,56,-,-,-,-,-
217,8.68,-1213221,-99.07322067963287,56,-,-,-,-,-
218,8.72,-1216156,-1493.7609261383502,56,-,-,-,-,-
219,8.76,-1214920,-2083.7225575427497,56,-,-,-,-,-
220,8.8,-1215614,-1738.8936358888336,56,-,-,-,-,-
221,8.84,-1215709,-1178.6370625122636,56,-,-,-,-,-
222,8.88,-1211956,-1041.1291136054306,56,-,-,-,-,-
223,8.92,-1200329,-1476.945091115609,56,-,-,-,-,-
224,8.96,-1193553,-1731.3427088087574,56,-,-,-,-,-
225,9.0,-1192693,-1480.6771286845396,57,56.333333333333336,-,-,-,-
226,9.04,-1198913,-701.0590259047001,57,-,-,-,-,-
227,9.08,-1202149,67.59462663828253,57,-,-,-,-,-
228,9.12,-1205378,743.58453006543,57,-,-,-,-,-
229,9.16,-1203210,1127.4486843265722,57,-,-,-,-,-
230,9.2,-1204159,1578.3411393282659,57,-,-,-,-,-
231,9.24,-1206875,2134.113981364928,57,-,-,-,-,-
232,9.28,-1208441,2588.5904605554297,57,-,-,-,-,-
233,9.32,-1211040,2601.8452572345295,57,-,-,-,-,-
234,9.36,-1213157,1724.151608039242,57,-,-,-,-,-
235,9.4,-1215632,154.43354329631757,57,-,-,-,-,-
236,9.44,-1215809,-1369.1618798117622,57,-,-,-,-,-
237,9.48,-1217339,-1953.5572566786773,57,-,-,-,-,-
238,9.52,-1217210,-1673.3706956890637,57,-,-,-,-,-
239,9.56,-1216564,-1126.5308985353954,57,-,-,-,-,-
240,9.6,-1210476,-1053.5158439594898,57,-,-,-,-,-
241,9.64,-1196104,-1581.884202079198,57,-,-,-,-,-
242,9.68,-1191557,-1777.8297570385057,57,-,-,-,-,-
243,9.72,-1192998,-1486.7225050723973,57,-,-,-,-,-
244,9.76,-1197316,-814.6006919841357,57,-,-,-,-,-
245,9.8,-1201601,-18.450753959309623,57,-,-,-,-,-
246,9.84,-1204285,704.9297141908737,57,-,-,-,-,-
247,9.88,-1203679,1256.2288154734551,57,-,-,-,-,-
248,9.92,-1203032,1805.705162450482,57,-,-,-,-,-
249,9.96,-1205722,2501.8373325378952,57,-,-,-,-,-
250,10.0,-1209319,3034.5107370100886,57,-,-,-,-,-
251,10.04,-1211393,2811.780642489537,57,-,-,-,-,-
252,10.08,-1213383,1573.190803461186,57,-,-,-,-,-
253,10.12,-1214452,-277.92058562623606,57,-,-,-,-,-
254,10.16,-1215621,-1746.3393738719135,57,-,-,-,-,-
255,10.2,-1216966,-2175.9828846758173,57,-,-,-,-,-
256,10.24,-1216092,-1806.1909261424394,57,-,-,-,-,-
257,10.28,-1216516,-1195.1515758109576,57,-,-,-,-,-
258,10.32,-1213201,-1033.3207888142906,57,-,-,-,-,-
259,10.36,-1198491,-1582.0943203067527,57,-,-,-,-,-
260,10.4,-1192668,-1822.8465166811002,57,-,-,-,-,-
261,10.44,-1192415,-1542.940114886611,57,-,-,-,-,-
262,10.48,-1195891,-812.4239683007675,57,-,-,-,-,-
263,10.52,-1199859,23.678085078636286,57,-,-,-,-,-
264,10.56,-1204143,763.9411458327759,57,-,-,-,-,-
265,10.6,-1203633,1231.4685996132357,57,-,-,-,-,-
266,10.64,-1202193,1665.6643810334385,57,-,-,-,-,-
267,10.68,-1205774,2338.5478616862065,57,-,-,-,-,-
268,10.72,-1208066,2887.6733473738805,57,-,-,-,-,-
269,10.76,-1210947,2908.289265903516,57,-,-,-,-,-
270,10.8,-1212746,1937.175712934396,57,-,-,-,-,-
271,10.84,-1214192,215.77492568022808,57,-,-,-,-,-
272,10.88,-1215859,-1378.7776113162754,57,-,-,-,-,-
273,10.92,-1216477,-2117.440451147324,57,-,-,-,-,-
274,10.96,-1217964,-1889.2194517123667,57,-,-,-,-,-
275,11.0,-1217193,-1354.121291095004,57,-,-,-,-,-
276,11.04,-1214535,-1089.1678927816702,57,-,-,-,-,-
277,11.08,-1201177,-1527.4641498041638,57,-,-,-,-,-
278,11.12,-1192649,-1872.3619041643906,57,-,-,-,-,-
279,11.16,-1192356,-1666.2583690220526,57,-,-,-,-,-
280,11.2,-1194765,-1034.628515123915,57,-,-,-,-,-
281,11.24,-1198955,-211.88386522020755,57,-,-,-,-,-
282,11.28,-1203354,551.170222467078,57,-,-,-,-,-
283,11.32,-1203845,1087.6548874654627,57,-,-,-,-,-
284,11.36,-1201755,1551.3269046299738,57,-,-,-,-,-
285,11.4,-1203692,2250.934698316012,57,-,-,-,-,-
286,11.44,-1207210,2957.844267436465,57,-,-,-,-,-
287,11.48,-1209664,3108.1930637877804,57,-,-,-,-,-
288,11.52,-1211901,2271.503807157922,57,-,-,-,-,-
289,11.56,-1212322,540.5713741910099,57,-,-,-,-,-
290,11.6,-1214076,-1160.2316865024181,57,-,-,-,-,-
291,11.64,-1215425,-2051.471936506856,57,-,-,-,-,-
292,11.68,-1216515,-1957.6403271499573,57,-,-,-,-,-
293,11.72,-1216925,-1385.3642293904802,57,-,-,-,-,-
294,11.76,-1215374,-1010.7532230965367,57,-,-,-,-,-
295,11.8,-1207414,-1242.0605077180262,57,-,-,-,-,-
296,11.84,-1194844,-1784.850988195536,57,-,-,-,-,-
297,11.88,-1191550,-1786.3585460265167,57,-,-,-,-,-
298,11.92,-1194462,-1205.5396391520262,57,-,-,-,-,-
299,11.96,-1198283,-413.7985897512258,57,-,-,-,-,-
300,12.0,-1203014,333.3218519873735,51,55.0,-,-,-,-
301,12.04,-1202602,779.1809612859752,51,-,-,-,-,-
302,12.08,-1206489,1350.3856970103625,51,-,-,-,-,-
303,12.12,-1210519,2045.3515748730042,51,-,-,-,-,-
304,12.16,-1212780,2740.393790972329,51,-,-,-,-,-
305,12.2,-1213191,3056.237138367507,51,-,-,-,-,-
306,12.24,-1214347,2558.57793776783,51,-,-,-,-,-
307,12.28,-1215758,1097.3480626113435,51,-,-,-,-,-
308,12.32,-1217046,-736.890534542458,51,-,-,-,-,-
309,12.36,-1216655,-2064.4798575348195,51,-,-,-,-,-
310,12.4,-1216232,-2404.3867738059466,51,-,-,-,-,-
311,12.44,-1212853,-2183.0134663985273,51,-,-,-,-,-
312,12.48,-1198084,-2212.9696051797982,51,-,-,-,-,-
313,12.52,-1191471,-2035.9708082980815,51,-,-,-,-,-
314,12.56,-1192175,-1524.2232747158032,51,-,-,-,-,-
315,12.6,-1195791,-752.393570149133,51,-,-,-,-,-
316,12.64,-1201377,96.52689956928316,51,-,-,-,-,-
317,12.68,-1204441,732.245522101297,51,-,-,-,-,-
318,12.72,-1204655,1183.8555535082041,51,-,-,-,-,-
319,12.76,-1203998,1659.619906045842,51,-,-,-,-,-
320,12.8,-1206268,2334.0843443142267,51,-,-,-,-,-
321,12.84,-1208455,2896.2290641197587,51,-,-,-,-,-
322,12.88,-1211136,2871.85776726155,51,-,-,-,-,-
323,12.92,-1212568,1809.2177186146773,51,-,-,-,-,-
324,12.96,-1213034,-22.48663966157642,51,-,-,-,-,-
325,13.0,-1215759,-1608.76555427189,51,-,-,-,-,-
326,13.04,-1216950,-2272.1738575657,51,-,-,-,-,-
327,13.08,-1216798,-1982.6386083959126,51,-,-,-,-,-
328,13.12,-1214880,-1368.843646307499,51,-,-,-,-,-
329,13.16,-1211491,-1036.0531142388663,51,-,-,-,-,-
330,13.2,-1200598,-1321.1464588699582,51,-,-,-,-,-
331,13.24,-1194432,-1543.114178212245,51,-,-,-,-,-
332,13.28,-1192788,-1386.4092010687782,51,-,-,-,-,-
333,13.32,-1196448,-781.1852361070537,51,-,-,-,-,-
334,13.36,-1200727,-56.6420320202601,51,-,-,-,-,-
335,13.4,-1204352,597.9168028990907,51,-,-,-,-,-
336,13.44,-1204140,1099.3376429706232,51,-,-,-,-,-
337,13.48,-1203586,1642.446379822367,51,-,-,-,-,-
338,13.52,-1205847,2298.1318175845136,51,-,-,-,-,-
339,13.56,-1209002,2780.2010842521904,51,-,-,-,-,-
340,13.6,-1210328,2646.1691156223515,51,-,-,-,-,-
341,13.64,-1212603,1743.664924934421,51,-,-,-,-,-
342,13.68,-1213709,207.4105996203598,51,-,-,-,-,-
343,13.72,-1214492,-1262.4374524036634,51,-,-,-,-,-
344,13.76,-1215062,-1997.477029948166,51,-,-,-,-,-
345,13.8,-1215421,-1874.3409751761242,51,-,-,-,-,-
346,13.84,-1216051,-1327.3002895328134,51,-,-,-,-,-
347,13.88,-1215213,-970.9258559452196,51,-,-,-,-,-
348,13.92,-1205073,-1242.3521179576219,51,-,-,-,-,-
349,13.96,-1194080,-1627.2264987712333,51,-,-,-,-,-
350,14.0,-1191593,-1509.2303045528242,51,-,-,-,-,-
351,14.04,-1194927,-911.8139898715831,51,-,-,-,-,-
352,14.08,-1199006,-161.67649249245278,51,-,-,-,-,-
353,14.12,-1203930,560.3081208749045,51,-,-,-,-,-
354,14.16,-1204462,1013.1679379180341,51,-,-,-,-,-
355,14.2,-1203176,1345.1017952921811,51,-,-,-,-,-
356,14.24,-1205743,1877.552570084873,51,-,-,-,-,-
357,14.28,-1207817,2474.435863902281,51,-,-,-,-,-
358,14.32,-1210614,2823.3269698234135,51,-,-,-,-,-
359,14.36,-1212107,2314.277634367216,51,-,-,-,-,-
360,14.4,-1213295,847.1211413091023,51,-,-,-,-,-
361,14.44,-1215640,-882.1621065903994,51,-,-,-,-,-
362,14.48,-1215842,-2029.67381386526,51,-,-,-,-,-
363,14.52,-1215584,-2138.845236432818,51,-,-,-,-,-
364,14.56,-1217312,-1529.9887607745204,51,-,-,-,-,-
365,14.6,-1215693,-1064.645417000605,51,-,-,-,-,-
366,14.64,-1209787,-1113.121266983786,51,-,-,-,-,-
367,14.68,-1194996,-1639.4643111249952,51,-,-,-,-,-
368,14.72,-1191984,-1619.0278478261662,51,-,-,-,-,-
369,14.76,-1192703,-1171.5635240812298,51,-,-,-,-,-
370,14.8,-1197178,-424.1849220131247,51,-,-,-,-,-
371,14.84,-1200973,302.506584766621,51,-,-,-,-,-
372,14.88,-1204346,930.4508975731605,51,-,-,-,-,-
373,14.92,-1203653,1360.2570905949433,51,-,-,-,-,-
374,14.96,-1203018,1818.9629935574858,51,-,-,-,-,-
375,15.0,-1206426,2480.873224670697,57,55.25,-,-,-,Maximo
376,15.04,-1210194,2984.6293265467993,57,-,-,-,-,Maximo
377,15.08,-1212224,2729.289865420754,57,-,-,-,-,Maximo
378,15.12,-1214642,1482.6997632825341,57,-,-,-,-,Maximo
379,15.16,-1214877,-382.63574203257167,57,-,-,-,-,Maximo
380,15.2,-1216242,-1809.4140034555696,57,-,-,-,-,Maximo
381,15.24,-1216944,-2246.6808760232598,57,-,-,-,-,Maximo
382,15.28,-1216911,-1873.9353396819006,57,-,-,-,-,Maximo
383,15.32,-1216966,-1304.049162224168,57,-,-,-,-,Maximo
384,15.36,-1212026,-1198.4513562145212,57,-,-,-,-,Maximo
385,15.4,-1193681,-1834.851833358669,57,-,-,-,-,Maximo
386,15.44,-1191754,-1889.970276681137,57,-,-,-,-,Maximo
387,15.48,-1195838,-1384.5462938574337,57,-,-,-,-,Maximo
388,15.52,-1199719,-556.8992347515932,57,-,-,-,-,Maximo
389,15.56,-1202862,295.6763013271466,57,-,-,-,-,Maximo
390,15.6,-1203647,902.4695257433214,57,-,-,-,-,Maximo
391,15.64,-1202372,1288.32776897116,57,-,-,-,-,Maximo
392,15.68,-1205308,1840.1975089633079,57,-,-,-,-,Maximo
393,15.72,-1208046,2519.5240891197873,57,-,-,-,-,Maximo
394,15.76,-1211198,3072.0067787102844,57,-,-,-,-,Maximo
395,15.8,-1212923,2817.206594883064,57,-,-,-,-,Maximo
396,15.84,-1214272,1443.3413586935822,57,-,-,-,-,Maximo
397,15.88,-1216562,-441.45875750909954,57,-,-,-,-,Maximo
398,15.92,-1216108,-1835.262234747192,57,-,-,-,-,Maximo
399,15.96,-1216797,-2045.8321778137188,57,-,-,-,-,Maximo
400,16.0,-1216728,-1571.1217885554925,57,-,-,-,-,Maximo
401,16.04,-1215411,-1204.6994876940298,57,-,-,-,-,Maximo
402,16.08,-1204613,-1521.5140521298654,57,-,-,-,-,Maximo
403,16.12,-1193923,-1948.0341293944039,57,-,-,-,-,Maximo
404,16.16,-1192332,-1814.3299935860814,57,-,-,-,-,Maximo
405,16.2,-1195241,-1176.8792175612225,57,-,-,-,-,Maximo
406,16.24,-1198290,-364.1865766555293,57,-,-,-,-,Maximo
407,16.28,-1202293,437.03285020566454,57,-,-,-,-,Maximo
408,16.32,-1202900,1009.0414769682675,57,-,-,-,-,Maximo
409,16.36,-1202144,1471.7311363098997,57,-,-,-,-,Maximo
410,16.4,-1205658,2107.8982273861684,57,-,-,-,-,Maximo
411,16.44,-1208874,2739.278509699553,57,-,-,-,-,Maximo
412,16.48,-1210348,2970.0761157395436,57,-,-,-,-,Maximo
413,16.52,-1212318,2379.141609604787,57,-,-,-,-,Maximo
414,16.56,-1214032,888.0330759276035,57,-,-,-,-,Maximo
415,16.6,-1213819,-876.8082943041622,57,-,-,-,-,Maximo
416,16.64,-1215687,-1907.5256509569626,57,-,-,-,-,Maximo
417,16.68,-1216489,-2014.0823520771614,57,-,-,-,-,Maximo
418,16.72,-1217895,-1566.9784076508856,57,-,-,-,-,Maximo
419,16.76,-1214494,-1328.686633465817,57,-,-,-,-,Maximo
420,16.8,-1201546,-1657.6724966674683,57,-,-,-,-,Maximo
421,16.84,-1193491,-1864.0503539521833,57,-,-,-,-,Maximo
422,16.88,-1192008,-1608.5229086960699,57,-,-,-,-,Maximo
423,16.92,-1195740,-911.740424587349,57,-,-,-,-,Maximo
424,16.96,-1198936,-154.62545416065996,57,-,-,-,-,Maximo
425,17.0,-1203384,536.6560896938308,57,-,-,-,-,Maximo
426,17.04,-1202846,939.7886867608804,57,-,-,-,-,Maximo
427,17.08,-1203000,1381.92198720944,57,-,-,-,-,Maximo
428,17.12,-1206054,2089.39428199099,57,-,-,-,-,Maximo
429,17.16,-1209258,2848.1898244634313,57,-,-,-,-,Maximo
430,17.2,-1211384,3091.892838224984,57,-,-,-,-,Maximo
431,17.24,-1214656,2361.777180542469,57,-,-,-,-,Maximo
432,17.28,-1213149,586.9213910436415,57,-,-,-,-,Maximo
433,17.32,-1215723,-1098.905889262756,57,-,-,-,-,Maximo
434,17.36,-1216688,-2020.4080007478187,57,-,-,-,-,Maximo
435,17.4,-1217369,-1983.260279639496,57,-,-,-,-,Maximo
436,17.44,-1216593,-1540.1266580137108,57,-,-,-,-,Maximo
437,17.48,-1214359,-1277.3726211928924,57,-,-,-,-,Maximo
438,17.52,-1201607,-1643.502325480973,57,-,-,-,-,Maximo
439,17.56,-1192775,-1902.0061103364424,57,-,-,-,-,Maximo
440,17.6,-1190575,-1652.5184559099507,57,-,-,-,-,Maximo
441,17.64,-1194424,-893.5182682716359,57,-,-,-,-,Maximo
442,17.68,-1199591,-10.252436783913254,57,-,-,-,-,Maximo
443,17.72,-1204119,714.6532974700931,57,-,-,-,-,Maximo
444,17.76,-1204235,1153.9622284968245,57,-,-,-,-,Maximo
445,17.8,-1202815,1564.6538747363984,57,-,-,-,-,Maximo
446,17.84,-1206219,2264.854696524836,57,-,-,-,-,Maximo
447,17.88,-1207710,2879.9631127063003,57,-,-,-,-,Maximo
448,17.92,-1211149,3065.7141369525034,57,-,-,-,-,Maximo
449,17.96,-1213282,2251.8705607115544,57,-,-,-,-,Maximo
450,18.0,-1213953,514.0211967576488,55,55.0,-,-,-,Maximo
451,18.04,-1215348,-1287.326177982392,55,-,-,-,-,Maximo
452,18.08,-1216995,-2258.8433938391827,55,-,-,-,-,Maximo
453,18.12,-1217396,-2186.744483720732,55,-,-,-,-,Maximo
454,18.16,-1215375,-1612.020983097802,55,-,-,-,-,Maximo
455,18.2,-1204629,-1436.7160853543537,55,-,-,-,-,Maximo
456,18.24,-1192864,-1685.0184763943616,55,-,-,-,-,Maximo
457,18.28,-1191743,-1724.857353958192,55,-,-,-,-,Maximo
458,18.32,-1194969,-1382.0138054125741,55,-,-,-,-,Maximo
459,18.36,-1198610,-692.2709028876202,55,-,-,-,-,Maximo
460,18.4,-1204119,188.33385392999025,55,-,-,-,-,Maximo
461,18.44,-1204575,820.44110505146,55,-,-,-,-,Maximo
462,18.48,-1203191,1313.3683949284032,55,-,-,-,-,Maximo
463,18.52,-1205306,1997.7847265019627,55,-,-,-,-,Maximo
464,18.56,-1208166,2759.511639033698,55,-,-,-,-,Maximo
465,18.6,-1210969,3133.922907390245,55,-,-,-,-,Maximo
466,18.64,-1212488,2515.184923192981,55,-,-,-,-,Maximo
467,18.68,-1214154,914.4823092107085,55,-,-,-,-,Maximo
468,18.72,-1213428,-985.2722760716557,55,-,-,-,-,Maximo
469,18.76,-1215478,-2052.750562141834,55,-,-,-,-,Maximo
470,18.8,-1216250,-2081.8659369582474,55,-,-,-,-,Maximo
471,18.84,-1216102,-1509.5349360612724,55,-,-,-,-,Maximo
472,18.88,-1214594,-1041.4191771209807,55,-,-,-,-,Maximo
473,18.92,-1205376,-1210.5439862734675,55,-,-,-,-,Maximo
474,18.96,-1195705,-1586.5871714973218,55,-,-,-,-,Maximo
475,19.0,-1192467,-1556.0114258850317,55,-,-,-,-,Maximo
476,19.04,-1195011,-987.479144969021,55,-,-,-,-,Maximo
477,19.08,-1199743,-172.39013612201506,55,-,-,-,-,Maximo
478,19.12,-1203279,521.3994496637597,55,-,-,-,-,Maximo
479,19.16,-1204627,972.3528673590126,55,-,-,-,-,Maximo
480,19.2,-1204055,1313.7859991979813,55,-,-,-,-,Maximo
481,19.24,-1205844,1849.1340339481694,55,-,-,-,-,Maximo
482,19.28,-1208743,2485.97446839063,55,-,-,-,-,Maximo
483,19.32,-1211442,2797.301663485595,55,-,-,-,-,Maximo
484,19.36,-1214198,2310.851176752216,55,-,-,-,-,Maximo
485,19.4,-1214326,870.655503405907,55,-,-,-,-,Maximo
486,19.44,-1214174,-848.3428213874012,55,-,-,-,-,Maximo
487,19.48,-1217352,-1879.3458844311854,55,-,-,-,-,Maximo
488,19.52,-1216920,-2064.4241540437115,55,-,-,-,-,Maximo
489,19.56,-1217551,-1587.6233854438772,55,-,-,-,-,Maximo
490,19.6,-1213141,-1263.7544665864762,55,-,-,-,-,Maximo
491,19.64,-1200655,-1509.9211969025928,55,-,-,-,-,Maximo
492,19.68,-1192676,-1760.108016702552,55,-,-,-,-,Maximo
493,19.72,-1191482,-1593.1817349637076,55,-,-,-,-,Maximo
494,19.76,-1197204,-866.000942804815,55,-,-,-,-,Maximo
495,19.8,-1200507,-52.896943548626496,55,-,-,-,-,Maximo
496,19.84,-1203978,662.0397340548634,55,-,-,-,-,Maximo
497,19.88,-1202363,1042.605061261781,55,-,-,-,-,Maximo
498,19.92,-1203051,1505.4442044851758,55,-,-,-,-,Maximo
499,19.96,-1207791,2266.153254404483,55,-,-,-,-,Maximo
500,20.0,-1209415,2907.5516131558097,55,-,-,-,-,Maximo
501,20.04,-1212175,3018.7204365606767,55,-,-,-,-,Maximo
502,20.08,-1214028,2075.6890092723916,55,-,-,-,-,Maximo
503,20.12,-1214945,292.9854352581365,55,-,-,-,-,Maximo
504,20.16,-1215852,-1395.4148508287228,55,-,-,-,-,Maximo
505,20.2,-1216770,-2150.472304499134,55,-,-,-,-,Maximo
506,20.24,-1216904,-1953.7454844136619,55,-,-,-,-,Maximo
507,20.28,-1215611,-1467.4892752817163,55,-,-,-,-,Maximo
508,20.32,-1212729,-1292.4222883889224,55,-,-,-,-,Maximo
509,20.36,-1198846,-1758.7813137594512,55,-,-,-,-,Maximo
510,20.4,-1193278,-1874.4267710147142,55,-,-,-,-,Maximo
511,20.44,-1193151,-1472.602926138632,55,-,-,-,-,Maximo
512,20.48,-1198132,-648.1387586002731,55,-,-,-,-,Maximo
513,20.52,-1201069,134.88029912452703,55,-,-,-,-,Maximo
514,20.56,-1205139,831.5315869690285,55,-,-,-,-,Maximo
515,20.6,-1202168,1192.5435240685183,55,-,-,-,-,Maximo
516,20.64,-1202759,1671.6948618095876,55,-,-,-,-,Maximo
517,20.68,-1206685,2326.901169503878,55,-,-,-,-,Maximo
518,20.72,-1208875,2817.2111615310005,55,-,-,-,-,Maximo
519,20.76,-1212377,2788.574826922947,55,-,-,-,-,Maximo
520,20.8,-1214075,1780.6483340163322,55,-,-,-,-,Maximo
521,20.84,-1215828,109.27847284115842,55,-,-,-,-,Maximo
522,20.88,-1215639,-1432.620747113358,55,-,-,-,-,Maximo
523,20.92,-1215925,-2040.774640612714,55,-,-,-,-,Maximo
524,20.96,-1216562,-1752.3278651019548,55,-,-,-,-,Maximo
525,21.0,-1216766,-1227.7561919720006,57,55.0,-,-,-,Maximo
526,21.04,-1201114,-1516.6221539009166,57,-,-,-,-,Maximo
527,21.08,-1192640,-1885.0172756558459,57,-,-,-,-,Maximo
528,21.12,-1193346,-1869.1973355988375,57,-,-,-,-,Maximo
529,21.16,-1197034,-1361.2089824981563,57,-,-,-,-,Maximo
530,21.2,-1200691,-514.8803527046994,57,-,-,-,-,Maximo
531,21.24,-1203878,375.77479153952936,57,-,-,-,-,Maximo
532,21.28,-1203065,979.7614416077777,57,-,-,-,-,Maximo
533,21.32,-1204672,1512.797974516273,57,-,-,-,-,Maximo
534,21.36,-1205811,2056.942659873882,57,-,-,-,-,Maximo
535,21.4,-1210325,2755.648333493553,57,-,-,-,-,Maximo
536,21.44,-1212141,2988.250816938553,57,-,-,-,-,Maximo
537,21.48,-1214429,2269.6130691671715,57,-,-,-,-,Maximo
538,21.52,-1214810,559.1793225791953,57,-,-,-,-,Maximo
539,21.56,-1216307,-1153.3672283119056,57,-,-,-,-,Maximo
540,21.6,-1216066,-2030.0389245284034,57,-,-,-,-,Maximo
541,21.64,-1217595,-1856.6254118417119,57,-,-,-,-,Maximo
542,21.68,-1216553,-1388.788203351438,57,-,-,-,-,Maximo
543,21.72,-1214244,-1174.225133525486,57,-,-,-,-,Maximo
544,21.76,-1200751,-1613.1460939284116,57,-,-,-,-,Maximo
545,21.8,-1194844,-1791.736669939306,57,-,-,-,-,Maximo
546,21.84,-1191460,-1581.680423775526,57,-,-,-,-,Maximo
547,21.88,-1195991,-809.4102295257612,57,-,-,-,-,Maximo
548,21.92,-1199960,31.173099556266152,57,-,-,-,-,Maximo
549,21.96,-1203319,731.5640731758185,57,-,-,-,-,Maximo
550,22.0,-1202728,1154.6244732860341,57,-,-,-,-,Maximo
551,22.04,-1202867,1581.4064636717712,57,-,-,-,-,Maximo
552,22.08,-1205768,2200.715692208556,57,-,-,-,-,Maximo
553,22.12,-1209859,2837.381853908437,57,-,-,-,-,Maximo
554,22.16,-1211698,2927.1979113342986,57,-,-,-,-,Maximo
555,22.2,-1213440,2097.767508352734,57,-,-,-,-,Maximo
556,22.24,-1215233,477.8229418132546,57,-,-,-,-,Maximo
557,22.28,-1215928,-1193.2159641294418,57,-,-,-,-,Maximo
558,22.32,-1216135,-2089.408914518001,57,-,-,-,-,Maximo
559,22.36,-1217052,-2015.586921075015,57,-,-,-,-,Maximo
560,22.4,-1215746,-1577.3793393482892,57,-,-,-,-,Maximo
561,22.44,-1214794,-1291.0773759550702,57,-,-,-,-,Maximo
562,22.48,-1205639,-1576.1181001803943,57,-,-,-,-,Maximo
563,22.52,-1194841,-1913.867761493395,57,-,-,-,-,Maximo
564,22.56,-1191427,-1698.1255359026072,57,-,-,-,-,Maximo
565,22.6,-1194068,-975.4317717058038,57,-,-,-,-,Maximo
566,22.64,-1199934,-63.67646064053224,57,-,-,-,-,Maximo
567,22.68,-1203276,667.6752966355789,57,-,-,-,-,Maximo
568,22.72,-1204125,1183.1648827440467,57,-,-,-,-,Maximo
569,22.76,-1204798,1625.6118156756283,57,-,-,-,-,Maximo
570,22.8,-1205972,2111.76126872801,57,-,-,-,-,Maximo
571,22.84,-1208664,2647.670689027458,57,-,-,-,-,Maximo
572,22.88,-1210375,2850.7221863999775,57,-,-,-,-,Maximo
573,22.92,-1213315,2332.800381893414,57,-,-,-,-,Maximo
574,22.96,-1214398,874.1681439985241,57,-,-,-,-,Maximo
575,23.0,-1216114,-869.5518874965651,57,-,-,-,-,Maximo
576,23.04,-1216977,-2042.903524667211,57,-,-,-,-,Maximo
577,23.08,-1217214,-2205.037958252613,57,-,-,-,-,Maximo
578,23.12,-1217711,-1679.5263553895566,57,-,-,-,-,Maximo
579,23.16,-1216368,-1200.6198966285656,57,-,-,-,-,Maximo
580,23.2,-1210798,-1185.5460411333115,57,-,-,-,-,Maximo
581,23.24,-1196062,-1650.0369500156721,57,-,-,-,-,Maximo
582,23.28,-1192673,-1628.1770537313769,57,-,-,-,-,Maximo
583,23.32,-1193846,-1195.166490474874,57,-,-,-,-,Maximo
584,23.36,-1198007,-472.1960381486998,57,-,-,-,-,Maximo
585,23.4,-1202938,314.83930373320345,57,-,-,-,-,Maximo
586,23.44,-1203895,903.3950555144074,57,-,-,-,-,Maximo
587,23.48,-1203322,1368.5333596487571,57,-,-,-,-,Maximo
588,23.52,-1203506,1873.1927570015305,57,-,-,-,-,Maximo
589,23.56,-1205930,2500.664933177938,57,-,-,-,-,Maximo
590,23.6,-1209429,2974.482621821656,57,-,-,-,-,Maximo
591,23.64,-1212017,2726.2388556606675,57,-,-,-,-,Maximo
592,23.68,-1214335,1490.058666242995,57,-,-,-,-,Maximo
593,23.72,-1215540,-318.3690547685601,57,-,-,-,-,Maximo
594,23.76,-1215366,-1759.9828350587784,57,-,-,-,-,Maximo
595,23.8,-1217508,-2102.7215897750357,57,-,-,-,-,Maximo
596,23.84,-1217694,-1690.4188417001876,57,-,-,-,-,Maximo
597,23.88,-1216647,-1185.2100859938237,57,-,-,-,-,Maximo
598,23.92,-1211303,-1174.830110055157,57,-,-,-,-,Maximo
599,23.96,-1198789,-1703.5885342972506,57,-,-,-,-,Maximo
600,24.0,-1194072,-1904.179724367541,56,56.25,-,-,-,Maximo
601,24.04,-1199338,-1414.1617901484988,56,-,-,-,-,Maximo
602,24.08,-1203436,-631.5401748811755,56,-,-,-,-,Maximo
603,24.12,-1204357,121.19410249055363,56,-,-,-,-,Maximo
604,24.16,-1202906,654.4899639767164,56,-,-,-,-,Maximo
605,24.2,-1205423,1168.0904302967997,56,-,-,-,-,Maximo
606,24.24,-1208264,1711.2043813239889,56,-,-,-,-,Maximo
607,24.28,-1211176,2355.960138473135,56,-,-,-,-,Maximo
608,24.32,-1213251,2799.515352170113,56,-,-,-,-,Maximo
609,24.36,-1213845,2487.975468681284,56,-,-,-,-,Maximo
610,24.4,-1214896,1250.4434484998296,56,-,-,-,-,Maximo
611,24.44,-1216394,-375.15214447534026,56,-,-,-,-,Maximo
612,24.48,-1216424,-1503.5015900169349,56,-,-,-,-,Maximo
613,24.52,-1216749,-1664.817326859662,56,-,-,-,-,Maximo
614,24.56,-1213973,-1424.1704109664752,56,-,-,-,-,Maximo
615,24.6,-1204972,-1513.4788271771922,56,-,-,-,-,Maximo
616,24.64,-1194248,-1871.624617512025,56,-,-,-,-,Maximo
617,24.68,-1193360,-1777.4970664867178,56,-,-,-,-,Maximo
618,24.72,-1194625,-1263.7930922921173,56,-,-,-,-,Maximo
619,24.76,-1200069,-407.88438523122795,56,-,-,-,-,Maximo
620,24.8,-1203469,329.9363337825471,56,-,-,-,-,Maximo
621,24.84,-1204707,853.761650026895,56,-,-,-,-,Maximo
622,24.88,-1203482,1262.215556422836,56,-,-,-,-,Maximo
623,24.92,-1206024,1881.867685992278,56,-,-,-,-,Maximo
624,24.96,-1208157,2495.242253005701,56,-,-,-,-,Maximo
625,25.0,-1210228,2730.662567243987,56,-,-,-,-,Maximo
626,25.04,-1212256,2142.8377821118547,56,-,-,-,-,Maximo
627,25.08,-1214495,727.8366315960197,56,-,-,-,-,Maximo
628,25.12,-1214909,-938.8941476831087,56,-,-,-,-,Maximo
629,25.16,-1216576,-1927.9099530186677,56,-,-,-,-,Maximo
630,25.2,-1215674,-2042.307975356969,56,-,-,-,-,Maximo
631,25.24,-1216243,-1523.2934616885232,56,-,-,-,-,Maximo
632,25.28,-1215026,-1086.6649298007083,56,-,-,-,-,Maximo
633,25.32,-1210215,-1091.4800801995762,56,-,-,-,-,Maximo
634,25.36,-1196301,-1557.9213363222007,56,-,-,-,-,Maximo
635,25.4,-1192446,-1556.9002193377291,56,-,-,-,-,Maximo
636,25.44,-1195038,-1074.4034417292378,56,-,-,-,-,Maximo
637,25.48,-1198300,-386.445948790413,56,-,-,-,-,Maximo
638,25.52,-1203077,380.72871597786434,56,-,-,-,-,Maximo
639,25.56,-1204942,978.8899999404466,56,-,-,-,-,Maximo
640,25.6,-1204061,1394.5869195172154,56,-,-,-,-,Maximo
641,25.64,-1204063,1815.1535283844996,56,-,-,-,-,Maximo
642,25.68,-1208800,2414.195096165605,56,-,-,-,-,Maximo
643,25.72,-1210445,2751.3668198251708,56,-,-,-,-,Maximo
644,25.76,-1212568,2483.4258221253076,56,-,-,-,-,Maximo
645,25.8,-1213465,1268.7460735700388,56,-,-,-,-,Maximo
646,25.84,-1215380,-421.0449795113734,56,-,-,-,-,Maximo
647,25.88,-1215562,-1771.1740967516714,56,-,-,-,-,Maximo
648,25.92,-1216805,-2103.8840116158854,56,-,-,-,-,Maximo
649,25.96,-1216536,-1705.8817587145911,56,-,-,-,-,Maximo
650,26.0,-1216092,-1190.6567243630584,56,-,-,-,-,Maximo
651,26.04,-1209752,-1189.4096757696025,56,-,-,-,-,Maximo
652,26.08,-1196305,-1660.7610926870693,56,-,-,-,-,Maximo
653,26.12,-1193160,-1672.950773243596,56,-,-,-,-,Maximo
654,26.16,-1192942,-1256.3285607433827,56,-,-,-,-,Maximo
655,26.2,-1197442,-476.6436910536632,56,-,-,-,-,Maximo
656,26.24,-1202825,314.29359893777655,56,-,-,-,-,Maximo
657,26.28,-1204512,866.7404760625432,56,-,-,-,-,Maximo
658,26.32,-1202933,1249.9100246549442,56,-,-,-,-,Maximo
659,26.36,-1204307,1779.3049539465655,56,-,-,-,-,Maximo
660,26.4,-1206507,2405.4162516475053,56,-,-,-,-,Maximo
661,26.44,-1209817,2879.9778964228826,56,-,-,-,-,Maximo
662,26.48,-1211323,2618.4246196633912,56,-,-,-,-,Maximo
663,26.52,-1213726,1438.308464959563,56,-,-,-,-,Maximo
664,26.56,-1214130,-339.04421876530296,56,-,-,-,-,Maximo
665,26.6,-1214959,-1740.534660772161,56,-,-,-,-,Maximo
666,26.64,-1216366,-2144.0632225336944,56,-,-,-,-,Maximo
667,26.68,-1216100,-1763.9216008500011,56,-,-,-,-,Maximo
668,26.72,-1216226,-1183.1289479758816,56,-,-,-,-,Maximo
669,26.76,-1213359,-1025.9645634093085,56,-,-,-,-,Maximo
670,26.8,-1199621,-1528.9538354850974,56,-,-,-,-,Maximo
671,26.84,-1192971,-1740.598453479739,56,-,-,-,-,Maximo
672,26.88,-1193588,-1387.4991172412383,56,-,-,-,-,Maximo
673,26.92,-1197488,-656.0006019876608,56,-,-,-,-,Maximo
674,26.96,-1201126,111.58727547711942,56,-,-,-,-,Maximo
675,27.0,-1204993,764.7320548651378,53,55.25,-,-,-,Maximo
676,27.04,-1203711,1131.090924684413,53,-,-,-,-,Maximo
677,27.08,-1206262,1627.9192552380828,53,-,-,-,-,Maximo
678,27.12,-1209560,2253.704791722752,53,-,-,-,-,Maximo
679,27.16,-1211125,2770.9851754416686,53,-,-,-,-,Maximo
680,27.2,-1214250,2808.582724290286,53,-,-,-,-,Maximo
681,27.24,-1214258,1796.3310031633755,53,-,-,-,-,Maximo
682,27.28,-1215314,85.81118726898103,53,-,-,-,-,Maximo
683,27.32,-1215759,-1508.7147254981114,53,-,-,-,-,Maximo
684,27.36,-1216276,-2206.149732607594,53,-,-,-,-,Maximo
685,27.4,-1216908,-2003.380516443317,53,-,-,-,-,Maximo
686,27.44,-1214094,-1590.7706644573827,53,-,-,-,-,Maximo
687,27.48,-1202297,-1634.2387669354594,53,-,-,-,-,Maximo
688,27.52,-1194526,-1731.3129878988384,53,-,-,-,-,Maximo
689,27.56,-1193420,-1517.7395947367804,53,-,-,-,-,Maximo
690,27.6,-1195921,-923.8822722069076,53,-,-,-,-,Maximo
691,27.64,-1199974,-121.74783385415549,53,-,-,-,-,Maximo
692,27.68,-1204089,620.2791056067053,53,-,-,-,-,Maximo
693,27.72,-1205315,1107.309246537644,53,-,-,-,-,Maximo
694,27.76,-1204359,1462.4896108346147,53,-,-,-,-,Maximo
695,27.8,-1206204,2003.8730460972965,53,-,-,-,-,Maximo
696,27.84,-1208960,2599.782423450046,53,-,-,-,-,Maximo
697,27.88,-1210858,2760.7201129884443,53,-,-,-,-,Maximo
698,27.92,-1212001,2021.148106487076,53,-,-,-,-,Maximo
699,27.96,-1213442,490.0840187687886,53,-,-,-,-,Maximo
700,28.0,-1215199,-1098.4612535864164,53,-,-,-,-,Maximo
701,28.04,-1215806,-2002.085567221613,53,-,-,-,-,Maximo
702,28.08,-1216818,-1969.291367562051,53,-,-,-,-,Maximo
703,28.12,-1216887,-1456.0855431094706,53,-,-,-,-,Maximo
704,28.16,-1214418,-1074.8821064957256,53,-,-,-,-,Maximo
705,28.2,-1206205,-1180.3011480062014,53,-,-,-,-,Maximo
706,28.24,-1195642,-1504.7030083939371,53,-,-,-,-,Maximo
707,28.28,-1192640,-1435.8045846396308,53,-,-,-,-,Maximo
708,28.32,-1193799,-982.0350863987887,53,-,-,-,-,Maximo
709,28.36,-1199106,-268.200603541738,53,-,-,-,-,Maximo
710,28.4,-1204119,413.5414582259791,53,-,-,-,-,Maximo
711,28.44,-1204864,902.4515983029332,53,-,-,-,-,Maximo
712,28.48,-1204524,1364.206695345115,53,-,-,-,-,Maximo
713,28.52,-1205015,1923.803032649178,53,-,-,-,-,Maximo
714,28.56,-1207266,2534.3432551470523,53,-,-,-,-,Maximo
715,28.6,-1209973,2823.5745496651007,53,-,-,-,-,Maximo
716,28.64,-1211571,2306.8227750932683,53,-,-,-,-,Maximo
717,28.68,-1214066,960.0111715748467,53,-,-,-,-,Maximo
718,28.72,-1214488,-766.7282660248684,53,-,-,-,-,Maximo
719,28.76,-1216580,-1909.5926156893183,53,-,-,-,-,Maximo
720,28.8,-1217828,-2093.263584056199,53,-,-,-,-,Maximo
721,28.84,-1216218,-1640.2173461684383,53,-,-,-,-,Maximo
722,28.88,-1216159,-1055.5755361676588,53,-,-,-,-,Maximo
723,28.92,-1207378,-1105.6550523867954,53,-,-,-,-,Maximo
724,28.96,-1195688,-1532.5974275539484,53,-,-,-,-,Maximo
725,29.0,-1192822,-1604.031180382446,53,-,-,-,-,Maximo
726,29.04,-1194184,-1239.1842302284012,53,-,-,-,-,Maximo
727,29.08,-1199957,-489.65683847076207,53,-,-,-,-,Maximo
728,29.12,-1203303,232.00645575807903,53,-,-,-,-,Maximo
729,29.16,-1203171,778.6673094325888,53,-,-,-,-,Maximo
730,29.2,-1201361,1243.4140256588494,53,-,-,-,-,Maximo
731,29.24,-1205010,1940.3253665714237,53,-,-,-,-,Maximo
732,29.28,-1207969,2621.5659811318747,53,-,-,-,-,Maximo
733,29.32,-1210897,2987.3459209315733,53,-,-,-,-,Maximo
734,29.36,-1212853,2543.419152697864,53,-,-,-,-,Maximo
735,29.4,-1214223,1165.145897634458,53,-,-,-,-,Maximo
736,29.44,-1215272,-581.9585604119459,53,-,-,-,-,Maximo
737,29.48,-1217535,-1734.2665006706093,53,-,-,-,-,Maximo
738,29.52,-1218181,-1924.549797659444,53,-,-,-,-,Maximo
739,29.56,-1216918,-1525.9884671727687,53,-,-,-,-,Maximo
740,29.6,-1216101,-1176.2084802139466,53,-,-,-,-,Maximo
741,29.64,-1209838,-1389.8264098143327,53,-,-,-,-,Maximo
742,29.68,-1196479,-1949.7054037828711,53,-,-,-,-,Maximo
743,29.72,-1191508,-1941.6280356144343,53,-,-,-,-,Maximo
744,29.76,-1193204,-1334.7125454315783,53,-,-,-,-,Maximo
745,29.8,-1197068,-502.6516196606381,53,-,-,-,-,Maximo
746,29.84,-1201853,288.936623385287,53,-,-,-,-,Maximo
747,29.88,-1204138,895.2929237427561,53,-,-,-,-,Maximo
748,29.92,-1204035,1412.9833502234196,53,-,-,-,-,Maximo
749,29.96,-1204387,2006.0347243782353,53,-,-,-,-,Maximo
750,30.0,-1207676,2691.9152566715693,56,55.5,-,-,-,Maximo
751,30.04,-1211425,3115.5238399018053,56,-,-,-,-,Maximo
752,30.08,-1214101,2790.3236007173045,56,-,-,-,-,Maximo
753,30.12,-1215197,1475.563307340286,56,-,-,-,-,Maximo
754,30.16,-1216288,-359.1456837249341,56,-,-,-,-,Maximo
755,30.2,-1216079,-1859.8870743667776,56,-,-,-,-,Maximo
756,30.24,-1216007,-2362.029556091923,56,-,-,-,-,Maximo
757,30.28,-1217346,-1972.5215629402683,56,-,-,-,-,Maximo
758,30.32,-1213963,-1522.754391233012,56,-,-,-,-,Maximo
759,30.36,-1202941,-1591.8614352005297,56,-,-,-,-,Maximo
760,30.4,-1194138,-1846.3421630507892,56,-,-,-,-,Maximo
761,30.44,-1192396,-1772.5729905188255,56,-,-,-,-,Maximo
762,30.48,-1196197,-1151.5290156116048,56,-,-,-,-,Maximo
763,30.52,-1200154,-236.1672532033831,56,-,-,-,-,Maximo
764,30.56,-1204511,683.3338722335575,56,-,-,-,-,Maximo
765,30.6,-1205542,1280.6588628956697,56,-,-,-,-,Maximo
766,30.64,-1203686,1620.944440180293,56,-,-,-,-,Maximo
767,30.68,-1205951,2119.8973174964876,56,-,-,-,-,Maximo
768,30.72,-1208779,2669.331110521094,56,-,-,-,-,Maximo
769,30.76,-1211038,2841.6554491949064,56,-,-,-,-,Maximo
770,30.8,-1213642,2161.357127065513,56,-,-,-,-,Maximo
771,30.84,-1213542,545.4268694760103,56,-,-,-,-,Maximo
772,30.88,-1214856,-1135.600930001633,56,-,-,-,-,Maximo
773,30.92,-1217451,-2023.2273005440468,56,-,-,-,-,Maximo
774,30.96,-1217178,-2001.9950649288005,56,-,-,-,-,Maximo
775,31.0,-1218225,-1394.6072806719424,56,-,-,-,-,Maximo
776,31.04,-1217587,-943.6624316319503,56,-,-,-,-,Maximo
777,31.08,-1206538,-1212.6595963212894,56,-,-,-,-,Maximo
778,31.12,-1193851,-1705.642230279098,56,-,-,-,-,Maximo
779,31.16,-1192892,-1612.9531240697906,56,-,-,-,-,Maximo
780,31.2,-1194984,-1077.027566671788,56,-,-,-,-,Maximo
781,31.24,-1200104,-277.10815536453583,56,-,-,-,-,Maximo
782,31.28,-1204616,429.199372465504,56,-,-,-,-,Maximo
783,31.32,-1204309,847.8751607773092,56,-,-,-,-,Maximo
784,31.36,-1203511,1255.1280372807041,56,-,-,-,-,Maximo
785,31.4,-1204498,1878.6971212799617,56,-,-,-,-,Maximo
786,31.44,-1207718,2666.6764754195956,56,-,-,-,-,Maximo
787,31.48,-1209837,3078.5229370730776,56,-,-,-,-,Maximo
788,31.52,-1212353,2579.091854775579,56,-,-,-,-,Maximo
789,31.56,-1213661,1011.5188311316097,56,-,-,-,-,Maximo
790,31.6,-1214744,-862.0232025472187,56,-,-,-,-,Maximo
791,31.64,-1216294,-2000.1847401892178,56,-,-,-,-,Maximo
792,31.68,-1216612,-2060.222129486857,56,-,-,-,-,Maximo
793,31.72,-1217417,-1445.3865133125307,56,-,-,-,-,Maximo
794,31.76,-1216208,-979.3980305888726,56,-,-,-,-,Maximo
795,31.8,-1211389,-1065.2686233220538,56,-,-,-,-,Maximo
796,31.84,-1197431,-1666.9856917882626,56,-,-,-,-,Maximo
797,31.88,-1193163,-1769.3761573225984,56,-,-,-,-,Maximo
798,31.92,-1193938,-1345.9772541913972,56,-,-,-,-,Maximo
799,31.96,-1197578,-602.5842303427424,56,-,-,-,-,Maximo
800,32.0,-1202690,190.82634786556264,56,-,-,-,-,Maximo
801,32.04,-1205593,803.5891167415284,56,-,-,-,-,Maximo
802,32.08,-1203453,1185.275420686251,56,-,-,-,-,Maximo
803,32.12,-1204834,1726.8794563524762,56,-,-,-,-,Maximo
804,32.16,-1206603,2358.7387938202655,56,-,-,-,-,Maximo
805,32.2,-1209885,2876.1173255761623,56,-,-,-,-,Maximo
806,32.24,-1212061,2703.8160287881547,56,-,-,-,-,Maximo
807,32.28,-1213508,1549.912427661572,56,-,-,-,-,Maximo
808,32.32,-1214253,-212.0402044898001,56,-,-,-,-,Maximo
809,32.36,-1216264,-1623.7404397728328,56,-,-,-,-,Maximo
810,32.4,-1217640,-2091.059988621091,56,-,-,-,-,Maximo
811,32.44,-1217275,-1751.2911635380171,56,-,-,-,-,Maximo
812,32.48,-1216764,-1185.3887149194088,56,-,-,-,-,Maximo
813,32.52,-1210533,-1106.8042899938218,56,-,-,-,-,Maximo
814,32.56,-1196153,-1615.409389693892,56,-,-,-,-,Maximo
815,32.6,-1192526,-1743.0144136026738,56,-,-,-,-,Maximo
816,32.64,-1193758,-1388.6064594366644,56,-,-,-,-,Maximo
817,32.68,-1198240,-647.1506522831323,56,-,-,-,-,Maximo
818,32.72,-1202367,125.72617275810717,56,-,-,-,-,Maximo
819,32.76,-1205048,742.7245510435068,56,-,-,-,-,Maximo
820,32.8,-1203228,1160.1959843856876,56,-,-,-,-,Maximo
821,32.84,-1203949,1746.6494996531555,56,-,-,-,-,Maximo
822,32.88,-1206007,2465.4048861108895,56,-,-,-,-,Maximo
823,32.92,-1208998,2993.202187319187,56,-,-,-,-,Maximo
824,32.96,-1212800,2799.8118102621793,56,-,-,-,-,Maximo
825,33.0,-1214453,1530.545250863729,56,55.25,-,-,-,Maximo
826,33.04,-1215769,-287.6787301122258,56,-,-,-,-,Maximo
827,33.08,-1217331,-1684.4495658235908,56,-,-,-,-,Maximo
828,33.12,-1217081,-2114.5625785258335,56,-,-,-,-,Maximo
829,33.16,-1216152,-1736.588331956128,56,-,-,-,-,Maximo
830,33.2,-1212811,-1276.5834069750663,56,-,-,-,-,Maximo
831,33.24,-1200641,-1435.7287496725876,56,-,-,-,-,Maximo
832,33.28,-1193949,-1732.61371341835,56,-,-,-,-,Maximo
833,33.32,-1192663,-1796.087211557484,56,-,-,-,-,Maximo
834,33.36,-1196655,-1326.2607096364927,56,-,-,-,-,Maximo
835,33.4,-1200403,-517.500898418502,56,-,-,-,-,Maximo
836,33.44,-1203339,370.5440063823735,56,-,-,-,-,Maximo
837,33.48,-1204937,1124.0284946260526,56,-,-,-,-,Maximo
838,33.52,-1205675,1751.5382730805686,56,-,-,-,-,Maximo
839,33.56,-1206758,2358.8189887891467,56,-,-,-,-,Maximo
840,33.6,-1208337,2838.43453908473,56,-,-,-,-,Maximo
841,33.64,-1211280,2836.9433550047142,56,-,-,-,-,Maximo
842,33.68,-1213565,1945.1497181577815,56,-,-,-,-,Maximo
843,33.72,-1213869,302.8346842911028,56,-,-,-,-,Maximo
844,33.76,-1215434,-1236.5403233023844,56,-,-,-,-,Maximo
845,33.8,-1216398,-2018.8419294837918,56,-,-,-,-,Maximo
846,33.84,-1215785,-1975.4517510554,56,-,-,-,-,Maximo
847,33.88,-1217060,-1444.1376428579417,56,-,-,-,-,Maximo
848,33.92,-1214777,-1094.63222573759,56,-,-,-,-,Maximo
849,33.96,-1205586,-1213.506364065659,56,-,-,-,-,Maximo
850,34.0,-1194722,-1502.250880061878,56,-,-,-,-,Maximo
851,34.04,-1193780,-1361.3230897299673,56,-,-,-,-,Maximo
852,34.08,-1195592,-898.3543137902193,56,-,-,-,-,Maximo
853,34.12,-1199266,-203.86493699180187,56,-,-,-,-,Maximo
854,34.16,-1204299,537.2078416323875,56,-,-,-,-,Maximo
855,34.2,-1204066,1003.6740916746812,56,-,-,-,-,Maximo
856,34.24,-1203483,1396.6998014554338,56,-,-,-,-,Maximo
857,34.28,-1205493,1927.6866383790157,56,-,-,-,-,Maximo
858,34.32,-1208533,2521.2946564955464,56,-,-,-,-,Maximo
859,34.36,-1211185,2790.0901239642653,56,-,-,-,-,Maximo
860,34.4,-1211972,2209.187403418042,56,-,-,-,-,Maximo
861,34.44,-1213672,801.6421737449396,56,-,-,-,-,Maximo
862,34.48,-1216046,-812.3538844707484,56,-,-,-,-,Maximo
863,34.52,-1216236,-1877.3582283173137,56,-,-,-,-,Maximo
864,34.56,-1218031,-1942.4274774066814,56,-,-,-,-,Maximo
865,34.6,-1216826,-1526.0884517644145,56,-,-,-,-,Maximo
866,34.64,-1216562,-1114.6697623279724,56,-,-,-,-,Maximo
867,34.68,-1211020,-1200.582172592418,56,-,-,-,-,Maximo
868,34.72,-1196640,-1711.1658197672314,56,-,-,-,-,Maximo
869,34.76,-1192619,-1689.7282678816227,56,-,-,-,-,Maximo
870,34.8,-1192932,-1229.4555756333584,56,-,-,-,-,Maximo
871,34.84,-1198646,-454.6069254665555,56,-,-,-,-,Maximo
872,34.88,-1203418,264.750421658141,56,-,-,-,-,Maximo
873,34.92,-1205729,846.4242040558793,56,-,-,-,-,Maximo
874,34.96,-1204463,1301.2384720840337,56,-,-,-,-,Maximo
875,35.0,-1205275,1863.5410165652347,56,-,-,-,-,Maximo
876,35.04,-1208346,2522.711141655569,56,-,-,-,-,Maximo
877,35.08,-1209232,2903.563100649423,56,-,-,-,-,Maximo
878,35.12,-1213218,2709.4564976854363,56,-,-,-,-,Maximo
879,35.16,-1214357,1455.0467170637971,56,-,-,-,-,Maximo
880,35.2,-1215978,-362.81756076783677,56,-,-,-,-,Maximo
881,35.24,-1216494,-1853.1784955086991,56,-,-,-,-,Maximo
882,35.28,-1217570,-2278.625696088068,56,-,-,-,-,Maximo
883,35.32,-1217068,-1849.7210108907639,56,-,-,-,-,Maximo
884,35.36,-1217456,-1187.2541547096648,56,-,-,-,-,Maximo
885,35.4,-1213522,-1008.0287403799966,56,-,-,-,-,Maximo
886,35.44,-1198771,-1515.9208900320773,56,-,-,-,-,Maximo
887,35.48,-1193119,-1710.2462138076844,56,-,-,-,-,Maximo
888,35.52,-1192055,-1459.2730457710768,56,-,-,-,-,Maximo
889,35.56,-1196357,-744.2618534286755,56,-,-,-,-,Maximo
890,35.6,-1200985,88.88420879619753,56,-,-,-,-,Maximo
891,35.64,-1204330,809.5544141233922,56,-,-,-,-,Maximo
892,35.68,-1203965,1287.8123479118558,56,-,-,-,-,Maximo
893,35.72,-1204390,1762.1896777059073,56,-,-,-,-,Maximo
894,35.76,-1206531,2365.5265374926475,56,-,-,-,-,Maximo
895,35.8,-1208001,2879.0291310908106,56,-,-,-,-,Maximo
896,35.84,-1211229,2898.5940552617303,56,-,-,-,-,Maximo
897,35.88,-1212907,1888.490427527846,56,-,-,-,-,Maximo
898,35.92,-1214916,135.92021159103706,56,-,-,-,-,Maximo
899,35.96,-1216312,-1501.9583069609425,56,-,-,-,-,Maximo
900,36.0,-1217413,-2223.9011925152167,56,55.25,-,-,-,Maximo
901,36.04,-1216323,-2048.117157539433,56,-,-,-,-,Maximo
902,36.08,-1210070,-1645.6747075228996,56,-,-,-,-,Maximo
903,36.12,-1196792,-1643.9690595497468,56,-,-,-,-,Maximo
904,36.16,-1192071,-1665.7082269465682,56,-,-,-,-,Maximo
905,36.2,-1194859,-1495.533019634665,56,-,-,-,-,Maximo
906,36.24,-1198567,-1085.709614548947,56,-,-,-,-,Maximo
907,36.28,-1203415,-398.20078311852376,56,-,-,-,-,Maximo
908,36.32,-1205115,293.8551270215048,56,-,-,-,-,Maximo
909,36.36,-1203818,896.3056446399464,56,-,-,-,-,Maximo
910,36.4,-1205252,1622.124364676778,56,-,-,-,-,Maximo
911,36.44,-1208540,2445.541807050159,56,-,-,-,-,Maximo
912,36.48,-1209776,2964.424267676961,56,-,-,-,-,Maximo
913,36.52,-1212524,2771.9612059554293,56,-,-,-,-,Maximo
914,36.56,-1213770,1512.3422868546813,56,-,-,-,-,Maximo
915,36.6,-1214844,-285.754931777361,56,-,-,-,-,Maximo
916,36.64,-1215686,-1657.8401477260306,56,-,-,-,-,Maximo
917,36.68,-1216928,-1987.3363083830718,56,-,-,-,-,Maximo
918,36.72,-1217697,-1536.8264439127802,56,-,-,-,-,Maximo
919,36.76,-1218174,-986.6878076745406,56,-,-,-,-,Maximo
920,36.8,-1211383,-1009.0382218324685,56,-,-,-,-,Maximo
921,36.84,-1197470,-1512.0778570540588,56,-,-,-,-,Maximo
922,36.88,-1193301,-1599.3378840142213,56,-,-,-,-,Maximo
923,36.92,-1193170,-1255.9832235764125,56,-,-,-,-,Maximo
924,36.96,-1198125,-533.966938785929,56,-,-,-,-,Maximo
925,37.0,-1202280,180.26060728256743,56,-,-,-,-,Maximo
926,37.04,-1205307,752.1711563268273,56,-,-,-,-,Maximo
927,37.08,-1203317,1090.6454808211183,56,-,-,-,-,Maximo
928,37.12,-1204111,1599.086450284468,56,-,-,-,-,Maximo
929,37.16,-1207376,2340.1768633387583,56,-,-,-,-,Maximo
930,37.2,-1209758,2935.868981390924,56,-,-,-,-,Maximo
931,37.24,-1212469,2842.0624337244917,56,-,-,-,-,Maximo
932,37.28,-1214260,1662.5071489418706,56,-,-,-,-,Maximo
933,37.32,-1216764,-133.98165466638693,56,-,-,-,-,Maximo
934,37.36,-1216646,-1681.5085156020468,56,-,-,-,-,Maximo
935,37.4,-1218141,-2161.243742821718,56,-,-,-,-,Maximo
936,37.44,-1217775,-1818.866653759957,56,-,-,-,-,Maximo
937,37.48,-1217308,-1268.9987662982053,56,-,-,-,-,Maximo
938,37.52,-1212915,-1168.1603726954172,56,-,-,-,-,Maximo
939,37.56,-1199991,-1659.0041921129796,56,-,-,-,-,Maximo
940,37.6,-1193053,-1900.1538827771528,56,-,-,-,-,Maximo
941,37.64,-1193260,-1573.3589833207716,56,-,-,-,-,Maximo
942,37.68,-1196595,-844.0572815004027,56,-,-,-,-,Maximo
943,37.72,-1201792,41.18726987547325,56,-,-,-,-,Maximo
944,37.76,-1204316,771.5408833874226,56,-,-,-,-,Maximo
945,37.8,-1205082,1338.0809275306046,56,-,-,-,-,Maximo
946,37.84,-1204069,1813.9223301666361,56,-,-,-,-,Maximo
947,37.88,-1206168,2424.7995103123803,56,-,-,-,-,Maximo
948,37.92,-1208743,2931.6834371314244,56,-,-,-,-,Maximo
949,37.96,-1211604,2882.784743189053,56,-,-,-,-,Maximo
950,38.0,-1212093,1821.5070365918677,56,-,-,-,-,Maximo
951,38.04,-1213838,104.58752449017629,56,-,-,-,-,Maximo
952,38.08,-1215306,-1471.9665740933247,56,-,-,-,-,Maximo
953,38.12,-1217693,-2120.130249824263,56,-,-,-,-,Maximo
954,38.16,-1217772,-1902.0866763253382,56,-,-,-,-,Maximo
955,38.2,-1218192,-1296.7825051326004,56,-,-,-,-,Maximo
956,38.24,-1214698,-1023.7752517153976,56,-,-,-,-,Maximo
957,38.28,-1202231,-1392.5450331008924,56,-,-,-,-,Maximo
958,38.32,-1194042,-1703.0047526886738,56,-,-,-,-,Maximo
959,38.36,-1193231,-1534.2088041843235,56,-,-,-,-,Maximo
960,38.4,-1196093,-957.7629264980046,56,-,-,-,-,Maximo
961,38.44,-1200202,-241.85263768377717,56,-,-,-,-,Maximo
962,38.48,-1204589,416.38499113901435,56,-,-,-,-,Maximo
963,38.52,-1204483,885.2662909499559,56,-,-,-,-,Maximo
964,38.56,-1202521,1381.8673133714342,56,-,-,-,-,Maximo
965,38.6,-1205687,2180.060513046801,56,-,-,-,-,Maximo
966,38.64,-1209564,2928.8143582178436,56,-,-,-,-,Maximo
967,38.68,-1211217,3053.427271924006,56,-,-,-,-,Maximo
968,38.72,-1212940,2208.8735407629,56,-,-,-,-,Maximo
969,38.76,-1215261,571.7931264650733,56,-,-,-,-,Maximo
970,38.8,-1215830,-1129.5010066650418,56,-,-,-,-,Maximo
971,38.84,-1217787,-1979.735581497272,56,-,-,-,-,Maximo
972,38.88,-1218492,-1900.9127641221928,56,-,-,-,-,Maximo
973,38.92,-1217832,-1397.9577620110872,56,-,-,-,-,Maximo
974,38.96,-1215170,-1118.2546010396754,56,-,-,-,-,Maximo
975,39.0,-1206802,-1394.6073064992088,54,55.5,-,-,-,Maximo
976,39.04,-1191702,-1971.6589181399686,54,-,-,-,-,Maximo
977,39.08,-1192732,-1736.5232293774661,54,-,-,-,-,Maximo
978,39.12,-1197729,-1024.4858360945386,54,-,-,-,-,Maximo
979,39.16,-1202193,-208.1119166135668,54,-,-,-,-,Maximo
980,39.2,-1205650,498.9742303864996,54,-,-,-,-,Maximo
981,39.24,-1205659,1000.0761472197264,54,-,-,-,-,Maximo
982,39.28,-1204114,1457.508248376465,54,-,-,-,-,Maximo
983,39.32,-1207260,2157.0778526681943,54,-,-,-,-,Maximo
984,39.36,-1210442,2840.5151802190185,54,-,-,-,-,Maximo
985,39.4,-1212832,3061.744387095262,54,-,-,-,-,Maximo
986,39.44,-1214031,2301.48392656529,54,-,-,-,-,Maximo
987,39.48,-1215806,614.9980269800644,54,-,-,-,-,Maximo
988,39.52,-1216778,-1230.1101767005957,54,-,-,-,-,Maximo
989,39.56,-1217111,-2211.6438455204907,54,-,-,-,-,Maximo
990,39.6,-1217343,-2049.4149812494697,54,-,-,-,-,Maximo
991,39.64,-1217401,-1375.2660096839259,54,-,-,-,-,Maximo
992,39.68,-1214461,-1040.7947640843722,54,-,-,-,-,Maximo
993,39.72,-1202180,-1442.1916971241444,54,-,-,-,-,Maximo
994,39.76,-1192896,-1822.5629539706206,54,-,-,-,-,Maximo
995,39.8,-1192546,-1597.0664882754063,54,-,-,-,-,Maximo
996,39.84,-1196771,-870.0070720699007,54,-,-,-,-,Maximo
997,39.88,-1201061,-27.87345167820149,54,-,-,-,-,Maximo
998,39.92,-1203893,669.7614730089354,54,-,-,-,-,Maximo
999,39.96,-1205039,1182.1653476024276,54,-,-,-,-,Maximo
1000,40.0,-1204511,1610.2754300807073,54,-,-,-,-,Maximo
1001,40.04,-1207673,2229.773077275311,54,-,-,-,-,Maximo
1002,40.08,-1210120,2798.85530857346,54,-,-,-,-,Maximo
1003,40.12,-1212150,2891.9880893004765,54,-,-,-,-,Maximo
1004,40.16,-1214028,2044.8166681353214,54,-,-,-,-,Maximo
1005,40.2,-1215798,361.2393659012773,54,-,-,-,-,Maximo
1006,40.24,-1216671,-1355.3675428765118,54,-,-,-,-,Maximo
1007,40.28,-1217536,-2210.8967724910967,54,-,-,-,-,Maximo
1008,40.32,-1217049,-2111.2222986442644,54,-,-,-,-,Maximo
1009,40.36,-1218269,-1516.04860841863,54,-,-,-,-,Maximo
1010,40.4,-1214378,-1242.9248379716737,54,-,-,-,-,Maximo
1011,40.44,-1201402,-1560.1140024154356,54,-,-,-,-,Maximo
1012,40.48,-1192561,-1784.4879181816068,54,-,-,-,-,Maximo
1013,40.52,-1192997,-1480.2637243334157,54,-,-,-,-,Maximo
1014,40.56,-1195986,-835.268426132252,54,-,-,-,-,Maximo
1015,40.6,-1200740,-28.946504702731545,54,-,-,-,-,Maximo
1016,40.64,-1205706,736.0075857216234,54,-,-,-,-,Maximo
1017,40.68,-1204865,1216.0907046897637,54,-,-,-,-,Maximo
1018,40.72,-1203663,1652.4862461074563,54,-,-,-,-,Maximo
1019,40.76,-1207346,2311.739477140947,54,-,-,-,-,Maximo
1020,40.8,-1209431,2884.645751722186,54,-,-,-,-,Maximo
1021,40.84,-1211341,2963.6554760797526,54,-,-,-,-,Maximo
1022,40.88,-1213247,2072.028247391824,54,-,-,-,-,Maximo
1023,40.92,-1214600,322.6921301426255,54,-,-,-,-,Maximo
1024,40.96,-1215620,-1415.7238933181995,54,-,-,-,-,Maximo
1025,41.0,-1216923,-2249.656682470183,54,-,-,-,-,Maximo
1026,41.04,-1217398,-2070.5164782217876,54,-,-,-,-,Maximo
1027,41.08,-1217132,-1439.2354319227002,54,-,-,-,-,Maximo
1028,41.12,-1216223,-1014.6284281338835,54,-,-,-,-,Maximo
1029,41.16,-1204136,-1339.4401977197012,54,-,-,-,-,Maximo
1030,41.2,-1195182,-1666.9699720898316,54,-,-,-,-,Maximo
1031,41.24,-1192862,-1535.8208854898749,54,-,-,-,-,Maximo
1032,41.28,-1195821,-939.0615935531309,54,-,-,-,-,Maximo
1033,41.32,-1200212,-185.67642685321107,54,-,-,-,-,Maximo
1034,41.36,-1205579,540.4980414989313,54,-,-,-,-,Maximo
1035,41.4,-1205139,990.7508101036283,54,-,-,-,-,Maximo
1036,41.44,-1203612,1400.0768358847463,54,-,-,-,-,Maximo
1037,41.48,-1205516,2007.8011329501887,54,-,-,-,-,Maximo
1038,41.52,-1209006,2674.7910374418707,54,-,-,-,-,Maximo
1039,41.56,-1210842,2906.5498686395485,54,-,-,-,-,Maximo
1040,41.6,-1213616,2300.89130798345,54,-,-,-,-,Maximo
1041,41.64,-1216443,806.7689459026515,54,-,-,-,-,Maximo
1042,41.68,-1216315,-976.8673768281976,54,-,-,-,-,Maximo
1043,41.72,-1217590,-2011.9813247191805,54,-,-,-,-,Maximo
1044,41.76,-1218421,-2024.6852603953698,54,-,-,-,-,Maximo
1045,41.8,-1217864,-1470.3826532541748,54,-,-,-,-,Maximo
1046,41.84,-1215384,-1063.1807083104213,54,-,-,-,-,Maximo
1047,41.88,-1200766,-1465.1749495381737,54,-,-,-,-,Maximo
1048,41.92,-1193103,-1839.3582158436438,54,-,-,-,-,Maximo
1049,41.96,-1192829,-1752.3841346296176,54,-,-,-,-,Maximo
1050,42.0,-1195805,-1170.5681449413387,59,56.25,-,-,-,Maximo
1051,42.04,-1204340,-171.5122889064287,59,-,-,-,-,Maximo
1052,42.08,-1205119,570.5672730554452,59,-,-,-,-,Maximo
1053,42.12,-1203364,1096.8228500260093,59,-,-,-,-,Maximo
1054,42.16,-1205862,1689.3804899944507,59,-,-,-,-,Maximo
1055,42.2,-1208950,2362.9962368918596,59,-,-,-,-,Maximo
1056,42.24,-1212358,3010.4573164676913,59,-,-,-,-,Maximo
1057,42.28,-1213443,3059.3235522929845,59,-,-,-,-,Maximo
1058,42.32,-1215331,2108.4295632388057,59,-,-,-,-,Maximo
1059,42.36,-1217122,288.16709730101593,59,-,-,-,-,Maximo
1060,42.4,-1216917,-1533.618453920014,59,-,-,-,-,Maximo
1061,42.44,-1217657,-2338.221966094596,59,-,-,-,-,Maximo
1062,42.48,-1218000,-2077.1624219275664,59,-,-,-,-,Maximo
1063,42.52,-1216124,-1505.7834285798122,59,-,-,-,-,Maximo
1064,42.56,-1205887,-1497.6400269257356,59,-,-,-,-,Maximo
1065,42.6,-1195434,-1817.6100355055187,59,-,-,-,-,Maximo
1066,42.64,-1191685,-1817.6824752528828,59,-,-,-,-,Maximo
1067,42.68,-1195678,-1205.3979310173063,59,-,-,-,-,Maximo
1068,42.72,-1200864,-323.33800335529486,59,-,-,-,-,Maximo
1069,42.76,-1205460,510.75781654336424,59,-,-,-,-,Maximo
1070,42.8,-1204533,1022.6322663992032,59,-,-,-,-,Maximo
1071,42.84,-1204359,1476.9949250143618,59,-,-,-,-,Maximo
1072,42.88,-1206134,2040.9758991675553,59,-,-,-,-,Maximo
1073,42.92,-1208524,2656.029077421771,59,-,-,-,-,Maximo
1074,42.96,-1210505,2936.242149734153,59,-,-,-,-,Maximo
1075,43.0,-1213838,2415.5336826074226,59,-,-,-,-,Maximo
1076,43.04,-1214800,869.8600445794159,59,-,-,-,-,Maximo
1077,43.08,-1216475,-931.2904338324533,59,-,-,-,-,Maximo
1078,43.12,-1217552,-2055.6634700026366,59,-,-,-,-,Maximo
1079,43.16,-1218340,-2083.7279191893367,59,-,-,-,-,Maximo
1080,43.2,-1218612,-1469.5052091232094,59,-,-,-,-,Maximo
1081,43.24,-1214057,-1101.4376149604695,59,-,-,-,-,Maximo
1082,43.28,-1199944,-1462.4907120438602,59,-,-,-,-,Maximo
1083,43.32,-1193139,-1772.9361255407803,59,-,-,-,-,Maximo
1084,43.36,-1193696,-1641.9233692379785,59,-,-,-,-,Maximo
1085,43.4,-1197403,-1067.3967353861653,59,-,-,-,-,Maximo
1086,43.44,-1201719,-269.9450661347669,59,-,-,-,-,Maximo
1087,43.48,-1205176,494.3812863347757,59,-,-,-,-,Maximo
1088,43.52,-1204140,1023.7658007495511,59,-,-,-,-,Maximo
1089,43.56,-1203125,1552.5635267368493,59,-,-,-,-,Maximo
1090,43.6,-1206818,2331.8246843883608,59,-,-,-,-,Maximo
1091,43.64,-1208645,2971.037827465708,59,-,-,-,-,Maximo
1092,43.68,-1212329,3058.9185968657875,59,-,-,-,-,Maximo
1093,43.72,-1212783,1999.1462903141837,59,-,-,-,-,Maximo
1094,43.76,-1216125,264.79503982433835,59,-,-,-,-,Maximo
1095,43.8,-1216753,-1384.8697539298412,59,-,-,-,-,Maximo
1096,43.84,-1217452,-2069.991286844275,59,-,-,-,-,Maximo
1097,43.88,-1217845,-1809.3670559441005,59,-,-,-,-,Maximo
1098,43.92,-1218178,-1228.2570469616967,59,-,-,-,-,Maximo
1099,43.96,-1215149,-1031.0245758282554,59,-,-,-,-,Maximo
1100,44.0,-1202213,-1518.9265053438612,59,-,-,-,-,Maximo
1101,44.04,-1194627,-1857.6158332332325,59,-,-,-,-,Maximo
1102,44.08,-1194173,-1654.7100669541142,59,-,-,-,-,Maximo
1103,44.12,-1195412,-1065.171896442654,59,-,-,-,-,Maximo
1104,44.16,-1200095,-231.1335011797828,59,-,-,-,-,Maximo
1105,44.2,-1204421,548.6051297351096,59,-,-,-,-,Maximo
1106,44.24,-1205071,1118.715002415076,59,-,-,-,-,Maximo
1107,44.28,-1203977,1602.6556436646952,59,-,-,-,-,Maximo
1108,44.32,-1206229,2244.6371051569586,59,-,-,-,-,Maximo
1109,44.36,-1208324,2829.2832093762136,59,-,-,-,-,Maximo
1110,44.4,-1210991,2961.8839917885707,59,-,-,-,-,Maximo
1111,44.44,-1213391,2178.651434790646,59,-,-,-,-,Maximo
1112,44.48,-1214420,557.1141092610687,59,-,-,-,-,Maximo
1113,44.52,-1215819,-1090.3326642953434,59,-,-,-,-,Maximo
1114,44.56,-1216544,-2015.8693297478019,59,-,-,-,-,Maximo
1115,44.6,-1218254,-1979.6807024108246,59,-,-,-,-,Maximo
1116,44.64,-1218048,-1490.4218368529832,59,-,-,-,-,Maximo
1117,44.68,-1216978,-1084.420797978541,59,-,-,-,-,Maximo
1118,44.72,-1206458,-1306.8044208292322,59,-,-,-,-,Maximo
1119,44.76,-1195713,-1698.776609730321,59,-,-,-,-,Maximo
1120,44.8,-1192513,-1679.705443326653,59,-,-,-,-,Maximo
1121,44.84,-1195594,-1143.9865472099427,59,-,-,-,-,Maximo
1122,44.88,-1199785,-376.69284117160305,59,-,-,-,-,Maximo
1123,44.92,-1203008,344.3511670033449,59,-,-,-,-,Maximo
1124,44.96,-1205642,930.2310831944205,59,-,-,-,-,Maximo
1125,45.0,-1203750,1333.148854809997,65,58.5,-,-,-,Maximo
1126,45.04,-1209751,2091.833503238203,65,-,-,-,-,Maximo
1127,45.08,-1212120,2788.866364910451,65,-,-,-,-,Maximo
1128,45.12,-1214306,3129.75824946205,65,-,-,-,-,Maximo
1129,45.16,-1216481,2583.8454091873336,65,-,-,-,-,Maximo
1130,45.2,-1217436,1030.7946832485482,65,-,-,-,-,Maximo
1131,45.24,-1216885,-863.9669753935207,65,-,-,-,-,Maximo
1132,45.28,-1217560,-2082.066152025692,65,-,-,-,-,Maximo
1133,45.32,-1217577,-2310.343310442806,65,-,-,-,-,Maximo
1134,45.36,-1214912,-1998.4743639465205,65,-,-,-,-,Maximo
1135,45.4,-1201650,-2001.3812281272385,65,-,-,-,-,Maximo
1136,45.44,-1192521,-2068.7230232595393,65,-,-,-,-,Maximo
1137,45.48,-1193314,-1796.9980769414924,65,-,-,-,-,Maximo
1138,45.52,-1197575,-1136.939852488027,65,-,-,-,-,Maximo
1139,45.56,-1200445,-274.3749741674028,65,-,-,-,-,Maximo
1140,45.6,-1204948,644.7044314958839,65,-,-,-,-,Maximo
1141,45.64,-1204329,1224.8936372485896,65,-,-,-,-,Maximo
1142,45.68,-1202710,1639.1448602841338,65,-,-,-,-,Maximo
1143,45.72,-1205711,2229.582013656217,65,-,-,-,-,Maximo
1144,45.76,-1208713,2814.841264319193,65,-,-,-,-,Maximo
1145,45.8,-1211430,2946.7498923103685,65,-,-,-,-,Maximo
1146,45.84,-1214612,2138.238799304023,65,-,-,-,-,Maximo
1147,45.88,-1216762,452.7938780219347,65,-,-,-,-,Maximo
1148,45.92,-1217358,-1252.2567065858725,65,-,-,-,-,Maximo
1149,45.96,-1216776,-2094.1119107474933,65,-,-,-,-,Maximo
1150,46.0,-1217330,-1904.3010707347792,65,-,-,-,-,Maximo
1151,46.04,-1217588,-1328.0551683468448,65,-,-,-,-,Maximo
1152,46.08,-1215807,-1052.2671194064442,65,-,-,-,-,Maximo
1153,46.12,-1203473,-1507.6022208718605,65,-,-,-,-,Maximo
1154,46.16,-1193720,-1963.2669212301535,65,-,-,-,-,Maximo
1155,46.2,-1192448,-1845.690457537432,65,-,-,-,-,Maximo
1156,46.24,-1194656,-1204.6682743653655,65,-,-,-,-,Maximo
1157,46.28,-1199232,-245.35971629907908,65,-,-,-,-,Maximo
1158,46.32,-1203838,698.4565795715016,65,-,-,-,-,Maximo
1159,46.36,-1204363,1321.240953304714,65,-,-,-,-,Maximo
1160,46.4,-1203820,1739.5495887517218,65,-,-,-,-,Maximo
1161,46.44,-1207523,2294.0462384367393,65,-,-,-,-,Maximo
1162,46.48,-1209341,2820.7438685648403,65,-,-,-,-,Maximo
1163,46.52,-1211885,3030.6434199817195,65,-,-,-,-,Maximo
1164,46.56,-1213520,2332.3480156701626,65,-,-,-,-,Maximo
1165,46.6,-1214894,712.5261972019316,65,-,-,-,-,Maximo
1166,46.64,-1215973,-1091.3720467120586,65,-,-,-,-,Maximo
1167,46.68,-1217124,-2160.60593711882,65,-,-,-,-,Maximo
1168,46.72,-1217099,-2243.924880672439,65,-,-,-,-,Maximo
1169,46.76,-1216362,-1761.677322878371,65,-,-,-,-,Maximo
1170,46.8,-1215761,-1311.3300318627712,65,-,-,-,-,Maximo
1171,46.84,-1206230,-1443.4307969964684,65,-,-,-,-,Maximo
1172,46.88,-1194921,-1734.2613338373303,65,-,-,-,-,Maximo
1173,46.92,-1193558,-1514.8116056687395,65,-,-,-,-,Maximo
1174,46.96,-1197567,-871.4925075016326,65,-,-,-,-,Maximo
1175,47.0,-1200736,-150.49975124460843,65,-,-,-,-,Maximo
1176,47.04,-1204840,553.5698183794766,65,-,-,-,-,Maximo
1177,47.08,-1205153,1044.738009337042,65,-,-,-,-,Maximo
1178,47.12,-1203796,1444.1981880883332,65,-,-,-,-,Maximo
1179,47.16,-1206191,2002.1380184237714,65,-,-,-,-,Maximo
1180,47.2,-1209227,2572.672191107673,65,-,-,-,-,Maximo
1181,47.24,-1211253,2785.3374541278,65,-,-,-,-,Maximo
1182,47.28,-1212379,2188.1544642402905,65,-,-,-,-,Maximo
1183,47.32,-1213428,735.934327529525,65,-,-,-,-,Maximo
1184,47.36,-1215119,-903.8374448168124,65,-,-,-,-,Maximo
1185,47.4,-1216066,-1888.140750472475,65,-,-,-,-,Maximo
1186,47.44,-1217160,-1877.2313283225265,65,-,-,-,-,Maximo
1187,47.48,-1216274,-1389.5545398723243,65,-,-,-,-,Maximo
1188,47.52,-1215883,-995.1786534018015,65,-,-,-,-,Maximo
1189,47.56,-1210956,-1104.3919496435,65,-,-,-,-,Maximo
1190,47.6,-1196832,-1626.3681615297046,65,-,-,-,-,Maximo
1191,47.64,-1193071,-1587.2315741038674,65,-,-,-,-,Maximo
1192,47.68,-1196095,-1033.042442645543,65,-,-,-,-,Maximo
1193,47.72,-1200027,-340.9251003242955,65,-,-,-,-,Maximo
1194,47.76,-1203817,284.11026365496946,65,-,-,-,-,Maximo
1195,47.8,-1204828,743.7114666176603,65,-,-,-,-,Maximo
1196,47.84,-1204064,1147.1073339497016,65,-,-,-,-,Maximo
1197,47.88,-1206680,1727.1214820015675,65,-,-,-,-,Maximo
1198,47.92,-1207420,2288.200764464691,65,-,-,-,-,Maximo
1199,47.96,-1210815,2728.275779513555,65,-,-,-,-,Maximo
1200,48.0,-1212594,2453.366159083158,57,58.75,-,-,-,Maximo
1201,48.04,-1216351,1321.0411120353947,57,-,-,-,-,Maximo
1202,48.08,-1216338,-417.7979195094904,57,-,-,-,-,Maximo
1203,48.12,-1218319,-1658.7579448900965,57,-,-,-,-,Maximo
1204,48.16,-1218205,-1979.0452454123813,57,-,-,-,-,Maximo
1205,48.2,-1217696,-1592.987844927386,57,-,-,-,-,Maximo
1206,48.24,-1214438,-1234.3195406459872,57,-,-,-,-,Maximo
1207,48.28,-1202341,-1464.6982064572821,57,-,-,-,-,Maximo
1208,48.32,-1192979,-1791.796370537686,57,-,-,-,-,Maximo
1209,48.36,-1194097,-1660.8388812483718,57,-,-,-,-,Maximo
1210,48.4,-1197366,-1173.8261275597574,57,-,-,-,-,Maximo
1211,48.44,-1200894,-438.05857560101776,57,-,-,-,-,Maximo
1212,48.48,-1204502,385.2797906605283,57,-,-,-,-,Maximo
1213,48.52,-1205419,1076.0826331492044,57,-,-,-,-,Maximo
1214,48.56,-1203459,1618.1712425577057,57,-,-,-,-,-
1215,48.6,-1205883,2301.181295274643,57,-,-,-,-,-
1216,48.64,-1208958,2897.86567890706,57,-,-,-,-,-
1217,48.68,-1211706,2965.0551499032235,57,-,-,-,-,-
1218,48.72,-1212894,2051.9812429387002,57,-,-,-,-,-
1219,48.76,-1215717,422.352541919121,57,-,-,-,-,-
1220,48.8,-1216461,-1221.5740126381309,57,-,-,-,-,-
1221,48.84,-1218113,-1985.4149308189533,57,-,-,-,-,-
1222,48.88,-1217582,-1873.7492279586513,57,-,-,-,-,-
1223,48.92,-1217199,-1349.4608732364159,57,-,-,-,-,-
1224,48.96,-1216844,-1001.807349080429,57,-,-,-,-,-
1225,49.0,-1206728,-1323.4546770790057,57,-,-,-,-,-
1226,49.04,-1194215,-1824.4037783303756,57,-,-,-,-,-
1227,49.08,-1193541,-1701.8532970889737,57,-,-,-,-,-
1228,49.12,-1194483,-1186.9570053176121,57,-,-,-,-,-
1229,49.16,-1198998,-377.0160765772016,57,-,-,-,-,-
1230,49.2,-1203627,428.9130299135959,57,-,-,-,-,-
1231,49.24,-1204605,1035.2827125719841,57,-,-,-,-,-
1232,49.28,-1203114,1507.8534887174146,57,-,-,-,-,-
1233,49.32,-1206513,2149.730618463718,57,-,-,-,-,-
1234,49.36,-1209678,2767.940878723626,57,-,-,-,-,-
1235,49.4,-1212236,3046.04237019188,57,-,-,-,-,-
1236,49.44,-1214510,2511.6843026475717,57,-,-,-,-,-
1237,49.48,-1215554,1013.2025762826047,57,-,-,-,-,-
1238,49.52,-1215892,-815.7057757683078,57,-,-,-,-,-
1239,49.56,-1216067,-2038.093622898808,57,-,-,-,-,-
1240,49.6,-1217945,-2188.7491373299486,57,-,-,-,-,-
1241,49.64,-1218510,-1724.6471724416228,57,-,-,-,-,-
1242,49.68,-1215000,-1385.0417970313374,57,-,-,-,-,-
1243,49.72,-1206272,-1531.0378662807561,57,-,-,-,-,-
1244,49.76,-1195650,-1865.8478067287306,57,-,-,-,-,-
1245,49.8,-1193143,-1703.395445570237,57,-,-,-,-,-
1246,49.84,-1196650,-998.3344029858804,57,-,-,-,-,-
1247,49.88,-1200753,-123.95942296128942,57,-,-,-,-,-
1248,49.92,-1204485,626.5824086975545,57,-,-,-,-,-
1249,49.96,-1205042,1072.990604214613,57,-,-,-,-,-
1250,50.0,-1204608,1419.5637606623604,57,-,-,-,-,-
1251,50.04,-1204795,1915.218040655967,57,-,-,-,-,-
1252,50.08,-1209349,2636.372824518502,57,-,-,-,-,-
1253,50.12,-1211979,2944.9683040405616,57,-,-,-,-,-
1254,50.16,-1213235,2335.687015088777,57,-,-,-,-,-
1255,50.2,-1213752,806.7204458258143,57,-,-,-,-,-
1256,50.24,-1214977,-903.2017603146321,57,-,-,-,-,-
1257,50.28,-1215898,-1942.0393321133247,57,-,-,-,-,-
1258,50.32,-1217876,-1943.9259063141958,57,-,-,-,-,-
1259,50.36,-1218745,-1399.4709771708267,57,-,-,-,-,-
1260,50.4,-1217239,-1010.2919111047595,57,-,-,-,-,-
1261,50.44,-1206021,-1311.842709948738,57,-,-,-,-,-
1262,50.48,-1195860,-1738.8657460589347,57,-,-,-,-,-
1263,50.52,-1193672,-1669.4187983900956,57,-,-,-,-,-
1264,50.56,-1195222,-1103.2362233548456,57,-,-,-,-,-
1265,50.6,-1199690,-285.3102642011313,57,-,-,-,-,-
1266,50.64,-1203883,397.87210214396237,57,-,-,-,-,-
1267,50.68,-1204569,790.2864597729276,57,-,-,-,-,-
1268,50.72,-1205057,1186.8891334948494,57,-,-,-,-,-
1269,50.76,-1207190,1844.6284836421055,57,-,-,-,-,-
1270,50.8,-1210017,2648.0868349686007,57,-,-,-,-,-
1271,50.84,-1212173,3067.600269303388,57,-,-,-,-,-
1272,50.88,-1214571,2559.572063903571,57,-,-,-,-,-
1273,50.92,-1215851,1036.9854294228808,57,-,-,-,-,-
1274,50.96,-1216422,-776.901850901692,57,-,-,-,-,-
1275,51.0,-1216403,-1970.6216579807215,56,59.25,-,-,-,-
1276,51.04,-1217344,-2146.769310152794,56,-,-,-,-,-
1277,51.08,-1217712,-1717.766737701439,56,-,-,-,-,-
1278,51.12,-1211989,-1453.709052502878,56,-,-,-,-,-
1279,51.16,-1197316,-1725.082504827109,56,-,-,-,-,-
1280,51.2,-1192163,-1788.433314889202,56,-,-,-,-,-
1281,51.24,-1195206,-1406.7240509479088,56,-,-,-,-,-
1282,51.28,-1199315,-716.8661006522478,56,-,-,-,-,-
1283,51.32,-1203318,104.5060833182306,56,-,-,-,-,-
1284,51.36,-1206023,814.1902757883099,56,-,-,-,-,-
1285,51.4,-1203788,1214.439911148449,56,-,-,-,-,-
1286,51.44,-1205466,1702.5016370391686,56,-,-,-,-,-
1287,51.48,-1207772,2311.93549998469,56,-,-,-,-,-
1288,51.52,-1209814,2836.779797583683,56,-,-,-,-,-
1289,51.56,-1213015,2754.8983117487523,56,-,-,-,-,-
1290,51.6,-1214820,1575.6868771055442,56,-,-,-,-,-
1291,51.64,-1216457,-250.96310182204934,56,-,-,-,-,-
1292,51.68,-1216545,-1737.1386209909863,56,-,-,-,-,-
1293,51.72,-1217656,-2111.935391341,56,-,-,-,-,-
1294,51.76,-1218416,-1642.106447911581,56,-,-,-,-,-
1295,51.8,-1216308,-1137.4899615826225,56,-,-,-,-,-
1296,51.84,-1210678,-1109.282950071326,56,-,-,-,-,-
1297,51.88,-1197596,-1616.3443786677526,56,-,-,-,-,-
1298,51.92,-1192405,-1793.2800933117705,56,-,-,-,-,-
1299,51.96,-1193470,-1439.3914969970592,56,-,-,-,-,-
1300,52.0,-1197943,-681.17684451934,56,-,-,-,-,-
1301,52.04,-1202470,172.07231526919804,56,-,-,-,-,-
1302,52.08,-1203949,841.2604939555722,56,-,-,-,-,-
1303,52.12,-1203794,1342.8528633279984,56,-,-,-,-,-
1304,52.16,-1204124,1858.8451920676189,56,-,-,-,-,-
1305,52.2,-1208751,2571.0838973401487,56,-,-,-,-,-
1306,52.24,-1210811,3013.401448111743,56,-,-,-,-,-
1307,52.28,-1213302,2775.996472643822,56,-,-,-,-,-
1308,52.32,-1215073,1541.178702808871,56,-,-,-,-,-
1309,52.36,-1215746,-285.2627579366083,56,-,-,-,-,-
1310,52.4,-1217138,-1728.292850380613,56,-,-,-,-,-
1311,52.44,-1217756,-2205.0065983364216,56,-,-,-,-,-
1312,52.48,-1217848,-1867.1662212664999,56,-,-,-,-,-
1313,52.52,-1218525,-1337.722971762376,56,-,-,-,-,-
1314,52.56,-1214546,-1261.6199371524062,56,-,-,-,-,-
1315,52.6,-1201236,-1727.1419648257615,56,-,-,-,-,-
1316,52.64,-1193265,-1893.9656470340888,56,-,-,-,-,-
1317,52.68,-1193049,-1467.412371444183,56,-,-,-,-,-
1318,52.72,-1196678,-677.3207618204976,56,-,-,-,-,-
1319,52.76,-1200775,135.4067145902577,56,-,-,-,-,-
1320,52.8,-1204379,802.2220491112821,56,-,-,-,-,-
1321,52.84,-1204471,1245.064309551226,56,-,-,-,-,-
1322,52.88,-1202977,1651.0918563851656,56,-,-,-,-,-
1323,52.92,-1206381,2326.0469860055555,56,-,-,-,-,-
1324,52.96,-1210389,2981.913138153406,56,-,-,-,-,-
1325,53.0,-1212622,3052.9752738205934,56,-,-,-,-,-
1326,53.04,-1213782,2100.381864464919,56,-,-,-,-,-
1327,53.08,-1215717,360.1192242475154,56,-,-,-,-,-
1328,53.12,-1217105,-1336.8694101598564,56,-,-,-,-,-
1329,53.16,-1216890,-2190.940336081046,56,-,-,-,-,-
1330,53.2,-1217853,-2021.8597324449809,56,-,-,-,-,-
1331,53.24,-1217097,-1500.107621215222,56,-,-,-,-,-
1332,53.28,-1215475,-1215.9920616303098,56,-,-,-,-,-
1333,53.32,-1203051,-1629.3518121104698,56,-,-,-,-,-
1334,53.36,-1194557,-1937.7507449130153,56,-,-,-,-,-
1335,53.4,-1192488,-1706.007608592794,56,-,-,-,-,-
1336,53.44,-1195462,-967.9851131106411,56,-,-,-,-,-
1337,53.48,-1200056,-84.78995358770817,56,-,-,-,-,-
1338,53.52,-1203726,660.034821526875,56,-,-,-,-,-
1339,53.56,-1204429,1181.0409123227482,56,-,-,-,-,-
1340,53.6,-1203513,1615.5278041593028,56,-,-,-,-,-
1341,53.64,-1205281,2194.5705454742165,56,-,-,-,-,-
1342,53.68,-1208474,2797.259675025135,56,-,-,-,-,-
1343,53.72,-1211993,2998.7828919083768,56,-,-,-,-,-
1344,53.76,-1214445,2290.3590534870846,56,-,-,-,-,-
1345,53.8,-1216513,719.3450902982322,56,-,-,-,-,-
1346,53.84,-1217085,-1028.3097081340259,56,-,-,-,-,-
1347,53.88,-1217837,-2040.9242539533539,56,-,-,-,-,-
1348,53.92,-1217926,-2082.4108608331962,56,-,-,-,-,-
1349,53.96,-1217928,-1576.943397953668,56,-,-,-,-,-
1350,54.0,-1215798,-1226.802465589909,55,58.25,-,-,-,-
1351,54.04,-1199634,-1686.0713648117944,55,-,-,-,-,-
1352,54.08,-1193568,-1962.214482182806,55,-,-,-,-,-
1353,54.12,-1192044,-1849.0178914613662,55,-,-,-,-,-
1354,54.16,-1197612,-1105.5709252852096,55,-,-,-,-,-
1355,54.2,-1201505,-173.65602740844133,55,-,-,-,-,-
1356,54.24,-1205590,728.709322768168,55,-,-,-,-,-
1357,54.28,-1204753,1290.3361438212987,55,-,-,-,-,-
1358,54.32,-1204944,1777.9488336453487,55,-,-,-,-,-
1359,54.36,-1207809,2402.8675969298756,55,-,-,-,-,-
1360,54.4,-1209351,2960.374633353429,55,-,-,-,-,-
1361,54.44,-1213109,3079.3912593615696,55,-,-,-,-,-
1362,54.48,-1214832,2115.1642352124472,55,-,-,-,-,-
1363,54.52,-1215556,268.28784439839,55,-,-,-,-,-
1364,54.56,-1216764,-1481.2478099436005,55,-,-,-,-,-
1365,54.6,-1216661,-2302.5263836669387,55,-,-,-,-,-
1366,54.64,-1218434,-2020.1240272655073,55,-,-,-,-,-
1367,54.68,-1217999,-1400.1632935297662,55,-,-,-,-,-
1368,54.72,-1214326,-1117.2261690380765,55,-,-,-,-,-
1369,54.76,-1199759,-1550.308753314821,55,-,-,-,-,-
1370,54.8,-1193764,-1765.9329512287495,55,-,-,-,-,-
1371,54.84,-1194429,-1495.0748263974338,55,-,-,-,-,-
1372,54.88,-1198140,-799.9161053259536,55,-,-,-,-,-
1373,54.92,-1202005,30.55209178104633,55,-,-,-,-,-
1374,54.96,-1205404,746.0397836811235,55,-,-,-,-,-
1375,55.0,-1205407,1188.2537195846717,55,-,-,-,-,-
1376,55.04,-1205092,1599.2526430591597,55,-,-,-,-,-
1377,55.08,-1207701,2237.373100236571,55,-,-,-,-,-
1378,55.12,-1211246,2878.7951737538306,55,-,-,-,-,-
1379,55.16,-1213339,2901.637419603235,55,-,-,-,-,-
1380,55.2,-1213979,1856.635020107673,55,-,-,-,-,-
1381,55.24,-1215879,108.14160945286994,55,-,-,-,-,-
1382,55.28,-1215452,-1529.1263147227871,55,-,-,-,-,-
1383,55.32,-1216123,-2187.0061837975463,55,-,-,-,-,-
1384,55.36,-1216788,-1926.891799989768,55,-,-,-,-,-
1385,55.4,-1217529,-1345.0936014606034,55,-,-,-,-,-
1386,55.44,-1215203,-1083.9515773865746,55,-,-,-,-,-
1387,55.48,-1205950,-1351.6978668028332,55,-,-,-,-,-
1388,55.52,-1195623,-1662.535196882125,55,-,-,-,-,-
1389,55.56,-1192750,-1448.0419246904075,55,-,-,-,-,-
1390,55.6,-1196617,-729.5413876295365,55,-,-,-,-,-
1391,55.64,-1202225,106.66376595165866,55,-,-,-,-,-
1392,55.68,-1204726,706.3632197409243,55,-,-,-,-,-
1393,55.72,-1205302,1077.2332189982699,55,-,-,-,-,-
1394,55.76,-1204722,1367.2579815316476,55,-,-,-,-,-
1395,55.8,-1206786,1858.5520444404983,55,-,-,-,-,-
1396,55.84,-1208769,2435.5530698694956,55,-,-,-,-,-
1397,55.88,-1210994,2720.0482205748513,55,-,-,-,-,-
1398,55.92,-1213547,2187.4023947949436,55,-,-,-,-,-
1399,55.96,-1215392,728.1460229049671,55,-,-,-,-,-
1400,56.0,-1217089,-964.0269544497701,55,-,-,-,-,-
1401,56.04,-1217365,-2004.2312798294506,55,-,-,-,-,-
1402,56.08,-1217798,-1999.8650724573724,55,-,-,-,-,-
1403,56.12,-1217587,-1438.432765796053,55,-,-,-,-,-
1404,56.16,-1217429,-987.2380944537204,55,-,-,-,-,-
1405,56.2,-16775449,488235.58475297503,55,-,-,-,-,-
1406,56.24,-16775451,448117.63464682084,55,-,-,-,-,-
1407,56.28,-16775501,361271.73004829977,55,-,-,-,-,-
1408,56.32,-16775670,223217.87340503454,55,-,-,-,-,-
1409,56.36,-16775266,46090.771128360415,55,-,-,-,-,-
1410,56.4,-16775253,-142026.2407618896,55,-,-,-,-,-
1411,56.44,-16775454,-337139.2354927198,55,-,-,-,-,-
1412,56.48,-16775466,-605482.7467558165,55,-,-,-,-,-
1413,56.52,-16775429,-1025942.3015128947,55,-,-,-,-,-
1414,56.56,-16775437,-1489188.851691103,55,-,-,-,-,-
1415,56.6,-16775465,-1604638.017104406,55,-,-,-,-,-
1416,56.64,-16775566,-1045355.8835008764,55,-,-,-,-,-
1417,56.68,-16775431,-36027.81420028652,55,-,-,-,-,-
1418,56.72,-16775369,783354.4327574424,55,-,-,-,-,-
1419,56.76,-16775410,1041639.3235540987,55,-,-,-,-,-
1420,56.8,-16775552,913771.5068276301,55,-,-,-,-,-
1421,56.84,-16775443,736997.5204295125,55,-,-,-,-,-
1422,56.88,-16775613,643527.6806813084,55,-,-,-,-,-
1423,56.92,-16775471,584006.5101188613,55,-,-,-,-,-
1424,56.96,-16775431,499089.76573079464,55,-,-,-,-,-
1425,57.0,-16775313,387739.4147561162,nan,56.0,-,-,-,-
1426,57.04,-16775398,275683.6374186012,nan,-,-,-,-,-
1427,57.08,-16775419,177995.05975681893,nan,-,-,-,-,-
1428,57.12,-16775475,94765.11453726166,nan,-,-,-,-,-
1429,57.16,-16775501,22645.927066408563,nan,-,-,-,-,-
1430,57.2,-16775464,-38641.351335120155,nan,-,-,-,-,-
1431,57.24,-16775484,-87579.13816959981,nan,-,-,-,-,-
1432,57.28,-16775496,-123589.08728596731,nan,-,-,-,-,-
1433,57.32,-16775443,-147590.46225001937,nan,-,-,-,-,-
1434,57.36,-16775428,-161141.08151762176,nan,-,-,-,-,-
1435,57.4,-16775481,-165773.40834715933,nan,-,-,-,-,-
1436,57.44,-81221,-687798.8175073322,nan,-,-,-,-,-
1437,57.48,-16466154,-120824.81830756739,nan,-,-,-,-,-
1438,57.52,-16754094,-47246.53940226277,nan,-,-,-,-,-
1439,57.56,-23660,-500493.23234019615,nan,-,-,-,-,-
1440,57.6,-16712644,128875.35285594128,nan,-,-,-,-,-
1441,57.64,-16723284,211679.75193806086,nan,-,-,-,-,-
1442,57.68,-16775258,295756.5585945868,nan,-,-,-,-,-
1443,57.72,-16775425,435042.694115689,nan,-,-,-,-,-
1444,57.76,-16775487,628425.0531522915,nan,-,-,-,-,-
1445,57.8,-16775545,699752.420779505,nan,-,-,-,-,-
1446,57.84,-16775441,418971.0987431009,nan,-,-,-,-,-
1447,57.88,-1375,-664914.8762117438,nan,-,-,-,-,-
1448,57.92,-1663,-1063569.9033050993,nan,-,-,-,-,-
1449,57.96,-1204,-1143783.230732591,nan,-,-,-,-,-
1450,58.0,-16774782,-585751.6522012502,nan,-,-,-,-,-
1451,58.04,-16773448,-497921.2905196324,nan,-,-,-,-,-
1452,58.08,-16774137,-126097.59086619224,nan,-,-,-,-,-
1453,58.12,-16775667,450699.9592496208,nan,-,-,-,-,-
1454,58.16,-16775569,928141.5917194693,nan,-,-,-,-,-
1455,58.2,-16775739,1258726.0064015263,nan,-,-,-,-,-
1456,58.24,-16775507,1485393.9398985482,nan,-,-,-,-,-
1457,58.28,-1492,754460.7707007919,nan,-,-,-,-,-
1458,58.32,-16773094,276842.15068135946,nan,-,-,-,-,-
1459,58.36,-16771641,-1250870.6284951274,nan,-,-,-,-,-
1460,58.4,-16773040,-2217466.4918602114,nan,-,-,-,-,-
1461,58.44,-16772885,-1880644.6171993169,nan,-,-,-,-,-
1462,58.48,-16774627,-674198.0472723889,nan,-,-,-,-,-
1463,58.52,-16774597,378951.7029965344,nan,-,-,-,-,-
1464,58.56,-16774617,810464.3813329103,nan,-,-,-,-,-
1465,58.6,-16774577,874704.4946666216,nan,-,-,-,-,-
1466,58.64,-16774613,797306.5802213677,nan,-,-,-,-,-
1467,58.68,-16774505,420007.65116930206,nan,-,-,-,-,-
1468,58.72,-16774623,-268956.5253687381,nan,-,-,-,-,-
1469,58.76,-16775132,-755243.9491509388,nan,-,-,-,-,-
1470,58.8,-16775255,-592458.5458780739,nan,-,-,-,-,-
1471,58.84,-16775507,-39118.92734168761,nan,-,-,-,-,-
1472,58.88,-16775499,332479.6085990563,nan,-,-,-,-,-
1473,58.92,-16776808,345550.21810638555,nan,-,-,-,-,-
1474,58.96,-804,-311082.9558135215,nan,-,-,-,-,-
1475,59.0,-16776016,183938.70629711216,nan,-,-,-,-,-
1476,59.04,-16776116,226228.12909881584,nan,-,-,-,-,-
1477,59.08,-16776027,279805.12524937745,nan,-,-,-,-,-
1478,59.12,-16776085,297961.2292299499,nan,-,-,-,-,-
1479,59.16,-16776206,275814.73244187725,nan,-,-,-,-,-
1480,59.2,-16774312,252789.91182768566,nan,-,-,-,-,-
1481,59.24,-16773391,309426.245260334,nan,-,-,-,-,-
1482,59.28,-16774900,455788.0785321951,nan,-,-,-,-,-
1483,59.32,-16775195,486374.4248297486,nan,-,-,-,-,-
1484,59.36,-16775349,98339.67078087619,nan,-,-,-,-,-
1485,59.4,-16775469,-638735.1303409748,nan,-,-,-,-,-
1486,59.44,-16775496,-1130040.266113745,nan,-,-,-,-,-
1487,59.48,-16775432,-928346.1437047621,nan,-,-,-,-,-
1488,59.52,-16775529,-324116.7383703332,nan,-,-,-,-,-
1489,59.56,-15,-434035.5430080965,nan,-,-,-,-,-
1490,59.6,-16776126,191953.14626825228,nan,-,-,-,-,-
1491,59.64,-16775315,156419.97162513016,nan,-,-,-,-,-
1492,59.68,-16775301,179802.25445938995,nan,-,-,-,-,-
1493,59.72,-16775352,254498.18903050525,nan,-,-,-,-,-
1494,59.76,-16775203,300210.80221429723,nan,-,-,-,-,-
1495,59.8,-16775215,313774.78357398027,nan,-,-,-,-,-
1496,59.84,-16775881,382096.89132382587,nan,-,-,-,-,-
1497,59.88,-16775347,534793.2886632882,nan,-,-,-,-,-
1498,59.92,-16775240,572700.6272406336,nan,-,-,-,-,-
1499,59.96,-16775308,189280.06245807873,nan,-,-,-,-,-
1500,60.0,-16775358,-548806.4769461129,nan,55.5,-,-,-,Desconexión
1501,60.04,-499,-1573220.8419880122,nan,-,-,-,-,Desconexión
1502,60.08,-420,-1336553.7426898237,nan,-,-,-,-,Desconexión
1503,60.12,-621,-648018.5560608553,nan,-,-,-,-,Desconexión
1504,60.16,-624,-91515.20666919192,nan,-,-,-,-,Desconexión
1505,60.2,-666,144758.00765687018,nan,-,-,-,-,Desconexión
1506,60.24,-743,251672.97701444617,nan,-,-,-,-,Desconexión
1507,60.28,-600,420581.7375443075,nan,-,-,-,-,Desconexión
1508,60.32,-694,733527.4319097428,nan,-,-,-,-,Desconexión
1509,60.36,-16775341,1739987.4749190267,nan,-,-,-,-,Desconexión
1510,60.4,-16775421,2194076.406950509,nan,-,-,-,-,Desconexión
1511,60.44,-16775296,2209988.8366159312,nan,-,-,-,-,Desconexión
1512,60.48,-16775275,1442529.5131710628,nan,-,-,-,-,Desconexión
1513,60.52,-16775346,150476.9490149938,nan,-,-,-,-,Desconexión
1514,60.56,-16773526,-945469.3082641009,nan,-,-,-,-,Desconexión
1515,60.6,-16773259,-1446473.00669072,nan,-,-,-,-,Desconexión
1516,60.64,-16773434,-1610337.1719433134,nan,-,-,-,-,Desconexión
1517,60.68,-16775202,-1884247.0821642713,nan,-,-,-,-,Desconexión
1518,60.72,-16775882,-2292353.5161781795,nan,-,-,-,-,Desconexión
1519,60.76,-741,-2887789.7345420197,nan,-,-,-,-,Desconexión
1520,60.8,-16702223,-1631093.9248912279,nan,-,-,-,-,Desconexión
1521,60.84,-16682044,-378652.9793469539,nan,-,-,-,-,Desconexión
1522,60.88,-16676795,678025.6025865589,nan,-,-,-,-,Desconexión
1523,60.92,-16676404,1102648.89293805,nan,-,-,-,-,Desconexión
1524,60.96,-16683057,1067745.2366582449,nan,-,-,-,-,Desconexión
1525,61.0,-16676796,963011.3654307637,nan,-,-,-,-,Desconexión
1526,61.04,-16677159,1008763.6136897076,nan,-,-,-,-,Desconexión
1527,61.08,-16677532,1163901.288125253,nan,-,-,-,-,Desconexión
1528,61.12,-16775597,1164370.80433307,nan,-,-,-,-,Desconexión
1529,61.16,-16775666,699836.5514643254,nan,-,-,-,-,Desconexión
1530,61.2,-16775464,-130867.0540228129,nan,-,-,-,-,Desconexión
1531,61.24,-16775570,-718730.4152375462,nan,-,-,-,-,Desconexión
1532,61.28,-16775536,-610001.2963257178,nan,-,-,-,-,Desconexión
1533,61.32,-16775475,-97050.54872931488,nan,-,-,-,-,Desconexión
1534,61.36,-16775838,236656.39995964884,nan,-,-,-,-,Desconexión
1535,61.4,-16775818,218672.2761465711,nan,-,-,-,-,Desconexión
1536,61.44,-16775521,69800.99498473894,nan,-,-,-,-,Desconexión
1537,61.48,-16775512,-14534.973054266593,nan,-,-,-,-,Desconexión
1538,61.52,-16775831,-21767.866515596805,nan,-,-,-,-,Desconexión
1539,61.56,-16775597,-13195.426625196706,nan,-,-,-,-,Desconexión
1540,61.6,-16775285,-19850.555749006046,nan,-,-,-,-,Desconexión
1541,61.64,-16775275,-35552.44275213953,nan,-,-,-,-,Desconexión
1542,61.68,-16774856,-47950.66483951677,nan,-,-,-,-,Desconexión
1543,61.72,-16774923,-53615.68877883689,nan,-,-,-,-,Desconexión
1544,61.76,-16775887,-55022.92903814354,nan,-,-,-,-,Desconexión
1545,61.8,-16775695,-54574.677017848415,nan,-,-,-,-,Desconexión
1546,61.84,-16775575,-52693.15217212583,nan,-,-,-,-,Desconexión
1547,61.88,-16775490,-49173.29409528149,nan,-,-,-,-,Desconexión
1548,61.92,-16774824,-45551.43554524661,nan,-,-,-,-,Desconexión
1549,61.96,-16775021,-38522.28786735629,nan,-,-,-,-,Desconexión
1550,62.0,-16775072,-32478.12837763821,nan,-,-,-,-,Desconexión
1551,62.04,-16775217,-26354.707635831088,nan,-,-,-,-,Desconexión
1552,62.08,-16775015,-20321.21843836185,nan,-,-,-,-,Desconexión
1553,62.12,-16775152,-14569.737026592062,nan,-,-,-,-,Desconexión
1554,62.16,-4875,-536601.2396324109,nan,-,-,-,-,Desconexión
1555,62.2,-16767825,38168.08621486137,nan,-,-,-,-,Desconexión
1556,62.24,-16769514,92674.9765099613,nan,-,-,-,-,Desconexión
1557,62.28,-1107195,-341066.82508387417,nan,-,-,-,-,Desconexión
1558,62.32,-1214068,-252652.51928292587,nan,-,-,-,-,Desconexión
1559,62.36,-1215929,-151680.6834453477,nan,-,-,-,-,Desconexión
1560,62.4,-1217008,-4275.970322669251,nan,-,-,-,-,Desconexión
1561,62.44,-1218235,252991.80722783227,nan,-,-,-,-,Desconexión
1562,62.48,-1218675,605540.1596707501,nan,-,-,-,-,Desconexión
1563,62.52,-1215049,845311.8282832126,nan,-,-,-,-,Desconexión
1564,62.56,-1200690,739583.5689202729,nan,-,-,-,-,Desconexión
1565,62.6,-1194994,432720.01983363787,nan,-,-,-,-,Desconexión
1566,62.64,-1194346,409866.30506937625,nan,-,-,-,-,Desconexión
1567,62.68,-1197289,726354.7925096066,nan,-,-,-,-,Desconexión
1568,62.72,-1202129,766228.9244031662,nan,-,-,-,-,Desconexión
1569,62.76,-1206486,169467.39346270962,nan,-,-,-,-,Desconexión
1570,62.8,-1208000,-596127.9579246797,nan,-,-,-,-,Desconexión
1571,62.84,-1204789,-940367.8567461611,nan,-,-,-,-,Desconexión
1572,62.88,-1212707,-845870.1001054107,nan,-,-,-,-,Desconexión
1573,62.92,-1214044,-641015.8201015152,nan,-,-,-,-,Desconexión
1574,62.96,-1214355,-519738.69744921476,nan,-,-,-,-,Desconexión
1575,63.0,-1216396,-461888.040446221,nan,55.0,-,-,-,-
1576,63.04,-1219242,-393858.4647799607,nan,-,-,-,-,-
1577,63.08,-1219499,-299469.1224396769,nan,-,-,-,-,-
1578,63.12,-1219703,-200123.35489134048,nan,-,-,-,-,-
1579,63.16,-1219425,-114124.6180492877,nan,-,-,-,-,-
1580,63.2,-1217918,-43932.74254049314,nan,-,-,-,-,-
1581,63.24,-1208605,14138.541653774795,nan,-,-,-,-,-
1582,63.28,-1196836,62072.18209196511,nan,-,-,-,-,-
1583,63.32,-1196290,101023.61166975228,nan,-,-,-,-,-
1584,63.36,-1199264,127757.75624661573,nan,-,-,-,-,-
1585,63.4,-1205626,144289.6940158081,nan,-,-,-,-,-
1586,63.44,-1207878,151810.6950511132,nan,-,-,-,-,-
1587,63.48,-1205943,151873.9939271652,nan,-,-,-,-,-
1588,63.52,-1205554,146088.93242903403,nan,-,-,-,-,-
1589,63.56,-1209024,135850.66153607648,nan,-,-,-,-,-
1590,63.6,-1211448,122204.1148403713,nan,-,-,-,-,-
1591,63.64,-1213931,106085.774176383,nan,-,-,-,-,-
1592,63.68,-1216245,88117.44131063444,nan,-,-,-,-,-
1593,63.72,-1217600,67803.51148273298,nan,-,-,-,-,-
1594,63.76,-1219001,50432.780720241106,nan,-,-,-,-,-
1595,63.8,-1218394,33619.465321226744,nan,-,-,-,-,-
1596,63.84,-1220429,19540.570236887957,nan,-,-,-,-,-
1597,63.88,-1217888,7671.156283592369,nan,-,-,-,-,-
1598,63.92,-1214352,-2464.564150234859,nan,-,-,-,-,-
1599,63.96,-1200167,-11309.230048666825,nan,-,-,-,-,-
1600,64.0,-1195667,-17868.684037537416,nan,-,-,-,-,-
1601,64.04,-1195514,-22055.429083909068,nan,-,-,-,-,-
1602,64.08,-1199153,-24053.755346218793,nan,-,-,-,-,-
1603,64.12,-1204439,-24404.882345494967,nan,-,-,-,-,-
1604,64.16,-1208305,-23640.169229561667,nan,-,-,-,-,-
1605,64.2,-1205740,-22197.7241150188,nan,-,-,-,-,-
1606,64.24,-1206946,-19885.564626702297,nan,-,-,-,-,-
1607,64.28,-1210558,-16897.876008794643,nan,-,-,-,-,-
1608,64.32,-1212210,-13766.479912750687,nan,-,-,-,-,-
1609,64.36,-1214261,-11062.840176612412,nan,-,-,-,-,-
1610,64.4,-1215569,-9299.51139280283,nan,-,-,-,-,-
1611,64.44,-1216745,-8255.063566541867,nan,-,-,-,-,-
1612,64.48,-1218152,-7151.841614794463,nan,-,-,-,-,-
1613,64.52,-1218303,-5444.433908111543,nan,-,-,-,-,-
1614,64.56,-1219615,-3166.9115490668846,nan,-,-,-,-,-
1615,64.6,-1217998,-1051.6916369802202,nan,-,-,-,-,-
1616,64.64,-1212968,401.1069856397662,nan,-,-,-,-,-
1617,64.68,-1197968,950.5340239438774,nan,-,-,-,-,-
1618,64.72,-1193682,1523.9004454604656,nan,-,-,-,-,-
1619,64.76,-1198241,2293.735062580261,nan,-,-,-,-,-
1620,64.8,-1201836,2997.8895673320403,nan,-,-,-,-,-
1621,64.84,-1206747,3638.967535711303,nan,-,-,-,-,-
1622,64.88,-1205466,3909.279650682856,nan,-,-,-,-,-
1623,64.92,-1205881,4098.318308442882,nan,-,-,-,-,-
1624,64.96,-1207882,4341.793356618809,nan,-,-,-,-,-
1625,65.0,-1210522,4684.228808879914,nan,-,-,-,-,-
1626,65.04,-1213028,4864.303749537601,nan,-,-,-,-,-
1627,65.08,-1215211,4351.838961353686,nan,-,-,-,-,-
1628,65.12,-1217219,1559.9832339327752,nan,-,-,-,-,-
1629,65.16,-1217546,814.2295247840102,nan,-,-,-,-,-
1630,65.2,-1218098,-611.3481037859128,nan,-,-,-,-,-
1631,65.24,-1218381,-2067.099750800702,nan,-,-,-,-,-
1632,65.28,-1218985,-1543.6431188811086,nan,-,-,-,-,-
1633,65.32,-1215769,-1183.006335316486,nan,-,-,-,-,-
1634,65.36,-1201325,-1558.8353551130003,nan,-,-,-,-,-
1635,65.4,-1194596,-1827.5893513876745,nan,-,-,-,-,-
1636,65.44,-1194707,-1643.0239488890038,nan,-,-,-,-,-
1637,65.48,-1198823,-986.5199364414973,nan,-,-,-,-,-
1638,65.52,-1203444,-132.68977950605404,nan,-,-,-,-,-
1639,65.56,-1206205,621.0350710643506,nan,-,-,-,-,-
1640,65.6,-1206247,1140.9110350388191,nan,-,-,-,-,-
1641,65.64,-1206002,1581.4619170787255,nan,-,-,-,-,-
1642,65.68,-1209505,2215.7277546126797,nan,-,-,-,-,-
1643,65.72,-1211860,2795.9035818439297,nan,-,-,-,-,-
1644,65.76,-1213314,2843.868893701072,nan,-,-,-,-,-
1645,65.8,-1215790,1934.5963784842143,nan,-,-,-,-,-
1646,65.84,-1217575,203.25145362381681,nan,-,-,-,-,-
1647,65.88,-1217353,-1481.491446338298,nan,-,-,-,-,-
1648,65.92,-1218579,-2179.890581789708,nan,-,-,-,-,-
1649,65.96,-1218766,-1943.2089868068485,nan,-,-,-,-,-
1650,66.0,-1218424,-1375.4065015443657,57,57.0,-,-,-,-
1651,66.04,-1201289,-1568.307433433416,57,-,-,-,-,-
1652,66.08,-1194126,-1726.90567005507,57,-,-,-,-,-
1653,66.12,-1195611,-1585.309941380825,57,-,-,-,-,-
1654,66.16,-1198618,-1121.4473512475734,57,-,-,-,-,-
1655,66.2,-1202647,-383.9537951435341,57,-,-,-,-,-
1656,66.24,-1206144,381.83467814254163,57,-,-,-,-,-
1657,66.28,-1205377,922.0091703973503,57,-,-,-,-,-
1658,66.32,-1204588,1409.7824623318688,57,-,-,-,-,-
1659,66.36,-1206873,2078.307656895545,57,-,-,-,-,-
1660,66.4,-1211093,2826.0961228667593,57,-,-,-,-,-
1661,66.44,-1214736,3078.54238689642,57,-,-,-,-,-
1662,66.48,-1216395,2227.0191300981014,57,-,-,-,-,-
1663,66.52,-1216915,438.1555027450254,57,-,-,-,-,-
1664,66.56,-1218752,-1249.1297037335585,57,-,-,-,-,-
1665,66.6,-1218300,-2053.5706917799585,57,-,-,-,-,-
1666,66.64,-1219756,-1802.215512300233,57,-,-,-,-,-
1667,66.68,-1219057,-1275.3135890719632,57,-,-,-,-,-
1668,66.72,-1215564,-1115.1410297785214,57,-,-,-,-,-
1669,66.76,-1203781,-1603.4560597974123,57,-,-,-,-,-
1670,66.8,-1195051,-2009.0838582967008,57,-,-,-,-,-
1671,66.84,-1194913,-1752.9623156975485,57,-,-,-,-,-
1672,66.88,-1196921,-997.5418300989941,57,-,-,-,-,-
1673,66.92,-1201513,-21.269990882299226,57,-,-,-,-,-
1674,66.96,-1204667,754.1060008740033,57,-,-,-,-,-
1675,67.0,-1205791,1261.0959841174008,57,-,-,-,-,-
1676,67.04,-1205315,1676.215360117426,57,-,-,-,-,-
1677,67.08,-1208452,2309.8859830869324,57,-,-,-,-,-
1678,67.12,-1211103,2899.1267159019917,57,-,-,-,-,-
1679,67.16,-1213614,2991.8934898928264,57,-,-,-,-,-
1680,67.2,-1215278,2131.253251304961,57,-,-,-,-,-
1681,67.24,-1216801,481.3511991105779,57,-,-,-,-,-
1682,67.28,-1217744,-1192.6936993459335,57,-,-,-,-,-
1683,67.32,-1217962,-2114.045738800307,57,-,-,-,-,-
1684,67.36,-1218829,-2091.909434739455,57,-,-,-,-,-
1685,67.4,-1218681,-1640.8109720242555,57,-,-,-,-,-
1686,67.44,-1216451,-1338.403677640399,57,-,-,-,-,-
1687,67.48,-1206926,-1529.7109498632744,57,-,-,-,-,-
1688,67.52,-1195656,-1825.5746684230726,57,-,-,-,-,-
1689,67.56,-1193225,-1612.241208438083,57,-,-,-,-,-
1690,67.6,-1195747,-965.2231644502817,57,-,-,-,-,-
1691,67.64,-1201431,-103.27515397042589,57,-,-,-,-,-
1692,67.68,-1205746,651.642288981473,57,-,-,-,-,-
1693,67.72,-1207961,1210.7298991625694,57,-,-,-,-,-
1694,67.76,-1205924,1571.2439080910854,57,-,-,-,-,-
1695,67.8,-1206787,2081.0189489319537,57,-,-,-,-,-
1696,67.84,-1210074,2690.76887920452,57,-,-,-,-,-
1697,67.88,-1212248,2928.9246361248743,57,-,-,-,-,-
1698,67.92,-1214121,2323.9142593872903,57,-,-,-,-,-
1699,67.96,-1216882,829.7476069423042,57,-,-,-,-,-
1700,68.0,-1217995,-990.8960892375994,57,-,-,-,-,-
1701,68.04,-1218344,-2176.9843303491684,57,-,-,-,-,-
1702,68.08,-1217709,-2304.7473292134746,57,-,-,-,-,-
1703,68.12,-1218181,-1666.782394863752,57,-,-,-,-,-
1704,68.16,-1217750,-1044.3429797374556,57,-,-,-,-,-
1705,68.2,-1211541,-1027.899889538976,57,-,-,-,-,-
1706,68.24,-1196740,-1588.540737248626,57,-,-,-,-,-
1707,68.28,-1193652,-1670.9471018551358,57,-,-,-,-,-
1708,68.32,-1196780,-1211.1950772115042,57,-,-,-,-,-
1709,68.36,-1200244,-464.8542156230501,57,-,-,-,-,-
1710,68.4,-1205651,414.0782111635772,57,-,-,-,-,-
1711,68.44,-1207596,1083.576854884559,57,-,-,-,-,-
1712,68.48,-1207075,1521.7804879774321,57,-,-,-,-,-
1713,68.52,-1207151,1916.5920768905607,57,-,-,-,-,-
1714,68.56,-1209656,2429.7822481285466,57,-,-,-,-,-
1715,68.6,-1212935,2825.289298140008,57,-,-,-,-,-
1716,68.64,-1214339,2499.240202581509,57,-,-,-,-,-
1717,68.68,-1215627,1191.0771196361384,57,-,-,-,-,-
1718,68.72,-1217704,-602.2771509411755,57,-,-,-,-,-
1719,68.76,-1218256,-1966.8750517838064,57,-,-,-,-,-
1720,68.8,-1218341,-2273.176607866531,57,-,-,-,-,-
1721,68.84,-1217845,-1777.8244925909926,57,-,-,-,-,-
1722,68.88,-1217655,-1147.155037465136,57,-,-,-,-,-
1723,68.92,-1213424,-996.5937194006137,57,-,-,-,-,-
1724,68.96,-1199037,-1480.6891517481472,57,-,-,-,-,-
1725,69.0,-1194224,-1609.3319877710546,55,56.0,-,-,-,-
1726,69.04,-1201801,-1039.1755810488703,55,-,-,-,-,-
1727,69.08,-1206316,-323.91008868687186,55,-,-,-,-,-
1728,69.12,-1206127,276.47833488691185,55,-,-,-,-,-
1729,69.16,-1204840,747.9814763536865,55,-,-,-,-,-
1730,69.2,-1207922,1267.0284972926374,55,-,-,-,-,-
1731,69.24,-1210117,1744.4856637064877,55,-,-,-,-,-
1732,69.28,-1213320,2288.3779125467727,55,-,-,-,-,-
1733,69.32,-1215261,2630.741148103596,55,-,-,-,-,-
1734,69.36,-1216922,2319.2141469064118,55,-,-,-,-,-
1735,69.4,-1217558,1046.3508945299873,55,-,-,-,-,-
1736,69.44,-1218334,-633.9921113755638,55,-,-,-,-,-
1737,69.48,-1218104,-1740.5559695902473,55,-,-,-,-,-
1738,69.52,-1218985,-1767.4554640023669,55,-,-,-,-,-
1739,69.56,-1215461,-1437.4168699436632,55,-,-,-,-,-
1740,69.6,-1203305,-1590.4798211280868,55,-,-,-,-,-
1741,69.64,-1194941,-1884.0542189050375,55,-,-,-,-,-
1742,69.68,-1194317,-1788.480538136837,55,-,-,-,-,-
1743,69.72,-1196635,-1224.4887690044948,55,-,-,-,-,-
1744,69.76,-1200249,-380.4856254810784,55,-,-,-,-,-
1745,69.8,-1205542,491.7301447087757,55,-,-,-,-,-
1746,69.84,-1206439,1068.0318786999505,55,-,-,-,-,-
1747,69.88,-1205595,1508.905767559968,55,-,-,-,-,-
1748,69.92,-1207192,2087.006786604228,55,-,-,-,-,-
1749,69.96,-1209836,2684.825160320949,55,-,-,-,-,-
1750,70.0,-1211512,2811.1398223058313,55,-,-,-,-,-
1751,70.04,-1213769,2053.9515795291736,55,-,-,-,-,-
1752,70.08,-1216101,487.559403533141,55,-,-,-,-,-
1753,70.12,-1217396,-1168.1793420741958,55,-,-,-,-,-
1754,70.16,-1217911,-2105.566173104169,55,-,-,-,-,-
1755,70.2,-1219122,-2074.1932005024005,55,-,-,-,-,-
1756,70.24,-1218630,-1557.6973175255785,55,-,-,-,-,-
1757,70.28,-1216991,-1105.2693918062887,55,-,-,-,-,-
1758,70.32,-1207637,-1215.2683635099202,55,-,-,-,-,-
1759,70.36,-1196424,-1576.674839375406,55,-,-,-,-,-
1760,70.4,-1194221,-1538.7865809508148,55,-,-,-,-,-
1761,70.44,-1196259,-1097.3472483669175,55,-,-,-,-,-
1762,70.48,-1200113,-395.106147932197,55,-,-,-,-,-
1763,70.52,-1205588,409.974007829348,55,-,-,-,-,-
1764,70.56,-1206067,999.1540373701409,55,-,-,-,-,-
1765,70.6,-1204891,1482.127704217044,55,-,-,-,-,-
1766,70.64,-1207019,2094.521400474633,55,-,-,-,-,-
1767,70.68,-1209521,2709.2610250250527,55,-,-,-,-,-
1768,70.72,-1211309,2962.941639906765,55,-,-,-,-,-
1769,70.76,-1214561,2456.5053902248274,55,-,-,-,-,-
1770,70.8,-1217206,1036.8457105779653,55,-,-,-,-,-
1771,70.84,-1217385,-750.43603046151,55,-,-,-,-,-
1772,70.88,-1217970,-1933.2534112133956,55,-,-,-,-,-
1773,70.92,-1217976,-2135.498697307295,55,-,-,-,-,-
1774,70.96,-1218661,-1640.2332612905948,55,-,-,-,-,-
1775,71.0,-1217448,-1173.1757361211826,55,-,-,-,-,-
1776,71.04,-1212609,-1166.4002603753615,55,-,-,-,-,-
1777,71.08,-1198091,-1696.5647577866275,55,-,-,-,-,-
1778,71.12,-1194014,-1768.8873532962334,55,-,-,-,-,-
1779,71.16,-1195238,-1346.263364485787,55,-,-,-,-,-
1780,71.2,-1199849,-543.0994358999695,55,-,-,-,-,-
1781,71.24,-1203840,320.5086547477458,55,-,-,-,-,-
1782,71.28,-1205843,1006.7256372194533,55,-,-,-,-,-
1783,71.32,-1205363,1439.3136236836954,55,-,-,-,-,-
1784,71.36,-1205954,1855.5824110112762,55,-,-,-,-,-
1785,71.4,-1207773,2384.9068420994727,55,-,-,-,-,-
1786,71.44,-1210874,2844.9414560289997,55,-,-,-,-,-
1787,71.48,-1214158,2683.0407258015302,55,-,-,-,-,-
1788,71.52,-1216581,1521.85311930225,55,-,-,-,-,-
1789,71.56,-1216642,-296.16933264815,55,-,-,-,-,-
1790,71.6,-1217386,-1732.241529823192,55,-,-,-,-,-
1791,71.64,-1218666,-2146.760125384217,55,-,-,-,-,-
1792,71.68,-1219037,-1756.9118371009097,55,-,-,-,-,-
1793,71.72,-1217670,-1248.8877098409198,55,-,-,-,-,-
1794,71.76,-1214766,-1104.3717860401248,55,-,-,-,-,-
1795,71.8,-1200006,-1645.2421129104168,55,-,-,-,-,-
1796,71.84,-1193941,-1870.2149468641765,55,-,-,-,-,-
1797,71.88,-1194068,-1562.1723294899148,55,-,-,-,-,-
1798,71.92,-1198863,-756.9389465674456,55,-,-,-,-,-
1799,71.96,-1204401,188.15251958476165,55,-,-,-,-,-
1800,72.0,-1205804,865.2255166967943,52,54.666666666666664,-,-,-,-
1801,72.04,-1205244,1293.4411165272677,52,-,-,-,-,-
1802,72.08,-1207701,1793.7604537929346,52,-,-,-,-,-
1803,72.12,-1209771,2390.314313731903,52,-,-,-,-,-
1804,72.16,-1212889,2946.778954965438,52,-,-,-,-,-
1805,72.2,-1214971,2877.784642538003,52,-,-,-,-,-
1806,72.24,-1215993,1772.1502160923874,52,-,-,-,-,-
1807,72.28,-1217883,-29.984156404128953,52,-,-,-,-,-
1808,72.32,-1218660,-1657.9151468838845,52,-,-,-,-,-
1809,72.36,-1219315,-2292.225828476831,52,-,-,-,-,-
1810,72.4,-1218784,-2010.7800366563524,52,-,-,-,-,-
1811,72.44,-1216526,-1505.6183258441588,52,-,-,-,-,-
1812,72.48,-1203312,-1616.9128220678886,52,-,-,-,-,-
1813,72.52,-1195456,-1799.9629344832083,52,-,-,-,-,-
1814,72.56,-1194131,-1672.0110935163138,52,-,-,-,-,-
1815,72.6,-1197432,-1095.915822246016,52,-,-,-,-,-
1816,72.64,-1201347,-302.829439656633,52,-,-,-,-,-
1817,72.68,-1205125,473.6322911338193,52,-,-,-,-,-
1818,72.72,-1206649,1076.6518892238664,52,-,-,-,-,-
1819,72.76,-1205131,1557.2054251462387,52,-,-,-,-,-
1820,72.8,-1207148,2220.5612176773593,52,-,-,-,-,-
1821,72.84,-1209757,2850.9270350506886,52,-,-,-,-,-
1822,72.88,-1213965,3043.356357401829,52,-,-,-,-,-
1823,72.92,-1216885,2260.2579166170735,52,-,-,-,-,-
1824,72.96,-1216530,549.3868559343064,52,-,-,-,-,-
1825,73.0,-1217235,-1167.0860942954973,52,-,-,-,-,-
1826,73.04,-1218387,-2085.468542323867,52,-,-,-,-,-
1827,73.08,-1218258,-2074.5723646586225,52,-,-,-,-,-
1828,73.12,-1218353,-1546.7149513212553,52,-,-,-,-,-
1829,73.16,-1216999,-1156.1095531043838,52,-,-,-,-,-
1830,73.2,-1207596,-1377.5025233115757,52,-,-,-,-,-
1831,73.24,-1196408,-1814.0271046434555,52,-,-,-,-,-
1832,73.28,-1194321,-1727.81237662483,52,-,-,-,-,-
1833,73.32,-1196541,-1087.892133928155,52,-,-,-,-,-
1834,73.36,-1201042,-135.8251464034438,52,-,-,-,-,-
1835,73.4,-1204746,699.4437163348312,52,-,-,-,-,-
1836,73.44,-1204574,1163.50493113611,52,-,-,-,-,-
1837,73.48,-1203840,1486.0207463468887,52,-,-,-,-,-
1838,73.52,-1205808,1978.5088133638574,52,-,-,-,-,-
1839,73.56,-1209095,2592.3004782793887,52,-,-,-,-,-
1840,73.6,-1212702,2928.7839577194327,52,-,-,-,-,-
1841,73.64,-1214497,2406.794670712674,52,-,-,-,-,-
1842,73.68,-1216519,989.1950386593526,52,-,-,-,-,-
1843,73.72,-1216163,-782.1087966210362,52,-,-,-,-,-
1844,73.76,-1218848,-1834.4457857134146,52,-,-,-,-,-
1845,73.8,-1218862,-1979.4894705864494,52,-,-,-,-,-
1846,73.84,-1218186,-1552.3581042348555,52,-,-,-,-,-
1847,73.88,-1215470,-1261.4913888388155,52,-,-,-,-,-
1848,73.92,-1205099,-1578.4611633418554,52,-,-,-,-,-
1849,73.96,-1194505,-2023.2070993521957,52,-,-,-,-,-
1850,74.0,-1191815,-1932.9260750029443,52,-,-,-,-,-
1851,74.04,-1192494,-1324.2878245643406,52,-,-,-,-,-
1852,74.08,-1197556,-368.18139760215377,52,-,-,-,-,-
1853,74.12,-1201926,498.1397088014219,52,-,-,-,-,-
1854,74.16,-1203303,1112.264322265999,52,-,-,-,-,-
1855,74.2,-1194460,1363.5314143595378,52,-,-,-,-,-
1856,74.24,-913709,-6829.247472752584,52,-,-,-,-,-
1857,74.28,-760258,-10294.040330479416,52,-,-,-,-,-
1858,74.32,-889351,-4026.7049156554203,52,-,-,-,-,-
1859,74.36,-876302,-2002.920629573102,52,-,-,-,-,-
1860,74.4,-706010,-4912.946252501766,52,-,-,-,-,-
1861,74.44,-502490,-8451.129746065679,52,-,-,-,-,-
1862,74.48,-516832,-3491.2107106465483,52,-,-,-,-,-
1863,74.52,-533552,5110.0012924556795,52,-,-,-,-,-
1864,74.56,-543506,18692.160188041118,52,-,-,-,-,-
1865,74.6,-539641,33968.28871432386,52,-,-,-,-,-
1866,74.64,-529539,41450.476837415394,52,-,-,-,-,-
1867,74.68,-492195,32523.897963859607,52,-,-,-,-,-
1868,74.72,-551554,17477.156771070237,52,-,-,-,-,-
1869,74.76,-645515,10520.370543653204,52,-,-,-,-,-
1870,74.8,-696164,13880.01804974646,52,-,-,-,-,-
1871,74.84,-712992,14056.30945760393,52,-,-,-,-,-
1872,74.88,-619677,-3291.8338268657694,52,-,-,-,-,-
1873,74.92,-501980,-28196.958829103067,52,-,-,-,-,-
1874,74.96,-502035,-40332.188188376516,52,-,-,-,-,-
1875,75.0,-508240,-38534.69999335207,nan,54.666666666666664,-,-,-,Movimiento
1876,75.04,-514570,-31387.783457149584,nan,-,-,-,-,Movimiento
1877,75.08,-517838,-28055.966539421803,nan,-,-,-,-,Movimiento
1878,75.12,-524846,-28643.99480045829,nan,-,-,-,-,Movimiento
1879,75.16,-529597,-26108.058099691403,nan,-,-,-,-,Movimiento
1880,75.2,-538333,-13773.283729988128,nan,-,-,-,-,Movimiento
1881,75.24,-537936,5994.301421962606,nan,-,-,-,-,Movimiento
1882,75.28,-562116,24087.008831261002,nan,-,-,-,-,Movimiento
1883,75.32,-635275,31231.11662489306,nan,-,-,-,-,Movimiento
1884,75.36,-715726,25082.121205692696,nan,-,-,-,-,Movimiento
1885,75.4,-797256,13896.762042645132,nan,-,-,-,-,Movimiento
1886,75.44,-807342,4535.355627365236,nan,-,-,-,-,Movimiento
1887,75.48,-770735,-84.8630322673198,nan,-,-,-,-,Movimiento
1888,75.52,-507811,-9222.766094976367,nan,-,-,-,-,Movimiento
1889,75.56,-510680,-10187.785371028847,nan,-,-,-,-,Movimiento
1890,75.6,-519682,-11770.060598150958,nan,-,-,-,-,Movimiento
1891,75.64,-526997,-13778.74343730721,nan,-,-,-,-,Movimiento
1892,75.68,-530242,-15914.836947891763,nan,-,-,-,-,Movimiento
1893,75.72,-534107,-16463.806606758888,nan,-,-,-,-,Movimiento
1894,75.76,-538025,-11877.430735066224,nan,-,-,-,-,Movimiento
1895,75.8,-541619,1073.3946699302032,nan,-,-,-,-,Movimiento
1896,75.84,-543816,20903.9966554158,nan,-,-,-,-,Movimiento
1897,75.88,-545798,39175.0362537739,nan,-,-,-,-,Movimiento
1898,75.92,-545278,44280.92821326089,nan,-,-,-,-,Movimiento
1899,75.96,-545672,31727.692792672366,nan,-,-,-,-,Movimiento
1900,76.0,-546813,10097.060821603358,nan,-,-,-,-,Movimiento
1901,76.04,-543804,-6493.69045850942,nan,-,-,-,-,Movimiento
1902,76.08,-535501,-11845.15907362305,nan,-,-,-,-,Movimiento
1903,76.12,-531627,-10206.338710128419,nan,-,-,-,-,Movimiento
1904,76.16,-535080,-8035.191655082643,nan,-,-,-,-,Movimiento
1905,76.2,-529834,-7820.877009828123,nan,-,-,-,-,Movimiento
1906,76.24,-527892,-7850.982526565324,nan,-,-,-,-,Movimiento
1907,76.28,-532039,-6926.413925191472,nan,-,-,-,-,Movimiento
1908,76.32,-578100,-4087.7016906987774,nan,-,-,-,-,Movimiento
1909,76.36,-638771,-847.3950303476959,nan,-,-,-,-,Movimiento
1910,76.4,-701044,2015.6891138669307,nan,-,-,-,-,Movimiento
1911,76.44,-771013,4489.618230965076,nan,-,-,-,-,Movimiento
1912,76.48,-833940,5752.170775585328,nan,-,-,-,-,Movimiento
1913,76.52,-888436,5473.073805068096,nan,-,-,-,-,Movimiento
1914,76.56,-897253,2582.6565876244385,nan,-,-,-,-,Movimiento
1915,76.6,-897517,-1478.8900355630467,nan,-,-,-,-,Movimiento
1916,76.64,-581184,-16549.83551806255,nan,-,-,-,-,Movimiento
1917,76.68,-511252,-24241.689116938418,nan,-,-,-,-,Movimiento
1918,76.72,-507801,-28795.960818083404,nan,-,-,-,-,Movimiento
1919,76.76,-510536,-29597.084347475204,nan,-,-,-,-,Movimiento
1920,76.8,-515556,-24980.243637258434,nan,-,-,-,-,Movimiento
1921,76.84,-536901,-14873.214911045998,nan,-,-,-,-,Movimiento
1922,76.88,-553289,-1351.9284031049829,nan,-,-,-,-,Movimiento
1923,76.92,-557899,14962.911404090832,nan,-,-,-,-,Movimiento
1924,76.96,-564439,34223.52666516906,nan,-,-,-,-,Movimiento
1925,77.0,-562394,51810.92253166479,nan,-,-,-,-,Movimiento
1926,77.04,-563997,58367.94961551008,nan,-,-,-,-,Movimiento
1927,77.08,-569733,46199.74193524276,nan,-,-,-,-,Movimiento
1928,77.12,-576719,20062.81582937966,nan,-,-,-,-,Movimiento
1929,77.16,-581666,-4846.9914222522275,nan,-,-,-,-,Movimiento
1930,77.2,-585811,-17487.90524172895,nan,-,-,-,-,Movimiento
1931,77.24,-598950,-18784.239605856434,nan,-,-,-,-,Movimiento
1932,77.28,-601501,-16310.411874131441,nan,-,-,-,-,Movimiento
1933,77.32,-602021,-14017.138306324614,nan,-,-,-,-,Movimiento
1934,77.36,-605445,-12256.653975535393,nan,-,-,-,-,Movimiento
1935,77.4,-596468,-11127.362791473037,nan,-,-,-,-,Movimiento
1936,77.44,-593304,-10011.655923905604,nan,-,-,-,-,Movimiento
1937,77.48,-585816,-9226.780711024647,nan,-,-,-,-,Movimiento
1938,77.52,-584979,-8111.587451439329,nan,-,-,-,-,Movimiento
1939,77.56,-585794,-6559.728284518413,nan,-,-,-,-,Movimiento
1940,77.6,-600076,-4238.517451000651,nan,-,-,-,-,Movimiento
1941,77.64,-606045,-2013.7198397645652,nan,-,-,-,-,Movimiento
1942,77.68,-609259,215.09482846577066,nan,-,-,-,-,Movimiento
1943,77.72,-608657,2255.3668338879506,nan,-,-,-,-,Movimiento
1944,77.76,-607642,3888.3482887510145,nan,-,-,-,-,Movimiento
1945,77.8,-599384,4577.819925214362,nan,-,-,-,-,Movimiento
1946,77.84,-601226,4695.16538515846,nan,-,-,-,-,Movimiento
1947,77.88,-602630,3889.857856079164,nan,-,-,-,-,Movimiento
1948,77.92,-605484,2456.554453078602,nan,-,-,-,-,Movimiento
1949,77.96,-608640,894.7705849165025,nan,-,-,-,-,Movimiento
1950,78.0,-612158,-62.576440845509296,nan,53.5,-,-,-,-
1951,78.04,-626677,409.6318035688473,nan,-,-,-,-,-
1952,78.08,-628386,1352.0903132474687,nan,-,-,-,-,-
1953,78.12,-628709,2354.5188392041173,nan,-,-,-,-,-
1954,78.16,-625794,2606.4816157386217,nan,-,-,-,-,-
1955,78.2,-614315,1687.2625046090743,nan,-,-,-,-,-
1956,78.24,-616409,584.6872051398741,nan,-,-,-,-,-
1957,78.28,-616917,-648.0867870634661,nan,-,-,-,-,-
1958,78.32,-620485,-1433.557427525257,nan,-,-,-,-,-
1959,78.36,-621137,-1876.5000525210178,nan,-,-,-,-,-
1960,78.4,-633179,-1605.8956101149342,nan,-,-,-,-,-
1961,78.44,-634681,-1231.4439874721338,nan,-,-,-,-,-
1962,78.48,-636482,-257.281065625446,nan,-,-,-,-,-
1963,78.52,-638178,1095.321488909336,nan,-,-,-,-,-
1964,78.56,-638973,2049.8626454154114,nan,-,-,-,-,-
1965,78.6,-628492,1638.614104393674,nan,-,-,-,-,-
1966,78.64,-628184,584.931875188865,nan,-,-,-,-,-
1967,78.68,-627846,-780.8909711088281,nan,-,-,-,-,-
1968,78.72,-628785,-1719.0988245300614,nan,-,-,-,-,-
1969,78.76,-627457,-2075.631601229538,nan,-,-,-,-,-
1970,78.8,-637547,-1495.2132250055847,nan,-,-,-,-,-
1971,78.84,-631188,-1014.5369100014617,nan,-,-,-,-,-
1972,78.88,-626689,-217.52505090886734,nan,-,-,-,-,-
1973,78.92,-626520,724.1961249599549,nan,-,-,-,-,-
1974,78.96,-616939,1125.1288978888433,nan,-,-,-,-,-
1975,79.0,-619461,1476.853143883164,nan,-,-,-,-,-
1976,79.04,-621463,1259.4625051397986,nan,-,-,-,-,-
1977,79.08,-620599,551.0651607628774,nan,-,-,-,-,-
1978,79.12,-620794,-99.43365877004408,nan,-,-,-,-,-
1979,79.16,-632875,27.71618050871075,nan,-,-,-,-,-
1980,79.2,-634735,328.6010091302305,nan,-,-,-,-,-
1981,79.24,-636518,947.7639358570377,nan,-,-,-,-,-
1982,79.28,-637085,1420.9855387628595,nan,-,-,-,-,-
1983,79.32,-637683,1347.549678631546,nan,-,-,-,-,-
1984,79.36,-628441,336.343720109835,nan,-,-,-,-,-
1985,79.4,-627735,-685.594647120919,nan,-,-,-,-,-
1986,79.44,-628856,-1504.1990615893383,nan,-,-,-,-,-
1987,79.48,-625993,-2098.0675861780655,nan,-,-,-,-,-
1988,79.52,-624438,-2333.8489725639074,nan,-,-,-,-,-
1989,79.56,-629560,-2038.4436601195785,nan,-,-,-,-,-
1990,79.6,-626597,-1567.393419542294,nan,-,-,-,-,-
1991,79.64,-626668,-534.7740601705383,nan,-,-,-,-,-
1992,79.68,-628563,660.7647371799634,nan,-,-,-,-,-
1993,79.72,-617749,1138.871082487657,nan,-,-,-,-,-
1994,79.76,-616983,1414.5021454249145,nan,-,-,-,-,-
1995,79.8,-616338,1185.5520709713226,nan,-,-,-,-,-
1996,79.84,-618427,775.4818259400379,nan,-,-,-,-,-
1997,79.88,-620806,428.0223167973477,nan,-,-,-,-,-
1998,79.92,-623893,299.5459760179792,nan,-,-,-,-,-
1999,79.96,-627138,335.54619699358045,nan,-,-,-,-,-
2000,80.0,-642115,881.7364703010899,nan,-,-,-,-,-
2001,80.04,-645974,1183.836449507704,nan,-,-,-,-,-
2002,80.08,-649893,1451.2251998550528,nan,-,-,-,-,-
2003,80.12,-651920,1339.7694273798743,nan,-,-,-,-,-
2004,80.16,-659341,859.1492201949054,nan,-,-,-,-,-
2005,80.2,-651487,-539.4868481117655,nan,-,-,-,-,-
2006,80.24,-652160,-1654.544758757609,nan,-,-,-,-,-
2007,80.28,-643741,-2696.768290866352,nan,-,-,-,-,-
2008,80.32,-641366,-3174.82668115671,nan,-,-,-,-,-
2009,80.36,-641231,-3303.41358367081,nan,-,-,-,-,-
2010,80.4,-655397,-2576.1348182420015,nan,-,-,-,-,-
2011,80.44,-663864,-1469.8138117383369,nan,-,-,-,-,-
2012,80.48,-676306,148.87385921320129,nan,-,-,-,-,-
2013,80.52,-690516,1747.906815647455,nan,-,-,-,-,-
2014,80.56,-706504,3031.0107482182193,nan,-,-,-,-,-
2015,80.6,-707140,3410.8611213309596,nan,-,-,-,-,-
2016,80.64,-722862,3756.483668757718,nan,-,-,-,-,-
2017,80.68,-739955,3351.2853048202796,nan,-,-,-,-,-
2018,80.72,-749591,1786.6059070000456,nan,-,-,-,-,-
2019,80.76,-754949,-512.3210963253944,nan,-,-,-,-,-
2020,80.8,-755376,-2847.530544273326,nan,-,-,-,-,-
2021,80.84,-755357,-4378.2986950358845,nan,-,-,-,-,-
2022,80.88,-754100,-4881.294167037726,nan,-,-,-,-,-
2023,80.92,-753224,-4513.812552037514,nan,-,-,-,-,-
2024,80.96,-746437,-3864.099927634794,nan,-,-,-,-,-
2025,81.0,-741433,-3078.093408639408,67,59.5,-,-,-,-
2026,81.04,-745175,-2143.044897229909,67,-,-,-,-,-
2027,81.08,-748864,-1102.74751627957,67,-,-,-,-,-
2028,81.12,-751227,429.60813527119853,67,-,-,-,-,-
2029,81.16,-753020,2389.337744051875,67,-,-,-,-,-
2030,81.2,-753026,4038.706094216073,67,-,-,-,-,-
2031,81.24,-756876,4967.082350901537,67,-,-,-,-,-
2032,81.28,-757019,4955.168091246359,67,-,-,-,-,-
2033,81.32,-757003,4460.335813567095,67,-,-,-,-,-
2034,81.36,-758421,3676.8645114373267,67,-,-,-,-,-
2035,81.4,-759346,2461.0837293487184,67,-,-,-,-,-
2036,81.44,-760040,956.8823942478157,67,-,-,-,-,-
2037,81.48,-760876,-316.353060337784,67,-,-,-,-,-
2038,81.52,-760347,-980.8604912256769,67,-,-,-,-,-
2039,81.56,-760606,-1055.1261858922826,67,-,-,-,-,-
2040,81.6,-758996,-1022.8408594577552,67,-,-,-,-,-
2041,81.64,-752055,-1224.325644202619,67,-,-,-,-,-
2042,81.68,-747483,-1355.2175110494495,67,-,-,-,-,-
2043,81.72,-747211,-1260.8162947825458,67,-,-,-,-,-
2044,81.76,-747582,-1074.4634167534605,67,-,-,-,-,-
2045,81.8,-750146,-784.5716427958855,67,-,-,-,-,-
2046,81.84,-752423,-456.1623628660609,67,-,-,-,-,-
2047,81.88,-754287,-81.62951240347775,67,-,-,-,-,-
2048,81.92,-754224,275.3520506257828,67,-,-,-,-,-
2049,81.96,-755914,714.4717678085394,67,-,-,-,-,-
2050,82.0,-758203,1119.9784036132442,67,-,-,-,-,-
2051,82.04,-759527,1232.94557039262,67,-,-,-,-,-
2052,82.08,-760032,836.168947708647,67,-,-,-,-,-
2053,82.12,-760301,-4.201065528798978,67,-,-,-,-,-
2054,82.16,-760180,-908.0795792494446,67,-,-,-,-,-
2055,82.2,-761704,-1390.6830359502778,67,-,-,-,-,-
2056,82.24,-762339,-1410.639567222734,67,-,-,-,-,-
2057,82.28,-763824,-1096.328894302239,67,-,-,-,-,-
2058,82.32,-761103,-881.5250942494627,67,-,-,-,-,-
2059,82.36,-753972,-909.9618347558271,67,-,-,-,-,-
2060,82.4,-750777,-853.0339130906523,67,-,-,-,-,-
2061,82.44,-749967,-626.1100340613802,67,-,-,-,-,-
2062,82.48,-752441,-178.75699704762224,67,-,-,-,-,-
2063,82.52,-755614,281.2064792129672,67,-,-,-,-,-
2064,82.56,-756213,524.3102312364113,67,-,-,-,-,-
2065,82.6,-756409,644.9894750700541,67,-,-,-,-,-
2066,82.64,-756632,813.4506065281798,67,-,-,-,-,-
2067,82.68,-757560,1168.0819796028763,67,-,-,-,-,-
2068,82.72,-759788,1613.4083208410766,67,-,-,-,-,-
2069,82.76,-760629,1708.4936979963245,67,-,-,-,-,-
2070,82.8,-761801,1219.6744918361137,67,-,-,-,-,-
2071,82.84,-763264,276.42781181073997,67,-,-,-,-,-
2072,82.88,-763749,-645.4832306091434,67,-,-,-,-,-
2073,82.92,-764412,-1054.26604428978,67,-,-,-,-,-
2074,82.96,-764574,-951.0306547944712,67,-,-,-,-,-
2075,83.0,-763507,-701.6041278887785,67,-,-,-,-,-
2076,83.04,-763365,-561.5317386131978,67,-,-,-,-,-
2077,83.08,-755342,-855.1715872788482,67,-,-,-,-,-
2078,83.12,-748269,-1115.2572381042155,67,-,-,-,-,-
2079,83.16,-746924,-1024.4905173368534,67,-,-,-,-,-
2080,83.2,-748178,-673.955599197825,67,-,-,-,-,-
2081,83.24,-749924,-224.8855316829172,67,-,-,-,-,-
2082,83.28,-753908,298.62648810741575,67,-,-,-,-,-
2083,83.32,-755932,729.5125364895921,67,-,-,-,-,-
2084,83.36,-756735,1102.679201320896,67,-,-,-,-,-
2085,83.4,-758508,1515.5318102190267,67,-,-,-,-,-
2086,83.44,-758873,1850.5587567246057,67,-,-,-,-,-
2087,83.48,-759821,1953.2231873899095,67,-,-,-,-,-
2088,83.52,-761417,1526.0639426564585,67,-,-,-,-,-
2089,83.56,-762175,484.28914587887743,67,-,-,-,-,-
2090,83.6,-763709,-701.8551178658729,67,-,-,-,-,-
2091,83.64,-761902,-1603.8849893196104,67,-,-,-,-,-
2092,83.68,-762296,-1798.1054551708062,67,-,-,-,-,-
2093,83.72,-761713,-1545.6257311282284,67,-,-,-,-,-
2094,83.76,-762933,-1074.4336385475347,67,-,-,-,-,-
2095,83.8,-759656,-814.2662666051942,67,-,-,-,-,-
2096,83.84,-753379,-773.9540403220344,67,-,-,-,-,-
2097,83.88,-750606,-682.9014231104411,67,-,-,-,-,-
2098,83.92,-751667,-440.6859337619958,67,-,-,-,-,-
2099,83.96,-754072,-68.5963912146276,67,-,-,-,-,-
2100,84.0,-755914,354.43148380307866,74,70.5,-,-,-,-
2101,84.04,-755823,681.5198237343029,74,-,-,-,-,-
2102,84.08,-756571,904.7831025845212,74,-,-,-,-,-
2103,84.12,-756898,1015.7791454681792,74,-,-,-,-,-
2104,84.16,-759028,1208.9487190657478,74,-,-,-,-,-
2105,84.2,-760438,1392.8354054020015,74,-,-,-,-,-
2106,84.24,-760678,1298.7491280622444,74,-,-,-,-,-
2107,84.28,-761638,756.0180512492709,74,-,-,-,-,-
2108,84.32,-761762,-129.90835970419835,74,-,-,-,-,-
2109,84.36,-762404,-834.1970982050817,74,-,-,-,-,-
2110,84.4,-763318,-1029.8813722192272,74,-,-,-,-,-
2111,84.44,-764010,-841.6855716422923,74,-,-,-,-,-
2112,84.48,-764275,-623.1385507184987,74,-,-,-,-,-
2113,84.52,-756585,-808.8078497371689,74,-,-,-,-,-
2114,84.56,-751509,-973.2175437609121,74,-,-,-,-,-
2115,84.6,-750526,-891.73185335975,74,-,-,-,-,-
2116,84.64,-750998,-598.5937177055062,74,-,-,-,-,-
2117,84.68,-754457,-146.6807961606869,74,-,-,-,-,-
2118,84.72,-756738,206.26270381392806,74,-,-,-,-,-
2119,84.76,-757211,413.4793271584049,74,-,-,-,-,-
2120,84.8,-756748,590.2239315004804,74,-,-,-,-,-
2121,84.84,-758289,946.9042424461791,74,-,-,-,-,-
2122,84.88,-759018,1373.6922072360276,74,-,-,-,-,-
2123,84.92,-760718,1658.1659942139104,74,-,-,-,-,-
2124,84.96,-762192,1404.1392444227204,74,-,-,-,-,-
2125,85.0,-761409,497.6377575027052,74,-,-,-,-,-
2126,85.04,-762623,-504.0672628349491,74,-,-,-,-,-
2127,85.08,-763942,-1116.272031152378,74,-,-,-,-,-
2128,85.12,-764473,-1160.867981384595,74,-,-,-,-,-
2129,85.16,-765604,-820.0529538740053,74,-,-,-,-,-
2130,85.2,-764903,-550.5277364199219,74,-,-,-,-,-
2131,85.24,-760489,-604.3917964655075,74,-,-,-,-,-
2132,85.28,-753245,-860.126833404971,74,-,-,-,-,-
2133,85.32,-751624,-847.7689092848841,74,-,-,-,-,-
2134,85.36,-751419,-622.2202490986087,74,-,-,-,-,-
2135,85.4,-754023,-225.86852545993196,74,-,-,-,-,-
2136,85.44,-756552,121.70014652437749,74,-,-,-,-,-
2137,85.48,-758174,368.93193679309115,74,-,-,-,-,-
2138,85.52,-756812,544.3635412776057,74,-,-,-,-,-
2139,85.56,-757549,911.2244684617967,74,-,-,-,-,-
2140,85.6,-758981,1389.096991489711,74,-,-,-,-,-
2141,85.64,-760755,1732.3450184206586,74,-,-,-,-,-
2142,85.68,-762976,1621.6811577938151,74,-,-,-,-,-
2143,85.72,-763120,861.7436618584425,74,-,-,-,-,-
2144,85.76,-764837,-130.8772590003257,74,-,-,-,-,-
2145,85.8,-765011,-935.1439022616385,74,-,-,-,-,-
2146,85.84,-764607,-1202.5672901145615,74,-,-,-,-,-
2147,85.88,-763598,-1032.2997593130558,74,-,-,-,-,-
2148,85.92,-763326,-737.1197508855121,74,-,-,-,-,-
2149,85.96,-761810,-662.5211337345258,74,-,-,-,-,-
2150,86.0,-753507,-979.8910753322934,74,-,-,-,-,-
2151,86.04,-751650,-1048.7431531780912,74,-,-,-,-,-
2152,86.08,-753224,-796.3562495509773,74,-,-,-,-,-
2153,86.12,-755256,-340.36788900713634,74,-,-,-,-,-
2154,86.16,-757533,176.62525619759435,74,-,-,-,-,-
2155,86.2,-758162,582.959672958219,74,-,-,-,-,-
2156,86.24,-758740,892.1251795235685,74,-,-,-,-,-
2157,86.28,-759909,1140.4197711571742,74,-,-,-,-,-
2158,86.32,-762862,1398.0451575415827,74,-,-,-,-,-
2159,86.36,-764155,1509.561659114543,74,-,-,-,-,-
2160,86.4,-764708,1312.0644817091347,74,-,-,-,-,-
2161,86.44,-765411,668.4616822045323,74,-,-,-,-,-
2162,86.48,-767020,-225.08682514684745,74,-,-,-,-,-
2163,86.52,-767041,-975.3501985572618,74,-,-,-,-,-
2164,86.56,-768294,-1171.2920064425725,74,-,-,-,-,-
2165,86.6,-768619,-1004.283926659403,74,-,-,-,-,-
2166,86.64,-768202,-812.2312078236776,74,-,-,-,-,-
2167,86.68,-765110,-837.4600372578452,74,-,-,-,-,-
2168,86.72,-758261,-1019.4450024450352,74,-,-,-,-,-
2169,86.76,-753285,-1008.4684611493194,74,-,-,-,-,-
2170,86.8,-753476,-676.8270826674252,74,-,-,-,-,-
2171,86.84,-754471,-281.69313853318863,74,-,-,-,-,-
2172,86.88,-757012,108.19870445151264,74,-,-,-,-,-
2173,86.92,-760417,479.4175599629416,74,-,-,-,-,-
2174,86.96,-761216,775.9127768484004,74,-,-,-,-,-
2175,87.0,-761216,1101.858853814147,71,70.66666666666667,-,-,-,-
2176,87.04,-763434,1546.596119564234,71,-,-,-,-,-
2177,87.08,-765018,1878.000380736018,71,-,-,-,-,-
2178,87.12,-765602,1809.3214583831023,71,-,-,-,-,-
2179,87.16,-767033,1199.2153369512512,71,-,-,-,-,-
2180,87.2,-766988,117.13263636501324,71,-,-,-,-,-
2181,87.24,-767691,-899.3311576937851,71,-,-,-,-,-
2182,87.28,-768691,-1436.487199285785,71,-,-,-,-,-
2183,87.32,-769896,-1415.6725963314125,71,-,-,-,-,-
2184,87.36,-769640,-1127.4007671666616,71,-,-,-,-,-
2185,87.4,-765864,-941.4734467984199,71,-,-,-,-,-
2186,87.44,-757250,-1034.2914853641414,71,-,-,-,-,-
2187,87.48,-754872,-968.9254407840908,71,-,-,-,-,-
2188,87.52,-754309,-751.6327953520849,71,-,-,-,-,-
2189,87.56,-757854,-296.50016491003225,71,-,-,-,-,-
2190,87.6,-761046,150.25278739771056,71,-,-,-,-,-
2191,87.64,-761769,436.8499348742116,71,-,-,-,-,-
2192,87.68,-760857,623.9443531443567,71,-,-,-,-,-
2193,87.72,-761902,950.9989571290539,71,-,-,-,-,-
2194,87.76,-763737,1433.1680167897653,71,-,-,-,-,-
2195,87.8,-765664,1854.6813495753768,71,-,-,-,-,-
2196,87.84,-766843,1801.1908569201428,71,-,-,-,-,-
2197,87.88,-767556,1059.6395401751888,71,-,-,-,-,-
2198,87.92,-767851,-99.44332348958142,71,-,-,-,-,-
2199,87.96,-768321,-1041.9125861411078,71,-,basal,-,-,-
2200,88.0,-769435,-1318.1636344623037,71,-,basal,-,-,-
2201,88.04,-770420,-1045.1545575527152,71,-,basal,-,-,-
2202,88.08,-769433,-726.2745643156477,71,-,basal,-,-,-
2203,88.12,-768057,-645.4197553306758,71,-,basal,-,-,-
2204,88.16,-760272,-954.2650734469671,71,-,basal,-,-,-
2205,88.2,-755612,-1084.5991970389478,71,-,basal,-,-,-
2206,88.24,-755172,-849.090123859979,71,-,basal,-,-,-
2207,88.28,-758471,-345.0108974282581,71,-,basal,-,-,-
2208,88.32,-760886,103.70048090978298,71,-,basal,-,-,-
2209,88.36,-762899,424.7292973042995,71,-,basal,-,-,-
2210,88.4,-761525,576.5298190369917,71,-,basal,-,-,-
2211,88.44,-766377,987.9521401908596,71,-,induccion,-,-,-
2212,88.48,-770419,1478.8118200425106,71,-,induccion,-,-,-
2213,88.52,-770893,1814.7139366266056,71,-,induccion,-,-,-
2214,88.56,-767699,1676.1068943200457,71,-,induccion,-,-,-
2215,88.6,-758073,734.2230267313307,71,-,induccion,-,-,-
2216,88.64,-755009,-436.8658370720259,71,-,induccion,-,-,-
2217,88.68,-755827,-1371.4652198303647,71,-,induccion,-,-,-
2218,88.72,-759102,-1629.8950386394818,71,-,induccion,-,-,-
2219,88.76,-761868,-1327.2021874872212,71,-,induccion,-,-,-
2220,88.8,-763680,-879.5266453750933,71,-,induccion,-,-,-
2221,88.84,-762107,-613.4142033839352,71,-,induccion,-,-,-
2222,88.88,-763210,-168.23940780944508,71,-,induccion,-,-,-
2223,88.92,-763885,577.2640829801858,71,-,induccion,-,-,-
2224,88.96,-765637,1443.4705091016529,71,-,induccion,-,-,-
2225,89.0,-766306,1749.2574829130199,71,-,induccion,-,-,-
2226,89.04,-768401,1203.6599228057237,71,-,mantenimiento,-,-,-
2227,89.08,-768759,37.118786310261385,71,-,mantenimiento,-,-,-
2228,89.12,-771032,-865.403179829511,71,-,mantenimiento,-,-,-
2229,89.16,-772370,-1092.589543191985,71,-,mantenimiento,-,-,-
2230,89.2,-771329,-815.1302385556285,71,-,mantenimiento,-,-,-
2231,89.24,-771058,-416.8118343789761,71,-,mantenimiento,-,-,-
2232,89.28,-767655,-371.90315931168425,71,-,mantenimiento,-,-,-
2233,89.32,-757871,-763.0014383136113,71,-,mantenimiento,-,-,-
2234,89.36,-755235,-917.564624590721,71,-,mantenimiento,-,-,-
2235,89.4,-756160,-785.6476954024738,71,-,mantenimiento,-,-,-
2236,89.44,-758969,-436.8224724758028,71,-,mantenimiento,-,-,-
2237,89.48,-762387,-4.691135709586888,71,-,mantenimiento,-,-,-
2238,89.52,-763209,361.78795831091156,71,-,mantenimiento,-,-,-
2239,89.56,-761066,672.7299801042982,71,-,mantenimiento,-,-,-
2240,89.6,-763237,1187.3757353290193,71,-,mantenimiento,-,-,-
2241,89.64,-764008,1666.544077584861,71,-,despertar,-,-,-
2242,89.68,-765973,1996.5467699502765,71,-,despertar,-,-,-
2243,89.72,-767378,1821.9501345312656,71,-,despertar,-,-,-
2244,89.76,-769280,1021.4857748387913,71,-,despertar,-,-,-
2245,89.8,-769845,-178.10799721052717,71,-,despertar,-,-,-
2246,89.84,-771699,-1072.4802502479233,71,-,despertar,-,-,-
2247,89.88,-772055,-1331.212570316433,71,-,despertar,-,-,-
2248,89.92,-772269,-1047.5518659568768,71,-,despertar,-,-,-
2249,89.96,-771628,-722.9104348368378,71,-,despertar,-,-,-
2250,90.0,-768931,-724.5691315940567,nan,70.66666666666667,despertar,-,-,-
2251,90.04,-755795,-1253.4121618666904,nan,-,despertar,-,-,-
2252,90.08,-755302,-1295.739098318525,nan,-,despertar,-,-,-
2253,90.12,-757430,-1020.4739692219641,nan,-,despertar,-,-,-
2254,90.16,-760110,-548.1576051208687,nan,-,despertar,-,-,-
2255,90.2,-763837,7.9020068095223905,nan,-,despertar,-,-,-
2256,90.24,-764154,422.1338170619574,nan,-,despertar,-,-,-
2257,90.28,-763654,781.6228729449704,nan,-,despertar,-,-,-
2258,90.32,-764056,1202.6144326306066,nan,-,despertar,-,-,-
2259,90.36,-766248,1724.0812334008115,nan,-,despertar,-,-,-
2260,90.4,-767722,2072.736821128686,nan,-,despertar,-,-,-
2261,90.44,-769755,1903.8892950276982,nan,-,despertar,-,-,-
2262,90.48,-769832,930.1594561715665,nan,-,despertar,-,-,-
2263,90.52,-770962,-372.7083022859638,nan,-,despertar,-,-,-
2264,90.56,-770881,-1326.9302917933323,nan,-,despertar,-,-,-
2265,90.6,-771014,-1473.4217977346507,nan,-,despertar,-,-,-
2266,90.64,-771544,-1056.701554617716,nan,-,despertar,-,-,-
2267,90.68,-770533,-680.3448428900342,nan,-,despertar,-,-,-
2268,90.72,-765302,-731.8090578602041,nan,-,despertar,-,-,-
2269,90.76,-756483,-1083.62464065106,nan,-,despertar,-,-,-
2270,90.8,-756428,-1053.315865703019,nan,-,despertar,-,-,-
2271,90.84,-757667,-731.2162326644589,nan,-,despertar,-,-,-
2272,90.88,-760290,-197.70981542596064,nan,-,despertar,-,-,-
2273,90.92,-762857,322.54298958037725,nan,-,despertar,-,-,-
2274,90.96,-764831,708.0270850920942,nan,-,despertar,-,-,-
2275,91.0,-764024,922.1451888516631,nan,-,despertar,-,-,-
2276,91.04,-764640,1209.3944726929863,nan,-,despertar,-,-,-
2277,91.08,-766307,1582.3498235952384,nan,-,despertar,-,-,-
2278,91.12,-768160,1801.5663493281932,nan,-,despertar,-,-,-
2279,91.16,-769339,1491.015118886402,nan,-,despertar,-,-,-
2280,91.2,-770016,559.9940086870172,nan,-,despertar,-,-,-
2281,91.24,-769947,-596.111432571374,nan,-,despertar,-,-,-
2282,91.28,-771207,-1313.848379516531,nan,-,despertar,-,-,-
2283,91.32,-771387,-1412.321423409921,nan,-,despertar,-,-,-
2284,91.36,-772549,-1045.9545591707647,nan,-,despertar,-,-,-
2285,91.4,-770751,-739.0401128772692,nan,-,despertar,-,-,-
2286,91.44,-769594,-615.6803902485226,nan,-,despertar,-,-,-
2287,91.48,-760805,-897.143140474569,nan,-,despertar,-,-,-
2288,91.52,-757787,-943.7321366227752,nan,-,despertar,-,-,-
2289,91.56,-758364,-686.2161737900706,nan,-,despertar,-,-,-
2290,91.6,-760085,-255.79812944043556,nan,-,despertar,-,-,-
2291,91.64,-763823,222.81737557022552,nan,-,despertar,-,-,-
2292,91.68,-765194,524.6891467720634,nan,-,despertar,-,-,-
2293,91.72,-763928,690.0597560319084,nan,-,despertar,-,-,-
2294,91.76,-764517,969.5680863206321,nan,-,despertar,-,-,-
2295,91.8,-766077,1360.981308545337,nan,-,despertar,-,-,-
2296,91.84,-767363,1671.180056983089,nan,-,despertar,-,-,-
2297,91.88,-769185,1629.0444171804315,nan,-,despertar,-,-,-
2298,91.92,-769938,985.104745427182,nan,-,despertar,-,-,-
2299,91.96,-770470,-48.23947356595136,nan,-,despertar,-,-,-
2300,92.0,-771944,-912.3494891438168,nan,-,despertar,-,-,-
2301,92.04,-772063,-1255.697102973833,nan,-,despertar,-,-,-
2302,92.08,-772172,-1057.7258810622377,nan,-,despertar,-,-,-
2303,92.12,-771347,-727.6210141311958,nan,-,despertar,-,-,-
2304,92.16,-770016,-598.6346385025809,nan,-,despertar,-,-,-
2305,92.2,-761553,-910.3407879928845,nan,-,despertar,-,-,-
2306,92.24,-757446,-1070.717869354683,nan,-,despertar,-,-,-
2307,92.28,-758143,-881.9632599774477,nan,-,despertar,-,-,-
2308,92.32,-760701,-456.03380340110266,nan,-,despertar,-,-,-
2309,92.36,-763439,19.654681947337394,nan,-,despertar,-,-,-
2310,92.4,-765152,413.72847416000695,nan,-,despertar,-,-,-
2311,92.44,-764200,677.6229297803825,nan,-,despertar,-,-,-
2312,92.48,-764176,980.2665155233494,nan,-,despertar,-,-,-
2313,92.52,-767298,1411.8826856683486,nan,-,despertar,-,-,-
2314,92.56,-767885,1685.2149496949055,nan,-,despertar,-,-,-
2315,92.6,-768555,1625.9801986731163,nan,-,despertar,-,-,-
2316,92.64,-768956,1001.0555879553533,nan,-,despertar,-,-,-
2317,92.68,-770993,12.271289875553975,nan,-,despertar,-,-,-
2318,92.72,-771006,-929.688147899968,nan,-,despertar,-,-,-
2319,92.76,-772594,-1244.998120322608,nan,-,despertar,-,-,-
2320,92.8,-772391,-1059.362782627264,nan,-,despertar,-,-,-
2321,92.84,-772602,-704.653860406841,nan,-,despertar,-,-,-
2322,92.88,-771252,-586.5075789217626,nan,-,despertar,-,-,-
2323,92.92,-762943,-872.9995032989291,nan,-,despertar,-,-,-
2324,92.96,-758587,-987.4397472284581,nan,-,despertar,-,-,-
2325,93.0,-758978,-778.7210857458249,nan,72.5,despertar,-,-,Movimiento
2326,93.04,-759125,-480.46208391941536,nan,-,despertar,-,-,Movimiento
2327,93.08,-762637,-84.12501115145756,nan,-,despertar,-,-,Movimiento
2328,93.12,-763850,218.2722007340153,nan,-,despertar,-,-,Movimiento
2329,93.16,-763696,499.2997524449379,nan,-,despertar,-,-,Movimiento
2330,93.2,-764280,859.1707846119889,nan,-,despertar,-,-,Movimiento
2331,93.24,-765702,1300.8920570040855,nan,-,despertar,-,-,Movimiento
2332,93.28,-767340,1700.2963528409832,nan,-,despertar,-,-,Movimiento
2333,93.32,-769429,1801.652795529542,nan,-,despertar,-,-,Movimiento
2334,93.36,-770522,1309.2981997717166,nan,-,despertar,-,-,Movimiento
2335,93.4,-771678,351.0056644520173,nan,-,recuperacion,-,-,Movimiento
2336,93.44,-772083,-624.7173222322723,nan,-,recuperacion,-,-,Movimiento
2337,93.48,-773140,-1116.9473853835227,nan,-,recuperacion,-,-,Movimiento
2338,93.52,-772532,-1139.309096847148,nan,-,recuperacion,-,-,Movimiento
2339,93.56,-771290,-947.3242961879441,nan,-,recuperacion,-,-,Movimiento
2340,93.6,-766509,-941.6602642490252,nan,-,recuperacion,-,-,Movimiento
2341,93.64,-760570,-1114.2951397797897,nan,-,recuperacion,-,-,Movimiento
2342,93.68,-758675,-1146.727245489731,nan,-,recuperacion,-,-,Movimiento
2343,93.72,-759867,-911.3013370988651,nan,-,recuperacion,-,-,Movimiento
2344,93.76,-762609,-447.7855891668179,nan,-,recuperacion,-,-,Movimiento
2345,93.8,-765453,83.77382873298848,nan,-,recuperacion,-,-,Movimiento
2346,93.84,-765580,487.96261683171133,nan,-,recuperacion,-,-,Movimiento
2347,93.88,-764386,799.491824125944,nan,-,recuperacion,-,-,Movimiento
2348,93.92,-765445,1180.7519456202945,nan,-,recuperacion,-,-,Movimiento
2349,93.96,-767731,1574.2846180340662,nan,-,recuperacion,-,-,Movimiento
2350,94.0,-769797,1750.600861433512,nan,-,recuperacion,-,-,Movimiento
2351,94.04,-771687,1467.5045389974757,nan,-,recuperacion,-,-,Movimiento
2352,94.08,-772489,655.3417186716702,nan,-,recuperacion,-,-,Movimiento
2353,94.12,-772765,-345.14949333579557,nan,-,recuperacion,-,-,Movimiento
2354,94.16,-772675,-1038.469463001996,nan,-,recuperacion,-,-,Movimiento
2355,94.2,-772908,-1150.0010824925148,nan,-,recuperacion,-,-,Movimiento
2356,94.24,-772856,-878.549577934979,nan,-,recuperacion,-,-,Movimiento
2357,94.28,-770330,-695.8287710726531,nan,-,recuperacion,-,-,Movimiento
2358,94.32,-762970,-909.5394399329543,nan,-,recuperacion,-,-,Movimiento
2359,94.36,-758111,-1165.8073561316305,nan,-,recuperacion,-,-,Movimiento
2360,94.4,-758652,-1089.617625399811,nan,-,recuperacion,-,-,Movimiento
2361,94.44,-760705,-674.7807447598225,nan,-,recuperacion,-,-,Movimiento
2362,94.48,-763783,-52.28266574630834,nan,-,recuperacion,-,-,Movimiento
2363,94.52,-766269,513.8559867614977,nan,-,recuperacion,-,-,Movimiento
2364,94.56,-764853,805.7734391013923,nan,-,recuperacion,-,-,Movimiento
2365,94.6,-766352,1097.3983205550876,nan,-,recuperacion,-,-,Movimiento
2366,94.64,-767809,1405.5183443862952,nan,-,recuperacion,-,-,Movimiento
2367,94.68,-769400,1697.2200836490451,nan,-,recuperacion,-,-,Movimiento
2368,94.72,-771125,1699.813253509054,nan,-,recuperacion,-,-,Movimiento
2369,94.76,-772314,1120.6706040873137,nan,-,recuperacion,-,-,Movimiento
2370,94.8,-771907,35.577825858673236,nan,-,recuperacion,-,-,Movimiento
2371,94.84,-772653,-946.942590462054,nan,-,recuperacion,-,-,Movimiento
2372,94.88,-773272,-1381.1960193822538,nan,-,recuperacion,-,-,Movimiento
2373,94.92,-773814,-1230.9488781552102,nan,-,recuperacion,-,-,Movimiento
2374,94.96,-772642,-911.0652101252545,nan,-,recuperacion,-,-,Movimiento
2375,95.0,-769636,-784.6837834170929,nan,-,recuperacion,-,-,Movimiento
2376,95.04,-760652,-1034.6905075231407,nan,-,recuperacion,-,-,Movimiento
2377,95.08,-757801,-1070.405493165932,nan,-,recuperacion,-,-,Movimiento
2378,95.12,-759087,-781.9525463134332,nan,-,recuperacion,-,-,Movimiento
2379,95.16,-761245,-297.30875856803584,nan,-,recuperacion,-,-,Movimiento
2380,95.2,-764466,235.60571110860155,nan,-,recuperacion,-,-,Movimiento
2381,95.24,-766100,608.3429826340125,nan,-,recuperacion,-,-,Movimiento
2382,95.28,-764741,795.05838378112,nan,-,recuperacion,-,-,Movimiento
2383,95.32,-766142,1105.0065445012779,nan,-,recuperacion,-,-,Movimiento
2384,95.36,-767756,1509.4253334729633,nan,-,recuperacion,-,-,Movimiento
2385,95.4,-770819,1868.5516997315535,nan,-,recuperacion,-,-,Movimiento
2386,95.44,-771914,1722.8553832604784,nan,-,recuperacion,-,-,Movimiento
2387,95.48,-773017,945.3076323813862,nan,-,recuperacion,-,-,Movimiento
2388,95.52,-772287,-249.41731476335264,nan,-,recuperacion,-,-,Movimiento
2389,95.56,-774932,-1098.6421711676462,nan,-,recuperacion,-,-,Movimiento
2390,95.6,-773799,-1431.1682332816192,nan,-,recuperacion,-,-,Movimiento
2391,95.64,-774580,-1172.7540322374866,nan,-,recuperacion,-,-,Movimiento
2392,95.68,-772647,-896.4532976110627,nan,-,recuperacion,-,-,Movimiento
2393,95.72,-764905,-1010.6615907822197,nan,-,recuperacion,-,-,Movimiento
2394,95.76,-758192,-1249.6547122191478,nan,-,recuperacion,-,-,Movimiento
2395,95.8,-758264,-1163.1449145899742,nan,-,recuperacion,-,-,Movimiento
2396,95.84,-759705,-766.0871690036051,nan,-,recuperacion,-,-,Movimiento
2397,95.88,-764370,-101.26671408572611,nan,-,recuperacion,-,-,Movimiento
2398,95.92,-765462,399.41123978265114,nan,-,recuperacion,-,-,Movimiento
2399,95.96,-765574,730.1222181610228,nan,-,recuperacion,-,-,Movimiento
2400,96.0,-765775,1020.9169470382435,nan,71.0,recuperacion,-,-,-
2401,96.04,-770531,1533.4766352760853,nan,-,recuperacion,-,-,-
2402,96.08,-771475,1929.4877607563203,nan,-,recuperacion,-,-,-
